rho,instance_idx,method,initial_eta,backoff_factor,epsilon,target_epsilon,iteration_budget,status,final_norm,final_eta,min_accepted_eta,max_accepted_eta,mean_accepted_eta,mean_admissible_eta_bound,total_backoffs,max_backoffs_single_step,terminal_status,iterations_to_epsilon
1.2,0,additive,10.0,0.8,0.1,0.001,3000,converged,0.0009925228500767336,0.006338253001141158,0.006338253001141158,0.019342813113834095,0.006376842200288614,114.2886377225149,33,28,converged,132.0
1.2,0,additive,10.0,0.8,0.05,0.001,3000,converged,0.0009925228500767336,0.006338253001141158,0.006338253001141158,0.019342813113834095,0.006376842200288614,114.2886377225149,33,28,converged,160.0
1.2,0,additive,10.0,0.8,0.01,0.001,3000,converged,0.0009925228500767336,0.006338253001141158,0.006338253001141158,0.019342813113834095,0.006376842200288614,114.2886377225149,33,28,converged,231.0
1.2,0,additive,10.0,0.8,0.005,0.001,3000,converged,0.0009925228500767336,0.006338253001141158,0.006338253001141158,0.019342813113834095,0.006376842200288614,114.2886377225149,33,28,converged,262.0
1.2,0,additive,10.0,0.8,0.001,0.001,3000,converged,0.0009925228500767336,0.006338253001141158,0.006338253001141158,0.019342813113834095,0.006376842200288614,114.2886377225149,33,28,converged,337.0
1.2,1,additive,10.0,0.8,0.1,0.001,3000,converged,0.0009845369649475783,0.0050706024009129266,0.0050706024009129266,0.02417851639229262,0.0051166455671572166,182.75318628714373,34,27,converged,169.0
1.2,1,additive,10.0,0.8,0.05,0.001,3000,converged,0.0009845369649475783,0.0050706024009129266,0.0050706024009129266,0.02417851639229262,0.0051166455671572166,182.75318628714373,34,27,converged,204.0
1.2,1,additive,10.0,0.8,0.01,0.001,3000,converged,0.0009845369649475783,0.0050706024009129266,0.0050706024009129266,0.02417851639229262,0.0051166455671572166,182.75318628714373,34,27,converged,288.0
1.2,1,additive,10.0,0.8,0.005,0.001,3000,converged,0.0009845369649475783,0.0050706024009129266,0.0050706024009129266,0.02417851639229262,0.0051166455671572166,182.75318628714373,34,27,converged,326.0
1.2,1,additive,10.0,0.8,0.001,0.001,3000,converged,0.0009845369649475783,0.0050706024009129266,0.0050706024009129266,0.02417851639229262,0.0051166455671572166,182.75318628714373,34,27,converged,415.0
1.2,2,additive,10.0,0.8,0.1,0.001,3000,converged,0.0009845042068629475,0.006338253001141158,0.006338253001141158,0.015474250491067277,0.006365362785977733,272.47297945436156,33,29,converged,149.0
1.2,2,additive,10.0,0.8,0.05,0.001,3000,converged,0.0009845042068629475,0.006338253001141158,0.006338253001141158,0.015474250491067277,0.006365362785977733,272.47297945436156,33,29,converged,176.0
1.2,2,additive,10.0,0.8,0.01,0.001,3000,converged,0.0009845042068629475,0.006338253001141158,0.006338253001141158,0.015474250491067277,0.006365362785977733,272.47297945436156,33,29,converged,241.0
1.2,2,additive,10.0,0.8,0.005,0.001,3000,converged,0.0009845042068629475,0.006338253001141158,0.006338253001141158,0.015474250491067277,0.006365362785977733,272.47297945436156,33,29,converged,269.0
1.2,2,additive,10.0,0.8,0.001,0.001,3000,converged,0.0009845042068629475,0.006338253001141158,0.006338253001141158,0.015474250491067277,0.006365362785977733,272.47297945436156,33,29,converged,337.0
1.2,3,additive,10.0,0.8,0.1,0.001,3000,budget_exhausted,0.7534530821794799,0.007922816251426447,0.007922816251426447,0.015474250491067277,0.007925993630860613,1.735104471858752,32,29,budget_exhausted,
1.2,3,additive,10.0,0.8,0.05,0.001,3000,budget_exhausted,0.7534530821794799,0.007922816251426447,0.007922816251426447,0.015474250491067277,0.007925993630860613,1.735104471858752,32,29,budget_exhausted,
1.2,3,additive,10.0,0.8,0.01,0.001,3000,budget_exhausted,0.7534530821794799,0.007922816251426447,0.007922816251426447,0.015474250491067277,0.007925993630860613,1.735104471858752,32,29,budget_exhausted,
1.2,3,additive,10.0,0.8,0.005,0.001,3000,budget_exhausted,0.7534530821794799,0.007922816251426447,0.007922816251426447,0.015474250491067277,0.007925993630860613,1.735104471858752,32,29,budget_exhausted,
1.2,3,additive,10.0,0.8,0.001,0.001,3000,budget_exhausted,0.7534530821794799,0.007922816251426447,0.007922816251426447,0.015474250491067277,0.007925993630860613,1.735104471858752,32,29,budget_exhausted,
1.2,4,additive,10.0,0.8,0.1,0.001,3000,budget_exhausted,0.6384689310990813,0.015474250491067277,0.015474250491067277,0.015474250491067277,0.015474250491067276,0.7290809124558294,29,29,budget_exhausted,
1.2,4,additive,10.0,0.8,0.05,0.001,3000,budget_exhausted,0.6384689310990813,0.015474250491067277,0.015474250491067277,0.015474250491067277,0.015474250491067276,0.7290809124558294,29,29,budget_exhausted,
1.2,4,additive,10.0,0.8,0.01,0.001,3000,budget_exhausted,0.6384689310990813,0.015474250491067277,0.015474250491067277,0.015474250491067277,0.015474250491067276,0.7290809124558294,29,29,budget_exhausted,
1.2,4,additive,10.0,0.8,0.005,0.001,3000,budget_exhausted,0.6384689310990813,0.015474250491067277,0.015474250491067277,0.015474250491067277,0.015474250491067276,0.7290809124558294,29,29,budget_exhausted,
1.2,4,additive,10.0,0.8,0.001,0.001,3000,budget_exhausted,0.6384689310990813,0.015474250491067277,0.015474250491067277,0.015474250491067277,0.015474250491067276,0.7290809124558294,29,29,budget_exhausted,
1.2,0,multiplicative,10.0,0.8,0.1,0.001,3000,converged,0.0009974419918655803,0.0737869762948383,0.0737869762948383,0.0737869762948383,0.07378697629483832,422.7350077472758,22,22,converged,45.0
1.2,0,multiplicative,10.0,0.8,0.05,0.001,3000,converged,0.0009974419918655803,0.0737869762948383,0.0737869762948383,0.0737869762948383,0.07378697629483832,422.7350077472758,22,22,converged,56.0
1.2,0,multiplicative,10.0,0.8,0.01,0.001,3000,converged,0.0009974419918655803,0.0737869762948383,0.0737869762948383,0.0737869762948383,0.07378697629483832,422.7350077472758,22,22,converged,83.0
1.2,0,multiplicative,10.0,0.8,0.005,0.001,3000,converged,0.0009974419918655803,0.0737869762948383,0.0737869762948383,0.0737869762948383,0.07378697629483832,422.7350077472758,22,22,converged,96.0
1.2,0,multiplicative,10.0,0.8,0.001,0.001,3000,converged,0.0009974419918655803,0.0737869762948383,0.0737869762948383,0.0737869762948383,0.07378697629483832,422.7350077472758,22,22,converged,125.0
1.2,1,multiplicative,10.0,0.8,0.1,0.001,3000,converged,0.0009783399253021057,0.05902958103587064,0.05902958103587064,0.09223372036854786,0.059277373120442865,517.9830642000684,23,21,converged,56.0
1.2,1,multiplicative,10.0,0.8,0.05,0.001,3000,converged,0.0009783399253021057,0.05902958103587064,0.05902958103587064,0.09223372036854786,0.059277373120442865,517.9830642000684,23,21,converged,67.0
1.2,1,multiplicative,10.0,0.8,0.01,0.001,3000,converged,0.0009783399253021057,0.05902958103587064,0.05902958103587064,0.09223372036854786,0.059277373120442865,517.9830642000684,23,21,converged,93.0
1.2,1,multiplicative,10.0,0.8,0.005,0.001,3000,converged,0.0009783399253021057,0.05902958103587064,0.05902958103587064,0.09223372036854786,0.059277373120442865,517.9830642000684,23,21,converged,105.0
1.2,1,multiplicative,10.0,0.8,0.001,0.001,3000,converged,0.0009783399253021057,0.05902958103587064,0.05902958103587064,0.09223372036854786,0.059277373120442865,517.9830642000684,23,21,converged,134.0
1.2,2,multiplicative,10.0,0.8,0.1,0.001,3000,converged,0.0009524901347363142,0.05902958103587064,0.05902958103587064,0.05902958103587064,0.059029581035870644,252.20668695433196,23,23,converged,57.0
1.2,2,multiplicative,10.0,0.8,0.05,0.001,3000,converged,0.0009524901347363142,0.05902958103587064,0.05902958103587064,0.05902958103587064,0.059029581035870644,252.20668695433196,23,23,converged,68.0
1.2,2,multiplicative,10.0,0.8,0.01,0.001,3000,converged,0.0009524901347363142,0.05902958103587064,0.05902958103587064,0.05902958103587064,0.059029581035870644,252.20668695433196,23,23,converged,96.0
1.2,2,multiplicative,10.0,0.8,0.005,0.001,3000,converged,0.0009524901347363142,0.05902958103587064,0.05902958103587064,0.05902958103587064,0.059029581035870644,252.20668695433196,23,23,converged,108.0
1.2,2,multiplicative,10.0,0.8,0.001,0.001,3000,converged,0.0009524901347363142,0.05902958103587064,0.05902958103587064,0.05902958103587064,0.059029581035870644,252.20668695433196,23,23,converged,136.0
1.2,3,multiplicative,10.0,0.8,0.1,0.001,3000,converged,0.0009619006535998959,0.04722366482869651,0.04722366482869651,0.0737869762948383,0.04757784231491172,289.4779095404217,24,22,converged,67.0
1.2,3,multiplicative,10.0,0.8,0.05,0.001,3000,converged,0.0009619006535998959,0.04722366482869651,0.04722366482869651,0.0737869762948383,0.04757784231491172,289.4779095404217,24,22,converged,79.0
1.2,3,multiplicative,10.0,0.8,0.01,0.001,3000,converged,0.0009619006535998959,0.04722366482869651,0.04722366482869651,0.0737869762948383,0.04757784231491172,289.4779095404217,24,22,converged,108.0
1.2,3,multiplicative,10.0,0.8,0.005,0.001,3000,converged,0.0009619006535998959,0.04722366482869651,0.04722366482869651,0.0737869762948383,0.04757784231491172,289.4779095404217,24,22,converged,121.0
1.2,3,multiplicative,10.0,0.8,0.001,0.001,3000,converged,0.0009619006535998959,0.04722366482869651,0.04722366482869651,0.0737869762948383,0.04757784231491172,289.4779095404217,24,22,converged,150.0
1.2,4,multiplicative,10.0,0.8,0.1,0.001,3000,converged,0.0009982280911654707,0.05902958103587064,0.05902958103587064,0.05902958103587064,0.059029581035870644,761.743746259662,23,23,converged,52.0
1.2,4,multiplicative,10.0,0.8,0.05,0.001,3000,converged,0.0009982280911654707,0.05902958103587064,0.05902958103587064,0.05902958103587064,0.059029581035870644,761.743746259662,23,23,converged,63.0
1.2,4,multiplicative,10.0,0.8,0.01,0.001,3000,converged,0.0009982280911654707,0.05902958103587064,0.05902958103587064,0.05902958103587064,0.059029581035870644,761.743746259662,23,23,converged,92.0
1.2,4,multiplicative,10.0,0.8,0.005,0.001,3000,converged,0.0009982280911654707,0.05902958103587064,0.05902958103587064,0.05902958103587064,0.059029581035870644,761.743746259662,23,23,converged,106.0
1.2,4,multiplicative,10.0,0.8,0.001,0.001,3000,converged,0.0009982280911654707,0.05902958103587064,0.05902958103587064,0.05902958103587064,0.059029581035870644,761.743746259662,23,23,converged,140.0
1.2,0,quadratic,10.0,0.8,0.1,0.001,3000,converged,0.0009613198003476153,0.3518437208883203,0.3518437208883203,0.3518437208883203,0.3518437208883203,8802597.746798303,15,15,converged,2053.0
1.2,0,quadratic,10.0,0.8,0.05,0.001,3000,converged,0.0009613198003476153,0.3518437208883203,0.3518437208883203,0.3518437208883203,0.3518437208883203,8802597.746798303,15,15,converged,2062.0
1.2,0,quadratic,10.0,0.8,0.01,0.001,3000,converged,0.0009613198003476153,0.3518437208883203,0.3518437208883203,0.3518437208883203,0.3518437208883203,8802597.746798303,15,15,converged,2085.0
1.2,0,quadratic,10.0,0.8,0.005,0.001,3000,converged,0.0009613198003476153,0.3518437208883203,0.3518437208883203,0.3518437208883203,0.3518437208883203,8802597.746798303,15,15,converged,2094.0
1.2,0,quadratic,10.0,0.8,0.001,0.001,3000,converged,0.0009613198003476153,0.3518437208883203,0.3518437208883203,0.3518437208883203,0.3518437208883203,8802597.746798303,15,15,converged,2117.0
1.2,1,quadratic,10.0,0.8,0.1,0.001,3000,eta below minimum,9.619227100073017,8.263199609878173e-13,2.521728396569266e-12,0.4398046511104003,0.1284882068960926,0.17214895915461967,135,20,eta below minimum,
1.2,1,quadratic,10.0,0.8,0.05,0.001,3000,eta below minimum,9.619227100073017,8.263199609878173e-13,2.521728396569266e-12,0.4398046511104003,0.1284882068960926,0.17214895915461967,135,20,eta below minimum,
1.2,1,quadratic,10.0,0.8,0.01,0.001,3000,eta below minimum,9.619227100073017,8.263199609878173e-13,2.521728396569266e-12,0.4398046511104003,0.1284882068960926,0.17214895915461967,135,20,eta below minimum,
1.2,1,quadratic,10.0,0.8,0.005,0.001,3000,eta below minimum,9.619227100073017,8.263199609878173e-13,2.521728396569266e-12,0.4398046511104003,0.1284882068960926,0.17214895915461967,135,20,eta below minimum,
1.2,1,quadratic,10.0,0.8,0.001,0.001,3000,eta below minimum,9.619227100073017,8.263199609878173e-13,2.521728396569266e-12,0.4398046511104003,0.1284882068960926,0.17214895915461967,135,20,eta below minimum,
1.2,2,quadratic,10.0,0.8,0.1,0.001,3000,converged,0.0009749520628125597,0.28147497671065624,0.28147497671065624,0.28147497671065624,0.2814749767106562,103245.61648431252,16,16,converged,736.0
1.2,2,quadratic,10.0,0.8,0.05,0.001,3000,converged,0.0009749520628125597,0.28147497671065624,0.28147497671065624,0.28147497671065624,0.2814749767106562,103245.61648431252,16,16,converged,752.0
1.2,2,quadratic,10.0,0.8,0.01,0.001,3000,converged,0.0009749520628125597,0.28147497671065624,0.28147497671065624,0.28147497671065624,0.2814749767106562,103245.61648431252,16,16,converged,788.0
1.2,2,quadratic,10.0,0.8,0.005,0.001,3000,converged,0.0009749520628125597,0.28147497671065624,0.28147497671065624,0.28147497671065624,0.2814749767106562,103245.61648431252,16,16,converged,805.0
1.2,2,quadratic,10.0,0.8,0.001,0.001,3000,converged,0.0009749520628125597,0.28147497671065624,0.28147497671065624,0.28147497671065624,0.2814749767106562,103245.61648431252,16,16,converged,855.0
1.2,3,quadratic,10.0,0.8,0.1,0.001,3000,eta below minimum,4.162165296354641,8.263199609878173e-13,3.940200619639478e-12,0.3518437208883203,0.1817088098997993,0.45650776074241284,135,29,eta below minimum,
1.2,3,quadratic,10.0,0.8,0.05,0.001,3000,eta below minimum,4.162165296354641,8.263199609878173e-13,3.940200619639478e-12,0.3518437208883203,0.1817088098997993,0.45650776074241284,135,29,eta below minimum,
1.2,3,quadratic,10.0,0.8,0.01,0.001,3000,eta below minimum,4.162165296354641,8.263199609878173e-13,3.940200619639478e-12,0.3518437208883203,0.1817088098997993,0.45650776074241284,135,29,eta below minimum,
1.2,3,quadratic,10.0,0.8,0.005,0.001,3000,eta below minimum,4.162165296354641,8.263199609878173e-13,3.940200619639478e-12,0.3518437208883203,0.1817088098997993,0.45650776074241284,135,29,eta below minimum,
1.2,3,quadratic,10.0,0.8,0.001,0.001,3000,eta below minimum,4.162165296354641,8.263199609878173e-13,3.940200619639478e-12,0.3518437208883203,0.1817088098997993,0.45650776074241284,135,29,eta below minimum,
1.2,4,quadratic,10.0,0.8,0.1,0.001,3000,eta below minimum,12.624937926118069,8.263199609878173e-13,6.156563468186683e-12,0.28147497671065624,0.10159660272460978,0.15842406670952133,135,21,eta below minimum,
1.2,4,quadratic,10.0,0.8,0.05,0.001,3000,eta below minimum,12.624937926118069,8.263199609878173e-13,6.156563468186683e-12,0.28147497671065624,0.10159660272460978,0.15842406670952133,135,21,eta below minimum,
1.2,4,quadratic,10.0,0.8,0.01,0.001,3000,eta below minimum,12.624937926118069,8.263199609878173e-13,6.156563468186683e-12,0.28147497671065624,0.10159660272460978,0.15842406670952133,135,21,eta below minimum,
1.2,4,quadratic,10.0,0.8,0.005,0.001,3000,eta below minimum,12.624937926118069,8.263199609878173e-13,6.156563468186683e-12,0.28147497671065624,0.10159660272460978,0.15842406670952133,135,21,eta below minimum,
1.2,4,quadratic,10.0,0.8,0.001,0.001,3000,eta below minimum,12.624937926118069,8.263199609878173e-13,6.156563468186683e-12,0.28147497671065624,0.10159660272460978,0.15842406670952133,135,21,eta below minimum,
1.5,0,additive,10.0,0.8,0.1,0.001,3000,budget_exhausted,0.8257104498437479,0.030223145490365772,0.030223145490365772,0.030223145490365772,0.030223145490365772,1.795614411040061,26,26,budget_exhausted,
1.5,0,additive,10.0,0.8,0.05,0.001,3000,budget_exhausted,0.8257104498437479,0.030223145490365772,0.030223145490365772,0.030223145490365772,0.030223145490365772,1.795614411040061,26,26,budget_exhausted,
1.5,0,additive,10.0,0.8,0.01,0.001,3000,budget_exhausted,0.8257104498437479,0.030223145490365772,0.030223145490365772,0.030223145490365772,0.030223145490365772,1.795614411040061,26,26,budget_exhausted,
1.5,0,additive,10.0,0.8,0.005,0.001,3000,budget_exhausted,0.8257104498437479,0.030223145490365772,0.030223145490365772,0.030223145490365772,0.030223145490365772,1.795614411040061,26,26,budget_exhausted,
1.5,0,additive,10.0,0.8,0.001,0.001,3000,budget_exhausted,0.8257104498437479,0.030223145490365772,0.030223145490365772,0.030223145490365772,0.030223145490365772,1.795614411040061,26,26,budget_exhausted,
1.5,1,additive,10.0,0.8,0.1,0.001,3000,budget_exhausted,0.9325101029866228,0.030223145490365772,0.030223145490365772,0.037778931862957214,0.030225664085823303,1.9732181734345928,26,25,budget_exhausted,
1.5,1,additive,10.0,0.8,0.05,0.001,3000,budget_exhausted,0.9325101029866228,0.030223145490365772,0.030223145490365772,0.037778931862957214,0.030225664085823303,1.9732181734345928,26,25,budget_exhausted,
1.5,1,additive,10.0,0.8,0.01,0.001,3000,budget_exhausted,0.9325101029866228,0.030223145490365772,0.030223145490365772,0.037778931862957214,0.030225664085823303,1.9732181734345928,26,25,budget_exhausted,
1.5,1,additive,10.0,0.8,0.005,0.001,3000,budget_exhausted,0.9325101029866228,0.030223145490365772,0.030223145490365772,0.037778931862957214,0.030225664085823303,1.9732181734345928,26,25,budget_exhausted,
1.5,1,additive,10.0,0.8,0.001,0.001,3000,budget_exhausted,0.9325101029866228,0.030223145490365772,0.030223145490365772,0.037778931862957214,0.030225664085823303,1.9732181734345928,26,25,budget_exhausted,
1.5,2,additive,10.0,0.8,0.1,0.001,3000,converged,0.0009868372911870766,0.007922816251426447,0.007922816251426447,0.019342813113834095,0.007953848851596033,1346.5930979506397,32,28,converged,146.0
1.5,2,additive,10.0,0.8,0.05,0.001,3000,converged,0.0009868372911870766,0.007922816251426447,0.007922816251426447,0.019342813113834095,0.007953848851596033,1346.5930979506397,32,28,converged,177.0
1.5,2,additive,10.0,0.8,0.01,0.001,3000,converged,0.0009868372911870766,0.007922816251426447,0.007922816251426447,0.019342813113834095,0.007953848851596033,1346.5930979506397,32,28,converged,254.0
1.5,2,additive,10.0,0.8,0.005,0.001,3000,converged,0.0009868372911870766,0.007922816251426447,0.007922816251426447,0.019342813113834095,0.007953848851596033,1346.5930979506397,32,28,converged,288.0
1.5,2,additive,10.0,0.8,0.001,0.001,3000,converged,0.0009868372911870766,0.007922816251426447,0.007922816251426447,0.019342813113834095,0.007953848851596033,1346.5930979506397,32,28,converged,368.0
1.5,3,additive,10.0,0.8,0.1,0.001,3000,budget_exhausted,0.8076668742574123,0.015474250491067277,0.015474250491067277,0.030223145490365772,0.015479166789400376,1.7972374854371191,29,26,budget_exhausted,
1.5,3,additive,10.0,0.8,0.05,0.001,3000,budget_exhausted,0.8076668742574123,0.015474250491067277,0.015474250491067277,0.030223145490365772,0.015479166789400376,1.7972374854371191,29,26,budget_exhausted,
1.5,3,additive,10.0,0.8,0.01,0.001,3000,budget_exhausted,0.8076668742574123,0.015474250491067277,0.015474250491067277,0.030223145490365772,0.015479166789400376,1.7972374854371191,29,26,budget_exhausted,
1.5,3,additive,10.0,0.8,0.005,0.001,3000,budget_exhausted,0.8076668742574123,0.015474250491067277,0.015474250491067277,0.030223145490365772,0.015479166789400376,1.7972374854371191,29,26,budget_exhausted,
1.5,3,additive,10.0,0.8,0.001,0.001,3000,budget_exhausted,0.8076668742574123,0.015474250491067277,0.015474250491067277,0.030223145490365772,0.015479166789400376,1.7972374854371191,29,26,budget_exhausted,
1.5,4,additive,10.0,0.8,0.1,0.001,3000,converged,0.000993192915810293,0.030223145490365772,0.030223145490365772,0.030223145490365772,0.030223145490365783,445.07696337069234,26,26,converged,33.0
1.5,4,additive,10.0,0.8,0.05,0.001,3000,converged,0.000993192915810293,0.030223145490365772,0.030223145490365772,0.030223145490365772,0.030223145490365783,445.07696337069234,26,26,converged,40.0
1.5,4,additive,10.0,0.8,0.01,0.001,3000,converged,0.000993192915810293,0.030223145490365772,0.030223145490365772,0.030223145490365772,0.030223145490365783,445.07696337069234,26,26,converged,56.0
1.5,4,additive,10.0,0.8,0.005,0.001,3000,converged,0.000993192915810293,0.030223145490365772,0.030223145490365772,0.030223145490365772,0.030223145490365783,445.07696337069234,26,26,converged,63.0
1.5,4,additive,10.0,0.8,0.001,0.001,3000,converged,0.000993192915810293,0.030223145490365772,0.030223145490365772,0.030223145490365772,0.030223145490365783,445.07696337069234,26,26,converged,79.0
1.5,0,multiplicative,10.0,0.8,0.1,0.001,3000,converged,0.0009469053081867413,0.14411518807585602,0.14411518807585602,0.14411518807585602,0.14411518807585608,601.958811865473,19,19,converged,32.0
1.5,0,multiplicative,10.0,0.8,0.05,0.001,3000,converged,0.0009469053081867413,0.14411518807585602,0.14411518807585602,0.14411518807585602,0.14411518807585608,601.958811865473,19,19,converged,34.0
1.5,0,multiplicative,10.0,0.8,0.01,0.001,3000,converged,0.0009469053081867413,0.14411518807585602,0.14411518807585602,0.14411518807585602,0.14411518807585608,601.958811865473,19,19,converged,41.0
1.5,0,multiplicative,10.0,0.8,0.005,0.001,3000,converged,0.0009469053081867413,0.14411518807585602,0.14411518807585602,0.14411518807585602,0.14411518807585608,601.958811865473,19,19,converged,44.0
1.5,0,multiplicative,10.0,0.8,0.001,0.001,3000,converged,0.0009469053081867413,0.14411518807585602,0.14411518807585602,0.14411518807585602,0.14411518807585608,601.958811865473,19,19,converged,55.0
1.5,1,multiplicative,10.0,0.8,0.1,0.001,3000,converged,0.0009497233886347534,0.14411518807585602,0.14411518807585602,0.14411518807585602,0.14411518807585605,570.8671308496974,19,19,converged,22.0
1.5,1,multiplicative,10.0,0.8,0.05,0.001,3000,converged,0.0009497233886347534,0.14411518807585602,0.14411518807585602,0.14411518807585602,0.14411518807585605,570.8671308496974,19,19,converged,27.0
1.5,1,multiplicative,10.0,0.8,0.01,0.001,3000,converged,0.0009497233886347534,0.14411518807585602,0.14411518807585602,0.14411518807585602,0.14411518807585605,570.8671308496974,19,19,converged,36.0
1.5,1,multiplicative,10.0,0.8,0.005,0.001,3000,converged,0.0009497233886347534,0.14411518807585602,0.14411518807585602,0.14411518807585602,0.14411518807585605,570.8671308496974,19,19,converged,41.0
1.5,1,multiplicative,10.0,0.8,0.001,0.001,3000,converged,0.0009497233886347534,0.14411518807585602,0.14411518807585602,0.14411518807585602,0.14411518807585605,570.8671308496974,19,19,converged,51.0
1.5,2,multiplicative,10.0,0.8,0.1,0.001,3000,converged,0.0009716438005860171,0.09223372036854786,0.09223372036854786,0.09223372036854786,0.09223372036854785,313.86003360989486,21,21,converged,38.0
1.5,2,multiplicative,10.0,0.8,0.05,0.001,3000,converged,0.0009716438005860171,0.09223372036854786,0.09223372036854786,0.09223372036854786,0.09223372036854785,313.86003360989486,21,21,converged,44.0
1.5,2,multiplicative,10.0,0.8,0.01,0.001,3000,converged,0.0009716438005860171,0.09223372036854786,0.09223372036854786,0.09223372036854786,0.09223372036854785,313.86003360989486,21,21,converged,58.0
1.5,2,multiplicative,10.0,0.8,0.005,0.001,3000,converged,0.0009716438005860171,0.09223372036854786,0.09223372036854786,0.09223372036854786,0.09223372036854785,313.86003360989486,21,21,converged,65.0
1.5,2,multiplicative,10.0,0.8,0.001,0.001,3000,converged,0.0009716438005860171,0.09223372036854786,0.09223372036854786,0.09223372036854786,0.09223372036854785,313.86003360989486,21,21,converged,82.0
1.5,3,multiplicative,10.0,0.8,0.1,0.001,3000,converged,0.0008817276317948072,0.14411518807585602,0.14411518807585602,0.14411518807585602,0.14411518807585605,690.0135079601499,19,19,converged,23.0
1.5,3,multiplicative,10.0,0.8,0.05,0.001,3000,converged,0.0008817276317948072,0.14411518807585602,0.14411518807585602,0.14411518807585602,0.14411518807585605,690.0135079601499,19,19,converged,28.0
1.5,3,multiplicative,10.0,0.8,0.01,0.001,3000,converged,0.0008817276317948072,0.14411518807585602,0.14411518807585602,0.14411518807585602,0.14411518807585605,690.0135079601499,19,19,converged,38.0
1.5,3,multiplicative,10.0,0.8,0.005,0.001,3000,converged,0.0008817276317948072,0.14411518807585602,0.14411518807585602,0.14411518807585602,0.14411518807585605,690.0135079601499,19,19,converged,42.0
1.5,3,multiplicative,10.0,0.8,0.001,0.001,3000,converged,0.0008817276317948072,0.14411518807585602,0.14411518807585602,0.14411518807585602,0.14411518807585605,690.0135079601499,19,19,converged,53.0
1.5,4,multiplicative,10.0,0.8,0.1,0.001,3000,converged,0.0009381394993953788,0.11529215046068482,0.11529215046068482,0.11529215046068482,0.11529215046068485,765.3343662421508,20,20,converged,27.0
1.5,4,multiplicative,10.0,0.8,0.05,0.001,3000,converged,0.0009381394993953788,0.11529215046068482,0.11529215046068482,0.11529215046068482,0.11529215046068485,765.3343662421508,20,20,converged,32.0
1.5,4,multiplicative,10.0,0.8,0.01,0.001,3000,converged,0.0009381394993953788,0.11529215046068482,0.11529215046068482,0.11529215046068482,0.11529215046068485,765.3343662421508,20,20,converged,44.0
1.5,4,multiplicative,10.0,0.8,0.005,0.001,3000,converged,0.0009381394993953788,0.11529215046068482,0.11529215046068482,0.11529215046068482,0.11529215046068485,765.3343662421508,20,20,converged,50.0
1.5,4,multiplicative,10.0,0.8,0.001,0.001,3000,converged,0.0009381394993953788,0.11529215046068482,0.11529215046068482,0.11529215046068482,0.11529215046068485,765.3343662421508,20,20,converged,63.0
1.5,0,quadratic,10.0,0.8,0.1,0.001,3000,converged,0.0009801190888231043,0.5497558138880003,0.5497558138880003,0.5497558138880003,0.5497558138880002,25997.71611390353,13,13,converged,130.0
1.5,0,quadratic,10.0,0.8,0.05,0.001,3000,converged,0.0009801190888231043,0.5497558138880003,0.5497558138880003,0.5497558138880003,0.5497558138880002,25997.71611390353,13,13,converged,151.0
1.5,0,quadratic,10.0,0.8,0.01,0.001,3000,converged,0.0009801190888231043,0.5497558138880003,0.5497558138880003,0.5497558138880003,0.5497558138880002,25997.71611390353,13,13,converged,197.0
1.5,0,quadratic,10.0,0.8,0.005,0.001,3000,converged,0.0009801190888231043,0.5497558138880003,0.5497558138880003,0.5497558138880003,0.5497558138880002,25997.71611390353,13,13,converged,216.0
1.5,0,quadratic,10.0,0.8,0.001,0.001,3000,converged,0.0009801190888231043,0.5497558138880003,0.5497558138880003,0.5497558138880003,0.5497558138880002,25997.71611390353,13,13,converged,261.0
1.5,1,quadratic,10.0,0.8,0.1,0.001,3000,eta below minimum,2.0335508693365796,8.263199609878173e-13,4.925250774549347e-12,0.6871947673600004,0.2814711818386505,0.6798337995794925,135,16,eta below minimum,
1.5,1,quadratic,10.0,0.8,0.05,0.001,3000,eta below minimum,2.0335508693365796,8.263199609878173e-13,4.925250774549347e-12,0.6871947673600004,0.2814711818386505,0.6798337995794925,135,16,eta below minimum,
1.5,1,quadratic,10.0,0.8,0.01,0.001,3000,eta below minimum,2.0335508693365796,8.263199609878173e-13,4.925250774549347e-12,0.6871947673600004,0.2814711818386505,0.6798337995794925,135,16,eta below minimum,
1.5,1,quadratic,10.0,0.8,0.005,0.001,3000,eta below minimum,2.0335508693365796,8.263199609878173e-13,4.925250774549347e-12,0.6871947673600004,0.2814711818386505,0.6798337995794925,135,16,eta below minimum,
1.5,1,quadratic,10.0,0.8,0.001,0.001,3000,eta below minimum,2.0335508693365796,8.263199609878173e-13,4.925250774549347e-12,0.6871947673600004,0.2814711818386505,0.6798337995794925,135,16,eta below minimum,
1.5,2,quadratic,10.0,0.8,0.1,0.001,3000,converged,0.0009985023682918136,0.3518437208883203,0.3518437208883203,0.3518437208883203,0.3518437208883203,13124.280711849355,15,15,converged,243.0
1.5,2,quadratic,10.0,0.8,0.05,0.001,3000,converged,0.0009985023682918136,0.3518437208883203,0.3518437208883203,0.3518437208883203,0.3518437208883203,13124.280711849355,15,15,converged,293.0
1.5,2,quadratic,10.0,0.8,0.01,0.001,3000,converged,0.0009985023682918136,0.3518437208883203,0.3518437208883203,0.3518437208883203,0.3518437208883203,13124.280711849355,15,15,converged,410.0
1.5,2,quadratic,10.0,0.8,0.005,0.001,3000,converged,0.0009985023682918136,0.3518437208883203,0.3518437208883203,0.3518437208883203,0.3518437208883203,13124.280711849355,15,15,converged,467.0
1.5,2,quadratic,10.0,0.8,0.001,0.001,3000,converged,0.0009985023682918136,0.3518437208883203,0.3518437208883203,0.3518437208883203,0.3518437208883203,13124.280711849355,15,15,converged,616.0
1.5,3,quadratic,10.0,0.8,0.1,0.001,3000,eta below minimum,13.87597149751337,8.263199609878173e-13,1.0328999512347716e-12,0.6871947673600004,0.06738131686341862,0.06242263497831783,135,24,eta below minimum,
1.5,3,quadratic,10.0,0.8,0.05,0.001,3000,eta below minimum,13.87597149751337,8.263199609878173e-13,1.0328999512347716e-12,0.6871947673600004,0.06738131686341862,0.06242263497831783,135,24,eta below minimum,
1.5,3,quadratic,10.0,0.8,0.01,0.001,3000,eta below minimum,13.87597149751337,8.263199609878173e-13,1.0328999512347716e-12,0.6871947673600004,0.06738131686341862,0.06242263497831783,135,24,eta below minimum,
1.5,3,quadratic,10.0,0.8,0.005,0.001,3000,eta below minimum,13.87597149751337,8.263199609878173e-13,1.0328999512347716e-12,0.6871947673600004,0.06738131686341862,0.06242263497831783,135,24,eta below minimum,
1.5,3,quadratic,10.0,0.8,0.001,0.001,3000,eta below minimum,13.87597149751337,8.263199609878173e-13,1.0328999512347716e-12,0.6871947673600004,0.06738131686341862,0.06242263497831783,135,24,eta below minimum,
1.5,4,quadratic,10.0,0.8,0.1,0.001,3000,eta below minimum,11.875759398626627,8.263199609878173e-13,2.521728396569266e-12,0.5497558138880003,0.08311599766409164,0.07782572627709514,135,19,eta below minimum,
1.5,4,quadratic,10.0,0.8,0.05,0.001,3000,eta below minimum,11.875759398626627,8.263199609878173e-13,2.521728396569266e-12,0.5497558138880003,0.08311599766409164,0.07782572627709514,135,19,eta below minimum,
1.5,4,quadratic,10.0,0.8,0.01,0.001,3000,eta below minimum,11.875759398626627,8.263199609878173e-13,2.521728396569266e-12,0.5497558138880003,0.08311599766409164,0.07782572627709514,135,19,eta below minimum,
1.5,4,quadratic,10.0,0.8,0.005,0.001,3000,eta below minimum,11.875759398626627,8.263199609878173e-13,2.521728396569266e-12,0.5497558138880003,0.08311599766409164,0.07782572627709514,135,19,eta below minimum,
1.5,4,quadratic,10.0,0.8,0.001,0.001,3000,eta below minimum,11.875759398626627,8.263199609878173e-13,2.521728396569266e-12,0.5497558138880003,0.08311599766409164,0.07782572627709514,135,19,eta below minimum,
2.0,0,additive,10.0,0.8,0.1,0.001,3000,converged,0.0009941525147201496,0.04722366482869651,0.04722366482869651,0.05902958103587064,0.04928283626018038,1181.28970253063,24,23,converged,30.0
2.0,0,additive,10.0,0.8,0.05,0.001,3000,converged,0.0009941525147201496,0.04722366482869651,0.04722366482869651,0.05902958103587064,0.04928283626018038,1181.28970253063,24,23,converged,37.0
2.0,0,additive,10.0,0.8,0.01,0.001,3000,converged,0.0009941525147201496,0.04722366482869651,0.04722366482869651,0.05902958103587064,0.04928283626018038,1181.28970253063,24,23,converged,56.0
2.0,0,additive,10.0,0.8,0.005,0.001,3000,converged,0.0009941525147201496,0.04722366482869651,0.04722366482869651,0.05902958103587064,0.04928283626018038,1181.28970253063,24,23,converged,65.0
2.0,0,additive,10.0,0.8,0.001,0.001,3000,converged,0.0009941525147201496,0.04722366482869651,0.04722366482869651,0.05902958103587064,0.04928283626018038,1181.28970253063,24,23,converged,86.0
2.0,1,additive,10.0,0.8,0.1,0.001,3000,converged,0.0009495383117185094,0.04722366482869651,0.04722366482869651,0.05902958103587064,0.04871808460175651,600.417082569194,24,23,converged,30.0
2.0,1,additive,10.0,0.8,0.05,0.001,3000,converged,0.0009495383117185094,0.04722366482869651,0.04722366482869651,0.05902958103587064,0.04871808460175651,600.417082569194,24,23,converged,36.0
2.0,1,additive,10.0,0.8,0.01,0.001,3000,converged,0.0009495383117185094,0.04722366482869651,0.04722366482869651,0.05902958103587064,0.04871808460175651,600.417082569194,24,23,converged,53.0
2.0,1,additive,10.0,0.8,0.005,0.001,3000,converged,0.0009495383117185094,0.04722366482869651,0.04722366482869651,0.05902958103587064,0.04871808460175651,600.417082569194,24,23,converged,61.0
2.0,1,additive,10.0,0.8,0.001,0.001,3000,converged,0.0009495383117185094,0.04722366482869651,0.04722366482869651,0.05902958103587064,0.04871808460175651,600.417082569194,24,23,converged,79.0
2.0,2,additive,10.0,0.8,0.1,0.001,3000,converged,0.000991060764088828,0.019342813113834095,0.019342813113834095,0.037778931862957214,0.021425827415058062,2915.298114307467,28,25,converged,107.0
2.0,2,additive,10.0,0.8,0.05,0.001,3000,converged,0.000991060764088828,0.019342813113834095,0.019342813113834095,0.037778931862957214,0.021425827415058062,2915.298114307467,28,25,converged,109.0
2.0,2,additive,10.0,0.8,0.01,0.001,3000,converged,0.000991060764088828,0.019342813113834095,0.019342813113834095,0.037778931862957214,0.021425827415058062,2915.298114307467,28,25,converged,150.0
2.0,2,additive,10.0,0.8,0.005,0.001,3000,converged,0.000991060764088828,0.019342813113834095,0.019342813113834095,0.037778931862957214,0.021425827415058062,2915.298114307467,28,25,converged,177.0
2.0,2,additive,10.0,0.8,0.001,0.001,3000,converged,0.000991060764088828,0.019342813113834095,0.019342813113834095,0.037778931862957214,0.021425827415058062,2915.298114307467,28,25,converged,241.0
2.0,3,additive,10.0,0.8,0.1,0.001,3000,converged,0.000997789444949056,0.019342813113834095,0.019342813113834095,0.04722366482869651,0.019576125680485664,2033.1627894516607,28,24,converged,82.0
2.0,3,additive,10.0,0.8,0.05,0.001,3000,converged,0.000997789444949056,0.019342813113834095,0.019342813113834095,0.04722366482869651,0.019576125680485664,2033.1627894516607,28,24,converged,103.0
2.0,3,additive,10.0,0.8,0.01,0.001,3000,converged,0.000997789444949056,0.019342813113834095,0.019342813113834095,0.04722366482869651,0.019576125680485664,2033.1627894516607,28,24,converged,157.0
2.0,3,additive,10.0,0.8,0.005,0.001,3000,converged,0.000997789444949056,0.019342813113834095,0.019342813113834095,0.04722366482869651,0.019576125680485664,2033.1627894516607,28,24,converged,182.0
2.0,3,additive,10.0,0.8,0.001,0.001,3000,converged,0.000997789444949056,0.019342813113834095,0.019342813113834095,0.04722366482869651,0.019576125680485664,2033.1627894516607,28,24,converged,239.0
2.0,4,additive,10.0,0.8,0.1,0.001,3000,converged,0.0009694829946021913,0.05902958103587064,0.05902958103587064,0.0737869762948383,0.06198106008766417,1457.2936630400716,23,22,converged,23.0
2.0,4,additive,10.0,0.8,0.05,0.001,3000,converged,0.0009694829946021913,0.05902958103587064,0.05902958103587064,0.0737869762948383,0.06198106008766417,1457.2936630400716,23,22,converged,28.0
2.0,4,additive,10.0,0.8,0.01,0.001,3000,converged,0.0009694829946021913,0.05902958103587064,0.05902958103587064,0.0737869762948383,0.06198106008766417,1457.2936630400716,23,22,converged,43.0
2.0,4,additive,10.0,0.8,0.005,0.001,3000,converged,0.0009694829946021913,0.05902958103587064,0.05902958103587064,0.0737869762948383,0.06198106008766417,1457.2936630400716,23,22,converged,49.0
2.0,4,additive,10.0,0.8,0.001,0.001,3000,converged,0.0009694829946021913,0.05902958103587064,0.05902958103587064,0.0737869762948383,0.06198106008766417,1457.2936630400716,23,22,converged,65.0
2.0,0,multiplicative,10.0,0.8,0.1,0.001,3000,converged,0.0009331585748579706,0.22517998136852502,0.22517998136852502,0.22517998136852502,0.225179981368525,524.493208228312,17,17,converged,21.0
2.0,0,multiplicative,10.0,0.8,0.05,0.001,3000,converged,0.0009331585748579706,0.22517998136852502,0.22517998136852502,0.22517998136852502,0.225179981368525,524.493208228312,17,17,converged,25.0
2.0,0,multiplicative,10.0,0.8,0.01,0.001,3000,converged,0.0009331585748579706,0.22517998136852502,0.22517998136852502,0.22517998136852502,0.225179981368525,524.493208228312,17,17,converged,34.0
2.0,0,multiplicative,10.0,0.8,0.005,0.001,3000,converged,0.0009331585748579706,0.22517998136852502,0.22517998136852502,0.22517998136852502,0.225179981368525,524.493208228312,17,17,converged,38.0
2.0,0,multiplicative,10.0,0.8,0.001,0.001,3000,converged,0.0009331585748579706,0.22517998136852502,0.22517998136852502,0.22517998136852502,0.225179981368525,524.493208228312,17,17,converged,48.0
2.0,1,multiplicative,10.0,0.8,0.1,0.001,3000,converged,0.000997247236874286,0.22517998136852502,0.22517998136852502,0.22517998136852502,0.225179981368525,796.6915429125638,17,17,converged,21.0
2.0,1,multiplicative,10.0,0.8,0.05,0.001,3000,converged,0.000997247236874286,0.22517998136852502,0.22517998136852502,0.22517998136852502,0.225179981368525,796.6915429125638,17,17,converged,24.0
2.0,1,multiplicative,10.0,0.8,0.01,0.001,3000,converged,0.000997247236874286,0.22517998136852502,0.22517998136852502,0.22517998136852502,0.225179981368525,796.6915429125638,17,17,converged,33.0
2.0,1,multiplicative,10.0,0.8,0.005,0.001,3000,converged,0.000997247236874286,0.22517998136852502,0.22517998136852502,0.22517998136852502,0.225179981368525,796.6915429125638,17,17,converged,36.0
2.0,1,multiplicative,10.0,0.8,0.001,0.001,3000,converged,0.000997247236874286,0.22517998136852502,0.22517998136852502,0.22517998136852502,0.225179981368525,796.6915429125638,17,17,converged,45.0
2.0,2,multiplicative,10.0,0.8,0.1,0.001,3000,converged,0.0009496680412212494,0.18014398509482002,0.18014398509482002,0.18014398509482002,0.18014398509482002,539.6419941264277,18,18,converged,26.0
2.0,2,multiplicative,10.0,0.8,0.05,0.001,3000,converged,0.0009496680412212494,0.18014398509482002,0.18014398509482002,0.18014398509482002,0.18014398509482002,539.6419941264277,18,18,converged,31.0
2.0,2,multiplicative,10.0,0.8,0.01,0.001,3000,converged,0.0009496680412212494,0.18014398509482002,0.18014398509482002,0.18014398509482002,0.18014398509482002,539.6419941264277,18,18,converged,42.0
2.0,2,multiplicative,10.0,0.8,0.005,0.001,3000,converged,0.0009496680412212494,0.18014398509482002,0.18014398509482002,0.18014398509482002,0.18014398509482002,539.6419941264277,18,18,converged,46.0
2.0,2,multiplicative,10.0,0.8,0.001,0.001,3000,converged,0.0009496680412212494,0.18014398509482002,0.18014398509482002,0.18014398509482002,0.18014398509482002,539.6419941264277,18,18,converged,58.0
2.0,3,multiplicative,10.0,0.8,0.1,0.001,3000,converged,0.0009077287494123702,0.18014398509482002,0.18014398509482002,0.18014398509482002,0.18014398509481994,579.6541630453318,18,18,converged,28.0
2.0,3,multiplicative,10.0,0.8,0.05,0.001,3000,converged,0.0009077287494123702,0.18014398509482002,0.18014398509482002,0.18014398509482002,0.18014398509481994,579.6541630453318,18,18,converged,33.0
2.0,3,multiplicative,10.0,0.8,0.01,0.001,3000,converged,0.0009077287494123702,0.18014398509482002,0.18014398509482002,0.18014398509482002,0.18014398509481994,579.6541630453318,18,18,converged,44.0
2.0,3,multiplicative,10.0,0.8,0.005,0.001,3000,converged,0.0009077287494123702,0.18014398509482002,0.18014398509482002,0.18014398509482002,0.18014398509481994,579.6541630453318,18,18,converged,50.0
2.0,3,multiplicative,10.0,0.8,0.001,0.001,3000,converged,0.0009077287494123702,0.18014398509482002,0.18014398509482002,0.18014398509482002,0.18014398509481994,579.6541630453318,18,18,converged,63.0
2.0,4,multiplicative,10.0,0.8,0.1,0.001,3000,converged,0.0009379295382355397,0.28147497671065624,0.28147497671065624,0.28147497671065624,0.2814749767106563,667.5740371552245,16,16,converged,16.0
2.0,4,multiplicative,10.0,0.8,0.05,0.001,3000,converged,0.0009379295382355397,0.28147497671065624,0.28147497671065624,0.28147497671065624,0.2814749767106563,667.5740371552245,16,16,converged,19.0
2.0,4,multiplicative,10.0,0.8,0.01,0.001,3000,converged,0.0009379295382355397,0.28147497671065624,0.28147497671065624,0.28147497671065624,0.2814749767106563,667.5740371552245,16,16,converged,25.0
2.0,4,multiplicative,10.0,0.8,0.005,0.001,3000,converged,0.0009379295382355397,0.28147497671065624,0.28147497671065624,0.28147497671065624,0.2814749767106563,667.5740371552245,16,16,converged,28.0
2.0,4,multiplicative,10.0,0.8,0.001,0.001,3000,converged,0.0009379295382355397,0.28147497671065624,0.28147497671065624,0.28147497671065624,0.2814749767106563,667.5740371552245,16,16,converged,35.0
2.0,0,quadratic,10.0,0.8,0.1,0.001,3000,converged,0.0009772333742946618,1.0737418240000005,1.0737418240000005,1.0737418240000005,1.0737418240000005,59372.460423652265,10,10,converged,115.0
2.0,0,quadratic,10.0,0.8,0.05,0.001,3000,converged,0.0009772333742946618,1.0737418240000005,1.0737418240000005,1.0737418240000005,1.0737418240000005,59372.460423652265,10,10,converged,138.0
2.0,0,quadratic,10.0,0.8,0.01,0.001,3000,converged,0.0009772333742946618,1.0737418240000005,1.0737418240000005,1.0737418240000005,1.0737418240000005,59372.460423652265,10,10,converged,189.0
2.0,0,quadratic,10.0,0.8,0.005,0.001,3000,converged,0.0009772333742946618,1.0737418240000005,1.0737418240000005,1.0737418240000005,1.0737418240000005,59372.460423652265,10,10,converged,210.0
2.0,0,quadratic,10.0,0.8,0.001,0.001,3000,converged,0.0009772333742946618,1.0737418240000005,1.0737418240000005,1.0737418240000005,1.0737418240000005,59372.460423652265,10,10,converged,258.0
2.0,1,quadratic,10.0,0.8,0.1,0.001,3000,converged,0.000979082554679344,1.0737418240000005,1.0737418240000005,1.0737418240000005,1.0737418240000005,231493.5645400188,10,10,converged,205.0
2.0,1,quadratic,10.0,0.8,0.05,0.001,3000,converged,0.000979082554679344,1.0737418240000005,1.0737418240000005,1.0737418240000005,1.0737418240000005,231493.5645400188,10,10,converged,235.0
2.0,1,quadratic,10.0,0.8,0.01,0.001,3000,converged,0.000979082554679344,1.0737418240000005,1.0737418240000005,1.0737418240000005,1.0737418240000005,231493.5645400188,10,10,converged,300.0
2.0,1,quadratic,10.0,0.8,0.005,0.001,3000,converged,0.000979082554679344,1.0737418240000005,1.0737418240000005,1.0737418240000005,1.0737418240000005,231493.5645400188,10,10,converged,326.0
2.0,1,quadratic,10.0,0.8,0.001,0.001,3000,converged,0.000979082554679344,1.0737418240000005,1.0737418240000005,1.0737418240000005,1.0737418240000005,231493.5645400188,10,10,converged,388.0
2.0,2,quadratic,10.0,0.8,0.1,0.001,3000,converged,0.000992743514428689,0.6871947673600004,0.6871947673600004,0.6871947673600004,0.6871947673600004,17693.749015950434,12,12,converged,113.0
2.0,2,quadratic,10.0,0.8,0.05,0.001,3000,converged,0.000992743514428689,0.6871947673600004,0.6871947673600004,0.6871947673600004,0.6871947673600004,17693.749015950434,12,12,converged,161.0
2.0,2,quadratic,10.0,0.8,0.01,0.001,3000,converged,0.000992743514428689,0.6871947673600004,0.6871947673600004,0.6871947673600004,0.6871947673600004,17693.749015950434,12,12,converged,296.0
2.0,2,quadratic,10.0,0.8,0.005,0.001,3000,converged,0.000992743514428689,0.6871947673600004,0.6871947673600004,0.6871947673600004,0.6871947673600004,17693.749015950434,12,12,converged,363.0
2.0,2,quadratic,10.0,0.8,0.001,0.001,3000,converged,0.000992743514428689,0.6871947673600004,0.6871947673600004,0.6871947673600004,0.6871947673600004,17693.749015950434,12,12,converged,536.0
2.0,3,quadratic,10.0,0.8,0.1,0.001,3000,converged,0.0009910792960614817,0.8589934592000005,0.8589934592000005,0.8589934592000005,0.8589934592000005,42613.639131523436,11,11,converged,70.0
2.0,3,quadratic,10.0,0.8,0.05,0.001,3000,converged,0.0009910792960614817,0.8589934592000005,0.8589934592000005,0.8589934592000005,0.8589934592000005,42613.639131523436,11,11,converged,105.0
2.0,3,quadratic,10.0,0.8,0.01,0.001,3000,converged,0.0009910792960614817,0.8589934592000005,0.8589934592000005,0.8589934592000005,0.8589934592000005,42613.639131523436,11,11,converged,225.0
2.0,3,quadratic,10.0,0.8,0.005,0.001,3000,converged,0.0009910792960614817,0.8589934592000005,0.8589934592000005,0.8589934592000005,0.8589934592000005,42613.639131523436,11,11,converged,286.0
2.0,3,quadratic,10.0,0.8,0.001,0.001,3000,converged,0.0009910792960614817,0.8589934592000005,0.8589934592000005,0.8589934592000005,0.8589934592000005,42613.639131523436,11,11,converged,432.0
2.0,4,quadratic,10.0,0.8,0.1,0.001,3000,eta below minimum,1.7846554681012963,8.263199609878173e-13,4.925250774549347e-12,1.3421772800000007,0.4873679949455501,1.1086364130131545,135,16,eta below minimum,
2.0,4,quadratic,10.0,0.8,0.05,0.001,3000,eta below minimum,1.7846554681012963,8.263199609878173e-13,4.925250774549347e-12,1.3421772800000007,0.4873679949455501,1.1086364130131545,135,16,eta below minimum,
2.0,4,quadratic,10.0,0.8,0.01,0.001,3000,eta below minimum,1.7846554681012963,8.263199609878173e-13,4.925250774549347e-12,1.3421772800000007,0.4873679949455501,1.1086364130131545,135,16,eta below minimum,
2.0,4,quadratic,10.0,0.8,0.005,0.001,3000,eta below minimum,1.7846554681012963,8.263199609878173e-13,4.925250774549347e-12,1.3421772800000007,0.4873679949455501,1.1086364130131545,135,16,eta below minimum,
2.0,4,quadratic,10.0,0.8,0.001,0.001,3000,eta below minimum,1.7846554681012963,8.263199609878173e-13,4.925250774549347e-12,1.3421772800000007,0.4873679949455501,1.1086364130131545,135,16,eta below minimum,
3.0,0,additive,10.0,0.8,0.1,0.001,3000,converged,0.0009639630047496726,0.0737869762948383,0.0737869762948383,0.14411518807585602,0.08354961806771886,1289.2798073178494,22,19,converged,63.0
3.0,0,additive,10.0,0.8,0.05,0.001,3000,converged,0.0009639630047496726,0.0737869762948383,0.0737869762948383,0.14411518807585602,0.08354961806771886,1289.2798073178494,22,19,converged,65.0
3.0,0,additive,10.0,0.8,0.01,0.001,3000,converged,0.0009639630047496726,0.0737869762948383,0.0737869762948383,0.14411518807585602,0.08354961806771886,1289.2798073178494,22,19,converged,73.0
3.0,0,additive,10.0,0.8,0.005,0.001,3000,converged,0.0009639630047496726,0.0737869762948383,0.0737869762948383,0.14411518807585602,0.08354961806771886,1289.2798073178494,22,19,converged,87.0
3.0,0,additive,10.0,0.8,0.001,0.001,3000,converged,0.0009639630047496726,0.0737869762948383,0.0737869762948383,0.14411518807585602,0.08354961806771886,1289.2798073178494,22,19,converged,124.0
3.0,1,additive,10.0,0.8,0.1,0.001,3000,budget_exhausted,0.854100430083444,0.09223372036854786,0.09223372036854786,0.14411518807585602,0.09226830801368605,2.8029073884599445,21,19,budget_exhausted,
3.0,1,additive,10.0,0.8,0.05,0.001,3000,budget_exhausted,0.854100430083444,0.09223372036854786,0.09223372036854786,0.14411518807585602,0.09226830801368605,2.8029073884599445,21,19,budget_exhausted,
3.0,1,additive,10.0,0.8,0.01,0.001,3000,budget_exhausted,0.854100430083444,0.09223372036854786,0.09223372036854786,0.14411518807585602,0.09226830801368605,2.8029073884599445,21,19,budget_exhausted,
3.0,1,additive,10.0,0.8,0.005,0.001,3000,budget_exhausted,0.854100430083444,0.09223372036854786,0.09223372036854786,0.14411518807585602,0.09226830801368605,2.8029073884599445,21,19,budget_exhausted,
3.0,1,additive,10.0,0.8,0.001,0.001,3000,budget_exhausted,0.854100430083444,0.09223372036854786,0.09223372036854786,0.14411518807585602,0.09226830801368605,2.8029073884599445,21,19,budget_exhausted,
3.0,2,additive,10.0,0.8,0.1,0.001,3000,converged,0.0009964229705451658,0.030223145490365772,0.030223145490365772,0.09223372036854786,0.030906064349359906,4044.7512046169822,26,21,converged,103.0
3.0,2,additive,10.0,0.8,0.05,0.001,3000,converged,0.0009964229705451658,0.030223145490365772,0.030223145490365772,0.09223372036854786,0.030906064349359906,4044.7512046169822,26,21,converged,141.0
3.0,2,additive,10.0,0.8,0.01,0.001,3000,converged,0.0009964229705451658,0.030223145490365772,0.030223145490365772,0.09223372036854786,0.030906064349359906,4044.7512046169822,26,21,converged,243.0
3.0,2,additive,10.0,0.8,0.005,0.001,3000,converged,0.0009964229705451658,0.030223145490365772,0.030223145490365772,0.09223372036854786,0.030906064349359906,4044.7512046169822,26,21,converged,289.0
3.0,2,additive,10.0,0.8,0.001,0.001,3000,converged,0.0009964229705451658,0.030223145490365772,0.030223145490365772,0.09223372036854786,0.030906064349359906,4044.7512046169822,26,21,converged,398.0
3.0,3,additive,10.0,0.8,0.1,0.001,3000,converged,0.0009814678636134613,0.037778931862957214,0.037778931862957214,0.09223372036854786,0.038355246983070586,2876.0129056213545,25,21,converged,79.0
3.0,3,additive,10.0,0.8,0.05,0.001,3000,converged,0.0009814678636134613,0.037778931862957214,0.037778931862957214,0.09223372036854786,0.038355246983070586,2876.0129056213545,25,21,converged,105.0
3.0,3,additive,10.0,0.8,0.01,0.001,3000,converged,0.0009814678636134613,0.037778931862957214,0.037778931862957214,0.09223372036854786,0.038355246983070586,2876.0129056213545,25,21,converged,175.0
3.0,3,additive,10.0,0.8,0.005,0.001,3000,converged,0.0009814678636134613,0.037778931862957214,0.037778931862957214,0.09223372036854786,0.038355246983070586,2876.0129056213545,25,21,converged,207.0
3.0,3,additive,10.0,0.8,0.001,0.001,3000,converged,0.0009814678636134613,0.037778931862957214,0.037778931862957214,0.09223372036854786,0.038355246983070586,2876.0129056213545,25,21,converged,285.0
3.0,4,additive,10.0,0.8,0.1,0.001,3000,budget_exhausted,0.8514911411037085,0.11529215046068482,0.11529215046068482,0.14411518807585602,0.11532097349829996,0.1561818520653511,20,19,budget_exhausted,
3.0,4,additive,10.0,0.8,0.05,0.001,3000,budget_exhausted,0.8514911411037085,0.11529215046068482,0.11529215046068482,0.14411518807585602,0.11532097349829996,0.1561818520653511,20,19,budget_exhausted,
3.0,4,additive,10.0,0.8,0.01,0.001,3000,budget_exhausted,0.8514911411037085,0.11529215046068482,0.11529215046068482,0.14411518807585602,0.11532097349829996,0.1561818520653511,20,19,budget_exhausted,
3.0,4,additive,10.0,0.8,0.005,0.001,3000,budget_exhausted,0.8514911411037085,0.11529215046068482,0.11529215046068482,0.14411518807585602,0.11532097349829996,0.1561818520653511,20,19,budget_exhausted,
3.0,4,additive,10.0,0.8,0.001,0.001,3000,budget_exhausted,0.8514911411037085,0.11529215046068482,0.11529215046068482,0.14411518807585602,0.11532097349829996,0.1561818520653511,20,19,budget_exhausted,
3.0,0,multiplicative,10.0,0.8,0.1,0.001,3000,converged,0.0009759271281106982,0.5497558138880003,0.5497558138880003,0.5497558138880003,0.5497558138880003,547.592227457056,13,13,converged,15.0
3.0,0,multiplicative,10.0,0.8,0.05,0.001,3000,converged,0.0009759271281106982,0.5497558138880003,0.5497558138880003,0.5497558138880003,0.5497558138880003,547.592227457056,13,13,converged,17.0
3.0,0,multiplicative,10.0,0.8,0.01,0.001,3000,converged,0.0009759271281106982,0.5497558138880003,0.5497558138880003,0.5497558138880003,0.5497558138880003,547.592227457056,13,13,converged,24.0
3.0,0,multiplicative,10.0,0.8,0.005,0.001,3000,converged,0.0009759271281106982,0.5497558138880003,0.5497558138880003,0.5497558138880003,0.5497558138880003,547.592227457056,13,13,converged,27.0
3.0,0,multiplicative,10.0,0.8,0.001,0.001,3000,converged,0.0009759271281106982,0.5497558138880003,0.5497558138880003,0.5497558138880003,0.5497558138880003,547.592227457056,13,13,converged,33.0
3.0,1,multiplicative,10.0,0.8,0.1,0.001,3000,converged,0.0007865249174731823,0.5497558138880003,0.5497558138880003,0.5497558138880003,0.5497558138880003,937.278812373926,13,13,converged,14.0
3.0,1,multiplicative,10.0,0.8,0.05,0.001,3000,converged,0.0007865249174731823,0.5497558138880003,0.5497558138880003,0.5497558138880003,0.5497558138880003,937.278812373926,13,13,converged,17.0
3.0,1,multiplicative,10.0,0.8,0.01,0.001,3000,converged,0.0007865249174731823,0.5497558138880003,0.5497558138880003,0.5497558138880003,0.5497558138880003,937.278812373926,13,13,converged,23.0
3.0,1,multiplicative,10.0,0.8,0.005,0.001,3000,converged,0.0007865249174731823,0.5497558138880003,0.5497558138880003,0.5497558138880003,0.5497558138880003,937.278812373926,13,13,converged,25.0
3.0,1,multiplicative,10.0,0.8,0.001,0.001,3000,converged,0.0007865249174731823,0.5497558138880003,0.5497558138880003,0.5497558138880003,0.5497558138880003,937.278812373926,13,13,converged,32.0
3.0,2,multiplicative,10.0,0.8,0.1,0.001,3000,converged,0.0008684707015678496,0.3518437208883203,0.3518437208883203,0.3518437208883203,0.3518437208883201,581.4434778506992,15,15,converged,24.0
3.0,2,multiplicative,10.0,0.8,0.05,0.001,3000,converged,0.0008684707015678496,0.3518437208883203,0.3518437208883203,0.3518437208883203,0.3518437208883201,581.4434778506992,15,15,converged,28.0
3.0,2,multiplicative,10.0,0.8,0.01,0.001,3000,converged,0.0008684707015678496,0.3518437208883203,0.3518437208883203,0.3518437208883203,0.3518437208883201,581.4434778506992,15,15,converged,38.0
3.0,2,multiplicative,10.0,0.8,0.005,0.001,3000,converged,0.0008684707015678496,0.3518437208883203,0.3518437208883203,0.3518437208883203,0.3518437208883201,581.4434778506992,15,15,converged,42.0
3.0,2,multiplicative,10.0,0.8,0.001,0.001,3000,converged,0.0008684707015678496,0.3518437208883203,0.3518437208883203,0.3518437208883203,0.3518437208883201,581.4434778506992,15,15,converged,53.0
3.0,3,multiplicative,10.0,0.8,0.1,0.001,3000,converged,0.0009973447224182427,0.4398046511104003,0.4398046511104003,0.4398046511104003,0.43980465111040024,541.9354655031478,14,14,converged,19.0
3.0,3,multiplicative,10.0,0.8,0.05,0.001,3000,converged,0.0009973447224182427,0.4398046511104003,0.4398046511104003,0.4398046511104003,0.43980465111040024,541.9354655031478,14,14,converged,23.0
3.0,3,multiplicative,10.0,0.8,0.01,0.001,3000,converged,0.0009973447224182427,0.4398046511104003,0.4398046511104003,0.4398046511104003,0.43980465111040024,541.9354655031478,14,14,converged,31.0
3.0,3,multiplicative,10.0,0.8,0.005,0.001,3000,converged,0.0009973447224182427,0.4398046511104003,0.4398046511104003,0.4398046511104003,0.43980465111040024,541.9354655031478,14,14,converged,35.0
3.0,3,multiplicative,10.0,0.8,0.001,0.001,3000,converged,0.0009973447224182427,0.4398046511104003,0.4398046511104003,0.4398046511104003,0.43980465111040024,541.9354655031478,14,14,converged,44.0
3.0,4,multiplicative,10.0,0.8,0.1,0.001,3000,converged,0.0007564151523033854,0.6871947673600004,0.6871947673600004,0.6871947673600004,0.6871947673600005,813.9117649424644,12,12,converged,11.0
3.0,4,multiplicative,10.0,0.8,0.05,0.001,3000,converged,0.0007564151523033854,0.6871947673600004,0.6871947673600004,0.6871947673600004,0.6871947673600005,813.9117649424644,12,12,converged,13.0
3.0,4,multiplicative,10.0,0.8,0.01,0.001,3000,converged,0.0007564151523033854,0.6871947673600004,0.6871947673600004,0.6871947673600004,0.6871947673600005,813.9117649424644,12,12,converged,18.0
3.0,4,multiplicative,10.0,0.8,0.005,0.001,3000,converged,0.0007564151523033854,0.6871947673600004,0.6871947673600004,0.6871947673600004,0.6871947673600005,813.9117649424644,12,12,converged,20.0
3.0,4,multiplicative,10.0,0.8,0.001,0.001,3000,converged,0.0007564151523033854,0.6871947673600004,0.6871947673600004,0.6871947673600004,0.6871947673600005,813.9117649424644,12,12,converged,25.0
3.0,0,quadratic,10.0,0.8,0.1,0.001,3000,eta below minimum,1.4113885002838302,8.263199609878173e-13,1.2911249390434644e-12,2.621440000000001,0.7818863122495266,1.8065090503007997,135,20,eta below minimum,
3.0,0,quadratic,10.0,0.8,0.05,0.001,3000,eta below minimum,1.4113885002838302,8.263199609878173e-13,1.2911249390434644e-12,2.621440000000001,0.7818863122495266,1.8065090503007997,135,20,eta below minimum,
3.0,0,quadratic,10.0,0.8,0.01,0.001,3000,eta below minimum,1.4113885002838302,8.263199609878173e-13,1.2911249390434644e-12,2.621440000000001,0.7818863122495266,1.8065090503007997,135,20,eta below minimum,
3.0,0,quadratic,10.0,0.8,0.005,0.001,3000,eta below minimum,1.4113885002838302,8.263199609878173e-13,1.2911249390434644e-12,2.621440000000001,0.7818863122495266,1.8065090503007997,135,20,eta below minimum,
3.0,0,quadratic,10.0,0.8,0.001,0.001,3000,eta below minimum,1.4113885002838302,8.263199609878173e-13,1.2911249390434644e-12,2.621440000000001,0.7818863122495266,1.8065090503007997,135,20,eta below minimum,
3.0,1,quadratic,10.0,0.8,0.1,0.001,3000,eta below minimum,3.5509528202404383,8.263199609878173e-13,2.521728396569266e-12,2.621440000000001,0.33671168145597313,0.31079893370970385,135,22,eta below minimum,
3.0,1,quadratic,10.0,0.8,0.05,0.001,3000,eta below minimum,3.5509528202404383,8.263199609878173e-13,2.521728396569266e-12,2.621440000000001,0.33671168145597313,0.31079893370970385,135,22,eta below minimum,
3.0,1,quadratic,10.0,0.8,0.01,0.001,3000,eta below minimum,3.5509528202404383,8.263199609878173e-13,2.521728396569266e-12,2.621440000000001,0.33671168145597313,0.31079893370970385,135,22,eta below minimum,
3.0,1,quadratic,10.0,0.8,0.005,0.001,3000,eta below minimum,3.5509528202404383,8.263199609878173e-13,2.521728396569266e-12,2.621440000000001,0.33671168145597313,0.31079893370970385,135,22,eta below minimum,
3.0,1,quadratic,10.0,0.8,0.001,0.001,3000,eta below minimum,3.5509528202404383,8.263199609878173e-13,2.521728396569266e-12,2.621440000000001,0.33671168145597313,0.31079893370970385,135,22,eta below minimum,
3.0,2,quadratic,10.0,0.8,0.1,0.001,3000,eta below minimum,2.1128693219012797,8.263199609878173e-13,2.017382717255413e-12,1.6777216000000008,0.6463718467107684,1.8450906752027172,135,24,eta below minimum,
3.0,2,quadratic,10.0,0.8,0.05,0.001,3000,eta below minimum,2.1128693219012797,8.263199609878173e-13,2.017382717255413e-12,1.6777216000000008,0.6463718467107684,1.8450906752027172,135,24,eta below minimum,
3.0,2,quadratic,10.0,0.8,0.01,0.001,3000,eta below minimum,2.1128693219012797,8.263199609878173e-13,2.017382717255413e-12,1.6777216000000008,0.6463718467107684,1.8450906752027172,135,24,eta below minimum,
3.0,2,quadratic,10.0,0.8,0.005,0.001,3000,eta below minimum,2.1128693219012797,8.263199609878173e-13,2.017382717255413e-12,1.6777216000000008,0.6463718467107684,1.8450906752027172,135,24,eta below minimum,
3.0,2,quadratic,10.0,0.8,0.001,0.001,3000,eta below minimum,2.1128693219012797,8.263199609878173e-13,2.017382717255413e-12,1.6777216000000008,0.6463718467107684,1.8450906752027172,135,24,eta below minimum,
3.0,3,quadratic,10.0,0.8,0.1,0.001,3000,eta below minimum,4.067116659103882,8.263199609878173e-13,1.6139061738043304e-12,2.097152000000001,0.3240129021609086,0.30448583933039614,135,22,eta below minimum,
3.0,3,quadratic,10.0,0.8,0.05,0.001,3000,eta below minimum,4.067116659103882,8.263199609878173e-13,1.6139061738043304e-12,2.097152000000001,0.3240129021609086,0.30448583933039614,135,22,eta below minimum,
3.0,3,quadratic,10.0,0.8,0.01,0.001,3000,eta below minimum,4.067116659103882,8.263199609878173e-13,1.6139061738043304e-12,2.097152000000001,0.3240129021609086,0.30448583933039614,135,22,eta below minimum,
3.0,3,quadratic,10.0,0.8,0.005,0.001,3000,eta below minimum,4.067116659103882,8.263199609878173e-13,1.6139061738043304e-12,2.097152000000001,0.3240129021609086,0.30448583933039614,135,22,eta below minimum,
3.0,3,quadratic,10.0,0.8,0.001,0.001,3000,eta below minimum,4.067116659103882,8.263199609878173e-13,1.6139061738043304e-12,2.097152000000001,0.3240129021609086,0.30448583933039614,135,22,eta below minimum,
3.0,4,quadratic,10.0,0.8,0.1,0.001,3000,converged,0.000967891603454266,2.621440000000001,2.621440000000001,2.621440000000001,2.6214400000000007,85368.25834820939,6,6,converged,169.0
3.0,4,quadratic,10.0,0.8,0.05,0.001,3000,converged,0.000967891603454266,2.621440000000001,2.621440000000001,2.621440000000001,2.6214400000000007,85368.25834820939,6,6,converged,191.0
3.0,4,quadratic,10.0,0.8,0.01,0.001,3000,converged,0.000967891603454266,2.621440000000001,2.621440000000001,2.621440000000001,2.6214400000000007,85368.25834820939,6,6,converged,236.0
3.0,4,quadratic,10.0,0.8,0.005,0.001,3000,converged,0.000967891603454266,2.621440000000001,2.621440000000001,2.621440000000001,2.6214400000000007,85368.25834820939,6,6,converged,254.0
3.0,4,quadratic,10.0,0.8,0.001,0.001,3000,converged,0.000967891603454266,2.621440000000001,2.621440000000001,2.621440000000001,2.6214400000000007,85368.25834820939,6,6,converged,296.0
5.0,0,additive,10.0,0.8,0.1,0.001,3000,converged,0.000992169300194987,0.0737869762948383,0.0737869762948383,0.22517998136852502,0.07939047258909768,4255.922999879105,22,17,converged,118.0
5.0,0,additive,10.0,0.8,0.05,0.001,3000,converged,0.000992169300194987,0.0737869762948383,0.0737869762948383,0.22517998136852502,0.07939047258909768,4255.922999879105,22,17,converged,143.0
5.0,0,additive,10.0,0.8,0.01,0.001,3000,converged,0.000992169300194987,0.0737869762948383,0.0737869762948383,0.22517998136852502,0.07939047258909768,4255.922999879105,22,17,converged,267.0
5.0,0,additive,10.0,0.8,0.005,0.001,3000,converged,0.000992169300194987,0.0737869762948383,0.0737869762948383,0.22517998136852502,0.07939047258909768,4255.922999879105,22,17,converged,338.0
5.0,0,additive,10.0,0.8,0.001,0.001,3000,converged,0.000992169300194987,0.0737869762948383,0.0737869762948383,0.22517998136852502,0.07939047258909768,4255.922999879105,22,17,converged,513.0
5.0,1,additive,10.0,0.8,0.1,0.001,3000,budget_exhausted,0.44234003489906437,0.09223372036854786,0.09223372036854786,0.22517998136852502,0.09233952493579356,0.275151236541425,21,17,budget_exhausted,
5.0,1,additive,10.0,0.8,0.05,0.001,3000,budget_exhausted,0.44234003489906437,0.09223372036854786,0.09223372036854786,0.22517998136852502,0.09233952493579356,0.275151236541425,21,17,budget_exhausted,
5.0,1,additive,10.0,0.8,0.01,0.001,3000,budget_exhausted,0.44234003489906437,0.09223372036854786,0.09223372036854786,0.22517998136852502,0.09233952493579356,0.275151236541425,21,17,budget_exhausted,
5.0,1,additive,10.0,0.8,0.005,0.001,3000,budget_exhausted,0.44234003489906437,0.09223372036854786,0.09223372036854786,0.22517998136852502,0.09233952493579356,0.275151236541425,21,17,budget_exhausted,
5.0,1,additive,10.0,0.8,0.001,0.001,3000,budget_exhausted,0.44234003489906437,0.09223372036854786,0.09223372036854786,0.22517998136852502,0.09233952493579356,0.275151236541425,21,17,budget_exhausted,
5.0,2,additive,10.0,0.8,0.1,0.001,3000,budget_exhausted,0.33703527428938046,0.02417851639229262,0.02417851639229262,0.14411518807585602,0.024340899022089788,0.5721717444171054,27,19,budget_exhausted,
5.0,2,additive,10.0,0.8,0.05,0.001,3000,budget_exhausted,0.33703527428938046,0.02417851639229262,0.02417851639229262,0.14411518807585602,0.024340899022089788,0.5721717444171054,27,19,budget_exhausted,
5.0,2,additive,10.0,0.8,0.01,0.001,3000,budget_exhausted,0.33703527428938046,0.02417851639229262,0.02417851639229262,0.14411518807585602,0.024340899022089788,0.5721717444171054,27,19,budget_exhausted,
5.0,2,additive,10.0,0.8,0.005,0.001,3000,budget_exhausted,0.33703527428938046,0.02417851639229262,0.02417851639229262,0.14411518807585602,0.024340899022089788,0.5721717444171054,27,19,budget_exhausted,
5.0,2,additive,10.0,0.8,0.001,0.001,3000,budget_exhausted,0.33703527428938046,0.02417851639229262,0.02417851639229262,0.14411518807585602,0.024340899022089788,0.5721717444171054,27,19,budget_exhausted,
5.0,3,additive,10.0,0.8,0.1,0.001,3000,budget_exhausted,0.25327761201016463,0.030223145490365772,0.030223145490365772,0.14411518807585602,0.030410021460987424,2.988908781561006,26,19,budget_exhausted,
5.0,3,additive,10.0,0.8,0.05,0.001,3000,budget_exhausted,0.25327761201016463,0.030223145490365772,0.030223145490365772,0.14411518807585602,0.030410021460987424,2.988908781561006,26,19,budget_exhausted,
5.0,3,additive,10.0,0.8,0.01,0.001,3000,budget_exhausted,0.25327761201016463,0.030223145490365772,0.030223145490365772,0.14411518807585602,0.030410021460987424,2.988908781561006,26,19,budget_exhausted,
5.0,3,additive,10.0,0.8,0.005,0.001,3000,budget_exhausted,0.25327761201016463,0.030223145490365772,0.030223145490365772,0.14411518807585602,0.030410021460987424,2.988908781561006,26,19,budget_exhausted,
5.0,3,additive,10.0,0.8,0.001,0.001,3000,budget_exhausted,0.25327761201016463,0.030223145490365772,0.030223145490365772,0.14411518807585602,0.030410021460987424,2.988908781561006,26,19,budget_exhausted,
5.0,4,additive,10.0,0.8,0.1,0.001,3000,budget_exhausted,0.28450688685960973,0.09223372036854786,0.09223372036854786,0.22517998136852502,0.0924509740145722,0.11763068990517388,21,17,budget_exhausted,
5.0,4,additive,10.0,0.8,0.05,0.001,3000,budget_exhausted,0.28450688685960973,0.09223372036854786,0.09223372036854786,0.22517998136852502,0.0924509740145722,0.11763068990517388,21,17,budget_exhausted,
5.0,4,additive,10.0,0.8,0.01,0.001,3000,budget_exhausted,0.28450688685960973,0.09223372036854786,0.09223372036854786,0.22517998136852502,0.0924509740145722,0.11763068990517388,21,17,budget_exhausted,
5.0,4,additive,10.0,0.8,0.005,0.001,3000,budget_exhausted,0.28450688685960973,0.09223372036854786,0.09223372036854786,0.22517998136852502,0.0924509740145722,0.11763068990517388,21,17,budget_exhausted,
5.0,4,additive,10.0,0.8,0.001,0.001,3000,budget_exhausted,0.28450688685960973,0.09223372036854786,0.09223372036854786,0.22517998136852502,0.0924509740145722,0.11763068990517388,21,17,budget_exhausted,
5.0,0,multiplicative,10.0,0.8,0.1,0.001,3000,converged,0.0008370688416312359,1.0737418240000005,1.0737418240000005,1.0737418240000005,1.0737418240000007,857.702990571103,10,10,converged,15.0
5.0,0,multiplicative,10.0,0.8,0.05,0.001,3000,converged,0.0008370688416312359,1.0737418240000005,1.0737418240000005,1.0737418240000005,1.0737418240000007,857.702990571103,10,10,converged,17.0
5.0,0,multiplicative,10.0,0.8,0.01,0.001,3000,converged,0.0008370688416312359,1.0737418240000005,1.0737418240000005,1.0737418240000005,1.0737418240000007,857.702990571103,10,10,converged,24.0
5.0,0,multiplicative,10.0,0.8,0.005,0.001,3000,converged,0.0008370688416312359,1.0737418240000005,1.0737418240000005,1.0737418240000005,1.0737418240000007,857.702990571103,10,10,converged,27.0
5.0,0,multiplicative,10.0,0.8,0.001,0.001,3000,converged,0.0008370688416312359,1.0737418240000005,1.0737418240000005,1.0737418240000005,1.0737418240000007,857.702990571103,10,10,converged,35.0
5.0,1,multiplicative,10.0,0.8,0.1,0.001,3000,converged,0.0009185608841276894,1.0737418240000005,1.0737418240000005,1.0737418240000005,1.0737418240000005,986.3203415387122,10,10,converged,14.0
5.0,1,multiplicative,10.0,0.8,0.05,0.001,3000,converged,0.0009185608841276894,1.0737418240000005,1.0737418240000005,1.0737418240000005,1.0737418240000005,986.3203415387122,10,10,converged,16.0
5.0,1,multiplicative,10.0,0.8,0.01,0.001,3000,converged,0.0009185608841276894,1.0737418240000005,1.0737418240000005,1.0737418240000005,1.0737418240000005,986.3203415387122,10,10,converged,23.0
5.0,1,multiplicative,10.0,0.8,0.005,0.001,3000,converged,0.0009185608841276894,1.0737418240000005,1.0737418240000005,1.0737418240000005,1.0737418240000005,986.3203415387122,10,10,converged,25.0
5.0,1,multiplicative,10.0,0.8,0.001,0.001,3000,converged,0.0009185608841276894,1.0737418240000005,1.0737418240000005,1.0737418240000005,1.0737418240000005,986.3203415387122,10,10,converged,32.0
5.0,2,multiplicative,10.0,0.8,0.1,0.001,3000,converged,0.0009190170451241612,0.6871947673600004,0.6871947673600004,0.6871947673600004,0.6871947673600001,700.5402564246964,12,12,converged,23.0
5.0,2,multiplicative,10.0,0.8,0.05,0.001,3000,converged,0.0009190170451241612,0.6871947673600004,0.6871947673600004,0.6871947673600004,0.6871947673600001,700.5402564246964,12,12,converged,28.0
5.0,2,multiplicative,10.0,0.8,0.01,0.001,3000,converged,0.0009190170451241612,0.6871947673600004,0.6871947673600004,0.6871947673600004,0.6871947673600001,700.5402564246964,12,12,converged,38.0
5.0,2,multiplicative,10.0,0.8,0.005,0.001,3000,converged,0.0009190170451241612,0.6871947673600004,0.6871947673600004,0.6871947673600004,0.6871947673600001,700.5402564246964,12,12,converged,43.0
5.0,2,multiplicative,10.0,0.8,0.001,0.001,3000,converged,0.0009190170451241612,0.6871947673600004,0.6871947673600004,0.6871947673600004,0.6871947673600001,700.5402564246964,12,12,converged,55.0
5.0,3,multiplicative,10.0,0.8,0.1,0.001,3000,converged,0.0009275036613299269,0.6871947673600004,0.6871947673600004,0.6871947673600004,0.6871947673600003,674.294578103706,12,12,converged,25.0
5.0,3,multiplicative,10.0,0.8,0.05,0.001,3000,converged,0.0009275036613299269,0.6871947673600004,0.6871947673600004,0.6871947673600004,0.6871947673600003,674.294578103706,12,12,converged,29.0
5.0,3,multiplicative,10.0,0.8,0.01,0.001,3000,converged,0.0009275036613299269,0.6871947673600004,0.6871947673600004,0.6871947673600004,0.6871947673600003,674.294578103706,12,12,converged,41.0
5.0,3,multiplicative,10.0,0.8,0.005,0.001,3000,converged,0.0009275036613299269,0.6871947673600004,0.6871947673600004,0.6871947673600004,0.6871947673600003,674.294578103706,12,12,converged,46.0
5.0,3,multiplicative,10.0,0.8,0.001,0.001,3000,converged,0.0009275036613299269,0.6871947673600004,0.6871947673600004,0.6871947673600004,0.6871947673600003,674.294578103706,12,12,converged,58.0
5.0,4,multiplicative,10.0,0.8,0.1,0.001,3000,converged,0.0008551142770839885,0.8589934592000005,0.8589934592000005,0.8589934592000005,0.8589934592000005,830.9063546952584,11,11,converged,18.0
5.0,4,multiplicative,10.0,0.8,0.05,0.001,3000,converged,0.0008551142770839885,0.8589934592000005,0.8589934592000005,0.8589934592000005,0.8589934592000005,830.9063546952584,11,11,converged,21.0
5.0,4,multiplicative,10.0,0.8,0.01,0.001,3000,converged,0.0008551142770839885,0.8589934592000005,0.8589934592000005,0.8589934592000005,0.8589934592000005,830.9063546952584,11,11,converged,30.0
5.0,4,multiplicative,10.0,0.8,0.005,0.001,3000,converged,0.0008551142770839885,0.8589934592000005,0.8589934592000005,0.8589934592000005,0.8589934592000005,830.9063546952584,11,11,converged,33.0
5.0,4,multiplicative,10.0,0.8,0.001,0.001,3000,converged,0.0008551142770839885,0.8589934592000005,0.8589934592000005,0.8589934592000005,0.8589934592000005,830.9063546952584,11,11,converged,43.0
5.0,0,quadratic,10.0,0.8,0.1,0.001,3000,eta below minimum,1.2308881387606312,8.263199609878173e-13,3.940200619639478e-12,4.096000000000001,1.4977589275946424,3.4423988802272394,135,22,eta below minimum,
5.0,0,quadratic,10.0,0.8,0.05,0.001,3000,eta below minimum,1.2308881387606312,8.263199609878173e-13,3.940200619639478e-12,4.096000000000001,1.4977589275946424,3.4423988802272394,135,22,eta below minimum,
5.0,0,quadratic,10.0,0.8,0.01,0.001,3000,eta below minimum,1.2308881387606312,8.263199609878173e-13,3.940200619639478e-12,4.096000000000001,1.4977589275946424,3.4423988802272394,135,22,eta below minimum,
5.0,0,quadratic,10.0,0.8,0.005,0.001,3000,eta below minimum,1.2308881387606312,8.263199609878173e-13,3.940200619639478e-12,4.096000000000001,1.4977589275946424,3.4423988802272394,135,22,eta below minimum,
5.0,0,quadratic,10.0,0.8,0.001,0.001,3000,eta below minimum,1.2308881387606312,8.263199609878173e-13,3.940200619639478e-12,4.096000000000001,1.4977589275946424,3.4423988802272394,135,22,eta below minimum,
5.0,1,quadratic,10.0,0.8,0.1,0.001,3000,eta below minimum,1.5244716392013622,8.263199609878173e-13,1.6139061738043304e-12,4.096000000000001,1.4306295244928517,3.13161816874062,135,27,eta below minimum,
5.0,1,quadratic,10.0,0.8,0.05,0.001,3000,eta below minimum,1.5244716392013622,8.263199609878173e-13,1.6139061738043304e-12,4.096000000000001,1.4306295244928517,3.13161816874062,135,27,eta below minimum,
5.0,1,quadratic,10.0,0.8,0.01,0.001,3000,eta below minimum,1.5244716392013622,8.263199609878173e-13,1.6139061738043304e-12,4.096000000000001,1.4306295244928517,3.13161816874062,135,27,eta below minimum,
5.0,1,quadratic,10.0,0.8,0.005,0.001,3000,eta below minimum,1.5244716392013622,8.263199609878173e-13,1.6139061738043304e-12,4.096000000000001,1.4306295244928517,3.13161816874062,135,27,eta below minimum,
5.0,1,quadratic,10.0,0.8,0.001,0.001,3000,eta below minimum,1.5244716392013622,8.263199609878173e-13,1.6139061738043304e-12,4.096000000000001,1.4306295244928517,3.13161816874062,135,27,eta below minimum,
5.0,2,quadratic,10.0,0.8,0.1,0.001,3000,eta below minimum,1.7650845211128197,8.263199609878173e-13,9.619630419041691e-12,2.621440000000001,1.1905386767656672,3.4798335098204483,135,33,eta below minimum,
5.0,2,quadratic,10.0,0.8,0.05,0.001,3000,eta below minimum,1.7650845211128197,8.263199609878173e-13,9.619630419041691e-12,2.621440000000001,1.1905386767656672,3.4798335098204483,135,33,eta below minimum,
5.0,2,quadratic,10.0,0.8,0.01,0.001,3000,eta below minimum,1.7650845211128197,8.263199609878173e-13,9.619630419041691e-12,2.621440000000001,1.1905386767656672,3.4798335098204483,135,33,eta below minimum,
5.0,2,quadratic,10.0,0.8,0.005,0.001,3000,eta below minimum,1.7650845211128197,8.263199609878173e-13,9.619630419041691e-12,2.621440000000001,1.1905386767656672,3.4798335098204483,135,33,eta below minimum,
5.0,2,quadratic,10.0,0.8,0.001,0.001,3000,eta below minimum,1.7650845211128197,8.263199609878173e-13,9.619630419041691e-12,2.621440000000001,1.1905386767656672,3.4798335098204483,135,33,eta below minimum,
5.0,3,quadratic,10.0,0.8,0.1,0.001,3000,eta below minimum,2.1979545997245324,8.263199609878173e-13,2.017382717255413e-12,3.276800000000001,0.9703550373572845,2.303582087237602,135,23,eta below minimum,
5.0,3,quadratic,10.0,0.8,0.05,0.001,3000,eta below minimum,2.1979545997245324,8.263199609878173e-13,2.017382717255413e-12,3.276800000000001,0.9703550373572845,2.303582087237602,135,23,eta below minimum,
5.0,3,quadratic,10.0,0.8,0.01,0.001,3000,eta below minimum,2.1979545997245324,8.263199609878173e-13,2.017382717255413e-12,3.276800000000001,0.9703550373572845,2.303582087237602,135,23,eta below minimum,
5.0,3,quadratic,10.0,0.8,0.005,0.001,3000,eta below minimum,2.1979545997245324,8.263199609878173e-13,2.017382717255413e-12,3.276800000000001,0.9703550373572845,2.303582087237602,135,23,eta below minimum,
5.0,3,quadratic,10.0,0.8,0.001,0.001,3000,eta below minimum,2.1979545997245324,8.263199609878173e-13,2.017382717255413e-12,3.276800000000001,0.9703550373572845,2.303582087237602,135,23,eta below minimum,
5.0,4,quadratic,10.0,0.8,0.1,0.001,3000,eta below minimum,2.1196706679819264,8.263199609878173e-13,2.017382717255413e-12,4.096000000000001,1.0414166388291781,1.649583123626685,135,28,eta below minimum,
5.0,4,quadratic,10.0,0.8,0.05,0.001,3000,eta below minimum,2.1196706679819264,8.263199609878173e-13,2.017382717255413e-12,4.096000000000001,1.0414166388291781,1.649583123626685,135,28,eta below minimum,
5.0,4,quadratic,10.0,0.8,0.01,0.001,3000,eta below minimum,2.1196706679819264,8.263199609878173e-13,2.017382717255413e-12,4.096000000000001,1.0414166388291781,1.649583123626685,135,28,eta below minimum,
5.0,4,quadratic,10.0,0.8,0.005,0.001,3000,eta below minimum,2.1196706679819264,8.263199609878173e-13,2.017382717255413e-12,4.096000000000001,1.0414166388291781,1.649583123626685,135,28,eta below minimum,
5.0,4,quadratic,10.0,0.8,0.001,0.001,3000,eta below minimum,2.1196706679819264,8.263199609878173e-13,2.017382717255413e-12,4.096000000000001,1.0414166388291781,1.649583123626685,135,28,eta below minimum,
10.0,0,additive,10.0,0.8,0.1,0.001,3000,budget_exhausted,0.23173020013412568,0.007922816251426447,0.007922816251426447,0.3518437208883203,0.01215936580099389,0.1790224415075257,32,15,budget_exhausted,
10.0,0,additive,10.0,0.8,0.05,0.001,3000,budget_exhausted,0.23173020013412568,0.007922816251426447,0.007922816251426447,0.3518437208883203,0.01215936580099389,0.1790224415075257,32,15,budget_exhausted,
10.0,0,additive,10.0,0.8,0.01,0.001,3000,budget_exhausted,0.23173020013412568,0.007922816251426447,0.007922816251426447,0.3518437208883203,0.01215936580099389,0.1790224415075257,32,15,budget_exhausted,
10.0,0,additive,10.0,0.8,0.005,0.001,3000,budget_exhausted,0.23173020013412568,0.007922816251426447,0.007922816251426447,0.3518437208883203,0.01215936580099389,0.1790224415075257,32,15,budget_exhausted,
10.0,0,additive,10.0,0.8,0.001,0.001,3000,budget_exhausted,0.23173020013412568,0.007922816251426447,0.007922816251426447,0.3518437208883203,0.01215936580099389,0.1790224415075257,32,15,budget_exhausted,
10.0,1,additive,10.0,0.8,0.1,0.001,3000,budget_exhausted,0.24888162394550795,0.007922816251426447,0.007922816251426447,0.28147497671065624,0.008946657610897782,0.6505680567798495,32,16,budget_exhausted,
10.0,1,additive,10.0,0.8,0.05,0.001,3000,budget_exhausted,0.24888162394550795,0.007922816251426447,0.007922816251426447,0.28147497671065624,0.008946657610897782,0.6505680567798495,32,16,budget_exhausted,
10.0,1,additive,10.0,0.8,0.01,0.001,3000,budget_exhausted,0.24888162394550795,0.007922816251426447,0.007922816251426447,0.28147497671065624,0.008946657610897782,0.6505680567798495,32,16,budget_exhausted,
10.0,1,additive,10.0,0.8,0.005,0.001,3000,budget_exhausted,0.24888162394550795,0.007922816251426447,0.007922816251426447,0.28147497671065624,0.008946657610897782,0.6505680567798495,32,16,budget_exhausted,
10.0,1,additive,10.0,0.8,0.001,0.001,3000,budget_exhausted,0.24888162394550795,0.007922816251426447,0.007922816251426447,0.28147497671065624,0.008946657610897782,0.6505680567798495,32,16,budget_exhausted,
10.0,2,additive,10.0,0.8,0.1,0.001,3000,budget_exhausted,0.5590329423810777,0.0016615349947311482,0.0016615349947311482,0.22517998136852502,0.002538206043716191,0.042439673893343424,39,17,budget_exhausted,
10.0,2,additive,10.0,0.8,0.05,0.001,3000,budget_exhausted,0.5590329423810777,0.0016615349947311482,0.0016615349947311482,0.22517998136852502,0.002538206043716191,0.042439673893343424,39,17,budget_exhausted,
10.0,2,additive,10.0,0.8,0.01,0.001,3000,budget_exhausted,0.5590329423810777,0.0016615349947311482,0.0016615349947311482,0.22517998136852502,0.002538206043716191,0.042439673893343424,39,17,budget_exhausted,
10.0,2,additive,10.0,0.8,0.005,0.001,3000,budget_exhausted,0.5590329423810777,0.0016615349947311482,0.0016615349947311482,0.22517998136852502,0.002538206043716191,0.042439673893343424,39,17,budget_exhausted,
10.0,2,additive,10.0,0.8,0.001,0.001,3000,budget_exhausted,0.5590329423810777,0.0016615349947311482,0.0016615349947311482,0.22517998136852502,0.002538206043716191,0.042439673893343424,39,17,budget_exhausted,
10.0,3,additive,10.0,0.8,0.1,0.001,3000,budget_exhausted,0.4850117440375752,0.002596148429267419,0.002596148429267419,0.22517998136852502,0.0036219943973194915,0.6231874280284802,37,17,budget_exhausted,
10.0,3,additive,10.0,0.8,0.05,0.001,3000,budget_exhausted,0.4850117440375752,0.002596148429267419,0.002596148429267419,0.22517998136852502,0.0036219943973194915,0.6231874280284802,37,17,budget_exhausted,
10.0,3,additive,10.0,0.8,0.01,0.001,3000,budget_exhausted,0.4850117440375752,0.002596148429267419,0.002596148429267419,0.22517998136852502,0.0036219943973194915,0.6231874280284802,37,17,budget_exhausted,
10.0,3,additive,10.0,0.8,0.005,0.001,3000,budget_exhausted,0.4850117440375752,0.002596148429267419,0.002596148429267419,0.22517998136852502,0.0036219943973194915,0.6231874280284802,37,17,budget_exhausted,
10.0,3,additive,10.0,0.8,0.001,0.001,3000,budget_exhausted,0.4850117440375752,0.002596148429267419,0.002596148429267419,0.22517998136852502,0.0036219943973194915,0.6231874280284802,37,17,budget_exhausted,
10.0,4,additive,10.0,0.8,0.1,0.001,3000,budget_exhausted,0.26986077652316826,0.007922816251426447,0.007922816251426447,0.28147497671065624,0.009155790544755373,0.5155859153745939,32,16,budget_exhausted,
10.0,4,additive,10.0,0.8,0.05,0.001,3000,budget_exhausted,0.26986077652316826,0.007922816251426447,0.007922816251426447,0.28147497671065624,0.009155790544755373,0.5155859153745939,32,16,budget_exhausted,
10.0,4,additive,10.0,0.8,0.01,0.001,3000,budget_exhausted,0.26986077652316826,0.007922816251426447,0.007922816251426447,0.28147497671065624,0.009155790544755373,0.5155859153745939,32,16,budget_exhausted,
10.0,4,additive,10.0,0.8,0.005,0.001,3000,budget_exhausted,0.26986077652316826,0.007922816251426447,0.007922816251426447,0.28147497671065624,0.009155790544755373,0.5155859153745939,32,16,budget_exhausted,
10.0,4,additive,10.0,0.8,0.001,0.001,3000,budget_exhausted,0.26986077652316826,0.007922816251426447,0.007922816251426447,0.28147497671065624,0.009155790544755373,0.5155859153745939,32,16,budget_exhausted,
10.0,0,multiplicative,10.0,0.8,0.1,0.001,3000,converged,0.0008850770663959956,1.3421772800000007,1.3421772800000007,1.3421772800000007,1.342177280000001,724.573782898445,9,9,converged,84.0
10.0,0,multiplicative,10.0,0.8,0.05,0.001,3000,converged,0.0008850770663959956,1.3421772800000007,1.3421772800000007,1.3421772800000007,1.342177280000001,724.573782898445,9,9,converged,89.0
10.0,0,multiplicative,10.0,0.8,0.01,0.001,3000,converged,0.0008850770663959956,1.3421772800000007,1.3421772800000007,1.3421772800000007,1.342177280000001,724.573782898445,9,9,converged,99.0
10.0,0,multiplicative,10.0,0.8,0.005,0.001,3000,converged,0.0008850770663959956,1.3421772800000007,1.3421772800000007,1.3421772800000007,1.342177280000001,724.573782898445,9,9,converged,103.0
10.0,0,multiplicative,10.0,0.8,0.001,0.001,3000,converged,0.0008850770663959956,1.3421772800000007,1.3421772800000007,1.3421772800000007,1.342177280000001,724.573782898445,9,9,converged,114.0
10.0,1,multiplicative,10.0,0.8,0.1,0.001,3000,converged,0.0009951694837087518,1.3421772800000007,1.3421772800000007,1.3421772800000007,1.342177280000001,2444.6013410126125,9,9,converged,32.0
10.0,1,multiplicative,10.0,0.8,0.05,0.001,3000,converged,0.0009951694837087518,1.3421772800000007,1.3421772800000007,1.3421772800000007,1.342177280000001,2444.6013410126125,9,9,converged,42.0
10.0,1,multiplicative,10.0,0.8,0.01,0.001,3000,converged,0.0009951694837087518,1.3421772800000007,1.3421772800000007,1.3421772800000007,1.342177280000001,2444.6013410126125,9,9,converged,83.0
10.0,1,multiplicative,10.0,0.8,0.005,0.001,3000,converged,0.0009951694837087518,1.3421772800000007,1.3421772800000007,1.3421772800000007,1.342177280000001,2444.6013410126125,9,9,converged,121.0
10.0,1,multiplicative,10.0,0.8,0.001,0.001,3000,converged,0.0009951694837087518,1.3421772800000007,1.3421772800000007,1.3421772800000007,1.342177280000001,2444.6013410126125,9,9,converged,306.0
10.0,2,multiplicative,10.0,0.8,0.1,0.001,3000,converged,0.0009081496591314164,1.0737418240000005,1.0737418240000005,1.0737418240000005,1.0737418240000005,404.34532568029414,10,10,converged,127.0
10.0,2,multiplicative,10.0,0.8,0.05,0.001,3000,converged,0.0009081496591314164,1.0737418240000005,1.0737418240000005,1.0737418240000005,1.0737418240000005,404.34532568029414,10,10,converged,133.0
10.0,2,multiplicative,10.0,0.8,0.01,0.001,3000,converged,0.0009081496591314164,1.0737418240000005,1.0737418240000005,1.0737418240000005,1.0737418240000005,404.34532568029414,10,10,converged,148.0
10.0,2,multiplicative,10.0,0.8,0.005,0.001,3000,converged,0.0009081496591314164,1.0737418240000005,1.0737418240000005,1.0737418240000005,1.0737418240000005,404.34532568029414,10,10,converged,154.0
10.0,2,multiplicative,10.0,0.8,0.001,0.001,3000,converged,0.0009081496591314164,1.0737418240000005,1.0737418240000005,1.0737418240000005,1.0737418240000005,404.34532568029414,10,10,converged,168.0
10.0,3,multiplicative,10.0,0.8,0.1,0.001,3000,converged,0.0009160458029726504,1.0737418240000005,1.0737418240000005,1.0737418240000005,1.0737418240000005,673.859191521444,10,10,converged,50.0
10.0,3,multiplicative,10.0,0.8,0.05,0.001,3000,converged,0.0009160458029726504,1.0737418240000005,1.0737418240000005,1.0737418240000005,1.0737418240000005,673.859191521444,10,10,converged,146.0
10.0,3,multiplicative,10.0,0.8,0.01,0.001,3000,converged,0.0009160458029726504,1.0737418240000005,1.0737418240000005,1.0737418240000005,1.0737418240000005,673.859191521444,10,10,converged,160.0
10.0,3,multiplicative,10.0,0.8,0.005,0.001,3000,converged,0.0009160458029726504,1.0737418240000005,1.0737418240000005,1.0737418240000005,1.0737418240000005,673.859191521444,10,10,converged,165.0
10.0,3,multiplicative,10.0,0.8,0.001,0.001,3000,converged,0.0009160458029726504,1.0737418240000005,1.0737418240000005,1.0737418240000005,1.0737418240000005,673.859191521444,10,10,converged,179.0
10.0,4,multiplicative,10.0,0.8,0.1,0.001,3000,converged,0.0009070929259829694,1.0737418240000005,1.0737418240000005,1.0737418240000005,1.0737418240000005,602.5872103146223,10,10,converged,100.0
10.0,4,multiplicative,10.0,0.8,0.05,0.001,3000,converged,0.0009070929259829694,1.0737418240000005,1.0737418240000005,1.0737418240000005,1.0737418240000005,602.5872103146223,10,10,converged,106.0
10.0,4,multiplicative,10.0,0.8,0.01,0.001,3000,converged,0.0009070929259829694,1.0737418240000005,1.0737418240000005,1.0737418240000005,1.0737418240000005,602.5872103146223,10,10,converged,119.0
10.0,4,multiplicative,10.0,0.8,0.005,0.001,3000,converged,0.0009070929259829694,1.0737418240000005,1.0737418240000005,1.0737418240000005,1.0737418240000005,602.5872103146223,10,10,converged,125.0
10.0,4,multiplicative,10.0,0.8,0.001,0.001,3000,converged,0.0009070929259829694,1.0737418240000005,1.0737418240000005,1.0737418240000005,1.0737418240000005,602.5872103146223,10,10,converged,139.0
10.0,0,quadratic,10.0,0.8,0.1,0.001,3000,eta below minimum,2.784136965574993,8.263199609878173e-13,2.521728396569266e-12,6.4,1.335129667925269,2.045002220647095,135,25,eta below minimum,
10.0,0,quadratic,10.0,0.8,0.05,0.001,3000,eta below minimum,2.784136965574993,8.263199609878173e-13,2.521728396569266e-12,6.4,1.335129667925269,2.045002220647095,135,25,eta below minimum,
10.0,0,quadratic,10.0,0.8,0.01,0.001,3000,eta below minimum,2.784136965574993,8.263199609878173e-13,2.521728396569266e-12,6.4,1.335129667925269,2.045002220647095,135,25,eta below minimum,
10.0,0,quadratic,10.0,0.8,0.005,0.001,3000,eta below minimum,2.784136965574993,8.263199609878173e-13,2.521728396569266e-12,6.4,1.335129667925269,2.045002220647095,135,25,eta below minimum,
10.0,0,quadratic,10.0,0.8,0.001,0.001,3000,eta below minimum,2.784136965574993,8.263199609878173e-13,2.521728396569266e-12,6.4,1.335129667925269,2.045002220647095,135,25,eta below minimum,
10.0,1,quadratic,10.0,0.8,0.1,0.001,3000,eta below minimum,2.753432508479965,8.263199609878173e-13,1.0328999512347716e-12,5.120000000000001,1.2361738357986993,2.1551760202525405,135,27,eta below minimum,
10.0,1,quadratic,10.0,0.8,0.05,0.001,3000,eta below minimum,2.753432508479965,8.263199609878173e-13,1.0328999512347716e-12,5.120000000000001,1.2361738357986993,2.1551760202525405,135,27,eta below minimum,
10.0,1,quadratic,10.0,0.8,0.01,0.001,3000,eta below minimum,2.753432508479965,8.263199609878173e-13,1.0328999512347716e-12,5.120000000000001,1.2361738357986993,2.1551760202525405,135,27,eta below minimum,
10.0,1,quadratic,10.0,0.8,0.005,0.001,3000,eta below minimum,2.753432508479965,8.263199609878173e-13,1.0328999512347716e-12,5.120000000000001,1.2361738357986993,2.1551760202525405,135,27,eta below minimum,
10.0,1,quadratic,10.0,0.8,0.001,0.001,3000,eta below minimum,2.753432508479965,8.263199609878173e-13,1.0328999512347716e-12,5.120000000000001,1.2361738357986993,2.1551760202525405,135,27,eta below minimum,
10.0,2,quadratic,10.0,0.8,0.1,0.001,3000,eta below minimum,3.158138114090856,8.263199609878173e-13,2.3485425827738497e-11,4.096000000000001,1.157603834537883,2.3508168944160706,135,16,eta below minimum,
10.0,2,quadratic,10.0,0.8,0.05,0.001,3000,eta below minimum,3.158138114090856,8.263199609878173e-13,2.3485425827738497e-11,4.096000000000001,1.157603834537883,2.3508168944160706,135,16,eta below minimum,
10.0,2,quadratic,10.0,0.8,0.01,0.001,3000,eta below minimum,3.158138114090856,8.263199609878173e-13,2.3485425827738497e-11,4.096000000000001,1.157603834537883,2.3508168944160706,135,16,eta below minimum,
10.0,2,quadratic,10.0,0.8,0.005,0.001,3000,eta below minimum,3.158138114090856,8.263199609878173e-13,2.3485425827738497e-11,4.096000000000001,1.157603834537883,2.3508168944160706,135,16,eta below minimum,
10.0,2,quadratic,10.0,0.8,0.001,0.001,3000,eta below minimum,3.158138114090856,8.263199609878173e-13,2.3485425827738497e-11,4.096000000000001,1.157603834537883,2.3508168944160706,135,16,eta below minimum,
10.0,3,quadratic,10.0,0.8,0.1,0.001,3000,eta below minimum,3.41076227427951,8.263199609878173e-13,6.156563468186683e-12,5.120000000000001,0.9341214296287471,1.3583451799173418,135,22,eta below minimum,
10.0,3,quadratic,10.0,0.8,0.05,0.001,3000,eta below minimum,3.41076227427951,8.263199609878173e-13,6.156563468186683e-12,5.120000000000001,0.9341214296287471,1.3583451799173418,135,22,eta below minimum,
10.0,3,quadratic,10.0,0.8,0.01,0.001,3000,eta below minimum,3.41076227427951,8.263199609878173e-13,6.156563468186683e-12,5.120000000000001,0.9341214296287471,1.3583451799173418,135,22,eta below minimum,
10.0,3,quadratic,10.0,0.8,0.005,0.001,3000,eta below minimum,3.41076227427951,8.263199609878173e-13,6.156563468186683e-12,5.120000000000001,0.9341214296287471,1.3583451799173418,135,22,eta below minimum,
10.0,3,quadratic,10.0,0.8,0.001,0.001,3000,eta below minimum,3.41076227427951,8.263199609878173e-13,6.156563468186683e-12,5.120000000000001,0.9341214296287471,1.3583451799173418,135,22,eta below minimum,
10.0,4,quadratic,10.0,0.8,0.1,0.001,3000,eta below minimum,3.04548708694127,8.263199609878173e-13,3.1521604957115823e-12,5.120000000000001,0.8160447313741364,0.9185191494363465,135,15,eta below minimum,
10.0,4,quadratic,10.0,0.8,0.05,0.001,3000,eta below minimum,3.04548708694127,8.263199609878173e-13,3.1521604957115823e-12,5.120000000000001,0.8160447313741364,0.9185191494363465,135,15,eta below minimum,
10.0,4,quadratic,10.0,0.8,0.01,0.001,3000,eta below minimum,3.04548708694127,8.263199609878173e-13,3.1521604957115823e-12,5.120000000000001,0.8160447313741364,0.9185191494363465,135,15,eta below minimum,
10.0,4,quadratic,10.0,0.8,0.005,0.001,3000,eta below minimum,3.04548708694127,8.263199609878173e-13,3.1521604957115823e-12,5.120000000000001,0.8160447313741364,0.9185191494363465,135,15,eta below minimum,
10.0,4,quadratic,10.0,0.8,0.001,0.001,3000,eta below minimum,3.04548708694127,8.263199609878173e-13,3.1521604957115823e-12,5.120000000000001,0.8160447313741364,0.9185191494363465,135,15,eta below minimum,
100.0,0,additive,10.0,0.8,0.1,0.001,3000,eta below minimum,3.404350271331405,8.263199609878173e-13,4.586997231980175e-11,0.4398046511104003,0.04922875719976846,0.04461159600862274,135,27,eta below minimum,
100.0,0,additive,10.0,0.8,0.05,0.001,3000,eta below minimum,3.404350271331405,8.263199609878173e-13,4.586997231980175e-11,0.4398046511104003,0.04922875719976846,0.04461159600862274,135,27,eta below minimum,
100.0,0,additive,10.0,0.8,0.01,0.001,3000,eta below minimum,3.404350271331405,8.263199609878173e-13,4.586997231980175e-11,0.4398046511104003,0.04922875719976846,0.04461159600862274,135,27,eta below minimum,
100.0,0,additive,10.0,0.8,0.005,0.001,3000,eta below minimum,3.404350271331405,8.263199609878173e-13,4.586997231980175e-11,0.4398046511104003,0.04922875719976846,0.04461159600862274,135,27,eta below minimum,
100.0,0,additive,10.0,0.8,0.001,0.001,3000,eta below minimum,3.404350271331405,8.263199609878173e-13,4.586997231980175e-11,0.4398046511104003,0.04922875719976846,0.04461159600862274,135,27,eta below minimum,
100.0,1,additive,10.0,0.8,0.1,0.001,3000,eta below minimum,3.245206075319068,8.263199609878173e-13,2.017382717255413e-12,0.3518437208883203,0.03743399754471699,0.036336902879216565,135,22,eta below minimum,
100.0,1,additive,10.0,0.8,0.05,0.001,3000,eta below minimum,3.245206075319068,8.263199609878173e-13,2.017382717255413e-12,0.3518437208883203,0.03743399754471699,0.036336902879216565,135,22,eta below minimum,
100.0,1,additive,10.0,0.8,0.01,0.001,3000,eta below minimum,3.245206075319068,8.263199609878173e-13,2.017382717255413e-12,0.3518437208883203,0.03743399754471699,0.036336902879216565,135,22,eta below minimum,
100.0,1,additive,10.0,0.8,0.005,0.001,3000,eta below minimum,3.245206075319068,8.263199609878173e-13,2.017382717255413e-12,0.3518437208883203,0.03743399754471699,0.036336902879216565,135,22,eta below minimum,
100.0,1,additive,10.0,0.8,0.001,0.001,3000,eta below minimum,3.245206075319068,8.263199609878173e-13,2.017382717255413e-12,0.3518437208883203,0.03743399754471699,0.036336902879216565,135,22,eta below minimum,
100.0,2,additive,10.0,0.8,0.1,0.001,3000,eta below minimum,3.6426515587474655,8.263199609878173e-13,1.8788340662190798e-11,0.28147497671065624,0.030346396315030198,0.03285451232265496,135,22,eta below minimum,
100.0,2,additive,10.0,0.8,0.05,0.001,3000,eta below minimum,3.6426515587474655,8.263199609878173e-13,1.8788340662190798e-11,0.28147497671065624,0.030346396315030198,0.03285451232265496,135,22,eta below minimum,
100.0,2,additive,10.0,0.8,0.01,0.001,3000,eta below minimum,3.6426515587474655,8.263199609878173e-13,1.8788340662190798e-11,0.28147497671065624,0.030346396315030198,0.03285451232265496,135,22,eta below minimum,
100.0,2,additive,10.0,0.8,0.005,0.001,3000,eta below minimum,3.6426515587474655,8.263199609878173e-13,1.8788340662190798e-11,0.28147497671065624,0.030346396315030198,0.03285451232265496,135,22,eta below minimum,
100.0,2,additive,10.0,0.8,0.001,0.001,3000,eta below minimum,3.6426515587474655,8.263199609878173e-13,1.8788340662190798e-11,0.28147497671065624,0.030346396315030198,0.03285451232265496,135,22,eta below minimum,
100.0,3,additive,10.0,0.8,0.1,0.001,3000,eta below minimum,3.6674894312532684,8.263199609878173e-13,3.1521604957115823e-12,0.28147497671065624,0.03115515513334438,0.03410647446526303,135,18,eta below minimum,
100.0,3,additive,10.0,0.8,0.05,0.001,3000,eta below minimum,3.6674894312532684,8.263199609878173e-13,3.1521604957115823e-12,0.28147497671065624,0.03115515513334438,0.03410647446526303,135,18,eta below minimum,
100.0,3,additive,10.0,0.8,0.01,0.001,3000,eta below minimum,3.6674894312532684,8.263199609878173e-13,3.1521604957115823e-12,0.28147497671065624,0.03115515513334438,0.03410647446526303,135,18,eta below minimum,
100.0,3,additive,10.0,0.8,0.005,0.001,3000,eta below minimum,3.6674894312532684,8.263199609878173e-13,3.1521604957115823e-12,0.28147497671065624,0.03115515513334438,0.03410647446526303,135,18,eta below minimum,
100.0,3,additive,10.0,0.8,0.001,0.001,3000,eta below minimum,3.6674894312532684,8.263199609878173e-13,3.1521604957115823e-12,0.28147497671065624,0.03115515513334438,0.03410647446526303,135,18,eta below minimum,
100.0,4,additive,10.0,0.8,0.1,0.001,3000,eta below minimum,3.2924441295469573,8.263199609878173e-13,1.2911249390434644e-12,0.3518437208883203,0.03333246121097826,0.031950967932401264,135,18,eta below minimum,
100.0,4,additive,10.0,0.8,0.05,0.001,3000,eta below minimum,3.2924441295469573,8.263199609878173e-13,1.2911249390434644e-12,0.3518437208883203,0.03333246121097826,0.031950967932401264,135,18,eta below minimum,
100.0,4,additive,10.0,0.8,0.01,0.001,3000,eta below minimum,3.2924441295469573,8.263199609878173e-13,1.2911249390434644e-12,0.3518437208883203,0.03333246121097826,0.031950967932401264,135,18,eta below minimum,
100.0,4,additive,10.0,0.8,0.005,0.001,3000,eta below minimum,3.2924441295469573,8.263199609878173e-13,1.2911249390434644e-12,0.3518437208883203,0.03333246121097826,0.031950967932401264,135,18,eta below minimum,
100.0,4,additive,10.0,0.8,0.001,0.001,3000,eta below minimum,3.2924441295469573,8.263199609878173e-13,1.2911249390434644e-12,0.3518437208883203,0.03333246121097826,0.031950967932401264,135,18,eta below minimum,
100.0,0,multiplicative,10.0,0.8,0.1,0.001,3000,eta below minimum,6.260681446456606,8.263199609878173e-13,3.6695977855841404e-11,1.6777216000000008,0.869119094764029,1.7452169764433751,135,22,eta below minimum,
100.0,0,multiplicative,10.0,0.8,0.05,0.001,3000,eta below minimum,6.260681446456606,8.263199609878173e-13,3.6695977855841404e-11,1.6777216000000008,0.869119094764029,1.7452169764433751,135,22,eta below minimum,
100.0,0,multiplicative,10.0,0.8,0.01,0.001,3000,eta below minimum,6.260681446456606,8.263199609878173e-13,3.6695977855841404e-11,1.6777216000000008,0.869119094764029,1.7452169764433751,135,22,eta below minimum,
100.0,0,multiplicative,10.0,0.8,0.005,0.001,3000,eta below minimum,6.260681446456606,8.263199609878173e-13,3.6695977855841404e-11,1.6777216000000008,0.869119094764029,1.7452169764433751,135,22,eta below minimum,
100.0,0,multiplicative,10.0,0.8,0.001,0.001,3000,eta below minimum,6.260681446456606,8.263199609878173e-13,3.6695977855841404e-11,1.6777216000000008,0.869119094764029,1.7452169764433751,135,22,eta below minimum,
100.0,1,multiplicative,10.0,0.8,0.1,0.001,3000,eta below minimum,5.859596533724647,8.263199609878173e-13,3.940200619639478e-12,1.3421772800000007,0.6940622707636744,1.5575454976013365,135,16,eta below minimum,
100.0,1,multiplicative,10.0,0.8,0.05,0.001,3000,eta below minimum,5.859596533724647,8.263199609878173e-13,3.940200619639478e-12,1.3421772800000007,0.6940622707636744,1.5575454976013365,135,16,eta below minimum,
100.0,1,multiplicative,10.0,0.8,0.01,0.001,3000,eta below minimum,5.859596533724647,8.263199609878173e-13,3.940200619639478e-12,1.3421772800000007,0.6940622707636744,1.5575454976013365,135,16,eta below minimum,
100.0,1,multiplicative,10.0,0.8,0.005,0.001,3000,eta below minimum,5.859596533724647,8.263199609878173e-13,3.940200619639478e-12,1.3421772800000007,0.6940622707636744,1.5575454976013365,135,16,eta below minimum,
100.0,1,multiplicative,10.0,0.8,0.001,0.001,3000,eta below minimum,5.859596533724647,8.263199609878173e-13,3.940200619639478e-12,1.3421772800000007,0.6940622707636744,1.5575454976013365,135,16,eta below minimum,
100.0,2,multiplicative,10.0,0.8,0.1,0.001,3000,eta below minimum,6.709157727144057,8.263199609878173e-13,2.017382717255413e-12,1.3421772800000007,0.6309278342164523,1.247304174859128,135,22,eta below minimum,
100.0,2,multiplicative,10.0,0.8,0.05,0.001,3000,eta below minimum,6.709157727144057,8.263199609878173e-13,2.017382717255413e-12,1.3421772800000007,0.6309278342164523,1.247304174859128,135,22,eta below minimum,
100.0,2,multiplicative,10.0,0.8,0.01,0.001,3000,eta below minimum,6.709157727144057,8.263199609878173e-13,2.017382717255413e-12,1.3421772800000007,0.6309278342164523,1.247304174859128,135,22,eta below minimum,
100.0,2,multiplicative,10.0,0.8,0.005,0.001,3000,eta below minimum,6.709157727144057,8.263199609878173e-13,2.017382717255413e-12,1.3421772800000007,0.6309278342164523,1.247304174859128,135,22,eta below minimum,
100.0,2,multiplicative,10.0,0.8,0.001,0.001,3000,eta below minimum,6.709157727144057,8.263199609878173e-13,2.017382717255413e-12,1.3421772800000007,0.6309278342164523,1.247304174859128,135,22,eta below minimum,
100.0,3,multiplicative,10.0,0.8,0.1,0.001,3000,eta below minimum,6.796791554549684,8.263199609878173e-13,4.925250774549347e-12,1.3421772800000007,0.7213391045696027,1.459556135303387,135,22,eta below minimum,
100.0,3,multiplicative,10.0,0.8,0.05,0.001,3000,eta below minimum,6.796791554549684,8.263199609878173e-13,4.925250774549347e-12,1.3421772800000007,0.7213391045696027,1.459556135303387,135,22,eta below minimum,
100.0,3,multiplicative,10.0,0.8,0.01,0.001,3000,eta below minimum,6.796791554549684,8.263199609878173e-13,4.925250774549347e-12,1.3421772800000007,0.7213391045696027,1.459556135303387,135,22,eta below minimum,
100.0,3,multiplicative,10.0,0.8,0.005,0.001,3000,eta below minimum,6.796791554549684,8.263199609878173e-13,4.925250774549347e-12,1.3421772800000007,0.7213391045696027,1.459556135303387,135,22,eta below minimum,
100.0,3,multiplicative,10.0,0.8,0.001,0.001,3000,eta below minimum,6.796791554549684,8.263199609878173e-13,4.925250774549347e-12,1.3421772800000007,0.7213391045696027,1.459556135303387,135,22,eta below minimum,
100.0,4,multiplicative,10.0,0.8,0.1,0.001,3000,eta below minimum,6.179152921866254,8.263199609878173e-13,6.156563468186683e-12,1.3421772800000007,0.7281026110191844,1.5067976736928272,135,30,eta below minimum,
100.0,4,multiplicative,10.0,0.8,0.05,0.001,3000,eta below minimum,6.179152921866254,8.263199609878173e-13,6.156563468186683e-12,1.3421772800000007,0.7281026110191844,1.5067976736928272,135,30,eta below minimum,
100.0,4,multiplicative,10.0,0.8,0.01,0.001,3000,eta below minimum,6.179152921866254,8.263199609878173e-13,6.156563468186683e-12,1.3421772800000007,0.7281026110191844,1.5067976736928272,135,30,eta below minimum,
100.0,4,multiplicative,10.0,0.8,0.005,0.001,3000,eta below minimum,6.179152921866254,8.263199609878173e-13,6.156563468186683e-12,1.3421772800000007,0.7281026110191844,1.5067976736928272,135,30,eta below minimum,
100.0,4,multiplicative,10.0,0.8,0.001,0.001,3000,eta below minimum,6.179152921866254,8.263199609878173e-13,6.156563468186683e-12,1.3421772800000007,0.7281026110191844,1.5067976736928272,135,30,eta below minimum,
100.0,0,quadratic,10.0,0.8,0.1,0.001,3000,eta below minimum,3.7582143899796607,8.263199609878173e-13,6.156563468186683e-12,8.0,1.3634728547805002,1.3610765855623983,135,31,eta below minimum,
100.0,0,quadratic,10.0,0.8,0.05,0.001,3000,eta below minimum,3.7582143899796607,8.263199609878173e-13,6.156563468186683e-12,8.0,1.3634728547805002,1.3610765855623983,135,31,eta below minimum,
100.0,0,quadratic,10.0,0.8,0.01,0.001,3000,eta below minimum,3.7582143899796607,8.263199609878173e-13,6.156563468186683e-12,8.0,1.3634728547805002,1.3610765855623983,135,31,eta below minimum,
100.0,0,quadratic,10.0,0.8,0.005,0.001,3000,eta below minimum,3.7582143899796607,8.263199609878173e-13,6.156563468186683e-12,8.0,1.3634728547805002,1.3610765855623983,135,31,eta below minimum,
100.0,0,quadratic,10.0,0.8,0.001,0.001,3000,eta below minimum,3.7582143899796607,8.263199609878173e-13,6.156563468186683e-12,8.0,1.3634728547805002,1.3610765855623983,135,31,eta below minimum,
100.0,1,quadratic,10.0,0.8,0.1,0.001,3000,eta below minimum,3.491885672691089,8.263199609878173e-13,4.925250774549347e-12,6.4,1.041041082042776,1.0942575356786872,135,18,eta below minimum,
100.0,1,quadratic,10.0,0.8,0.05,0.001,3000,eta below minimum,3.491885672691089,8.263199609878173e-13,4.925250774549347e-12,6.4,1.041041082042776,1.0942575356786872,135,18,eta below minimum,
100.0,1,quadratic,10.0,0.8,0.01,0.001,3000,eta below minimum,3.491885672691089,8.263199609878173e-13,4.925250774549347e-12,6.4,1.041041082042776,1.0942575356786872,135,18,eta below minimum,
100.0,1,quadratic,10.0,0.8,0.005,0.001,3000,eta below minimum,3.491885672691089,8.263199609878173e-13,4.925250774549347e-12,6.4,1.041041082042776,1.0942575356786872,135,18,eta below minimum,
100.0,1,quadratic,10.0,0.8,0.001,0.001,3000,eta below minimum,3.491885672691089,8.263199609878173e-13,4.925250774549347e-12,6.4,1.041041082042776,1.0942575356786872,135,18,eta below minimum,
100.0,2,quadratic,10.0,0.8,0.1,0.001,3000,eta below minimum,3.7210634640363573,8.263199609878173e-13,1.6139061738043304e-12,6.4,0.7234333319696384,0.6939368779307534,135,29,eta below minimum,
100.0,2,quadratic,10.0,0.8,0.05,0.001,3000,eta below minimum,3.7210634640363573,8.263199609878173e-13,1.6139061738043304e-12,6.4,0.7234333319696384,0.6939368779307534,135,29,eta below minimum,
100.0,2,quadratic,10.0,0.8,0.01,0.001,3000,eta below minimum,3.7210634640363573,8.263199609878173e-13,1.6139061738043304e-12,6.4,0.7234333319696384,0.6939368779307534,135,29,eta below minimum,
100.0,2,quadratic,10.0,0.8,0.005,0.001,3000,eta below minimum,3.7210634640363573,8.263199609878173e-13,1.6139061738043304e-12,6.4,0.7234333319696384,0.6939368779307534,135,29,eta below minimum,
100.0,2,quadratic,10.0,0.8,0.001,0.001,3000,eta below minimum,3.7210634640363573,8.263199609878173e-13,1.6139061738043304e-12,6.4,0.7234333319696384,0.6939368779307534,135,29,eta below minimum,
100.0,3,quadratic,10.0,0.8,0.1,0.001,3000,eta below minimum,4.408553000918229,8.263199609878173e-13,2.3485425827738497e-11,6.4,1.398270977580967,2.0423805551391774,135,18,eta below minimum,
100.0,3,quadratic,10.0,0.8,0.05,0.001,3000,eta below minimum,4.408553000918229,8.263199609878173e-13,2.3485425827738497e-11,6.4,1.398270977580967,2.0423805551391774,135,18,eta below minimum,
100.0,3,quadratic,10.0,0.8,0.01,0.001,3000,eta below minimum,4.408553000918229,8.263199609878173e-13,2.3485425827738497e-11,6.4,1.398270977580967,2.0423805551391774,135,18,eta below minimum,
100.0,3,quadratic,10.0,0.8,0.005,0.001,3000,eta below minimum,4.408553000918229,8.263199609878173e-13,2.3485425827738497e-11,6.4,1.398270977580967,2.0423805551391774,135,18,eta below minimum,
100.0,3,quadratic,10.0,0.8,0.001,0.001,3000,eta below minimum,4.408553000918229,8.263199609878173e-13,2.3485425827738497e-11,6.4,1.398270977580967,2.0423805551391774,135,18,eta below minimum,
100.0,4,quadratic,10.0,0.8,0.1,0.001,3000,eta below minimum,3.9735898761941266,8.263199609878173e-13,1.0328999512347716e-12,5.120000000000001,1.2179627065542205,2.168826684249759,135,17,eta below minimum,
100.0,4,quadratic,10.0,0.8,0.05,0.001,3000,eta below minimum,3.9735898761941266,8.263199609878173e-13,1.0328999512347716e-12,5.120000000000001,1.2179627065542205,2.168826684249759,135,17,eta below minimum,
100.0,4,quadratic,10.0,0.8,0.01,0.001,3000,eta below minimum,3.9735898761941266,8.263199609878173e-13,1.0328999512347716e-12,5.120000000000001,1.2179627065542205,2.168826684249759,135,17,eta below minimum,
100.0,4,quadratic,10.0,0.8,0.005,0.001,3000,eta below minimum,3.9735898761941266,8.263199609878173e-13,1.0328999512347716e-12,5.120000000000001,1.2179627065542205,2.168826684249759,135,17,eta below minimum,
100.0,4,quadratic,10.0,0.8,0.001,0.001,3000,eta below minimum,3.9735898761941266,8.263199609878173e-13,1.0328999512347716e-12,5.120000000000001,1.2179627065542205,2.168826684249759,135,17,eta below minimum,
