rho,instance_idx,method,initial_eta,backoff_factor,epsilon,target_epsilon,iteration_budget,status,final_norm,final_eta,min_accepted_eta,max_accepted_eta,mean_accepted_eta,mean_admissible_eta_bound,total_backoffs,max_backoffs_single_step,terminal_status,iterations_to_epsilon
1.2,0,additive,10.0,0.95,0.1,0.001,10000,converged,0.0009984974274186837,0.007228169792062389,0.007228169792062389,0.019154898067750878,0.0072685993794376035,113.41356919106127,141,122,converged,116.0
1.2,0,additive,10.0,0.95,0.05,0.001,10000,converged,0.0009984974274186837,0.007228169792062389,0.007228169792062389,0.019154898067750878,0.0072685993794376035,113.41356919106127,141,122,converged,141.0
1.2,0,additive,10.0,0.95,0.01,0.001,10000,converged,0.0009984974274186837,0.007228169792062389,0.007228169792062389,0.019154898067750878,0.0072685993794376035,113.41356919106127,141,122,converged,202.0
1.2,0,additive,10.0,0.95,0.005,0.001,10000,converged,0.0009984974274186837,0.007228169792062389,0.007228169792062389,0.019154898067750878,0.0072685993794376035,113.41356919106127,141,122,converged,230.0
1.2,0,additive,10.0,0.95,0.001,0.001,10000,converged,0.0009984974274186837,0.007228169792062389,0.007228169792062389,0.019154898067750878,0.0072685993794376035,113.41356919106127,141,122,converged,295.0
1.2,1,additive,10.0,0.95,0.1,0.001,10000,converged,0.0009840508925456762,0.005593019998111215,0.005593019998111215,0.024754936622809844,0.005643982542325839,182.71484293473205,146,117,converged,153.0
1.2,1,additive,10.0,0.95,0.05,0.001,10000,converged,0.0009840508925456762,0.005593019998111215,0.005593019998111215,0.024754936622809844,0.005643982542325839,182.71484293473205,146,117,converged,185.0
1.2,1,additive,10.0,0.95,0.01,0.001,10000,converged,0.0009840508925456762,0.005593019998111215,0.005593019998111215,0.024754936622809844,0.005643982542325839,182.71484293473205,146,117,converged,261.0
1.2,1,additive,10.0,0.95,0.005,0.001,10000,converged,0.0009840508925456762,0.005593019998111215,0.005593019998111215,0.024754936622809844,0.005643982542325839,182.71484293473205,146,117,converged,295.0
1.2,1,additive,10.0,0.95,0.001,0.001,10000,converged,0.0009840508925456762,0.005593019998111215,0.005593019998111215,0.024754936622809844,0.005643982542325839,182.71484293473205,146,117,converged,376.0
1.2,2,additive,10.0,0.95,0.1,0.001,10000,converged,0.000977929520716609,0.00619725207546949,0.00619725207546949,0.01560178419429601,0.0062245115888573945,274.4067846973255,144,126,converged,152.0
1.2,2,additive,10.0,0.95,0.05,0.001,10000,converged,0.000977929520716609,0.00619725207546949,0.00619725207546949,0.01560178419429601,0.0062245115888573945,274.4067846973255,144,126,converged,180.0
1.2,2,additive,10.0,0.95,0.01,0.001,10000,converged,0.000977929520716609,0.00619725207546949,0.00619725207546949,0.01560178419429601,0.0062245115888573945,274.4067846973255,144,126,converged,246.0
1.2,2,additive,10.0,0.95,0.005,0.001,10000,converged,0.000977929520716609,0.00619725207546949,0.00619725207546949,0.01560178419429601,0.0062245115888573945,274.4067846973255,144,126,converged,275.0
1.2,2,additive,10.0,0.95,0.001,0.001,10000,converged,0.000977929520716609,0.00619725207546949,0.00619725207546949,0.01560178419429601,0.0062245115888573945,274.4067846973255,144,126,converged,345.0
1.2,3,additive,10.0,0.95,0.1,0.001,10000,budget_exhausted,0.9251073527772098,0.00887429628939298,0.00887429628939298,0.017287295506145165,0.008875137589314656,0.7644413588857555,137,124,budget_exhausted,
1.2,3,additive,10.0,0.95,0.05,0.001,10000,budget_exhausted,0.9251073527772098,0.00887429628939298,0.00887429628939298,0.017287295506145165,0.008875137589314656,0.7644413588857555,137,124,budget_exhausted,
1.2,3,additive,10.0,0.95,0.01,0.001,10000,budget_exhausted,0.9251073527772098,0.00887429628939298,0.00887429628939298,0.017287295506145165,0.008875137589314656,0.7644413588857555,137,124,budget_exhausted,
1.2,3,additive,10.0,0.95,0.005,0.001,10000,budget_exhausted,0.9251073527772098,0.00887429628939298,0.00887429628939298,0.017287295506145165,0.008875137589314656,0.7644413588857555,137,124,budget_exhausted,
1.2,3,additive,10.0,0.95,0.001,0.001,10000,budget_exhausted,0.9251073527772098,0.00887429628939298,0.00887429628939298,0.017287295506145165,0.008875137589314656,0.7644413588857555,137,124,budget_exhausted,
1.2,4,additive,10.0,0.95,0.1,0.001,10000,budget_exhausted,0.7516469478058916,0.016422930730837906,0.016422930730837906,0.016422930730837906,0.0164229307308379,0.5528784198518053,125,125,budget_exhausted,
1.2,4,additive,10.0,0.95,0.05,0.001,10000,budget_exhausted,0.7516469478058916,0.016422930730837906,0.016422930730837906,0.016422930730837906,0.0164229307308379,0.5528784198518053,125,125,budget_exhausted,
1.2,4,additive,10.0,0.95,0.01,0.001,10000,budget_exhausted,0.7516469478058916,0.016422930730837906,0.016422930730837906,0.016422930730837906,0.0164229307308379,0.5528784198518053,125,125,budget_exhausted,
1.2,4,additive,10.0,0.95,0.005,0.001,10000,budget_exhausted,0.7516469478058916,0.016422930730837906,0.016422930730837906,0.016422930730837906,0.0164229307308379,0.5528784198518053,125,125,budget_exhausted,
1.2,4,additive,10.0,0.95,0.001,0.001,10000,budget_exhausted,0.7516469478058916,0.016422930730837906,0.016422930730837906,0.016422930730837906,0.0164229307308379,0.5528784198518053,125,125,budget_exhausted,
1.2,0,multiplicative,10.0,0.95,0.1,0.001,10000,converged,0.0009822892228491524,0.07651428115381817,0.07651428115381817,0.08478036692943842,0.07658316520194836,435.036011995238,95,93,converged,50.0
1.2,0,multiplicative,10.0,0.95,0.05,0.001,10000,converged,0.0009822892228491524,0.07651428115381817,0.07651428115381817,0.08478036692943842,0.07658316520194836,435.036011995238,95,93,converged,54.0
1.2,0,multiplicative,10.0,0.95,0.01,0.001,10000,converged,0.0009822892228491524,0.07651428115381817,0.07651428115381817,0.08478036692943842,0.07658316520194836,435.036011995238,95,93,converged,80.0
1.2,0,multiplicative,10.0,0.95,0.005,0.001,10000,converged,0.0009822892228491524,0.07651428115381817,0.07651428115381817,0.08478036692943842,0.07658316520194836,435.036011995238,95,93,converged,92.0
1.2,0,multiplicative,10.0,0.95,0.001,0.001,10000,converged,0.0009822892228491524,0.07651428115381817,0.07651428115381817,0.08478036692943842,0.07658316520194836,435.036011995238,95,93,converged,120.0
1.2,1,multiplicative,10.0,0.95,0.1,0.001,10000,converged,0.0009566333855193916,0.0623213602140421,0.0623213602140421,0.10408804957535739,0.06265023178381626,540.4764011324049,99,89,converged,54.0
1.2,1,multiplicative,10.0,0.95,0.05,0.001,10000,converged,0.0009566333855193916,0.0623213602140421,0.0623213602140421,0.10408804957535739,0.06265023178381626,540.4764011324049,99,89,converged,63.0
1.2,1,multiplicative,10.0,0.95,0.01,0.001,10000,converged,0.0009566333855193916,0.0623213602140421,0.0623213602140421,0.10408804957535739,0.06265023178381626,540.4764011324049,99,89,converged,88.0
1.2,1,multiplicative,10.0,0.95,0.005,0.001,10000,converged,0.0009566333855193916,0.0623213602140421,0.0623213602140421,0.10408804957535739,0.06265023178381626,540.4764011324049,99,89,converged,99.0
1.2,1,multiplicative,10.0,0.95,0.001,0.001,10000,converged,0.0009566333855193916,0.0623213602140421,0.0623213602140421,0.10408804957535739,0.06265023178381626,540.4764011324049,99,89,converged,127.0
1.2,2,multiplicative,10.0,0.95,0.1,0.001,10000,converged,0.0009694097826600852,0.05920529220334,0.05920529220334,0.0690541387413209,0.05927824662213986,248.3725118448339,100,97,converged,60.0
1.2,2,multiplicative,10.0,0.95,0.05,0.001,10000,converged,0.0009694097826600852,0.05920529220334,0.05920529220334,0.0690541387413209,0.05927824662213986,248.3725118448339,100,97,converged,68.0
1.2,2,multiplicative,10.0,0.95,0.01,0.001,10000,converged,0.0009694097826600852,0.05920529220334,0.05920529220334,0.0690541387413209,0.05927824662213986,248.3725118448339,100,97,converged,95.0
1.2,2,multiplicative,10.0,0.95,0.005,0.001,10000,converged,0.0009694097826600852,0.05920529220334,0.05920529220334,0.0690541387413209,0.05927824662213986,248.3725118448339,100,97,converged,107.0
1.2,2,multiplicative,10.0,0.95,0.001,0.001,10000,converged,0.0009694097826600852,0.05920529220334,0.05920529220334,0.0690541387413209,0.05927824662213986,248.3725118448339,100,97,converged,135.0
1.2,3,multiplicative,10.0,0.95,0.1,0.001,10000,converged,0.00092385760683863,0.0690541387413209,0.0690541387413209,0.0805413485829665,0.06927087854965384,475.12885872326524,97,94,converged,72.0
1.2,3,multiplicative,10.0,0.95,0.05,0.001,10000,converged,0.00092385760683863,0.0690541387413209,0.0690541387413209,0.0805413485829665,0.06927087854965384,475.12885872326524,97,94,converged,74.0
1.2,3,multiplicative,10.0,0.95,0.01,0.001,10000,converged,0.00092385760683863,0.0690541387413209,0.0690541387413209,0.0805413485829665,0.06927087854965384,475.12885872326524,97,94,converged,82.0
1.2,3,multiplicative,10.0,0.95,0.005,0.001,10000,converged,0.00092385760683863,0.0690541387413209,0.0690541387413209,0.0805413485829665,0.06927087854965384,475.12885872326524,97,94,converged,88.0
1.2,3,multiplicative,10.0,0.95,0.001,0.001,10000,converged,0.00092385760683863,0.0690541387413209,0.0690541387413209,0.0805413485829665,0.06927087854965384,475.12885872326524,97,94,converged,106.0
1.2,4,multiplicative,10.0,0.95,0.1,0.001,10000,converged,0.000999103131017825,0.0690541387413209,0.0690541387413209,0.0690541387413209,0.0690541387413209,750.4920454633532,97,97,converged,45.0
1.2,4,multiplicative,10.0,0.95,0.05,0.001,10000,converged,0.000999103131017825,0.0690541387413209,0.0690541387413209,0.0690541387413209,0.0690541387413209,750.4920454633532,97,97,converged,54.0
1.2,4,multiplicative,10.0,0.95,0.01,0.001,10000,converged,0.000999103131017825,0.0690541387413209,0.0690541387413209,0.0690541387413209,0.0690541387413209,750.4920454633532,97,97,converged,78.0
1.2,4,multiplicative,10.0,0.95,0.005,0.001,10000,converged,0.000999103131017825,0.0690541387413209,0.0690541387413209,0.0690541387413209,0.0690541387413209,750.4920454633532,97,97,converged,90.0
1.2,4,multiplicative,10.0,0.95,0.001,0.001,10000,converged,0.000999103131017825,0.0690541387413209,0.0690541387413209,0.0690541387413209,0.0690541387413209,750.4920454633532,97,97,converged,119.0
1.2,0,quadratic,10.0,0.95,0.1,0.001,10000,eta below minimum,18.169632452595287,9.785555595734573e-13,9.84063787868607e-12,0.37524139211116025,0.11694961714155043,0.1312739395155503,584,126,eta below minimum,
1.2,0,quadratic,10.0,0.95,0.05,0.001,10000,eta below minimum,18.169632452595287,9.785555595734573e-13,9.84063787868607e-12,0.37524139211116025,0.11694961714155043,0.1312739395155503,584,126,eta below minimum,
1.2,0,quadratic,10.0,0.95,0.01,0.001,10000,eta below minimum,18.169632452595287,9.785555595734573e-13,9.84063787868607e-12,0.37524139211116025,0.11694961714155043,0.1312739395155503,584,126,eta below minimum,
1.2,0,quadratic,10.0,0.95,0.005,0.001,10000,eta below minimum,18.169632452595287,9.785555595734573e-13,9.84063787868607e-12,0.37524139211116025,0.11694961714155043,0.1312739395155503,584,126,eta below minimum,
1.2,0,quadratic,10.0,0.95,0.001,0.001,10000,eta below minimum,18.169632452595287,9.785555595734573e-13,9.84063787868607e-12,0.37524139211116025,0.11694961714155043,0.1312739395155503,584,126,eta below minimum,
1.2,1,quadratic,10.0,0.95,0.1,0.001,10000,eta below minimum,8.223859434858955,9.785555595734573e-13,2.7605073443022534e-10,0.43766309037604345,0.22518187190960676,0.3233903592582947,584,147,eta below minimum,
1.2,1,quadratic,10.0,0.95,0.05,0.001,10000,eta below minimum,8.223859434858955,9.785555595734573e-13,2.7605073443022534e-10,0.43766309037604345,0.22518187190960676,0.3233903592582947,584,147,eta below minimum,
1.2,1,quadratic,10.0,0.95,0.01,0.001,10000,eta below minimum,8.223859434858955,9.785555595734573e-13,2.7605073443022534e-10,0.43766309037604345,0.22518187190960676,0.3233903592582947,584,147,eta below minimum,
1.2,1,quadratic,10.0,0.95,0.005,0.001,10000,eta below minimum,8.223859434858955,9.785555595734573e-13,2.7605073443022534e-10,0.43766309037604345,0.22518187190960676,0.3233903592582947,584,147,eta below minimum,
1.2,1,quadratic,10.0,0.95,0.001,0.001,10000,eta below minimum,8.223859434858955,9.785555595734573e-13,2.7605073443022534e-10,0.43766309037604345,0.22518187190960676,0.3233903592582947,584,147,eta below minimum,
1.2,2,quadratic,10.0,0.95,0.1,0.001,10000,eta below minimum,22.441590130546608,9.785555595734573e-13,6.202056214355525e-12,0.30563645913324067,0.10212965225799331,0.1213040266700861,584,115,eta below minimum,
1.2,2,quadratic,10.0,0.95,0.05,0.001,10000,eta below minimum,22.441590130546608,9.785555595734573e-13,6.202056214355525e-12,0.30563645913324067,0.10212965225799331,0.1213040266700861,584,115,eta below minimum,
1.2,2,quadratic,10.0,0.95,0.01,0.001,10000,eta below minimum,22.441590130546608,9.785555595734573e-13,6.202056214355525e-12,0.30563645913324067,0.10212965225799331,0.1213040266700861,584,115,eta below minimum,
1.2,2,quadratic,10.0,0.95,0.005,0.001,10000,eta below minimum,22.441590130546608,9.785555595734573e-13,6.202056214355525e-12,0.30563645913324067,0.10212965225799331,0.1213040266700861,584,115,eta below minimum,
1.2,2,quadratic,10.0,0.95,0.001,0.001,10000,eta below minimum,22.441590130546608,9.785555595734573e-13,6.202056214355525e-12,0.30563645913324067,0.10212965225799331,0.1213040266700861,584,115,eta below minimum,
1.2,3,quadratic,10.0,0.95,0.1,0.001,10000,eta below minimum,6.85897397113948,9.785555595734573e-13,8.484608906766638e-11,0.3564793225056022,0.1944567896370286,0.36327051761392165,584,92,eta below minimum,
1.2,3,quadratic,10.0,0.95,0.05,0.001,10000,eta below minimum,6.85897397113948,9.785555595734573e-13,8.484608906766638e-11,0.3564793225056022,0.1944567896370286,0.36327051761392165,584,92,eta below minimum,
1.2,3,quadratic,10.0,0.95,0.01,0.001,10000,eta below minimum,6.85897397113948,9.785555595734573e-13,8.484608906766638e-11,0.3564793225056022,0.1944567896370286,0.36327051761392165,584,92,eta below minimum,
1.2,3,quadratic,10.0,0.95,0.005,0.001,10000,eta below minimum,6.85897397113948,9.785555595734573e-13,8.484608906766638e-11,0.3564793225056022,0.1944567896370286,0.36327051761392165,584,92,eta below minimum,
1.2,3,quadratic,10.0,0.95,0.001,0.001,10000,eta below minimum,6.85897397113948,9.785555595734573e-13,8.484608906766638e-11,0.3564793225056022,0.1944567896370286,0.36327051761392165,584,92,eta below minimum,
1.2,4,quadratic,10.0,0.95,0.1,0.001,10000,eta below minimum,30.527685420500504,9.785555595734573e-13,1.730069669873247e-11,0.29035463617657864,0.051962287036526084,0.046847807038330656,584,93,eta below minimum,
1.2,4,quadratic,10.0,0.95,0.05,0.001,10000,eta below minimum,30.527685420500504,9.785555595734573e-13,1.730069669873247e-11,0.29035463617657864,0.051962287036526084,0.046847807038330656,584,93,eta below minimum,
1.2,4,quadratic,10.0,0.95,0.01,0.001,10000,eta below minimum,30.527685420500504,9.785555595734573e-13,1.730069669873247e-11,0.29035463617657864,0.051962287036526084,0.046847807038330656,584,93,eta below minimum,
1.2,4,quadratic,10.0,0.95,0.005,0.001,10000,eta below minimum,30.527685420500504,9.785555595734573e-13,1.730069669873247e-11,0.29035463617657864,0.051962287036526084,0.046847807038330656,584,93,eta below minimum,
1.2,4,quadratic,10.0,0.95,0.001,0.001,10000,eta below minimum,30.527685420500504,9.785555595734573e-13,1.730069669873247e-11,0.29035463617657864,0.051962287036526084,0.046847807038330656,584,93,eta below minimum,
1.5,0,additive,10.0,0.95,0.1,0.001,10000,budget_exhausted,0.9199440818552342,0.03199217688508881,0.03199217688508881,0.03199217688508881,0.03199217688508882,0.9808624608854012,112,112,budget_exhausted,
1.5,0,additive,10.0,0.95,0.05,0.001,10000,budget_exhausted,0.9199440818552342,0.03199217688508881,0.03199217688508881,0.03199217688508881,0.03199217688508882,0.9808624608854012,112,112,budget_exhausted,
1.5,0,additive,10.0,0.95,0.01,0.001,10000,budget_exhausted,0.9199440818552342,0.03199217688508881,0.03199217688508881,0.03199217688508881,0.03199217688508882,0.9808624608854012,112,112,budget_exhausted,
1.5,0,additive,10.0,0.95,0.005,0.001,10000,budget_exhausted,0.9199440818552342,0.03199217688508881,0.03199217688508881,0.03199217688508881,0.03199217688508882,0.9808624608854012,112,112,budget_exhausted,
1.5,0,additive,10.0,0.95,0.001,0.001,10000,budget_exhausted,0.9199440818552342,0.03199217688508881,0.03199217688508881,0.03199217688508881,0.03199217688508882,0.9808624608854012,112,112,budget_exhausted,
1.5,1,additive,10.0,0.95,0.1,0.001,10000,budget_exhausted,0.7514076577143094,0.027429292656853014,0.027429292656853014,0.03927800048813477,0.02743127943791451,3.6002499532914087,115,108,budget_exhausted,
1.5,1,additive,10.0,0.95,0.05,0.001,10000,budget_exhausted,0.7514076577143094,0.027429292656853014,0.027429292656853014,0.03927800048813477,0.02743127943791451,3.6002499532914087,115,108,budget_exhausted,
1.5,1,additive,10.0,0.95,0.01,0.001,10000,budget_exhausted,0.7514076577143094,0.027429292656853014,0.027429292656853014,0.03927800048813477,0.02743127943791451,3.6002499532914087,115,108,budget_exhausted,
1.5,1,additive,10.0,0.95,0.005,0.001,10000,budget_exhausted,0.7514076577143094,0.027429292656853014,0.027429292656853014,0.03927800048813477,0.02743127943791451,3.6002499532914087,115,108,budget_exhausted,
1.5,1,additive,10.0,0.95,0.001,0.001,10000,budget_exhausted,0.7514076577143094,0.027429292656853014,0.027429292656853014,0.03927800048813477,0.02743127943791451,3.6002499532914087,115,108,budget_exhausted,
1.5,2,additive,10.0,0.95,0.1,0.001,10000,converged,0.0009974885585729923,0.008430581474923331,0.008430581474923331,0.021224263786981584,0.008467664612059733,1332.9814149981685,138,120,converged,137.0
1.5,2,additive,10.0,0.95,0.05,0.001,10000,converged,0.0009974885585729923,0.008430581474923331,0.008430581474923331,0.021224263786981584,0.008467664612059733,1332.9814149981685,138,120,converged,166.0
1.5,2,additive,10.0,0.95,0.01,0.001,10000,converged,0.0009974885585729923,0.008430581474923331,0.008430581474923331,0.021224263786981584,0.008467664612059733,1332.9814149981685,138,120,converged,238.0
1.5,2,additive,10.0,0.95,0.005,0.001,10000,converged,0.0009974885585729923,0.008430581474923331,0.008430581474923331,0.021224263786981584,0.008467664612059733,1332.9814149981685,138,120,converged,270.0
1.5,2,additive,10.0,0.95,0.001,0.001,10000,converged,0.0009974885585729923,0.008430581474923331,0.008430581474923331,0.021224263786981584,0.008467664612059733,1332.9814149981685,138,120,converged,345.0
1.5,3,additive,10.0,0.95,0.1,0.001,10000,converged,0.0009672497490449736,0.012072363200535044,0.012072363200535044,0.03199217688508881,0.012386604162694605,1024.9814474554507,131,112,converged,84.0
1.5,3,additive,10.0,0.95,0.05,0.001,10000,converged,0.0009672497490449736,0.012072363200535044,0.012072363200535044,0.03199217688508881,0.012386604162694605,1024.9814474554507,131,112,converged,102.0
1.5,3,additive,10.0,0.95,0.01,0.001,10000,converged,0.0009672497490449736,0.012072363200535044,0.012072363200535044,0.03199217688508881,0.012386604162694605,1024.9814474554507,131,112,converged,145.0
1.5,3,additive,10.0,0.95,0.005,0.001,10000,converged,0.0009672497490449736,0.012072363200535044,0.012072363200535044,0.03199217688508881,0.012386604162694605,1024.9814474554507,131,112,converged,164.0
1.5,3,additive,10.0,0.95,0.001,0.001,10000,converged,0.0009672497490449736,0.012072363200535044,0.012072363200535044,0.03199217688508881,0.012386604162694605,1024.9814474554507,131,112,converged,210.0
1.5,4,additive,10.0,0.95,0.1,0.001,10000,converged,0.0009756998842769124,0.03199217688508881,0.03199217688508881,0.03199217688508881,0.0319921768850888,111.48792119788997,112,112,converged,32.0
1.5,4,additive,10.0,0.95,0.05,0.001,10000,converged,0.0009756998842769124,0.03199217688508881,0.03199217688508881,0.03199217688508881,0.0319921768850888,111.48792119788997,112,112,converged,38.0
1.5,4,additive,10.0,0.95,0.01,0.001,10000,converged,0.0009756998842769124,0.03199217688508881,0.03199217688508881,0.03199217688508881,0.0319921768850888,111.48792119788997,112,112,converged,56.0
1.5,4,additive,10.0,0.95,0.005,0.001,10000,converged,0.0009756998842769124,0.03199217688508881,0.03199217688508881,0.03199217688508881,0.0319921768850888,111.48792119788997,112,112,converged,66.0
1.5,4,additive,10.0,0.95,0.001,0.001,10000,converged,0.0009756998842769124,0.03199217688508881,0.03199217688508881,0.03199217688508881,0.0319921768850888,111.48792119788997,112,112,converged,94.0
1.5,0,multiplicative,10.0,0.95,0.1,0.001,10000,converged,0.00099416501631755,0.14159869113351017,0.14159869113351017,0.14159869113351017,0.14159869113351023,546.4916456941886,83,83,converged,24.0
1.5,0,multiplicative,10.0,0.95,0.05,0.001,10000,converged,0.00099416501631755,0.14159869113351017,0.14159869113351017,0.14159869113351017,0.14159869113351023,546.4916456941886,83,83,converged,28.0
1.5,0,multiplicative,10.0,0.95,0.01,0.001,10000,converged,0.00099416501631755,0.14159869113351017,0.14159869113351017,0.14159869113351017,0.14159869113351023,546.4916456941886,83,83,converged,39.0
1.5,0,multiplicative,10.0,0.95,0.005,0.001,10000,converged,0.00099416501631755,0.14159869113351017,0.14159869113351017,0.14159869113351017,0.14159869113351023,546.4916456941886,83,83,converged,44.0
1.5,0,multiplicative,10.0,0.95,0.001,0.001,10000,converged,0.00099416501631755,0.14159869113351017,0.14159869113351017,0.14159869113351017,0.14159869113351023,546.4916456941886,83,83,converged,55.0
1.5,1,multiplicative,10.0,0.95,0.1,0.001,10000,converged,0.0009430686589279135,0.16515374385013584,0.16515374385013584,0.16515374385013584,0.16515374385013587,560.4611980355693,80,80,converged,19.0
1.5,1,multiplicative,10.0,0.95,0.05,0.001,10000,converged,0.0009430686589279135,0.16515374385013584,0.16515374385013584,0.16515374385013584,0.16515374385013587,560.4611980355693,80,80,converged,23.0
1.5,1,multiplicative,10.0,0.95,0.01,0.001,10000,converged,0.0009430686589279135,0.16515374385013584,0.16515374385013584,0.16515374385013584,0.16515374385013587,560.4611980355693,80,80,converged,31.0
1.5,1,multiplicative,10.0,0.95,0.005,0.001,10000,converged,0.0009430686589279135,0.16515374385013584,0.16515374385013584,0.16515374385013584,0.16515374385013587,560.4611980355693,80,80,converged,35.0
1.5,1,multiplicative,10.0,0.95,0.001,0.001,10000,converged,0.0009430686589279135,0.16515374385013584,0.16515374385013584,0.16515374385013584,0.16515374385013587,560.4611980355693,80,80,converged,44.0
1.5,2,multiplicative,10.0,0.95,0.1,0.001,10000,converged,0.0009670142434052516,0.08924249150467203,0.08924249150467203,0.08924249150467203,0.08924249150467202,314.67256100008444,92,92,converged,37.0
1.5,2,multiplicative,10.0,0.95,0.05,0.001,10000,converged,0.0009670142434052516,0.08924249150467203,0.08924249150467203,0.08924249150467203,0.08924249150467202,314.67256100008444,92,92,converged,44.0
1.5,2,multiplicative,10.0,0.95,0.01,0.001,10000,converged,0.0009670142434052516,0.08924249150467203,0.08924249150467203,0.08924249150467203,0.08924249150467202,314.67256100008444,92,92,converged,60.0
1.5,2,multiplicative,10.0,0.95,0.005,0.001,10000,converged,0.0009670142434052516,0.08924249150467203,0.08924249150467203,0.08924249150467203,0.08924249150467202,314.67256100008444,92,92,converged,68.0
1.5,2,multiplicative,10.0,0.95,0.001,0.001,10000,converged,0.0009670142434052516,0.08924249150467203,0.08924249150467203,0.08924249150467203,0.08924249150467202,314.67256100008444,92,92,converged,85.0
1.5,3,multiplicative,10.0,0.95,0.1,0.001,10000,converged,0.0008824246886055513,0.14159869113351017,0.14159869113351017,0.14159869113351017,0.14159869113351023,691.6684726439427,83,83,converged,24.0
1.5,3,multiplicative,10.0,0.95,0.05,0.001,10000,converged,0.0008824246886055513,0.14159869113351017,0.14159869113351017,0.14159869113351017,0.14159869113351023,691.6684726439427,83,83,converged,28.0
1.5,3,multiplicative,10.0,0.95,0.01,0.001,10000,converged,0.0008824246886055513,0.14159869113351017,0.14159869113351017,0.14159869113351017,0.14159869113351023,691.6684726439427,83,83,converged,38.0
1.5,3,multiplicative,10.0,0.95,0.005,0.001,10000,converged,0.0008824246886055513,0.14159869113351017,0.14159869113351017,0.14159869113351017,0.14159869113351023,691.6684726439427,83,83,converged,43.0
1.5,3,multiplicative,10.0,0.95,0.001,0.001,10000,converged,0.0008824246886055513,0.14159869113351017,0.14159869113351017,0.14159869113351017,0.14159869113351023,691.6684726439427,83,83,converged,54.0
1.5,4,multiplicative,10.0,0.95,0.1,0.001,10000,converged,0.0009944772607028778,0.12779281874799292,0.12779281874799292,0.12779281874799292,0.1277928187479929,708.0470897581127,85,85,converged,25.0
1.5,4,multiplicative,10.0,0.95,0.05,0.001,10000,converged,0.0009944772607028778,0.12779281874799292,0.12779281874799292,0.12779281874799292,0.1277928187479929,708.0470897581127,85,85,converged,29.0
1.5,4,multiplicative,10.0,0.95,0.01,0.001,10000,converged,0.0009944772607028778,0.12779281874799292,0.12779281874799292,0.12779281874799292,0.1277928187479929,708.0470897581127,85,85,converged,40.0
1.5,4,multiplicative,10.0,0.95,0.005,0.001,10000,converged,0.0009944772607028778,0.12779281874799292,0.12779281874799292,0.12779281874799292,0.1277928187479929,708.0470897581127,85,85,converged,45.0
1.5,4,multiplicative,10.0,0.95,0.001,0.001,10000,converged,0.0009944772607028778,0.12779281874799292,0.12779281874799292,0.12779281874799292,0.1277928187479929,708.0470897581127,85,85,converged,56.0
1.5,0,quadratic,10.0,0.95,0.1,0.001,10000,eta below minimum,7.5798638451546845,9.785555595734573e-13,2.463545532224787e-12,0.6267216326897832,0.1784445848283288,0.24901761460062277,584,79,eta below minimum,
1.5,0,quadratic,10.0,0.95,0.05,0.001,10000,eta below minimum,7.5798638451546845,9.785555595734573e-13,2.463545532224787e-12,0.6267216326897832,0.1784445848283288,0.24901761460062277,584,79,eta below minimum,
1.5,0,quadratic,10.0,0.95,0.01,0.001,10000,eta below minimum,7.5798638451546845,9.785555595734573e-13,2.463545532224787e-12,0.6267216326897832,0.1784445848283288,0.24901761460062277,584,79,eta below minimum,
1.5,0,quadratic,10.0,0.95,0.005,0.001,10000,eta below minimum,7.5798638451546845,9.785555595734573e-13,2.463545532224787e-12,0.6267216326897832,0.1784445848283288,0.24901761460062277,584,79,eta below minimum,
1.5,0,quadratic,10.0,0.95,0.001,0.001,10000,eta below minimum,7.5798638451546845,9.785555595734573e-13,2.463545532224787e-12,0.6267216326897832,0.1784445848283288,0.24901761460062277,584,79,eta below minimum,
1.5,1,quadratic,10.0,0.95,0.1,0.001,10000,eta below minimum,3.2764375891801256,9.785555595734573e-13,1.03585661880906e-11,0.694428401872336,0.303242688540347,0.6128940264321748,584,87,eta below minimum,
1.5,1,quadratic,10.0,0.95,0.05,0.001,10000,eta below minimum,3.2764375891801256,9.785555595734573e-13,1.03585661880906e-11,0.694428401872336,0.303242688540347,0.6128940264321748,584,87,eta below minimum,
1.5,1,quadratic,10.0,0.95,0.01,0.001,10000,eta below minimum,3.2764375891801256,9.785555595734573e-13,1.03585661880906e-11,0.694428401872336,0.303242688540347,0.6128940264321748,584,87,eta below minimum,
1.5,1,quadratic,10.0,0.95,0.005,0.001,10000,eta below minimum,3.2764375891801256,9.785555595734573e-13,1.03585661880906e-11,0.694428401872336,0.303242688540347,0.6128940264321748,584,87,eta below minimum,
1.5,1,quadratic,10.0,0.95,0.001,0.001,10000,eta below minimum,3.2764375891801256,9.785555595734573e-13,1.03585661880906e-11,0.694428401872336,0.303242688540347,0.6128940264321748,584,87,eta below minimum,
1.5,2,quadratic,10.0,0.95,0.1,0.001,10000,eta below minimum,7.695379956571887,9.785555595734573e-13,9.84063787868607e-12,0.3949909390643792,0.19226424191725594,0.5062052030141555,584,74,eta below minimum,
1.5,2,quadratic,10.0,0.95,0.05,0.001,10000,eta below minimum,7.695379956571887,9.785555595734573e-13,9.84063787868607e-12,0.3949909390643792,0.19226424191725594,0.5062052030141555,584,74,eta below minimum,
1.5,2,quadratic,10.0,0.95,0.01,0.001,10000,eta below minimum,7.695379956571887,9.785555595734573e-13,9.84063787868607e-12,0.3949909390643792,0.19226424191725594,0.5062052030141555,584,74,eta below minimum,
1.5,2,quadratic,10.0,0.95,0.005,0.001,10000,eta below minimum,7.695379956571887,9.785555595734573e-13,9.84063787868607e-12,0.3949909390643792,0.19226424191725594,0.5062052030141555,584,74,eta below minimum,
1.5,2,quadratic,10.0,0.95,0.001,0.001,10000,eta below minimum,7.695379956571887,9.785555595734573e-13,9.84063787868607e-12,0.3949909390643792,0.19226424191725594,0.5062052030141555,584,74,eta below minimum,
1.5,3,quadratic,10.0,0.95,0.1,0.001,10000,eta below minimum,4.017416487247269,9.785555595734573e-13,3.713400154767593e-12,0.6597069817787192,0.2963015891441499,0.5489530556327966,584,83,eta below minimum,
1.5,3,quadratic,10.0,0.95,0.05,0.001,10000,eta below minimum,4.017416487247269,9.785555595734573e-13,3.713400154767593e-12,0.6597069817787192,0.2963015891441499,0.5489530556327966,584,83,eta below minimum,
1.5,3,quadratic,10.0,0.95,0.01,0.001,10000,eta below minimum,4.017416487247269,9.785555595734573e-13,3.713400154767593e-12,0.6597069817787192,0.2963015891441499,0.5489530556327966,584,83,eta below minimum,
1.5,3,quadratic,10.0,0.95,0.005,0.001,10000,eta below minimum,4.017416487247269,9.785555595734573e-13,3.713400154767593e-12,0.6597069817787192,0.2963015891441499,0.5489530556327966,584,83,eta below minimum,
1.5,3,quadratic,10.0,0.95,0.001,0.001,10000,eta below minimum,4.017416487247269,9.785555595734573e-13,3.713400154767593e-12,0.6597069817787192,0.2963015891441499,0.5489530556327966,584,83,eta below minimum,
1.5,4,quadratic,10.0,0.95,0.1,0.001,10000,eta below minimum,6.432561968573295,9.785555595734573e-13,1.0965130433659255e-10,0.5373354598274028,0.25092028311486025,0.4272736478760437,584,95,eta below minimum,
1.5,4,quadratic,10.0,0.95,0.05,0.001,10000,eta below minimum,6.432561968573295,9.785555595734573e-13,1.0965130433659255e-10,0.5373354598274028,0.25092028311486025,0.4272736478760437,584,95,eta below minimum,
1.5,4,quadratic,10.0,0.95,0.01,0.001,10000,eta below minimum,6.432561968573295,9.785555595734573e-13,1.0965130433659255e-10,0.5373354598274028,0.25092028311486025,0.4272736478760437,584,95,eta below minimum,
1.5,4,quadratic,10.0,0.95,0.005,0.001,10000,eta below minimum,6.432561968573295,9.785555595734573e-13,1.0965130433659255e-10,0.5373354598274028,0.25092028311486025,0.4272736478760437,584,95,eta below minimum,
1.5,4,quadratic,10.0,0.95,0.001,0.001,10000,eta below minimum,6.432561968573295,9.785555595734573e-13,1.0965130433659255e-10,0.5373354598274028,0.25092028311486025,0.4272736478760437,584,95,eta below minimum,
2.0,0,additive,10.0,0.95,0.1,0.001,10000,converged,0.0009864096197195302,0.05076113740283862,0.05076113740283862,0.0623213602140421,0.05137301325262148,304.2313507887715,103,99,converged,70.0
2.0,0,additive,10.0,0.95,0.05,0.001,10000,converged,0.0009864096197195302,0.05076113740283862,0.05076113740283862,0.0623213602140421,0.05137301325262148,304.2313507887715,103,99,converged,90.0
2.0,0,additive,10.0,0.95,0.01,0.001,10000,converged,0.0009864096197195302,0.05076113740283862,0.05076113740283862,0.0623213602140421,0.05137301325262148,304.2313507887715,103,99,converged,137.0
2.0,0,additive,10.0,0.95,0.005,0.001,10000,converged,0.0009864096197195302,0.05076113740283862,0.05076113740283862,0.0623213602140421,0.05137301325262148,304.2313507887715,103,99,converged,157.0
2.0,0,additive,10.0,0.95,0.001,0.001,10000,converged,0.0009864096197195302,0.05076113740283862,0.05076113740283862,0.0623213602140421,0.05137301325262148,304.2313507887715,103,99,converged,204.0
2.0,1,additive,10.0,0.95,0.1,0.001,10000,converged,0.0009776684252980365,0.04581192650606185,0.04581192650606185,0.06560143180425484,0.0462887820554159,1143.1100686014515,105,98,converged,31.0
2.0,1,additive,10.0,0.95,0.05,0.001,10000,converged,0.0009776684252980365,0.04581192650606185,0.04581192650606185,0.06560143180425484,0.0462887820554159,1143.1100686014515,105,98,converged,38.0
2.0,1,additive,10.0,0.95,0.01,0.001,10000,converged,0.0009776684252980365,0.04581192650606185,0.04581192650606185,0.06560143180425484,0.0462887820554159,1143.1100686014515,105,98,converged,56.0
2.0,1,additive,10.0,0.95,0.005,0.001,10000,converged,0.0009776684252980365,0.04581192650606185,0.04581192650606185,0.06560143180425484,0.0462887820554159,1143.1100686014515,105,98,converged,64.0
2.0,1,additive,10.0,0.95,0.001,0.001,10000,converged,0.0009776684252980365,0.04581192650606185,0.04581192650606185,0.06560143180425484,0.0462887820554159,1143.1100686014515,105,98,converged,83.0
2.0,2,additive,10.0,0.95,0.1,0.001,10000,converged,0.0009995808228567891,0.02351718979166935,0.02351718979166935,0.04352133018075875,0.023587012271212415,485.2796951618773,118,106,converged,73.0
2.0,2,additive,10.0,0.95,0.05,0.001,10000,converged,0.0009995808228567891,0.02351718979166935,0.02351718979166935,0.04352133018075875,0.023587012271212415,485.2796951618773,118,106,converged,94.0
2.0,2,additive,10.0,0.95,0.01,0.001,10000,converged,0.0009995808228567891,0.02351718979166935,0.02351718979166935,0.04352133018075875,0.023587012271212415,485.2796951618773,118,106,converged,174.0
2.0,2,additive,10.0,0.95,0.005,0.001,10000,converged,0.0009995808228567891,0.02351718979166935,0.02351718979166935,0.04352133018075875,0.023587012271212415,485.2796951618773,118,106,converged,284.0
2.0,2,additive,10.0,0.95,0.001,0.001,10000,converged,0.0009995808228567891,0.02351718979166935,0.02351718979166935,0.04352133018075875,0.023587012271212415,485.2796951618773,118,106,converged,573.0
2.0,3,additive,10.0,0.95,0.1,0.001,10000,converged,0.0009876089431754876,0.02234133030208588,0.02234133030208588,0.04581192650606185,0.022696453227740564,2055.0308009202504,119,105,converged,70.0
2.0,3,additive,10.0,0.95,0.05,0.001,10000,converged,0.0009876089431754876,0.02234133030208588,0.02234133030208588,0.04581192650606185,0.022696453227740564,2055.0308009202504,119,105,converged,88.0
2.0,3,additive,10.0,0.95,0.01,0.001,10000,converged,0.0009876089431754876,0.02234133030208588,0.02234133030208588,0.04581192650606185,0.022696453227740564,2055.0308009202504,119,105,converged,135.0
2.0,3,additive,10.0,0.95,0.005,0.001,10000,converged,0.0009876089431754876,0.02234133030208588,0.02234133030208588,0.04581192650606185,0.022696453227740564,2055.0308009202504,119,105,converged,156.0
2.0,3,additive,10.0,0.95,0.001,0.001,10000,converged,0.0009876089431754876,0.02234133030208588,0.02234133030208588,0.04581192650606185,0.022696453227740564,2055.0308009202504,119,105,converged,206.0
2.0,4,additive,10.0,0.95,0.1,0.001,10000,budget_exhausted,1.0476877681797163,0.0690541387413209,0.0690541387413209,0.0805413485829665,0.06906447723017839,0.08262340077750166,97,94,budget_exhausted,
2.0,4,additive,10.0,0.95,0.05,0.001,10000,budget_exhausted,1.0476877681797163,0.0690541387413209,0.0690541387413209,0.0805413485829665,0.06906447723017839,0.08262340077750166,97,94,budget_exhausted,
2.0,4,additive,10.0,0.95,0.01,0.001,10000,budget_exhausted,1.0476877681797163,0.0690541387413209,0.0690541387413209,0.0805413485829665,0.06906447723017839,0.08262340077750166,97,94,budget_exhausted,
2.0,4,additive,10.0,0.95,0.005,0.001,10000,budget_exhausted,1.0476877681797163,0.0690541387413209,0.0690541387413209,0.0805413485829665,0.06906447723017839,0.08262340077750166,97,94,budget_exhausted,
2.0,4,additive,10.0,0.95,0.001,0.001,10000,budget_exhausted,1.0476877681797163,0.0690541387413209,0.0690541387413209,0.0805413485829665,0.06906447723017839,0.08262340077750166,97,94,budget_exhausted,
2.0,0,multiplicative,10.0,0.95,0.1,0.001,10000,converged,0.0008890566216206267,0.2758369043677497,0.2758369043677497,0.2758369043677497,0.2758369043677498,549.8777343285067,70,70,converged,18.0
2.0,0,multiplicative,10.0,0.95,0.05,0.001,10000,converged,0.0008890566216206267,0.2758369043677497,0.2758369043677497,0.2758369043677497,0.2758369043677498,549.8777343285067,70,70,converged,21.0
2.0,0,multiplicative,10.0,0.95,0.01,0.001,10000,converged,0.0008890566216206267,0.2758369043677497,0.2758369043677497,0.2758369043677497,0.2758369043677498,549.8777343285067,70,70,converged,28.0
2.0,0,multiplicative,10.0,0.95,0.005,0.001,10000,converged,0.0008890566216206267,0.2758369043677497,0.2758369043677497,0.2758369043677497,0.2758369043677498,549.8777343285067,70,70,converged,31.0
2.0,0,multiplicative,10.0,0.95,0.001,0.001,10000,converged,0.0008890566216206267,0.2758369043677497,0.2758369043677497,0.2758369043677497,0.2758369043677498,549.8777343285067,70,70,converged,39.0
2.0,1,multiplicative,10.0,0.95,0.1,0.001,10000,converged,0.0008138006526702144,0.2758369043677497,0.2758369043677497,0.2758369043677497,0.2758369043677498,932.1056477435807,70,70,converged,18.0
2.0,1,multiplicative,10.0,0.95,0.05,0.001,10000,converged,0.0008138006526702144,0.2758369043677497,0.2758369043677497,0.2758369043677497,0.2758369043677498,932.1056477435807,70,70,converged,20.0
2.0,1,multiplicative,10.0,0.95,0.01,0.001,10000,converged,0.0008138006526702144,0.2758369043677497,0.2758369043677497,0.2758369043677497,0.2758369043677498,932.1056477435807,70,70,converged,27.0
2.0,1,multiplicative,10.0,0.95,0.005,0.001,10000,converged,0.0008138006526702144,0.2758369043677497,0.2758369043677497,0.2758369043677497,0.2758369043677498,932.1056477435807,70,70,converged,30.0
2.0,1,multiplicative,10.0,0.95,0.001,0.001,10000,converged,0.0008138006526702144,0.2758369043677497,0.2758369043677497,0.2758369043677497,0.2758369043677498,932.1056477435807,70,70,converged,37.0
2.0,2,multiplicative,10.0,0.95,0.1,0.001,10000,converged,0.00096042705378186,0.1926271979590446,0.1926271979590446,0.1926271979590446,0.1926271979590446,548.4629688384153,77,77,converged,27.0
2.0,2,multiplicative,10.0,0.95,0.05,0.001,10000,converged,0.00096042705378186,0.1926271979590446,0.1926271979590446,0.1926271979590446,0.1926271979590446,548.4629688384153,77,77,converged,31.0
2.0,2,multiplicative,10.0,0.95,0.01,0.001,10000,converged,0.00096042705378186,0.1926271979590446,0.1926271979590446,0.1926271979590446,0.1926271979590446,548.4629688384153,77,77,converged,40.0
2.0,2,multiplicative,10.0,0.95,0.005,0.001,10000,converged,0.00096042705378186,0.1926271979590446,0.1926271979590446,0.1926271979590446,0.1926271979590446,548.4629688384153,77,77,converged,44.0
2.0,2,multiplicative,10.0,0.95,0.001,0.001,10000,converged,0.00096042705378186,0.1926271979590446,0.1926271979590446,0.1926271979590446,0.1926271979590446,548.4629688384153,77,77,converged,54.0
2.0,3,multiplicative,10.0,0.95,0.1,0.001,10000,converged,0.000982513196050565,0.2134373384587752,0.2134373384587752,0.2134373384587752,0.21343733845877513,535.6813144562268,75,75,converged,23.0
2.0,3,multiplicative,10.0,0.95,0.05,0.001,10000,converged,0.000982513196050565,0.2134373384587752,0.2134373384587752,0.2134373384587752,0.21343733845877513,535.6813144562268,75,75,converged,27.0
2.0,3,multiplicative,10.0,0.95,0.01,0.001,10000,converged,0.000982513196050565,0.2134373384587752,0.2134373384587752,0.2134373384587752,0.21343733845877513,535.6813144562268,75,75,converged,37.0
2.0,3,multiplicative,10.0,0.95,0.005,0.001,10000,converged,0.000982513196050565,0.2134373384587752,0.2134373384587752,0.2134373384587752,0.21343733845877513,535.6813144562268,75,75,converged,42.0
2.0,3,multiplicative,10.0,0.95,0.001,0.001,10000,converged,0.000982513196050565,0.2134373384587752,0.2134373384587752,0.2134373384587752,0.21343733845877513,535.6813144562268,75,75,converged,52.0
2.0,4,multiplicative,10.0,0.95,0.1,0.001,10000,converged,0.0009280444651719766,0.33865535638032207,0.33865535638032207,0.33865535638032207,0.338655356380322,888.3152575903586,66,66,converged,18.0
2.0,4,multiplicative,10.0,0.95,0.05,0.001,10000,converged,0.0009280444651719766,0.33865535638032207,0.33865535638032207,0.33865535638032207,0.338655356380322,888.3152575903586,66,66,converged,19.0
2.0,4,multiplicative,10.0,0.95,0.01,0.001,10000,converged,0.0009280444651719766,0.33865535638032207,0.33865535638032207,0.33865535638032207,0.338655356380322,888.3152575903586,66,66,converged,24.0
2.0,4,multiplicative,10.0,0.95,0.005,0.001,10000,converged,0.0009280444651719766,0.33865535638032207,0.33865535638032207,0.33865535638032207,0.338655356380322,888.3152575903586,66,66,converged,26.0
2.0,4,multiplicative,10.0,0.95,0.001,0.001,10000,converged,0.0009280444651719766,0.33865535638032207,0.33865535638032207,0.33865535638032207,0.338655356380322,888.3152575903586,66,66,converged,30.0
2.0,0,quadratic,10.0,0.95,0.1,0.001,10000,eta below minimum,5.206798368490458,9.785555595734573e-13,1.2646415957661888e-12,1.2208654873684794,0.3114048071398496,0.2850934405826464,584,179,eta below minimum,
2.0,0,quadratic,10.0,0.95,0.05,0.001,10000,eta below minimum,5.206798368490458,9.785555595734573e-13,1.2646415957661888e-12,1.2208654873684794,0.3114048071398496,0.2850934405826464,584,179,eta below minimum,
2.0,0,quadratic,10.0,0.95,0.01,0.001,10000,eta below minimum,5.206798368490458,9.785555595734573e-13,1.2646415957661888e-12,1.2208654873684794,0.3114048071398496,0.2850934405826464,584,179,eta below minimum,
2.0,0,quadratic,10.0,0.95,0.005,0.001,10000,eta below minimum,5.206798368490458,9.785555595734573e-13,1.2646415957661888e-12,1.2208654873684794,0.3114048071398496,0.2850934405826464,584,179,eta below minimum,
2.0,0,quadratic,10.0,0.95,0.001,0.001,10000,eta below minimum,5.206798368490458,9.785555595734573e-13,1.2646415957661888e-12,1.2208654873684794,0.3114048071398496,0.2850934405826464,584,179,eta below minimum,
2.0,1,quadratic,10.0,0.95,0.1,0.001,10000,eta below minimum,3.705896922165679,9.785555595734573e-13,1.1413390401789853e-12,1.1598222130000555,0.3974306895683187,0.5927211885882052,584,121,eta below minimum,
2.0,1,quadratic,10.0,0.95,0.05,0.001,10000,eta below minimum,3.705896922165679,9.785555595734573e-13,1.1413390401789853e-12,1.1598222130000555,0.3974306895683187,0.5927211885882052,584,121,eta below minimum,
2.0,1,quadratic,10.0,0.95,0.01,0.001,10000,eta below minimum,3.705896922165679,9.785555595734573e-13,1.1413390401789853e-12,1.1598222130000555,0.3974306895683187,0.5927211885882052,584,121,eta below minimum,
2.0,1,quadratic,10.0,0.95,0.005,0.001,10000,eta below minimum,3.705896922165679,9.785555595734573e-13,1.1413390401789853e-12,1.1598222130000555,0.3974306895683187,0.5927211885882052,584,121,eta below minimum,
2.0,1,quadratic,10.0,0.95,0.001,0.001,10000,eta below minimum,3.705896922165679,9.785555595734573e-13,1.1413390401789853e-12,1.1598222130000555,0.3974306895683187,0.5927211885882052,584,121,eta below minimum,
2.0,2,quadratic,10.0,0.95,0.1,0.001,10000,eta below minimum,2.978315958166077,9.785555595734573e-13,3.024587634809171e-12,0.8099471081759279,0.40707221995716136,1.2453260901975223,584,82,eta below minimum,
2.0,2,quadratic,10.0,0.95,0.05,0.001,10000,eta below minimum,2.978315958166077,9.785555595734573e-13,3.024587634809171e-12,0.8099471081759279,0.40707221995716136,1.2453260901975223,584,82,eta below minimum,
2.0,2,quadratic,10.0,0.95,0.01,0.001,10000,eta below minimum,2.978315958166077,9.785555595734573e-13,3.024587634809171e-12,0.8099471081759279,0.40707221995716136,1.2453260901975223,584,82,eta below minimum,
2.0,2,quadratic,10.0,0.95,0.005,0.001,10000,eta below minimum,2.978315958166077,9.785555595734573e-13,3.024587634809171e-12,0.8099471081759279,0.40707221995716136,1.2453260901975223,584,82,eta below minimum,
2.0,2,quadratic,10.0,0.95,0.001,0.001,10000,eta below minimum,2.978315958166077,9.785555595734573e-13,3.024587634809171e-12,0.8099471081759279,0.40707221995716136,1.2453260901975223,584,82,eta below minimum,
2.0,3,quadratic,10.0,0.95,0.1,0.001,10000,eta below minimum,3.398339127343846,9.785555595734573e-13,2.463545532224787e-12,0.9944025698709225,0.42126625415461744,0.9174220646784835,584,116,eta below minimum,
2.0,3,quadratic,10.0,0.95,0.05,0.001,10000,eta below minimum,3.398339127343846,9.785555595734573e-13,2.463545532224787e-12,0.9944025698709225,0.42126625415461744,0.9174220646784835,584,116,eta below minimum,
2.0,3,quadratic,10.0,0.95,0.01,0.001,10000,eta below minimum,3.398339127343846,9.785555595734573e-13,2.463545532224787e-12,0.9944025698709225,0.42126625415461744,0.9174220646784835,584,116,eta below minimum,
2.0,3,quadratic,10.0,0.95,0.005,0.001,10000,eta below minimum,3.398339127343846,9.785555595734573e-13,2.463545532224787e-12,0.9944025698709225,0.42126625415461744,0.9174220646784835,584,116,eta below minimum,
2.0,3,quadratic,10.0,0.95,0.001,0.001,10000,eta below minimum,3.398339127343846,9.785555595734573e-13,2.463545532224787e-12,0.9944025698709225,0.42126625415461744,0.9174220646784835,584,116,eta below minimum,
2.0,4,quadratic,10.0,0.95,0.1,0.001,10000,eta below minimum,2.107348293249026,9.785555595734573e-13,1.3386949310948364e-11,1.3527595427905592,0.5570573881942822,1.1416029318877359,584,90,eta below minimum,
2.0,4,quadratic,10.0,0.95,0.05,0.001,10000,eta below minimum,2.107348293249026,9.785555595734573e-13,1.3386949310948364e-11,1.3527595427905592,0.5570573881942822,1.1416029318877359,584,90,eta below minimum,
2.0,4,quadratic,10.0,0.95,0.01,0.001,10000,eta below minimum,2.107348293249026,9.785555595734573e-13,1.3386949310948364e-11,1.3527595427905592,0.5570573881942822,1.1416029318877359,584,90,eta below minimum,
2.0,4,quadratic,10.0,0.95,0.005,0.001,10000,eta below minimum,2.107348293249026,9.785555595734573e-13,1.3386949310948364e-11,1.3527595427905592,0.5570573881942822,1.1416029318877359,584,90,eta below minimum,
2.0,4,quadratic,10.0,0.95,0.001,0.001,10000,eta below minimum,2.107348293249026,9.785555595734573e-13,1.3386949310948364e-11,1.3527595427905592,0.5570573881942822,1.1416029318877359,584,90,eta below minimum,
3.0,0,additive,10.0,0.95,0.1,0.001,10000,budget_exhausted,0.6544907017849099,0.08924249150467203,0.08924249150467203,0.14159869113351017,0.08928204836959817,2.0594765833183186,92,83,budget_exhausted,
3.0,0,additive,10.0,0.95,0.05,0.001,10000,budget_exhausted,0.6544907017849099,0.08924249150467203,0.08924249150467203,0.14159869113351017,0.08928204836959817,2.0594765833183186,92,83,budget_exhausted,
3.0,0,additive,10.0,0.95,0.01,0.001,10000,budget_exhausted,0.6544907017849099,0.08924249150467203,0.08924249150467203,0.14159869113351017,0.08928204836959817,2.0594765833183186,92,83,budget_exhausted,
3.0,0,additive,10.0,0.95,0.005,0.001,10000,budget_exhausted,0.6544907017849099,0.08924249150467203,0.08924249150467203,0.14159869113351017,0.08928204836959817,2.0594765833183186,92,83,budget_exhausted,
3.0,0,additive,10.0,0.95,0.001,0.001,10000,budget_exhausted,0.6544907017849099,0.08924249150467203,0.08924249150467203,0.14159869113351017,0.08928204836959817,2.0594765833183186,92,83,budget_exhausted,
3.0,1,additive,10.0,0.95,0.1,0.001,10000,budget_exhausted,0.5783084562973019,0.08924249150467203,0.08924249150467203,0.14159869113351017,0.08926710310613262,4.38684301955655,92,83,budget_exhausted,
3.0,1,additive,10.0,0.95,0.05,0.001,10000,budget_exhausted,0.5783084562973019,0.08924249150467203,0.08924249150467203,0.14159869113351017,0.08926710310613262,4.38684301955655,92,83,budget_exhausted,
3.0,1,additive,10.0,0.95,0.01,0.001,10000,budget_exhausted,0.5783084562973019,0.08924249150467203,0.08924249150467203,0.14159869113351017,0.08926710310613262,4.38684301955655,92,83,budget_exhausted,
3.0,1,additive,10.0,0.95,0.005,0.001,10000,budget_exhausted,0.5783084562973019,0.08924249150467203,0.08924249150467203,0.14159869113351017,0.08926710310613262,4.38684301955655,92,83,budget_exhausted,
3.0,1,additive,10.0,0.95,0.001,0.001,10000,budget_exhausted,0.5783084562973019,0.08924249150467203,0.08924249150467203,0.14159869113351017,0.08926710310613262,4.38684301955655,92,83,budget_exhausted,
3.0,2,additive,10.0,0.95,0.1,0.001,10000,budget_exhausted,0.5694371039637961,0.03367597566851454,0.03367597566851454,0.08924249150467203,0.03370057353407883,2.7447108992452036,111,92,budget_exhausted,
3.0,2,additive,10.0,0.95,0.05,0.001,10000,budget_exhausted,0.5694371039637961,0.03367597566851454,0.03367597566851454,0.08924249150467203,0.03370057353407883,2.7447108992452036,111,92,budget_exhausted,
3.0,2,additive,10.0,0.95,0.01,0.001,10000,budget_exhausted,0.5694371039637961,0.03367597566851454,0.03367597566851454,0.08924249150467203,0.03370057353407883,2.7447108992452036,111,92,budget_exhausted,
3.0,2,additive,10.0,0.95,0.005,0.001,10000,budget_exhausted,0.5694371039637961,0.03367597566851454,0.03367597566851454,0.08924249150467203,0.03370057353407883,2.7447108992452036,111,92,budget_exhausted,
3.0,2,additive,10.0,0.95,0.001,0.001,10000,budget_exhausted,0.5694371039637961,0.03367597566851454,0.03367597566851454,0.08924249150467203,0.03370057353407883,2.7447108992452036,111,92,budget_exhausted,
3.0,3,additive,10.0,0.95,0.1,0.001,10000,budget_exhausted,0.5374445066001388,0.03927800048813477,0.03927800048813477,0.09393946474176004,0.03930185732211733,3.140083969693967,108,91,budget_exhausted,
3.0,3,additive,10.0,0.95,0.05,0.001,10000,budget_exhausted,0.5374445066001388,0.03927800048813477,0.03927800048813477,0.09393946474176004,0.03930185732211733,3.140083969693967,108,91,budget_exhausted,
3.0,3,additive,10.0,0.95,0.01,0.001,10000,budget_exhausted,0.5374445066001388,0.03927800048813477,0.03927800048813477,0.09393946474176004,0.03930185732211733,3.140083969693967,108,91,budget_exhausted,
3.0,3,additive,10.0,0.95,0.005,0.001,10000,budget_exhausted,0.5374445066001388,0.03927800048813477,0.03927800048813477,0.09393946474176004,0.03930185732211733,3.140083969693967,108,91,budget_exhausted,
3.0,3,additive,10.0,0.95,0.001,0.001,10000,budget_exhausted,0.5374445066001388,0.03927800048813477,0.03927800048813477,0.09393946474176004,0.03930185732211733,3.140083969693967,108,91,budget_exhausted,
3.0,4,additive,10.0,0.95,0.1,0.001,10000,budget_exhausted,0.8560328304229098,0.1153330189200636,0.1153330189200636,0.16515374385013584,0.11535180413251217,0.13319486104725137,87,80,budget_exhausted,
3.0,4,additive,10.0,0.95,0.05,0.001,10000,budget_exhausted,0.8560328304229098,0.1153330189200636,0.1153330189200636,0.16515374385013584,0.11535180413251217,0.13319486104725137,87,80,budget_exhausted,
3.0,4,additive,10.0,0.95,0.01,0.001,10000,budget_exhausted,0.8560328304229098,0.1153330189200636,0.1153330189200636,0.16515374385013584,0.11535180413251217,0.13319486104725137,87,80,budget_exhausted,
3.0,4,additive,10.0,0.95,0.005,0.001,10000,budget_exhausted,0.8560328304229098,0.1153330189200636,0.1153330189200636,0.16515374385013584,0.11535180413251217,0.13319486104725137,87,80,budget_exhausted,
3.0,4,additive,10.0,0.95,0.001,0.001,10000,budget_exhausted,0.8560328304229098,0.1153330189200636,0.1153330189200636,0.16515374385013584,0.11535180413251217,0.13319486104725137,87,80,budget_exhausted,
3.0,0,multiplicative,10.0,0.95,0.1,0.001,10000,converged,0.0008633747974398657,0.6267216326897832,0.6267216326897832,0.6267216326897832,0.6267216326897832,601.075388595041,54,54,converged,13.0
3.0,0,multiplicative,10.0,0.95,0.05,0.001,10000,converged,0.0008633747974398657,0.6267216326897832,0.6267216326897832,0.6267216326897832,0.6267216326897832,601.075388595041,54,54,converged,15.0
3.0,0,multiplicative,10.0,0.95,0.01,0.001,10000,converged,0.0008633747974398657,0.6267216326897832,0.6267216326897832,0.6267216326897832,0.6267216326897832,601.075388595041,54,54,converged,21.0
3.0,0,multiplicative,10.0,0.95,0.005,0.001,10000,converged,0.0008633747974398657,0.6267216326897832,0.6267216326897832,0.6267216326897832,0.6267216326897832,601.075388595041,54,54,converged,23.0
3.0,0,multiplicative,10.0,0.95,0.001,0.001,10000,converged,0.0008633747974398657,0.6267216326897832,0.6267216326897832,0.6267216326897832,0.6267216326897832,601.075388595041,54,54,converged,29.0
3.0,1,multiplicative,10.0,0.95,0.1,0.001,10000,converged,0.0008352045033056719,0.595385551055294,0.595385551055294,0.595385551055294,0.595385551055294,885.370411522045,55,55,converged,13.0
3.0,1,multiplicative,10.0,0.95,0.05,0.001,10000,converged,0.0008352045033056719,0.595385551055294,0.595385551055294,0.595385551055294,0.595385551055294,885.370411522045,55,55,converged,15.0
3.0,1,multiplicative,10.0,0.95,0.01,0.001,10000,converged,0.0008352045033056719,0.595385551055294,0.595385551055294,0.595385551055294,0.595385551055294,885.370411522045,55,55,converged,21.0
3.0,1,multiplicative,10.0,0.95,0.005,0.001,10000,converged,0.0008352045033056719,0.595385551055294,0.595385551055294,0.595385551055294,0.595385551055294,885.370411522045,55,55,converged,23.0
3.0,1,multiplicative,10.0,0.95,0.001,0.001,10000,converged,0.0008352045033056719,0.595385551055294,0.595385551055294,0.595385551055294,0.595385551055294,885.370411522045,55,55,converged,29.0
3.0,2,multiplicative,10.0,0.95,0.1,0.001,10000,converged,0.000983992964963491,0.3949909390643792,0.3949909390643792,0.3949909390643792,0.39499093906437904,529.4118405678038,63,63,converged,21.0
3.0,2,multiplicative,10.0,0.95,0.05,0.001,10000,converged,0.000983992964963491,0.3949909390643792,0.3949909390643792,0.3949909390643792,0.39499093906437904,529.4118405678038,63,63,converged,24.0
3.0,2,multiplicative,10.0,0.95,0.01,0.001,10000,converged,0.000983992964963491,0.3949909390643792,0.3949909390643792,0.3949909390643792,0.39499093906437904,529.4118405678038,63,63,converged,33.0
3.0,2,multiplicative,10.0,0.95,0.005,0.001,10000,converged,0.000983992964963491,0.3949909390643792,0.3949909390643792,0.3949909390643792,0.39499093906437904,529.4118405678038,63,63,converged,37.0
3.0,2,multiplicative,10.0,0.95,0.001,0.001,10000,converged,0.000983992964963491,0.3949909390643792,0.3949909390643792,0.3949909390643792,0.39499093906437904,529.4118405678038,63,63,converged,46.0
3.0,3,multiplicative,10.0,0.95,0.1,0.001,10000,converged,0.0008749906159644411,0.43766309037604345,0.43766309037604345,0.43766309037604345,0.43766309037604356,604.8371912129026,61,61,converged,20.0
3.0,3,multiplicative,10.0,0.95,0.05,0.001,10000,converged,0.0008749906159644411,0.43766309037604345,0.43766309037604345,0.43766309037604345,0.43766309037604356,604.8371912129026,61,61,converged,23.0
3.0,3,multiplicative,10.0,0.95,0.01,0.001,10000,converged,0.0008749906159644411,0.43766309037604345,0.43766309037604345,0.43766309037604345,0.43766309037604356,604.8371912129026,61,61,converged,32.0
3.0,3,multiplicative,10.0,0.95,0.005,0.001,10000,converged,0.0008749906159644411,0.43766309037604345,0.43766309037604345,0.43766309037604345,0.43766309037604356,604.8371912129026,61,61,converged,35.0
3.0,3,multiplicative,10.0,0.95,0.001,0.001,10000,converged,0.0008749906159644411,0.43766309037604345,0.43766309037604345,0.43766309037604345,0.43766309037604356,604.8371912129026,61,61,converged,45.0
3.0,4,multiplicative,10.0,0.95,0.1,0.001,10000,converged,0.0009717364383981871,0.694428401872336,0.694428401872336,0.694428401872336,0.694428401872336,674.8989162240549,52,52,converged,11.0
3.0,4,multiplicative,10.0,0.95,0.05,0.001,10000,converged,0.0009717364383981871,0.694428401872336,0.694428401872336,0.694428401872336,0.694428401872336,674.8989162240549,52,52,converged,13.0
3.0,4,multiplicative,10.0,0.95,0.01,0.001,10000,converged,0.0009717364383981871,0.694428401872336,0.694428401872336,0.694428401872336,0.694428401872336,674.8989162240549,52,52,converged,18.0
3.0,4,multiplicative,10.0,0.95,0.005,0.001,10000,converged,0.0009717364383981871,0.694428401872336,0.694428401872336,0.694428401872336,0.694428401872336,674.8989162240549,52,52,converged,20.0
3.0,4,multiplicative,10.0,0.95,0.001,0.001,10000,converged,0.0009717364383981871,0.694428401872336,0.694428401872336,0.694428401872336,0.694428401872336,674.8989162240549,52,52,converged,24.0
3.0,0,quadratic,10.0,0.95,0.1,0.001,10000,eta below minimum,3.0523863646036955,9.785555595734573e-13,1.6435661863795846e-11,2.7738957312183374,0.6124600783310082,0.5688870439162975,584,88,eta below minimum,
3.0,0,quadratic,10.0,0.95,0.05,0.001,10000,eta below minimum,3.0523863646036955,9.785555595734573e-13,1.6435661863795846e-11,2.7738957312183374,0.6124600783310082,0.5688870439162975,584,88,eta below minimum,
3.0,0,quadratic,10.0,0.95,0.01,0.001,10000,eta below minimum,3.0523863646036955,9.785555595734573e-13,1.6435661863795846e-11,2.7738957312183374,0.6124600783310082,0.5688870439162975,584,88,eta below minimum,
3.0,0,quadratic,10.0,0.95,0.005,0.001,10000,eta below minimum,3.0523863646036955,9.785555595734573e-13,1.6435661863795846e-11,2.7738957312183374,0.6124600783310082,0.5688870439162975,584,88,eta below minimum,
3.0,0,quadratic,10.0,0.95,0.001,0.001,10000,eta below minimum,3.0523863646036955,9.785555595734573e-13,1.6435661863795846e-11,2.7738957312183374,0.6124600783310082,0.5688870439162975,584,88,eta below minimum,
3.0,1,quadratic,10.0,0.95,0.1,0.001,10000,eta below minimum,3.8915088427296936,9.785555595734573e-13,1.1477635665474351e-11,2.6352009446574205,0.30374146984239464,0.2739862821000871,584,70,eta below minimum,
3.0,1,quadratic,10.0,0.95,0.05,0.001,10000,eta below minimum,3.8915088427296936,9.785555595734573e-13,1.1477635665474351e-11,2.6352009446574205,0.30374146984239464,0.2739862821000871,584,70,eta below minimum,
3.0,1,quadratic,10.0,0.95,0.01,0.001,10000,eta below minimum,3.8915088427296936,9.785555595734573e-13,1.1477635665474351e-11,2.6352009446574205,0.30374146984239464,0.2739862821000871,584,70,eta below minimum,
3.0,1,quadratic,10.0,0.95,0.005,0.001,10000,eta below minimum,3.8915088427296936,9.785555595734573e-13,1.1477635665474351e-11,2.6352009446574205,0.30374146984239464,0.2739862821000871,584,70,eta below minimum,
3.0,1,quadratic,10.0,0.95,0.001,0.001,10000,eta below minimum,3.8915088427296936,9.785555595734573e-13,1.1477635665474351e-11,2.6352009446574205,0.30374146984239464,0.2739862821000871,584,70,eta below minimum,
3.0,2,quadratic,10.0,0.95,0.1,0.001,10000,eta below minimum,3.342789761473948,9.785555595734573e-13,5.080048767472144e-11,1.74824614723797,0.5855073216698806,1.0086720578018835,584,81,eta below minimum,
3.0,2,quadratic,10.0,0.95,0.05,0.001,10000,eta below minimum,3.342789761473948,9.785555595734573e-13,5.080048767472144e-11,1.74824614723797,0.5855073216698806,1.0086720578018835,584,81,eta below minimum,
3.0,2,quadratic,10.0,0.95,0.01,0.001,10000,eta below minimum,3.342789761473948,9.785555595734573e-13,5.080048767472144e-11,1.74824614723797,0.5855073216698806,1.0086720578018835,584,81,eta below minimum,
3.0,2,quadratic,10.0,0.95,0.005,0.001,10000,eta below minimum,3.342789761473948,9.785555595734573e-13,5.080048767472144e-11,1.74824614723797,0.5855073216698806,1.0086720578018835,584,81,eta below minimum,
3.0,2,quadratic,10.0,0.95,0.001,0.001,10000,eta below minimum,3.342789761473948,9.785555595734573e-13,5.080048767472144e-11,1.74824614723797,0.5855073216698806,1.0086720578018835,584,81,eta below minimum,
3.0,3,quadratic,10.0,0.95,0.1,0.001,10000,eta below minimum,2.950137664381133,9.785555595734573e-13,8.437116901238467e-12,2.0390682574579038,0.7125433557399754,1.2980035032677282,584,86,eta below minimum,
3.0,3,quadratic,10.0,0.95,0.05,0.001,10000,eta below minimum,2.950137664381133,9.785555595734573e-13,8.437116901238467e-12,2.0390682574579038,0.7125433557399754,1.2980035032677282,584,86,eta below minimum,
3.0,3,quadratic,10.0,0.95,0.01,0.001,10000,eta below minimum,2.950137664381133,9.785555595734573e-13,8.437116901238467e-12,2.0390682574579038,0.7125433557399754,1.2980035032677282,584,86,eta below minimum,
3.0,3,quadratic,10.0,0.95,0.005,0.001,10000,eta below minimum,2.950137664381133,9.785555595734573e-13,8.437116901238467e-12,2.0390682574579038,0.7125433557399754,1.2980035032677282,584,86,eta below minimum,
3.0,3,quadratic,10.0,0.95,0.001,0.001,10000,eta below minimum,2.950137664381133,9.785555595734573e-13,8.437116901238467e-12,2.0390682574579038,0.7125433557399754,1.2980035032677282,584,86,eta below minimum,
3.0,4,quadratic,10.0,0.95,0.1,0.001,10000,eta below minimum,1.7333534217120516,9.785555595734573e-13,4.137731471410858e-11,2.7738957312183374,1.0718586337585005,1.7396183135397736,584,137,eta below minimum,
3.0,4,quadratic,10.0,0.95,0.05,0.001,10000,eta below minimum,1.7333534217120516,9.785555595734573e-13,4.137731471410858e-11,2.7738957312183374,1.0718586337585005,1.7396183135397736,584,137,eta below minimum,
3.0,4,quadratic,10.0,0.95,0.01,0.001,10000,eta below minimum,1.7333534217120516,9.785555595734573e-13,4.137731471410858e-11,2.7738957312183374,1.0718586337585005,1.7396183135397736,584,137,eta below minimum,
3.0,4,quadratic,10.0,0.95,0.005,0.001,10000,eta below minimum,1.7333534217120516,9.785555595734573e-13,4.137731471410858e-11,2.7738957312183374,1.0718586337585005,1.7396183135397736,584,137,eta below minimum,
3.0,4,quadratic,10.0,0.95,0.001,0.001,10000,eta below minimum,1.7333534217120516,9.785555595734573e-13,4.137731471410858e-11,2.7738957312183374,1.0718586337585005,1.7396183135397736,584,137,eta below minimum,
5.0,0,additive,10.0,0.95,0.1,0.001,10000,converged,0.4537236669392077,0.08924249150467203,0.08924249150467203,0.2489428061918941,0.08939279973905549,1.5705463861528601,92,72,budget_exhausted,92.0
5.0,0,additive,10.0,0.95,0.05,0.001,10000,budget_exhausted,0.4537236669392077,0.08924249150467203,0.08924249150467203,0.2489428061918941,0.08939279973905549,1.5705463861528601,92,72,budget_exhausted,
5.0,0,additive,10.0,0.95,0.01,0.001,10000,budget_exhausted,0.4537236669392077,0.08924249150467203,0.08924249150467203,0.2489428061918941,0.08939279973905549,1.5705463861528601,92,72,budget_exhausted,
5.0,0,additive,10.0,0.95,0.005,0.001,10000,budget_exhausted,0.4537236669392077,0.08924249150467203,0.08924249150467203,0.2489428061918941,0.08939279973905549,1.5705463861528601,92,72,budget_exhausted,
5.0,0,additive,10.0,0.95,0.001,0.001,10000,budget_exhausted,0.4537236669392077,0.08924249150467203,0.08924249150467203,0.2489428061918941,0.08939279973905549,1.5705463861528601,92,72,budget_exhausted,
5.0,1,additive,10.0,0.95,0.1,0.001,10000,budget_exhausted,0.2314746124162606,0.09888364709658952,0.09888364709658952,0.2489428061918941,0.098932711907264,0.1139384125837737,90,72,budget_exhausted,
5.0,1,additive,10.0,0.95,0.05,0.001,10000,budget_exhausted,0.2314746124162606,0.09888364709658952,0.09888364709658952,0.2489428061918941,0.098932711907264,0.1139384125837737,90,72,budget_exhausted,
5.0,1,additive,10.0,0.95,0.01,0.001,10000,budget_exhausted,0.2314746124162606,0.09888364709658952,0.09888364709658952,0.2489428061918941,0.098932711907264,0.1139384125837737,90,72,budget_exhausted,
5.0,1,additive,10.0,0.95,0.005,0.001,10000,budget_exhausted,0.2314746124162606,0.09888364709658952,0.09888364709658952,0.2489428061918941,0.098932711907264,0.1139384125837737,90,72,budget_exhausted,
5.0,1,additive,10.0,0.95,0.001,0.001,10000,budget_exhausted,0.2314746124162606,0.09888364709658952,0.09888364709658952,0.2489428061918941,0.098932711907264,0.1139384125837737,90,72,budget_exhausted,
5.0,2,additive,10.0,0.95,0.1,0.001,10000,budget_exhausted,0.3345525880328208,0.024754936622809844,0.024754936622809844,0.16515374385013584,0.024858794935316057,0.4652705225702355,117,80,budget_exhausted,
5.0,2,additive,10.0,0.95,0.05,0.001,10000,budget_exhausted,0.3345525880328208,0.024754936622809844,0.024754936622809844,0.16515374385013584,0.024858794935316057,0.4652705225702355,117,80,budget_exhausted,
5.0,2,additive,10.0,0.95,0.01,0.001,10000,budget_exhausted,0.3345525880328208,0.024754936622809844,0.024754936622809844,0.16515374385013584,0.024858794935316057,0.4652705225702355,117,80,budget_exhausted,
5.0,2,additive,10.0,0.95,0.005,0.001,10000,budget_exhausted,0.3345525880328208,0.024754936622809844,0.024754936622809844,0.16515374385013584,0.024858794935316057,0.4652705225702355,117,80,budget_exhausted,
5.0,2,additive,10.0,0.95,0.001,0.001,10000,budget_exhausted,0.3345525880328208,0.024754936622809844,0.024754936622809844,0.16515374385013584,0.024858794935316057,0.4652705225702355,117,80,budget_exhausted,
5.0,3,additive,10.0,0.95,0.1,0.001,10000,converged,0.34818556519850963,0.03199217688508881,0.03199217688508881,0.17384604615803773,0.032100311862540455,2.0242610045763314,112,79,budget_exhausted,260.0
5.0,3,additive,10.0,0.95,0.05,0.001,10000,budget_exhausted,0.34818556519850963,0.03199217688508881,0.03199217688508881,0.17384604615803773,0.032100311862540455,2.0242610045763314,112,79,budget_exhausted,
5.0,3,additive,10.0,0.95,0.01,0.001,10000,budget_exhausted,0.34818556519850963,0.03199217688508881,0.03199217688508881,0.17384604615803773,0.032100311862540455,2.0242610045763314,112,79,budget_exhausted,
5.0,3,additive,10.0,0.95,0.005,0.001,10000,budget_exhausted,0.34818556519850963,0.03199217688508881,0.03199217688508881,0.17384604615803773,0.032100311862540455,2.0242610045763314,112,79,budget_exhausted,
5.0,3,additive,10.0,0.95,0.001,0.001,10000,budget_exhausted,0.34818556519850963,0.03199217688508881,0.03199217688508881,0.17384604615803773,0.032100311862540455,2.0242610045763314,112,79,budget_exhausted,
5.0,4,additive,10.0,0.95,0.1,0.001,10000,budget_exhausted,0.5314473596848683,0.09888364709658952,0.09888364709658952,0.2489428061918941,0.0989943904829841,0.10595430049029228,90,72,budget_exhausted,
5.0,4,additive,10.0,0.95,0.05,0.001,10000,budget_exhausted,0.5314473596848683,0.09888364709658952,0.09888364709658952,0.2489428061918941,0.0989943904829841,0.10595430049029228,90,72,budget_exhausted,
5.0,4,additive,10.0,0.95,0.01,0.001,10000,budget_exhausted,0.5314473596848683,0.09888364709658952,0.09888364709658952,0.2489428061918941,0.0989943904829841,0.10595430049029228,90,72,budget_exhausted,
5.0,4,additive,10.0,0.95,0.005,0.001,10000,budget_exhausted,0.5314473596848683,0.09888364709658952,0.09888364709658952,0.2489428061918941,0.0989943904829841,0.10595430049029228,90,72,budget_exhausted,
5.0,4,additive,10.0,0.95,0.001,0.001,10000,budget_exhausted,0.5314473596848683,0.09888364709658952,0.09888364709658952,0.2489428061918941,0.0989943904829841,0.10595430049029228,90,72,budget_exhausted,
5.0,0,multiplicative,10.0,0.95,0.1,0.001,10000,converged,0.0008410827189034651,1.1018311023500527,1.1018311023500527,1.1018311023500527,1.1018311023500527,853.757517705227,43,43,converged,14.0
5.0,0,multiplicative,10.0,0.95,0.05,0.001,10000,converged,0.0008410827189034651,1.1018311023500527,1.1018311023500527,1.1018311023500527,1.1018311023500527,853.757517705227,43,43,converged,17.0
5.0,0,multiplicative,10.0,0.95,0.01,0.001,10000,converged,0.0008410827189034651,1.1018311023500527,1.1018311023500527,1.1018311023500527,1.1018311023500527,853.757517705227,43,43,converged,24.0
5.0,0,multiplicative,10.0,0.95,0.005,0.001,10000,converged,0.0008410827189034651,1.1018311023500527,1.1018311023500527,1.1018311023500527,1.1018311023500527,853.757517705227,43,43,converged,27.0
5.0,0,multiplicative,10.0,0.95,0.001,0.001,10000,converged,0.0008410827189034651,1.1018311023500527,1.1018311023500527,1.1018311023500527,1.1018311023500527,853.757517705227,43,43,converged,34.0
5.0,1,multiplicative,10.0,0.95,0.1,0.001,10000,converged,0.0009032045229112893,1.04673954723255,1.04673954723255,1.04673954723255,1.04673954723255,999.200070149556,44,44,converged,14.0
5.0,1,multiplicative,10.0,0.95,0.05,0.001,10000,converged,0.0009032045229112893,1.04673954723255,1.04673954723255,1.04673954723255,1.04673954723255,999.200070149556,44,44,converged,17.0
5.0,1,multiplicative,10.0,0.95,0.01,0.001,10000,converged,0.0009032045229112893,1.04673954723255,1.04673954723255,1.04673954723255,1.04673954723255,999.200070149556,44,44,converged,23.0
5.0,1,multiplicative,10.0,0.95,0.005,0.001,10000,converged,0.0009032045229112893,1.04673954723255,1.04673954723255,1.04673954723255,1.04673954723255,999.200070149556,44,44,converged,26.0
5.0,1,multiplicative,10.0,0.95,0.001,0.001,10000,converged,0.0009032045229112893,1.04673954723255,1.04673954723255,1.04673954723255,1.04673954723255,999.200070149556,44,44,converged,33.0
5.0,2,multiplicative,10.0,0.95,0.1,0.001,10000,converged,0.000985998435283944,0.7309772651287748,0.7309772651287748,0.7309772651287748,0.7309772651287747,666.3813965310153,51,51,converged,22.0
5.0,2,multiplicative,10.0,0.95,0.05,0.001,10000,converged,0.000985998435283944,0.7309772651287748,0.7309772651287748,0.7309772651287748,0.7309772651287747,666.3813965310153,51,51,converged,26.0
5.0,2,multiplicative,10.0,0.95,0.01,0.001,10000,converged,0.000985998435283944,0.7309772651287748,0.7309772651287748,0.7309772651287748,0.7309772651287747,666.3813965310153,51,51,converged,36.0
5.0,2,multiplicative,10.0,0.95,0.005,0.001,10000,converged,0.000985998435283944,0.7309772651287748,0.7309772651287748,0.7309772651287748,0.7309772651287747,666.3813965310153,51,51,converged,41.0
5.0,2,multiplicative,10.0,0.95,0.001,0.001,10000,converged,0.000985998435283944,0.7309772651287748,0.7309772651287748,0.7309772651287748,0.7309772651287747,666.3813965310153,51,51,converged,51.0
5.0,3,multiplicative,10.0,0.95,0.1,0.001,10000,converged,0.0008768618564601897,0.8099471081759279,0.8099471081759279,0.8099471081759279,0.8099471081759277,702.6804641441609,49,49,converged,21.0
5.0,3,multiplicative,10.0,0.95,0.05,0.001,10000,converged,0.0008768618564601897,0.8099471081759279,0.8099471081759279,0.8099471081759279,0.8099471081759277,702.6804641441609,49,49,converged,25.0
5.0,3,multiplicative,10.0,0.95,0.01,0.001,10000,converged,0.0008768618564601897,0.8099471081759279,0.8099471081759279,0.8099471081759279,0.8099471081759277,702.6804641441609,49,49,converged,34.0
5.0,3,multiplicative,10.0,0.95,0.005,0.001,10000,converged,0.0008768618564601897,0.8099471081759279,0.8099471081759279,0.8099471081759279,0.8099471081759277,702.6804641441609,49,49,converged,38.0
5.0,3,multiplicative,10.0,0.95,0.001,0.001,10000,converged,0.0008768618564601897,0.8099471081759279,0.8099471081759279,0.8099471081759279,0.8099471081759277,702.6804641441609,49,49,converged,49.0
5.0,4,multiplicative,10.0,0.95,0.1,0.001,10000,converged,0.0009855636024135906,1.04673954723255,1.04673954723255,1.04673954723255,1.0467395472325498,729.0816429384246,44,44,converged,14.0
5.0,4,multiplicative,10.0,0.95,0.05,0.001,10000,converged,0.0009855636024135906,1.04673954723255,1.04673954723255,1.04673954723255,1.0467395472325498,729.0816429384246,44,44,converged,17.0
5.0,4,multiplicative,10.0,0.95,0.01,0.001,10000,converged,0.0009855636024135906,1.04673954723255,1.04673954723255,1.04673954723255,1.0467395472325498,729.0816429384246,44,44,converged,24.0
5.0,4,multiplicative,10.0,0.95,0.005,0.001,10000,converged,0.0009855636024135906,1.04673954723255,1.04673954723255,1.04673954723255,1.0467395472325498,729.0816429384246,44,44,converged,27.0
5.0,4,multiplicative,10.0,0.95,0.001,0.001,10000,converged,0.0009855636024135906,1.04673954723255,1.04673954723255,1.04673954723255,1.0467395472325498,729.0816429384246,44,44,converged,34.0
5.0,0,quadratic,10.0,0.95,0.1,0.001,10000,eta below minimum,2.6255221883486493,9.785555595734573e-13,2.3535420427537078e-11,4.876749791155296,1.2245836268213643,1.1110070613781908,584,106,eta below minimum,
5.0,0,quadratic,10.0,0.95,0.05,0.001,10000,eta below minimum,2.6255221883486493,9.785555595734573e-13,2.3535420427537078e-11,4.876749791155296,1.2245836268213643,1.1110070613781908,584,106,eta below minimum,
5.0,0,quadratic,10.0,0.95,0.01,0.001,10000,eta below minimum,2.6255221883486493,9.785555595734573e-13,2.3535420427537078e-11,4.876749791155296,1.2245836268213643,1.1110070613781908,584,106,eta below minimum,
5.0,0,quadratic,10.0,0.95,0.005,0.001,10000,eta below minimum,2.6255221883486493,9.785555595734573e-13,2.3535420427537078e-11,4.876749791155296,1.2245836268213643,1.1110070613781908,584,106,eta below minimum,
5.0,0,quadratic,10.0,0.95,0.001,0.001,10000,eta below minimum,2.6255221883486493,9.785555595734573e-13,2.3535420427537078e-11,4.876749791155296,1.2245836268213643,1.1110070613781908,584,106,eta below minimum,
5.0,1,quadratic,10.0,0.95,0.1,0.001,10000,eta below minimum,3.0055157981791947,9.785555595734573e-13,9.896030216377478e-11,4.632912301597531,0.6760122172566685,0.6153425492678143,584,90,eta below minimum,
5.0,1,quadratic,10.0,0.95,0.05,0.001,10000,eta below minimum,3.0055157981791947,9.785555595734573e-13,9.896030216377478e-11,4.632912301597531,0.6760122172566685,0.6153425492678143,584,90,eta below minimum,
5.0,1,quadratic,10.0,0.95,0.01,0.001,10000,eta below minimum,3.0055157981791947,9.785555595734573e-13,9.896030216377478e-11,4.632912301597531,0.6760122172566685,0.6153425492678143,584,90,eta below minimum,
5.0,1,quadratic,10.0,0.95,0.005,0.001,10000,eta below minimum,3.0055157981791947,9.785555595734573e-13,9.896030216377478e-11,4.632912301597531,0.6760122172566685,0.6153425492678143,584,90,eta below minimum,
5.0,1,quadratic,10.0,0.95,0.001,0.001,10000,eta below minimum,3.0055157981791947,9.785555595734573e-13,9.896030216377478e-11,4.632912301597531,0.6760122172566685,0.6153425492678143,584,90,eta below minimum,
5.0,2,quadratic,10.0,0.95,0.1,0.001,10000,eta below minimum,3.7662245645747565,9.785555595734573e-13,7.657359538356891e-11,3.2353354497370903,0.5860585204750921,0.527608893300859,584,100,eta below minimum,
5.0,2,quadratic,10.0,0.95,0.05,0.001,10000,eta below minimum,3.7662245645747565,9.785555595734573e-13,7.657359538356891e-11,3.2353354497370903,0.5860585204750921,0.527608893300859,584,100,eta below minimum,
5.0,2,quadratic,10.0,0.95,0.01,0.001,10000,eta below minimum,3.7662245645747565,9.785555595734573e-13,7.657359538356891e-11,3.2353354497370903,0.5860585204750921,0.527608893300859,584,100,eta below minimum,
5.0,2,quadratic,10.0,0.95,0.005,0.001,10000,eta below minimum,3.7662245645747565,9.785555595734573e-13,7.657359538356891e-11,3.2353354497370903,0.5860585204750921,0.527608893300859,584,100,eta below minimum,
5.0,2,quadratic,10.0,0.95,0.001,0.001,10000,eta below minimum,3.7662245645747565,9.785555595734573e-13,7.657359538356891e-11,3.2353354497370903,0.5860585204750921,0.527608893300859,584,100,eta below minimum,
5.0,3,quadratic,10.0,0.95,0.1,0.001,10000,eta below minimum,3.821881117350022,9.785555595734573e-13,1.0842720881700359e-12,3.7735360253530725,0.49438193102260797,0.44816688032001134,584,103,eta below minimum,
5.0,3,quadratic,10.0,0.95,0.05,0.001,10000,eta below minimum,3.821881117350022,9.785555595734573e-13,1.0842720881700359e-12,3.7735360253530725,0.49438193102260797,0.44816688032001134,584,103,eta below minimum,
5.0,3,quadratic,10.0,0.95,0.01,0.001,10000,eta below minimum,3.821881117350022,9.785555595734573e-13,1.0842720881700359e-12,3.7735360253530725,0.49438193102260797,0.44816688032001134,584,103,eta below minimum,
5.0,3,quadratic,10.0,0.95,0.005,0.001,10000,eta below minimum,3.821881117350022,9.785555595734573e-13,1.0842720881700359e-12,3.7735360253530725,0.49438193102260797,0.44816688032001134,584,103,eta below minimum,
5.0,3,quadratic,10.0,0.95,0.001,0.001,10000,eta below minimum,3.821881117350022,9.785555595734573e-13,1.0842720881700359e-12,3.7735360253530725,0.49438193102260797,0.44816688032001134,584,103,eta below minimum,
5.0,4,quadratic,10.0,0.95,0.1,0.001,10000,eta below minimum,2.372368110309051,9.785555595734573e-13,3.183776457693864e-12,4.181203352191771,1.120803135113742,1.4096949182977783,584,117,eta below minimum,
5.0,4,quadratic,10.0,0.95,0.05,0.001,10000,eta below minimum,2.372368110309051,9.785555595734573e-13,3.183776457693864e-12,4.181203352191771,1.120803135113742,1.4096949182977783,584,117,eta below minimum,
5.0,4,quadratic,10.0,0.95,0.01,0.001,10000,eta below minimum,2.372368110309051,9.785555595734573e-13,3.183776457693864e-12,4.181203352191771,1.120803135113742,1.4096949182977783,584,117,eta below minimum,
5.0,4,quadratic,10.0,0.95,0.005,0.001,10000,eta below minimum,2.372368110309051,9.785555595734573e-13,3.183776457693864e-12,4.181203352191771,1.120803135113742,1.4096949182977783,584,117,eta below minimum,
5.0,4,quadratic,10.0,0.95,0.001,0.001,10000,eta below minimum,2.372368110309051,9.785555595734573e-13,3.183776457693864e-12,4.181203352191771,1.120803135113742,1.4096949182977783,584,117,eta below minimum,
10.0,0,additive,10.0,0.95,0.1,0.001,10000,budget_exhausted,0.14247577844817172,0.007608599781118305,0.007608599781118305,0.3564793225056022,0.009480229316353103,0.3482880540967245,140,65,budget_exhausted,
10.0,0,additive,10.0,0.95,0.05,0.001,10000,budget_exhausted,0.14247577844817172,0.007608599781118305,0.007608599781118305,0.3564793225056022,0.009480229316353103,0.3482880540967245,140,65,budget_exhausted,
10.0,0,additive,10.0,0.95,0.01,0.001,10000,budget_exhausted,0.14247577844817172,0.007608599781118305,0.007608599781118305,0.3564793225056022,0.009480229316353103,0.3482880540967245,140,65,budget_exhausted,
10.0,0,additive,10.0,0.95,0.005,0.001,10000,budget_exhausted,0.14247577844817172,0.007608599781118305,0.007608599781118305,0.3564793225056022,0.009480229316353103,0.3482880540967245,140,65,budget_exhausted,
10.0,0,additive,10.0,0.95,0.001,0.001,10000,budget_exhausted,0.14247577844817172,0.007608599781118305,0.007608599781118305,0.3564793225056022,0.009480229316353103,0.3482880540967245,140,65,budget_exhausted,
10.0,1,additive,10.0,0.95,0.1,0.001,10000,converged,0.2083970054991004,0.007608599781118305,0.007608599781118305,0.30563645913324067,0.008281061614346188,0.8837678473715345,140,68,budget_exhausted,6514.0
10.0,1,additive,10.0,0.95,0.05,0.001,10000,budget_exhausted,0.2083970054991004,0.007608599781118305,0.007608599781118305,0.30563645913324067,0.008281061614346188,0.8837678473715345,140,68,budget_exhausted,
10.0,1,additive,10.0,0.95,0.01,0.001,10000,budget_exhausted,0.2083970054991004,0.007608599781118305,0.007608599781118305,0.30563645913324067,0.008281061614346188,0.8837678473715345,140,68,budget_exhausted,
10.0,1,additive,10.0,0.95,0.005,0.001,10000,budget_exhausted,0.2083970054991004,0.007608599781118305,0.007608599781118305,0.30563645913324067,0.008281061614346188,0.8837678473715345,140,68,budget_exhausted,
10.0,1,additive,10.0,0.95,0.001,0.001,10000,budget_exhausted,0.2083970054991004,0.007608599781118305,0.007608599781118305,0.30563645913324067,0.008281061614346188,0.8837678473715345,140,68,budget_exhausted,
10.0,2,additive,10.0,0.95,0.1,0.001,10000,budget_exhausted,0.37406272675842406,0.0016331004523557357,0.0016331004523557357,0.2364956658822994,0.002027218937276788,0.0841991831108326,170,73,budget_exhausted,
10.0,2,additive,10.0,0.95,0.05,0.001,10000,budget_exhausted,0.37406272675842406,0.0016331004523557357,0.0016331004523557357,0.2364956658822994,0.002027218937276788,0.0841991831108326,170,73,budget_exhausted,
10.0,2,additive,10.0,0.95,0.01,0.001,10000,budget_exhausted,0.37406272675842406,0.0016331004523557357,0.0016331004523557357,0.2364956658822994,0.002027218937276788,0.0841991831108326,170,73,budget_exhausted,
10.0,2,additive,10.0,0.95,0.005,0.001,10000,budget_exhausted,0.37406272675842406,0.0016331004523557357,0.0016331004523557357,0.2364956658822994,0.002027218937276788,0.0841991831108326,170,73,budget_exhausted,
10.0,2,additive,10.0,0.95,0.001,0.001,10000,budget_exhausted,0.37406272675842406,0.0016331004523557357,0.0016331004523557357,0.2364956658822994,0.002027218937276788,0.0841991831108326,170,73,budget_exhausted,
10.0,3,additive,10.0,0.95,0.1,0.001,10000,budget_exhausted,0.27176286746435474,0.0024616372594713914,0.0024616372594713914,0.2489428061918941,0.0029664887170215925,0.6190959888844323,162,72,budget_exhausted,
10.0,3,additive,10.0,0.95,0.05,0.001,10000,budget_exhausted,0.27176286746435474,0.0024616372594713914,0.0024616372594713914,0.2489428061918941,0.0029664887170215925,0.6190959888844323,162,72,budget_exhausted,
10.0,3,additive,10.0,0.95,0.01,0.001,10000,budget_exhausted,0.27176286746435474,0.0024616372594713914,0.0024616372594713914,0.2489428061918941,0.0029664887170215925,0.6190959888844323,162,72,budget_exhausted,
10.0,3,additive,10.0,0.95,0.005,0.001,10000,budget_exhausted,0.27176286746435474,0.0024616372594713914,0.0024616372594713914,0.2489428061918941,0.0029664887170215925,0.6190959888844323,162,72,budget_exhausted,
10.0,3,additive,10.0,0.95,0.001,0.001,10000,budget_exhausted,0.27176286746435474,0.0024616372594713914,0.0024616372594713914,0.2489428061918941,0.0029664887170215925,0.6190959888844323,162,72,budget_exhausted,
10.0,4,additive,10.0,0.95,0.1,0.001,10000,budget_exhausted,0.28240664126498605,0.006866761302459269,0.006866761302459269,0.30563645913324067,0.007889370161041093,0.7870916013713574,142,68,budget_exhausted,
10.0,4,additive,10.0,0.95,0.05,0.001,10000,budget_exhausted,0.28240664126498605,0.006866761302459269,0.006866761302459269,0.30563645913324067,0.007889370161041093,0.7870916013713574,142,68,budget_exhausted,
10.0,4,additive,10.0,0.95,0.01,0.001,10000,budget_exhausted,0.28240664126498605,0.006866761302459269,0.006866761302459269,0.30563645913324067,0.007889370161041093,0.7870916013713574,142,68,budget_exhausted,
10.0,4,additive,10.0,0.95,0.005,0.001,10000,budget_exhausted,0.28240664126498605,0.006866761302459269,0.006866761302459269,0.30563645913324067,0.007889370161041093,0.7870916013713574,142,68,budget_exhausted,
10.0,4,additive,10.0,0.95,0.001,0.001,10000,budget_exhausted,0.28240664126498605,0.006866761302459269,0.006866761302459269,0.30563645913324067,0.007889370161041093,0.7870916013713574,142,68,budget_exhausted,
10.0,0,multiplicative,10.0,0.95,0.1,0.001,10000,converged,0.0009254707666761765,1.5777921478822676,1.5777921478822676,1.5777921478822676,1.5777921478822672,696.5085308963879,36,36,converged,71.0
10.0,0,multiplicative,10.0,0.95,0.05,0.001,10000,converged,0.0009254707666761765,1.5777921478822676,1.5777921478822676,1.5777921478822676,1.5777921478822672,696.5085308963879,36,36,converged,75.0
10.0,0,multiplicative,10.0,0.95,0.01,0.001,10000,converged,0.0009254707666761765,1.5777921478822676,1.5777921478822676,1.5777921478822676,1.5777921478822672,696.5085308963879,36,36,converged,84.0
10.0,0,multiplicative,10.0,0.95,0.005,0.001,10000,converged,0.0009254707666761765,1.5777921478822676,1.5777921478822676,1.5777921478822676,1.5777921478822672,696.5085308963879,36,36,converged,87.0
10.0,0,multiplicative,10.0,0.95,0.001,0.001,10000,converged,0.0009254707666761765,1.5777921478822676,1.5777921478822676,1.5777921478822676,1.5777921478822672,696.5085308963879,36,36,converged,96.0
10.0,1,multiplicative,10.0,0.95,0.1,0.001,10000,converged,0.00099830880886836,1.285121565651031,1.285121565651031,1.285121565651031,1.285121565651031,2436.6982095065705,40,40,converged,34.0
10.0,1,multiplicative,10.0,0.95,0.05,0.001,10000,converged,0.00099830880886836,1.285121565651031,1.285121565651031,1.285121565651031,1.285121565651031,2436.6982095065705,40,40,converged,44.0
10.0,1,multiplicative,10.0,0.95,0.01,0.001,10000,converged,0.00099830880886836,1.285121565651031,1.285121565651031,1.285121565651031,1.285121565651031,2436.6982095065705,40,40,converged,87.0
10.0,1,multiplicative,10.0,0.95,0.005,0.001,10000,converged,0.00099830880886836,1.285121565651031,1.285121565651031,1.285121565651031,1.285121565651031,2436.6982095065705,40,40,converged,126.0
10.0,1,multiplicative,10.0,0.95,0.001,0.001,10000,converged,0.00099830880886836,1.285121565651031,1.285121565651031,1.285121565651031,1.285121565651031,2436.6982095065705,40,40,converged,319.0
10.0,2,multiplicative,10.0,0.95,0.1,0.001,10000,converged,0.0009547473559439191,1.04673954723255,1.04673954723255,1.04673954723255,1.0467395472325498,386.626741882911,44,44,converged,131.0
10.0,2,multiplicative,10.0,0.95,0.05,0.001,10000,converged,0.0009547473559439191,1.04673954723255,1.04673954723255,1.04673954723255,1.0467395472325498,386.626741882911,44,44,converged,137.0
10.0,2,multiplicative,10.0,0.95,0.01,0.001,10000,converged,0.0009547473559439191,1.04673954723255,1.04673954723255,1.04673954723255,1.0467395472325498,386.626741882911,44,44,converged,151.0
10.0,2,multiplicative,10.0,0.95,0.005,0.001,10000,converged,0.0009547473559439191,1.04673954723255,1.04673954723255,1.04673954723255,1.0467395472325498,386.626741882911,44,44,converged,158.0
10.0,2,multiplicative,10.0,0.95,0.001,0.001,10000,converged,0.0009547473559439191,1.04673954723255,1.04673954723255,1.04673954723255,1.0467395472325498,386.626741882911,44,44,converged,172.0
10.0,3,multiplicative,10.0,0.95,0.1,0.001,10000,converged,0.0009646922491338762,1.1598222130000555,1.1598222130000555,1.1598222130000555,1.1598222130000553,642.2613986905623,42,42,converged,46.0
10.0,3,multiplicative,10.0,0.95,0.05,0.001,10000,converged,0.0009646922491338762,1.1598222130000555,1.1598222130000555,1.1598222130000555,1.1598222130000553,642.2613986905623,42,42,converged,135.0
10.0,3,multiplicative,10.0,0.95,0.01,0.001,10000,converged,0.0009646922491338762,1.1598222130000555,1.1598222130000555,1.1598222130000555,1.1598222130000553,642.2613986905623,42,42,converged,148.0
10.0,3,multiplicative,10.0,0.95,0.005,0.001,10000,converged,0.0009646922491338762,1.1598222130000555,1.1598222130000555,1.1598222130000555,1.1598222130000553,642.2613986905623,42,42,converged,153.0
10.0,3,multiplicative,10.0,0.95,0.001,0.001,10000,converged,0.0009646922491338762,1.1598222130000555,1.1598222130000555,1.1598222130000555,1.1598222130000553,642.2613986905623,42,42,converged,165.0
10.0,4,multiplicative,10.0,0.95,0.1,0.001,10000,converged,0.0009601754891823022,1.285121565651031,1.285121565651031,1.285121565651031,1.2851215656510313,569.1311394529192,40,40,converged,83.0
10.0,4,multiplicative,10.0,0.95,0.05,0.001,10000,converged,0.0009601754891823022,1.285121565651031,1.285121565651031,1.285121565651031,1.2851215656510313,569.1311394529192,40,40,converged,88.0
10.0,4,multiplicative,10.0,0.95,0.01,0.001,10000,converged,0.0009601754891823022,1.285121565651031,1.285121565651031,1.285121565651031,1.2851215656510313,569.1311394529192,40,40,converged,99.0
10.0,4,multiplicative,10.0,0.95,0.005,0.001,10000,converged,0.0009601754891823022,1.285121565651031,1.285121565651031,1.285121565651031,1.2851215656510313,569.1311394529192,40,40,converged,104.0
10.0,4,multiplicative,10.0,0.95,0.001,0.001,10000,converged,0.0009601754891823022,1.285121565651031,1.285121565651031,1.285121565651031,1.2851215656510313,569.1311394529192,40,40,converged,115.0
10.0,0,quadratic,10.0,0.95,0.1,0.001,10000,eta below minimum,2.9952981425693284,9.785555595734573e-13,8.881175685514177e-12,6.9833729609374995,1.3913730483376334,1.300682389525529,584,99,eta below minimum,
10.0,0,quadratic,10.0,0.95,0.05,0.001,10000,eta below minimum,2.9952981425693284,9.785555595734573e-13,8.881175685514177e-12,6.9833729609374995,1.3913730483376334,1.300682389525529,584,99,eta below minimum,
10.0,0,quadratic,10.0,0.95,0.01,0.001,10000,eta below minimum,2.9952981425693284,9.785555595734573e-13,8.881175685514177e-12,6.9833729609374995,1.3913730483376334,1.300682389525529,584,99,eta below minimum,
10.0,0,quadratic,10.0,0.95,0.005,0.001,10000,eta below minimum,2.9952981425693284,9.785555595734573e-13,8.881175685514177e-12,6.9833729609374995,1.3913730483376334,1.300682389525529,584,99,eta below minimum,
10.0,0,quadratic,10.0,0.95,0.001,0.001,10000,eta below minimum,2.9952981425693284,9.785555595734573e-13,8.881175685514177e-12,6.9833729609374995,1.3913730483376334,1.300682389525529,584,99,eta below minimum,
10.0,1,quadratic,10.0,0.95,0.1,0.001,10000,eta below minimum,3.1753061715700164,9.785555595734573e-13,1.8211259682876286e-11,5.688000922764598,0.7732213320838367,0.7060669289565242,584,99,eta below minimum,
10.0,1,quadratic,10.0,0.95,0.05,0.001,10000,eta below minimum,3.1753061715700164,9.785555595734573e-13,1.8211259682876286e-11,5.688000922764598,0.7732213320838367,0.7060669289565242,584,99,eta below minimum,
10.0,1,quadratic,10.0,0.95,0.01,0.001,10000,eta below minimum,3.1753061715700164,9.785555595734573e-13,1.8211259682876286e-11,5.688000922764598,0.7732213320838367,0.7060669289565242,584,99,eta below minimum,
10.0,1,quadratic,10.0,0.95,0.005,0.001,10000,eta below minimum,3.1753061715700164,9.785555595734573e-13,1.8211259682876286e-11,5.688000922764598,0.7732213320838367,0.7060669289565242,584,99,eta below minimum,
10.0,1,quadratic,10.0,0.95,0.001,0.001,10000,eta below minimum,3.1753061715700164,9.785555595734573e-13,1.8211259682876286e-11,5.688000922764598,0.7732213320838367,0.7060669289565242,584,99,eta below minimum,
10.0,2,quadratic,10.0,0.95,0.1,0.001,10000,eta below minimum,3.436153514661757,9.785555595734573e-13,1.1477635665474351e-11,4.632912301597531,1.0248695235455743,1.098371913734865,584,77,eta below minimum,
10.0,2,quadratic,10.0,0.95,0.05,0.001,10000,eta below minimum,3.436153514661757,9.785555595734573e-13,1.1477635665474351e-11,4.632912301597531,1.0248695235455743,1.098371913734865,584,77,eta below minimum,
10.0,2,quadratic,10.0,0.95,0.01,0.001,10000,eta below minimum,3.436153514661757,9.785555595734573e-13,1.1477635665474351e-11,4.632912301597531,1.0248695235455743,1.098371913734865,584,77,eta below minimum,
10.0,2,quadratic,10.0,0.95,0.005,0.001,10000,eta below minimum,3.436153514661757,9.785555595734573e-13,1.1477635665474351e-11,4.632912301597531,1.0248695235455743,1.098371913734865,584,77,eta below minimum,
10.0,2,quadratic,10.0,0.95,0.001,0.001,10000,eta below minimum,3.436153514661757,9.785555595734573e-13,1.1477635665474351e-11,4.632912301597531,1.0248695235455743,1.098371913734865,584,77,eta below minimum,
10.0,3,quadratic,10.0,0.95,0.1,0.001,10000,eta below minimum,3.5504430379760428,9.785555595734573e-13,1.0903753882200634e-11,5.403600876626368,1.0052326536746865,0.9259986518099795,584,101,eta below minimum,
10.0,3,quadratic,10.0,0.95,0.05,0.001,10000,eta below minimum,3.5504430379760428,9.785555595734573e-13,1.0903753882200634e-11,5.403600876626368,1.0052326536746865,0.9259986518099795,584,101,eta below minimum,
10.0,3,quadratic,10.0,0.95,0.01,0.001,10000,eta below minimum,3.5504430379760428,9.785555595734573e-13,1.0903753882200634e-11,5.403600876626368,1.0052326536746865,0.9259986518099795,584,101,eta below minimum,
10.0,3,quadratic,10.0,0.95,0.005,0.001,10000,eta below minimum,3.5504430379760428,9.785555595734573e-13,1.0903753882200634e-11,5.403600876626368,1.0052326536746865,0.9259986518099795,584,101,eta below minimum,
10.0,3,quadratic,10.0,0.95,0.001,0.001,10000,eta below minimum,3.5504430379760428,9.785555595734573e-13,1.0903753882200634e-11,5.403600876626368,1.0052326536746865,0.9259986518099795,584,101,eta below minimum,
10.0,4,quadratic,10.0,0.95,0.1,0.001,10000,eta below minimum,3.0534425434618497,9.785555595734573e-13,2.01786810890596e-11,5.133420832795049,1.3989666757173067,1.4413668222924299,584,148,eta below minimum,
10.0,4,quadratic,10.0,0.95,0.05,0.001,10000,eta below minimum,3.0534425434618497,9.785555595734573e-13,2.01786810890596e-11,5.133420832795049,1.3989666757173067,1.4413668222924299,584,148,eta below minimum,
10.0,4,quadratic,10.0,0.95,0.01,0.001,10000,eta below minimum,3.0534425434618497,9.785555595734573e-13,2.01786810890596e-11,5.133420832795049,1.3989666757173067,1.4413668222924299,584,148,eta below minimum,
10.0,4,quadratic,10.0,0.95,0.005,0.001,10000,eta below minimum,3.0534425434618497,9.785555595734573e-13,2.01786810890596e-11,5.133420832795049,1.3989666757173067,1.4413668222924299,584,148,eta below minimum,
10.0,4,quadratic,10.0,0.95,0.001,0.001,10000,eta below minimum,3.0534425434618497,9.785555595734573e-13,2.01786810890596e-11,5.133420832795049,1.3989666757173067,1.4413668222924299,584,148,eta below minimum,
100.0,0,additive,10.0,0.95,0.1,0.001,10000,eta below minimum,3.4043647695358574,9.785555595734573e-13,1.6343664394888104e-12,0.43766309037604345,0.05539096305154466,0.049828434780198605,584,93,eta below minimum,
100.0,0,additive,10.0,0.95,0.05,0.001,10000,eta below minimum,3.4043647695358574,9.785555595734573e-13,1.6343664394888104e-12,0.43766309037604345,0.05539096305154466,0.049828434780198605,584,93,eta below minimum,
100.0,0,additive,10.0,0.95,0.01,0.001,10000,eta below minimum,3.4043647695358574,9.785555595734573e-13,1.6343664394888104e-12,0.43766309037604345,0.05539096305154466,0.049828434780198605,584,93,eta below minimum,
100.0,0,additive,10.0,0.95,0.005,0.001,10000,eta below minimum,3.4043647695358574,9.785555595734573e-13,1.6343664394888104e-12,0.43766309037604345,0.05539096305154466,0.049828434780198605,584,93,eta below minimum,
100.0,0,additive,10.0,0.95,0.001,0.001,10000,eta below minimum,3.4043647695358574,9.785555595734573e-13,1.6343664394888104e-12,0.43766309037604345,0.05539096305154466,0.049828434780198605,584,93,eta below minimum,
100.0,1,additive,10.0,0.95,0.1,0.001,10000,eta below minimum,3.2449930250448817,9.785555595734573e-13,2.463545532224787e-12,0.3564793225056022,0.046775095051521255,0.043535321518589604,584,93,eta below minimum,
100.0,1,additive,10.0,0.95,0.05,0.001,10000,eta below minimum,3.2449930250448817,9.785555595734573e-13,2.463545532224787e-12,0.3564793225056022,0.046775095051521255,0.043535321518589604,584,93,eta below minimum,
100.0,1,additive,10.0,0.95,0.01,0.001,10000,eta below minimum,3.2449930250448817,9.785555595734573e-13,2.463545532224787e-12,0.3564793225056022,0.046775095051521255,0.043535321518589604,584,93,eta below minimum,
100.0,1,additive,10.0,0.95,0.005,0.001,10000,eta below minimum,3.2449930250448817,9.785555595734573e-13,2.463545532224787e-12,0.3564793225056022,0.046775095051521255,0.043535321518589604,584,93,eta below minimum,
100.0,1,additive,10.0,0.95,0.001,0.001,10000,eta below minimum,3.2449930250448817,9.785555595734573e-13,2.463545532224787e-12,0.3564793225056022,0.046775095051521255,0.043535321518589604,584,93,eta below minimum,
100.0,2,additive,10.0,0.95,0.1,0.001,10000,eta below minimum,3.6424099040990363,9.785555595734573e-13,1.2717601845400945e-11,0.321722588561306,0.048043893663049,0.04400170828825286,584,107,eta below minimum,
100.0,2,additive,10.0,0.95,0.05,0.001,10000,eta below minimum,3.6424099040990363,9.785555595734573e-13,1.2717601845400945e-11,0.321722588561306,0.048043893663049,0.04400170828825286,584,107,eta below minimum,
100.0,2,additive,10.0,0.95,0.01,0.001,10000,eta below minimum,3.6424099040990363,9.785555595734573e-13,1.2717601845400945e-11,0.321722588561306,0.048043893663049,0.04400170828825286,584,107,eta below minimum,
100.0,2,additive,10.0,0.95,0.005,0.001,10000,eta below minimum,3.6424099040990363,9.785555595734573e-13,1.2717601845400945e-11,0.321722588561306,0.048043893663049,0.04400170828825286,584,107,eta below minimum,
100.0,2,additive,10.0,0.95,0.001,0.001,10000,eta below minimum,3.6424099040990363,9.785555595734573e-13,1.2717601845400945e-11,0.321722588561306,0.048043893663049,0.04400170828825286,584,107,eta below minimum,
100.0,3,additive,10.0,0.95,0.1,0.001,10000,eta below minimum,3.6680071375545684,9.785555595734573e-13,1.2717601845400945e-11,0.33865535638032207,0.049396238643235835,0.04415285242812868,584,120,eta below minimum,
100.0,3,additive,10.0,0.95,0.05,0.001,10000,eta below minimum,3.6680071375545684,9.785555595734573e-13,1.2717601845400945e-11,0.33865535638032207,0.049396238643235835,0.04415285242812868,584,120,eta below minimum,
100.0,3,additive,10.0,0.95,0.01,0.001,10000,eta below minimum,3.6680071375545684,9.785555595734573e-13,1.2717601845400945e-11,0.33865535638032207,0.049396238643235835,0.04415285242812868,584,120,eta below minimum,
100.0,3,additive,10.0,0.95,0.005,0.001,10000,eta below minimum,3.6680071375545684,9.785555595734573e-13,1.2717601845400945e-11,0.33865535638032207,0.049396238643235835,0.04415285242812868,584,120,eta below minimum,
100.0,3,additive,10.0,0.95,0.001,0.001,10000,eta below minimum,3.6680071375545684,9.785555595734573e-13,1.2717601845400945e-11,0.33865535638032207,0.049396238643235835,0.04415285242812868,584,120,eta below minimum,
100.0,4,additive,10.0,0.95,0.1,0.001,10000,eta below minimum,3.292230607576158,9.785555595734573e-13,6.872084448039363e-12,0.3564793225056022,0.045806337776447596,0.04178345210691051,584,84,eta below minimum,
100.0,4,additive,10.0,0.95,0.05,0.001,10000,eta below minimum,3.292230607576158,9.785555595734573e-13,6.872084448039363e-12,0.3564793225056022,0.045806337776447596,0.04178345210691051,584,84,eta below minimum,
100.0,4,additive,10.0,0.95,0.01,0.001,10000,eta below minimum,3.292230607576158,9.785555595734573e-13,6.872084448039363e-12,0.3564793225056022,0.045806337776447596,0.04178345210691051,584,84,eta below minimum,
100.0,4,additive,10.0,0.95,0.005,0.001,10000,eta below minimum,3.292230607576158,9.785555595734573e-13,6.872084448039363e-12,0.3564793225056022,0.045806337776447596,0.04178345210691051,584,84,eta below minimum,
100.0,4,additive,10.0,0.95,0.001,0.001,10000,eta below minimum,3.292230607576158,9.785555595734573e-13,6.872084448039363e-12,0.3564793225056022,0.045806337776447596,0.04178345210691051,584,84,eta below minimum,
100.0,0,multiplicative,10.0,0.95,0.1,0.001,10000,eta below minimum,5.85938883065245,9.785555595734573e-13,3.547587520300884e-11,1.9371148445850084,0.9654846281860786,1.8726288952440742,584,97,eta below minimum,
100.0,0,multiplicative,10.0,0.95,0.05,0.001,10000,eta below minimum,5.85938883065245,9.785555595734573e-13,3.547587520300884e-11,1.9371148445850084,0.9654846281860786,1.8726288952440742,584,97,eta below minimum,
100.0,0,multiplicative,10.0,0.95,0.01,0.001,10000,eta below minimum,5.85938883065245,9.785555595734573e-13,3.547587520300884e-11,1.9371148445850084,0.9654846281860786,1.8726288952440742,584,97,eta below minimum,
100.0,0,multiplicative,10.0,0.95,0.005,0.001,10000,eta below minimum,5.85938883065245,9.785555595734573e-13,3.547587520300884e-11,1.9371148445850084,0.9654846281860786,1.8726288952440742,584,97,eta below minimum,
100.0,0,multiplicative,10.0,0.95,0.001,0.001,10000,eta below minimum,5.85938883065245,9.785555595734573e-13,3.547587520300884e-11,1.9371148445850084,0.9654846281860786,1.8726288952440742,584,97,eta below minimum,
100.0,1,multiplicative,10.0,0.95,0.1,0.001,10000,eta below minimum,5.1727194896792685,9.785555595734573e-13,1.2014095159778792e-12,1.5777921478822676,0.8821380779670702,1.7231373528456193,584,132,eta below minimum,
100.0,1,multiplicative,10.0,0.95,0.05,0.001,10000,eta below minimum,5.1727194896792685,9.785555595734573e-13,1.2014095159778792e-12,1.5777921478822676,0.8821380779670702,1.7231373528456193,584,132,eta below minimum,
100.0,1,multiplicative,10.0,0.95,0.01,0.001,10000,eta below minimum,5.1727194896792685,9.785555595734573e-13,1.2014095159778792e-12,1.5777921478822676,0.8821380779670702,1.7231373528456193,584,132,eta below minimum,
100.0,1,multiplicative,10.0,0.95,0.005,0.001,10000,eta below minimum,5.1727194896792685,9.785555595734573e-13,1.2014095159778792e-12,1.5777921478822676,0.8821380779670702,1.7231373528456193,584,132,eta below minimum,
100.0,1,multiplicative,10.0,0.95,0.001,0.001,10000,eta below minimum,5.1727194896792685,9.785555595734573e-13,1.2014095159778792e-12,1.5777921478822676,0.8821380779670702,1.7231373528456193,584,132,eta below minimum,
100.0,2,multiplicative,10.0,0.95,0.1,0.001,10000,eta below minimum,5.7678104520148485,9.785555595734573e-13,2.2233498428328703e-12,1.4239574134637465,0.732086116386035,1.377363423233289,584,99,eta below minimum,
100.0,2,multiplicative,10.0,0.95,0.05,0.001,10000,eta below minimum,5.7678104520148485,9.785555595734573e-13,2.2233498428328703e-12,1.4239574134637465,0.732086116386035,1.377363423233289,584,99,eta below minimum,
100.0,2,multiplicative,10.0,0.95,0.01,0.001,10000,eta below minimum,5.7678104520148485,9.785555595734573e-13,2.2233498428328703e-12,1.4239574134637465,0.732086116386035,1.377363423233289,584,99,eta below minimum,
100.0,2,multiplicative,10.0,0.95,0.005,0.001,10000,eta below minimum,5.7678104520148485,9.785555595734573e-13,2.2233498428328703e-12,1.4239574134637465,0.732086116386035,1.377363423233289,584,99,eta below minimum,
100.0,2,multiplicative,10.0,0.95,0.001,0.001,10000,eta below minimum,5.7678104520148485,9.785555595734573e-13,2.2233498428328703e-12,1.4239574134637465,0.732086116386035,1.377363423233289,584,99,eta below minimum,
100.0,3,multiplicative,10.0,0.95,0.1,0.001,10000,eta below minimum,6.599651910790901,9.785555595734573e-13,2.2358649406160224e-11,1.5777921478822676,0.8700092685352064,1.5049933222661442,584,142,eta below minimum,
100.0,3,multiplicative,10.0,0.95,0.05,0.001,10000,eta below minimum,6.599651910790901,9.785555595734573e-13,2.2358649406160224e-11,1.5777921478822676,0.8700092685352064,1.5049933222661442,584,142,eta below minimum,
100.0,3,multiplicative,10.0,0.95,0.01,0.001,10000,eta below minimum,6.599651910790901,9.785555595734573e-13,2.2358649406160224e-11,1.5777921478822676,0.8700092685352064,1.5049933222661442,584,142,eta below minimum,
100.0,3,multiplicative,10.0,0.95,0.005,0.001,10000,eta below minimum,6.599651910790901,9.785555595734573e-13,2.2358649406160224e-11,1.5777921478822676,0.8700092685352064,1.5049933222661442,584,142,eta below minimum,
100.0,3,multiplicative,10.0,0.95,0.001,0.001,10000,eta below minimum,6.599651910790901,9.785555595734573e-13,2.2358649406160224e-11,1.5777921478822676,0.8700092685352064,1.5049933222661442,584,142,eta below minimum,
100.0,4,multiplicative,10.0,0.95,0.1,0.001,10000,eta below minimum,5.535126693305019,9.785555595734573e-13,3.930844897840315e-11,1.4989025404881542,0.850256442704636,1.6400402089965638,584,79,eta below minimum,
100.0,4,multiplicative,10.0,0.95,0.05,0.001,10000,eta below minimum,5.535126693305019,9.785555595734573e-13,3.930844897840315e-11,1.4989025404881542,0.850256442704636,1.6400402089965638,584,79,eta below minimum,
100.0,4,multiplicative,10.0,0.95,0.01,0.001,10000,eta below minimum,5.535126693305019,9.785555595734573e-13,3.930844897840315e-11,1.4989025404881542,0.850256442704636,1.6400402089965638,584,79,eta below minimum,
100.0,4,multiplicative,10.0,0.95,0.005,0.001,10000,eta below minimum,5.535126693305019,9.785555595734573e-13,3.930844897840315e-11,1.4989025404881542,0.850256442704636,1.6400402089965638,584,79,eta below minimum,
100.0,4,multiplicative,10.0,0.95,0.001,0.001,10000,eta below minimum,5.535126693305019,9.785555595734573e-13,3.930844897840315e-11,1.4989025404881542,0.850256442704636,1.6400402089965638,584,79,eta below minimum,
100.0,0,quadratic,10.0,0.95,0.1,0.001,10000,eta below minimum,3.6637780717571378,9.785555595734573e-13,6.528480225637395e-12,8.1450625,1.6232561459971309,1.5332567998445472,584,99,eta below minimum,
100.0,0,quadratic,10.0,0.95,0.05,0.001,10000,eta below minimum,3.6637780717571378,9.785555595734573e-13,6.528480225637395e-12,8.1450625,1.6232561459971309,1.5332567998445472,584,99,eta below minimum,
100.0,0,quadratic,10.0,0.95,0.01,0.001,10000,eta below minimum,3.6637780717571378,9.785555595734573e-13,6.528480225637395e-12,8.1450625,1.6232561459971309,1.5332567998445472,584,99,eta below minimum,
100.0,0,quadratic,10.0,0.95,0.005,0.001,10000,eta below minimum,3.6637780717571378,9.785555595734573e-13,6.528480225637395e-12,8.1450625,1.6232561459971309,1.5332567998445472,584,99,eta below minimum,
100.0,0,quadratic,10.0,0.95,0.001,0.001,10000,eta below minimum,3.6637780717571378,9.785555595734573e-13,6.528480225637395e-12,8.1450625,1.6232561459971309,1.5332567998445472,584,99,eta below minimum,
100.0,1,quadratic,10.0,0.95,0.1,0.001,10000,eta below minimum,3.3084509044513526,9.785555595734573e-13,2.8733582530687124e-12,6.634204312890624,0.9807290425441946,0.8976440669273389,584,111,eta below minimum,
100.0,1,quadratic,10.0,0.95,0.05,0.001,10000,eta below minimum,3.3084509044513526,9.785555595734573e-13,2.8733582530687124e-12,6.634204312890624,0.9807290425441946,0.8976440669273389,584,111,eta below minimum,
100.0,1,quadratic,10.0,0.95,0.01,0.001,10000,eta below minimum,3.3084509044513526,9.785555595734573e-13,2.8733582530687124e-12,6.634204312890624,0.9807290425441946,0.8976440669273389,584,111,eta below minimum,
100.0,1,quadratic,10.0,0.95,0.005,0.001,10000,eta below minimum,3.3084509044513526,9.785555595734573e-13,2.8733582530687124e-12,6.634204312890624,0.9807290425441946,0.8976440669273389,584,111,eta below minimum,
100.0,1,quadratic,10.0,0.95,0.001,0.001,10000,eta below minimum,3.3084509044513526,9.785555595734573e-13,2.8733582530687124e-12,6.634204312890624,0.9807290425441946,0.8976440669273389,584,111,eta below minimum,
100.0,2,quadratic,10.0,0.95,0.1,0.001,10000,eta below minimum,3.81801968807862,9.785555595734573e-13,4.3311271669544746e-12,6.302494097246092,1.2267491433424307,1.141110503816199,584,97,eta below minimum,
100.0,2,quadratic,10.0,0.95,0.05,0.001,10000,eta below minimum,3.81801968807862,9.785555595734573e-13,4.3311271669544746e-12,6.302494097246092,1.2267491433424307,1.141110503816199,584,97,eta below minimum,
100.0,2,quadratic,10.0,0.95,0.01,0.001,10000,eta below minimum,3.81801968807862,9.785555595734573e-13,4.3311271669544746e-12,6.302494097246092,1.2267491433424307,1.141110503816199,584,97,eta below minimum,
100.0,2,quadratic,10.0,0.95,0.005,0.001,10000,eta below minimum,3.81801968807862,9.785555595734573e-13,4.3311271669544746e-12,6.302494097246092,1.2267491433424307,1.141110503816199,584,97,eta below minimum,
100.0,2,quadratic,10.0,0.95,0.001,0.001,10000,eta below minimum,3.81801968807862,9.785555595734573e-13,4.3311271669544746e-12,6.302494097246092,1.2267491433424307,1.141110503816199,584,97,eta below minimum,
100.0,3,quadratic,10.0,0.95,0.1,0.001,10000,eta below minimum,3.721338909261037,9.785555595734573e-13,1.4012649260567188e-12,7.3509189062499996,0.9608723136048403,0.8728227727656928,584,92,eta below minimum,
100.0,3,quadratic,10.0,0.95,0.05,0.001,10000,eta below minimum,3.721338909261037,9.785555595734573e-13,1.4012649260567188e-12,7.3509189062499996,0.9608723136048403,0.8728227727656928,584,92,eta below minimum,
100.0,3,quadratic,10.0,0.95,0.01,0.001,10000,eta below minimum,3.721338909261037,9.785555595734573e-13,1.4012649260567188e-12,7.3509189062499996,0.9608723136048403,0.8728227727656928,584,92,eta below minimum,
100.0,3,quadratic,10.0,0.95,0.005,0.001,10000,eta below minimum,3.721338909261037,9.785555595734573e-13,1.4012649260567188e-12,7.3509189062499996,0.9608723136048403,0.8728227727656928,584,92,eta below minimum,
100.0,3,quadratic,10.0,0.95,0.001,0.001,10000,eta below minimum,3.721338909261037,9.785555595734573e-13,1.4012649260567188e-12,7.3509189062499996,0.9608723136048403,0.8728227727656928,584,92,eta below minimum,
100.0,4,quadratic,10.0,0.95,0.1,0.001,10000,eta below minimum,3.5084750001473077,9.785555595734573e-13,1.483318483207575e-11,5.987369392383788,1.5268767236544802,1.4371441236344356,584,151,eta below minimum,
100.0,4,quadratic,10.0,0.95,0.05,0.001,10000,eta below minimum,3.5084750001473077,9.785555595734573e-13,1.483318483207575e-11,5.987369392383788,1.5268767236544802,1.4371441236344356,584,151,eta below minimum,
100.0,4,quadratic,10.0,0.95,0.01,0.001,10000,eta below minimum,3.5084750001473077,9.785555595734573e-13,1.483318483207575e-11,5.987369392383788,1.5268767236544802,1.4371441236344356,584,151,eta below minimum,
100.0,4,quadratic,10.0,0.95,0.005,0.001,10000,eta below minimum,3.5084750001473077,9.785555595734573e-13,1.483318483207575e-11,5.987369392383788,1.5268767236544802,1.4371441236344356,584,151,eta below minimum,
100.0,4,quadratic,10.0,0.95,0.001,0.001,10000,eta below minimum,3.5084750001473077,9.785555595734573e-13,1.483318483207575e-11,5.987369392383788,1.5268767236544802,1.4371441236344356,584,151,eta below minimum,
