method,instance_idx,rho,eta,0.1,0.05,0.01,0.005,0.001,iterations,converged,matrix_file,n_agents,n_resources,min_positive_value,max_value,max_value_ratio
additive,0,1.2,0.07,42.0,44.0,48.0,49.0,53.0,53.0,True,instance_24129_valuation_matrix.csv,2,4,5.12821,71.7949,13.999992200007409
additive,1,1.2,0.048,19.0,20.0,23.0,25.0,31.0,31.0,True,instance_16895_valuation_matrix.csv,2,4,8.04598,70.8861,8.810126299095947
additive,2,1.2,4.5e-05,19165.0,19227.0,19375.0,19439.0,19588.0,19588.0,True,instance_14353_valuation_matrix.csv,2,6,0.0655523,98.3284,1499.9992372502568
additive,3,1.2,0.0576,15.0,16.0,19.0,21.0,24.0,24.0,True,instance_15114_valuation_matrix.csv,2,4,8.0,56.0,7.0
additive,4,1.2,0.00216,524.0,532.0,550.0,558.0,577.0,577.0,True,instance_18898_valuation_matrix.csv,2,4,0.469484,72.5953,154.62784674238097
additive,5,1.2,0.01152,78.0,81.0,85.0,87.0,92.0,92.0,True,instance_20867_valuation_matrix.csv,2,4,1.5887,78.5047,49.41442688990999
additive,6,1.2,0.096,10.0,11.0,13.0,14.0,16.0,16.0,True,instance_13237_valuation_matrix.csv,2,4,9.83607,56.7568,5.770272070044236
additive,7,1.2,0.021,64.0,68.0,74.0,76.0,82.0,82.0,True,instance_9885_valuation_matrix.csv,2,4,1.49254,71.1864,47.694802149356136
additive,8,1.2,0.0576,15.0,16.0,19.0,21.0,24.0,24.0,True,instance_19470_valuation_matrix.csv,2,4,8.0,56.0,7.0
additive,9,1.2,1.0,0.0,0.0,0.0,0.0,0.0,0.0,True,instance_16130_valuation_matrix.csv,5,7,14.2857,14.2857,1.0
additive,10,1.2,0.06,15.0,16.0,18.0,19.0,23.0,23.0,True,instance_18685_valuation_matrix.csv,2,4,8.95522,62.6866,7.000006700002903
additive,11,1.2,0.06,14.0,15.0,19.0,20.0,24.0,24.0,True,instance_21385_valuation_matrix.csv,2,4,6.73401,47.138,6.999989605005042
additive,12,1.2,0.00504,715.0,881.0,1308.0,1499.0,1947.0,1947.0,True,instance_14312_valuation_matrix.csv,5,6,0.398918,55.0508,138.0002907865777
additive,13,1.2,0.0378,11.0,13.0,114.0,117.0,125.0,125.0,True,instance_12048_valuation_matrix.csv,2,4,3.8961,58.3333,14.972228638895306
additive,14,1.2,0.072,10.0,12.0,16.0,17.0,21.0,21.0,True,instance_22232_valuation_matrix.csv,2,4,7.69231,44.4444,5.77777026666892
additive,15,1.2,0.084,15.0,16.0,19.0,20.0,22.0,22.0,True,instance_9544_valuation_matrix.csv,3,3,9.85915,78.8732,8.0
additive,16,1.2,3.2000000000000007e-06,,,,,,60000.0,False,instance_15322_valuation_matrix.csv,2,4,0.0142745,99.9215,6999.999999999999
additive,17,1.2,0.0485999999999999,19.0,20.0,23.0,24.0,27.0,27.0,True,instance_9733_valuation_matrix.csv,2,4,8.51064,65.1163,7.651163719767255
additive,18,1.2,0.08,13.0,17.0,28.0,32.0,43.0,43.0,True,instance_13078_valuation_matrix.csv,2,4,8.0,56.0,7.0
additive,19,1.2,0.03,32.0,37.0,49.0,54.0,66.0,66.0,True,instance_16068_valuation_matrix.csv,2,4,4.16667,58.3333,13.999980800015361
additive,20,1.2,0.0001259999999999,9967.0,10020.0,10145.0,10199.0,10325.0,10325.0,True,instance_11689_valuation_matrix.csv,2,8,0.0649808,53.8531,828.7540319602097
additive,21,1.2,0.0216,44.0,47.0,54.0,57.0,64.0,64.0,True,instance_16448_valuation_matrix.csv,2,4,3.30579,69.4215,20.999972775040156
additive,22,1.2,0.00648,403.0,423.0,471.0,491.0,539.0,539.0,True,instance_19266_valuation_matrix.csv,3,8,0.934579,74.7664,80.00008560004024
additive,23,1.2,0.05,20.0,22.0,27.0,30.0,36.0,36.0,True,instance_19011_valuation_matrix.csv,2,4,8.0,62.7291,7.8411375
additive,24,1.2,0.06,15.0,16.0,19.0,20.0,23.0,23.0,True,instance_10101_valuation_matrix.csv,2,4,5.37634,47.4576,8.827120308611434
additive,25,1.2,0.0144,71.0,75.0,86.0,90.0,101.0,101.0,True,instance_14277_valuation_matrix.csv,2,4,2.5,78.5047,31.40188
additive,26,1.2,0.02,46.0,48.0,52.0,54.0,58.0,58.0,True,instance_15454_valuation_matrix.csv,2,4,3.32226,75.0,22.574994130501526
additive,27,1.2,0.012,94.0,100.0,114.0,120.0,134.0,134.0,True,instance_12288_valuation_matrix.csv,2,5,2.12766,74.4681,35.0
additive,28,1.2,0.01134,363.0,399.0,466.0,492.0,554.0,554.0,True,instance_18141_valuation_matrix.csv,2,4,1.6129,64.5161,40.000062000124
additive,29,1.2,0.00972,212.0,237.0,291.0,313.0,365.0,365.0,True,instance_19050_valuation_matrix.csv,2,4,1.66667,61.3139,36.78826642346715
additive,30,1.2,0.06,14.0,15.0,18.0,19.0,24.0,24.0,True,instance_21252_valuation_matrix.csv,2,4,7.36842,58.9474,8.000005428572203
additive,31,1.2,0.072,7.0,8.0,10.0,11.0,14.0,14.0,True,instance_21380_valuation_matrix.csv,2,5,8.69565,26.087,3.000005750001437
additive,32,1.2,0.0027,833.0,882.0,997.0,1047.0,1163.0,1163.0,True,instance_10018_valuation_matrix.csv,4,4,0.192678,79.3651,411.905355048319
additive,33,1.2,0.0126,76.0,79.0,86.0,89.0,96.0,96.0,True,instance_9844_valuation_matrix.csv,2,4,2.537,88.7949,34.99996058336618
additive,34,1.2,0.0576,15.0,16.0,19.0,21.0,24.0,24.0,True,instance_14239_valuation_matrix.csv,2,4,8.0,56.0,7.0
additive,35,1.2,0.036,53.0,55.0,59.0,60.0,64.0,64.0,True,instance_13205_valuation_matrix.csv,3,4,2.36686,67.2,28.3920468468773
additive,36,1.2,0.0576,15.0,16.0,19.0,21.0,24.0,24.0,True,instance_14240_valuation_matrix.csv,2,4,8.0,56.0,7.0
additive,37,1.2,0.0336,28.0,29.0,34.0,36.0,40.0,40.0,True,instance_20974_valuation_matrix.csv,2,4,4.08163,59.5745,14.595761987245293
additive,38,1.2,0.02,11.0,13.0,20.0,23.0,29.0,29.0,True,instance_11868_valuation_matrix.csv,6,28,0.157853,78.9266,500.0006335007887
additive,39,1.2,0.027,38.0,42.0,50.0,53.0,62.0,62.0,True,instance_12235_valuation_matrix.csv,2,4,3.77358,61.3139,16.24820462266601
additive,40,1.2,0.045,20.0,22.0,26.0,27.0,31.0,31.0,True,instance_14581_valuation_matrix.csv,2,4,8.08625,62.2642,7.700009275003866
additive,41,1.2,0.05,26.0,28.0,32.0,34.0,38.0,38.0,True,instance_18016_valuation_matrix.csv,2,4,6.89655,66.6667,9.66667391666848
additive,42,1.2,0.1079999999999999,6.0,7.0,9.0,10.0,13.0,13.0,True,instance_10300_valuation_matrix.csv,2,4,12.5,40.0,3.2
additive,43,1.2,0.0576,15.0,16.0,19.0,21.0,24.0,24.0,True,instance_15870_valuation_matrix.csv,2,4,8.0,56.0,7.0
additive,44,1.2,0.016,55.0,57.0,61.0,63.0,67.0,67.0,True,instance_10177_valuation_matrix.csv,2,4,3.8674,85.5397,22.11814138697833
additive,45,1.2,0.04,28.0,33.0,44.0,49.0,59.0,59.0,True,instance_17132_valuation_matrix.csv,2,4,6.25,50.0,8.0
additive,46,1.2,0.0216,36.0,46.0,70.0,81.0,104.0,104.0,True,instance_19269_valuation_matrix.csv,3,5,2.04082,40.0,19.599964720063504
additive,47,1.2,0.012,75.0,81.0,95.0,101.0,115.0,115.0,True,instance_10513_valuation_matrix.csv,2,13,0.0392619,98.1547,2499.9987265007553
additive,48,1.2,0.0144,71.0,75.0,86.0,90.0,101.0,101.0,True,instance_14278_valuation_matrix.csv,2,4,2.5,78.5047,31.40188
additive,49,1.2,0.0324,47.0,50.0,57.0,59.0,66.0,66.0,True,instance_15774_valuation_matrix.csv,2,4,4.44444,62.2222,14.000009000009
additive,50,1.2,0.06,13.0,16.0,24.0,27.0,35.0,35.0,True,instance_10941_valuation_matrix.csv,2,4,6.97674,48.8372,7.000002866668387
additive,51,1.2,0.00144,829.0,855.0,915.0,951.0,1042.0,1042.0,True,instance_14359_valuation_matrix.csv,2,6,0.388457,83.2408,214.28575106125
additive,52,1.2,0.021,139.0,155.0,197.0,214.0,254.0,254.0,True,instance_18644_valuation_matrix.csv,2,4,2.25564,63.1579,27.999991133336877
additive,53,1.2,0.01728,51.0,57.0,71.0,77.0,90.0,90.0,True,instance_23882_valuation_matrix.csv,2,4,2.8169,59.1549,21.0
additive,54,1.2,0.0147,94.0,99.0,109.0,114.0,124.0,124.0,True,instance_17220_valuation_matrix.csv,3,3,1.49254,89.5522,59.9998660002412
additive,55,1.2,0.0324,32.0,33.0,37.0,39.0,43.0,43.0,True,instance_10265_valuation_matrix.csv,2,4,5.43478,76.087,14.000014720007066
additive,56,1.2,0.01152,186.0,226.0,299.0,328.0,394.0,394.0,True,instance_11710_valuation_matrix.csv,2,4,1.7094,59.8291,35.0000585000585
additive,57,1.2,0.000486,2952.0,3013.0,3159.0,3222.0,3369.0,3369.0,True,instance_16146_valuation_matrix.csv,3,6,0.131156,92.7272,706.9992985452438
additive,58,1.2,0.042,25.0,26.0,30.0,32.0,36.0,36.0,True,instance_17644_valuation_matrix.csv,2,4,6.97674,69.7674,9.999999999999998
additive,59,1.2,0.144,16.0,20.0,28.0,32.0,41.0,41.0,True,instance_20908_valuation_matrix.csv,4,5,3.46021,62.2837,17.999976880015954
additive,60,1.2,0.056,10.0,11.0,14.0,15.0,18.0,18.0,True,instance_23731_valuation_matrix.csv,2,6,8.73362,33.2103,3.802581289316457
additive,61,1.2,0.024,48.0,53.0,62.0,66.0,75.0,75.0,True,instance_12786_valuation_matrix.csv,2,4,3.30579,69.4215,20.999972775040156
additive,62,1.2,0.00216,426.0,477.0,597.0,650.0,771.0,771.0,True,instance_18132_valuation_matrix.csv,2,4,0.862069,60.3448,69.9999652000014
additive,63,1.2,0.0224,51.0,53.0,60.0,62.0,69.0,69.0,True,instance_16094_valuation_matrix.csv,2,4,3.50877,73.6842,21.000008550004704
additive,64,1.2,0.00432,460.0,558.0,740.0,814.0,982.0,982.0,True,instance_10557_valuation_matrix.csv,2,4,0.766284,60.3448,78.74991517505259
additive,65,1.2,0.036,19.0,24.0,41.0,49.0,66.0,66.0,True,instance_18758_valuation_matrix.csv,2,4,1.62602,81.3008,49.99987700028289
additive,66,1.2,0.00441,214.0,237.0,291.0,314.0,368.0,368.0,True,instance_9838_valuation_matrix.csv,2,4,0.925926,64.8148,69.99997840000174
additive,67,1.2,0.0224,51.0,53.0,59.0,61.0,65.0,65.0,True,instance_12871_valuation_matrix.csv,2,4,2.62172,56.0,21.360023190882323
additive,68,1.2,0.0576,15.0,16.0,19.0,21.0,24.0,24.0,True,instance_10224_valuation_matrix.csv,2,4,8.0,56.0,7.0
additive,69,1.2,0.00216,524.0,532.0,550.0,558.0,577.0,577.0,True,instance_18897_valuation_matrix.csv,2,4,0.469484,72.5953,154.62784674238097
additive,70,1.2,0.0404999999999999,21.0,23.0,28.0,30.0,36.0,36.0,True,instance_14080_valuation_matrix.csv,2,4,7.40741,56.0,7.559997354000926
additive,71,1.2,0.0096,127.0,135.0,151.0,159.0,176.0,176.0,True,instance_12350_valuation_matrix.csv,2,4,1.47059,76.3636,51.927185687377175
additive,72,1.2,0.03,27.0,30.0,37.0,40.0,47.0,47.0,True,instance_14417_valuation_matrix.csv,2,6,4.34783,45.6522,10.499996550003106
additive,73,1.2,0.0576,15.0,16.0,19.0,21.0,24.0,24.0,True,instance_9580_valuation_matrix.csv,2,4,8.0,56.0,7.0
additive,74,1.2,0.03402,33.0,36.0,41.0,44.0,50.0,50.0,True,instance_14997_valuation_matrix.csv,2,6,3.92157,48.3871,12.338706181452835
additive,75,1.2,9.000000000000002e-07,,,,,,60000.0,False,instance_15875_valuation_matrix.csv,2,2,0.0999001,99.9001,999.9999999999999
additive,76,1.2,0.0084,290.0,895.0,935.0,952.0,992.0,992.0,True,instance_9879_valuation_matrix.csv,2,4,1.52091,74.5247,49.000072325121145
additive,77,1.2,0.0324,30.0,32.0,35.0,37.0,42.0,42.0,True,instance_23011_valuation_matrix.csv,2,4,2.37288,59.5745,25.106410775091874
additive,78,1.2,0.0189,27.0,32.0,43.0,48.0,59.0,59.0,True,instance_20746_valuation_matrix.csv,2,4,4.60829,38.7097,8.40001388801486
additive,79,1.2,0.03,60.0,67.0,83.0,90.0,107.0,107.0,True,instance_15826_valuation_matrix.csv,4,4,2.4948,61.1227,24.500040083373417
additive,80,1.2,0.1079999999999999,6.0,7.0,10.0,11.0,13.0,13.0,True,instance_16323_valuation_matrix.csv,2,3,14.2857,50.0,3.5000035000035
additive,81,1.2,0.0056,593.0,623.0,723.0,779.0,903.0,903.0,True,instance_20410_valuation_matrix.csv,3,4,0.00989022,98.9022,10000.0
additive,82,1.2,1.0,0.0,0.0,0.0,0.0,0.0,0.0,True,instance_15474_valuation_matrix.csv,3,3,33.3333,33.3333,1.0
additive,83,1.2,0.01701,117.0,121.0,132.0,136.0,148.0,148.0,True,instance_14101_valuation_matrix.csv,2,4,1.31579,52.6316,40.0
additive,84,1.2,0.045,31.0,32.0,35.0,36.0,39.0,39.0,True,instance_12222_valuation_matrix.csv,2,4,1.89573,81.5166,43.00011077526863
additive,85,1.2,0.0336,28.0,29.0,34.0,35.0,40.0,40.0,True,instance_14178_valuation_matrix.csv,2,4,4.65116,65.1163,14.00001290000774
additive,86,1.2,0.0576,15.0,16.0,19.0,21.0,24.0,24.0,True,instance_15514_valuation_matrix.csv,2,4,8.0,56.0,7.0
additive,87,1.2,0.072,21.0,23.0,29.0,32.0,38.0,38.0,True,instance_15790_valuation_matrix.csv,3,4,6.06061,53.8462,8.884617224998804
additive,88,1.2,0.036,28.0,29.0,33.0,35.0,38.0,38.0,True,instance_10317_valuation_matrix.csv,2,4,5.17241,72.4138,14.000011600008506
additive,89,1.2,0.0315,34.0,36.0,40.0,42.0,46.0,46.0,True,instance_19083_valuation_matrix.csv,2,4,4.28571,60.0,14.000014000014
additive,90,1.2,0.03,39.0,42.0,49.0,53.0,60.0,60.0,True,instance_11206_valuation_matrix.csv,2,4,4.87805,68.2927,14.0
additive,91,1.2,0.0512,47.0,49.0,54.0,56.0,61.0,61.0,True,instance_20363_valuation_matrix.csv,3,4,3.22581,62.6866,19.432824623892913
additive,92,1.2,0.03,40.0,54.0,84.0,97.0,127.0,127.0,True,instance_19128_valuation_matrix.csv,2,4,4.16667,58.3333,13.999980800015361
additive,93,1.2,0.0576,14.0,17.0,22.0,24.0,29.0,29.0,True,instance_14140_valuation_matrix.csv,2,4,7.14286,50.0,6.99999720000112
additive,94,1.2,0.00324,300.0,330.0,398.0,428.0,497.0,497.0,True,instance_14337_valuation_matrix.csv,2,6,0.776915,57.1429,73.5510319661739
additive,95,1.2,0.048,13.0,15.0,20.0,22.0,27.0,27.0,True,instance_23171_valuation_matrix.csv,2,4,6.16967,42.6396,6.911163806167915
additive,96,1.2,0.04,9.0,9.0,9.0,10.0,10.0,10.0,True,instance_9637_valuation_matrix.csv,2,4,5.55556,38.8889,6.99999640000288
additive,97,1.2,0.0431999999999999,24.0,26.0,32.0,35.0,41.0,41.0,True,instance_10998_valuation_matrix.csv,2,4,5.51181,60.0,10.885716307347314
additive,98,1.2,2.0000000000000003e-06,,,,,,60000.0,False,instance_20415_valuation_matrix.csv,2,4,0.00845952,71.06,8400.003782720532
additive,99,1.2,0.0756,16.0,20.0,26.0,30.0,38.0,38.0,True,instance_10461_valuation_matrix.csv,2,4,6.25,56.0,8.96
additive,100,1.2,0.08,7.0,9.0,17.0,21.0,30.0,30.0,True,instance_14813_valuation_matrix.csv,2,5,9.23077,45.4545,4.92423708964691
additive,101,1.2,0.0189,272.0,278.0,291.0,297.0,310.0,310.0,True,instance_10737_valuation_matrix.csv,4,5,0.763359,83.3333,109.1665913416885
additive,102,1.2,0.18,4.0,5.0,6.0,7.0,10.0,10.0,True,instance_15823_valuation_matrix.csv,3,3,18.1818,45.4545,2.5000000000000004
additive,103,1.2,0.04,22.0,24.0,29.0,31.0,36.0,36.0,True,instance_19034_valuation_matrix.csv,2,4,7.45712,58.3333,7.822497157079409
additive,104,1.2,0.0189,27.0,32.0,43.0,48.0,59.0,59.0,True,instance_20743_valuation_matrix.csv,2,4,4.60829,38.7097,8.40001388801486
additive,105,1.2,0.00072,1523.0,1546.0,1600.0,1623.0,1677.0,1677.0,True,instance_14441_valuation_matrix.csv,2,5,0.265604,92.9615,350.0003765003539
additive,106,1.2,6.000000000000001e-06,46603.0,,,,,60000.0,False,instance_12688_valuation_matrix.csv,2,4,0.00185934,99.6845,53612.8411156647
additive,107,1.2,0.00054,2895.0,2930.0,3014.0,3050.0,3134.0,3134.0,True,instance_14332_valuation_matrix.csv,2,5,0.208106,89.1884,428.57197774211215
additive,108,1.2,0.0576,15.0,16.0,19.0,21.0,24.0,24.0,True,instance_11842_valuation_matrix.csv,2,4,8.0,56.0,7.0
additive,109,1.2,0.00864,112.0,128.0,167.0,184.0,222.0,222.0,True,instance_18656_valuation_matrix.csv,2,4,1.49254,62.6866,41.999946400096476
additive,110,1.2,0.0576,15.0,16.0,19.0,21.0,24.0,24.0,True,instance_19411_valuation_matrix.csv,2,4,8.0,56.0,7.0
additive,111,1.2,0.04,19.0,21.0,26.0,28.0,33.0,33.0,True,instance_19468_valuation_matrix.csv,2,5,4.34783,34.7826,7.9999908000082804
additive,112,1.2,0.000108,11351.0,11840.0,12991.0,13490.0,14650.0,14650.0,True,instance_14344_valuation_matrix.csv,2,6,0.0470921,75.9494,1612.7843098948656
additive,113,1.2,0.0225,52.0,60.0,78.0,86.0,103.0,103.0,True,instance_14133_valuation_matrix.csv,2,4,3.125,43.75,14.0
additive,114,1.2,0.05,28.0,36.0,53.0,61.0,77.0,77.0,True,instance_18924_valuation_matrix.csv,2,4,4.34783,60.8696,13.99999540000414
additive,115,1.2,0.045,18.0,20.0,25.0,27.0,32.0,32.0,True,instance_16808_valuation_matrix.csv,2,4,6.57895,50.9091,7.738180104727959
additive,116,1.2,0.024,34.0,39.0,49.0,53.0,63.0,63.0,True,instance_17413_valuation_matrix.csv,2,4,3.94737,55.2632,14.00000506666464
additive,117,1.2,0.028,49.0,50.0,55.0,57.0,61.0,61.0,True,instance_19748_valuation_matrix.csv,2,4,1.34048,75.067,56.000089520171876
additive,118,1.2,0.06,14.0,17.0,26.0,31.0,50.0,50.0,True,instance_23934_valuation_matrix.csv,2,5,6.3745,39.8406,6.2499960781237744
additive,119,1.2,0.027,37.0,40.0,47.0,50.0,57.0,57.0,True,instance_21085_valuation_matrix.csv,2,4,4.44444,62.543,14.072189072189072
additive,120,1.2,0.0324,29.0,31.0,37.0,39.0,44.0,44.0,True,instance_21961_valuation_matrix.csv,2,4,4.16667,58.3333,13.999980800015361
additive,121,1.2,0.0431999999999999,22.0,23.0,27.0,29.0,32.0,32.0,True,instance_18805_valuation_matrix.csv,2,4,6.54206,65.4206,9.999999999999998
additive,122,1.2,0.00144,680.0,716.0,795.0,829.0,908.0,908.0,True,instance_14181_valuation_matrix.csv,2,4,0.22792,69.4215,304.5871358371358
additive,123,1.2,0.0576,15.0,16.0,19.0,21.0,24.0,24.0,True,instance_11875_valuation_matrix.csv,2,4,8.0,56.0,7.0
additive,124,1.2,0.035,26.0,28.0,32.0,34.0,38.0,38.0,True,instance_22641_valuation_matrix.csv,2,4,4.87805,68.2927,14.0
additive,125,1.2,0.054,16.0,18.0,21.0,23.0,27.0,27.0,True,instance_13553_valuation_matrix.csv,2,4,5.47945,57.5342,10.499995437498288
additive,126,1.2,0.1,5.0,5.0,6.0,6.0,7.0,7.0,True,instance_14761_valuation_matrix.csv,2,4,14.2857,33.3333,2.3333333333333335
additive,127,1.2,0.045,30.0,33.0,41.0,44.0,51.0,51.0,True,instance_10693_valuation_matrix.csv,2,4,6.82594,63.0485,9.236603310313305
additive,128,1.2,0.018,50.0,52.0,56.0,58.0,62.0,62.0,True,instance_21318_valuation_matrix.csv,2,4,3.26531,82.0312,25.122025167595112
additive,129,1.2,0.0036,390.0,467.0,632.0,702.0,861.0,861.0,True,instance_16462_valuation_matrix.csv,2,6,1.10254,55.2632,50.12353293304551
additive,130,1.2,0.018,70.0,84.0,114.0,126.0,156.0,156.0,True,instance_10325_valuation_matrix.csv,2,4,3.2967,51.8519,15.728425395092062
additive,131,1.2,0.0215999999999999,38.0,44.0,55.0,60.0,72.0,72.0,True,instance_21624_valuation_matrix.csv,2,6,3.2967,46.1538,14.0
additive,132,1.2,4.5000000000000003e-07,,,,,,60000.0,False,instance_15728_valuation_matrix.csv,2,4,0.000232249,67.2172,289418.6842569828
additive,133,1.2,0.056,17.0,18.0,21.0,22.0,24.0,24.0,True,instance_20831_valuation_matrix.csv,2,4,7.84314,62.6866,7.992538702611454
additive,134,1.2,0.0324,29.0,31.0,37.0,39.0,44.0,44.0,True,instance_21959_valuation_matrix.csv,2,4,4.16667,58.3333,13.999980800015361
additive,135,1.2,0.00063,416.0,421.0,8338.0,8707.0,9556.0,9556.0,True,instance_23635_valuation_matrix.csv,2,4,0.390625,68.3594,175.00006399999998
additive,136,1.2,0.0045,263.0,304.0,395.0,434.0,524.0,524.0,True,instance_14219_valuation_matrix.csv,2,4,0.816327,52.4345,64.23222556647029
additive,137,1.2,0.0108,156.0,162.0,178.0,186.0,204.0,204.0,True,instance_13945_valuation_matrix.csv,3,5,1.13895,74.1811,65.13112954914615
additive,138,1.2,0.048,18.0,19.0,24.0,26.0,30.0,30.0,True,instance_18580_valuation_matrix.csv,2,4,7.69231,53.8462,7.0000038999988305
additive,139,1.2,0.04,26.0,28.0,32.0,34.0,38.0,38.0,True,instance_21152_valuation_matrix.csv,2,4,5.47945,57.5342,10.499995437498288
additive,140,1.2,0.064,9.0,10.0,13.0,14.0,17.0,17.0,True,instance_17692_valuation_matrix.csv,2,4,4.72441,60.6299,12.833327336111811
additive,141,1.2,1.0,0.0,0.0,0.0,0.0,0.0,0.0,True,instance_14725_valuation_matrix.csv,2,4,25.0,25.0,1.0
additive,142,1.2,0.08,13.0,17.0,28.0,32.0,43.0,43.0,True,instance_18958_valuation_matrix.csv,2,4,8.0,56.0,7.0
additive,143,1.2,0.0576,15.0,16.0,19.0,21.0,24.0,24.0,True,instance_9638_valuation_matrix.csv,2,4,8.0,56.0,7.0
additive,144,1.2,0.0008748,1103.0,1119.0,1155.0,1170.0,1206.0,1206.0,True,instance_14341_valuation_matrix.csv,2,6,0.32543,92.98,285.7142857142857
additive,145,1.2,0.036,264.0,282.0,313.0,325.0,353.0,353.0,True,instance_19423_valuation_matrix.csv,4,5,0.696864,69.6864,100.0
additive,146,1.2,0.2,3.0,3.0,4.0,4.0,5.0,5.0,True,instance_15829_valuation_matrix.csv,3,3,28.5714,42.8571,1.5
additive,147,1.2,1.2000000000000002e-06,,,,,,60000.0,False,instance_23909_valuation_matrix.csv,2,4,0.049975,56.0,1120.56028014007
additive,148,1.2,0.0048,507.0,693.0,949.0,1047.0,1269.0,1269.0,True,instance_21032_valuation_matrix.csv,2,4,0.928793,65.0155,69.99998923333833
additive,149,1.2,0.0162,119.0,123.0,132.0,136.0,145.0,145.0,True,instance_16546_valuation_matrix.csv,2,4,3.0581,72.1649,23.59795297733887
additive,150,1.2,0.0225,41.0,43.0,47.0,50.0,54.0,54.0,True,instance_11774_valuation_matrix.csv,2,4,3.9548,79.096,20.0
additive,151,1.2,0.0404999999999999,27.0,30.0,37.0,39.0,46.0,46.0,True,instance_19882_valuation_matrix.csv,2,4,6.66667,66.6667,10.000000000000002
additive,152,1.2,0.016,74.0,78.0,87.0,91.0,100.0,100.0,True,instance_21556_valuation_matrix.csv,2,4,2.32558,65.1163,28.00002580001548
additive,153,1.2,2.4300000000000005e-05,33886.0,34120.0,34679.0,34922.0,35489.0,35489.0,True,instance_20023_valuation_matrix.csv,2,4,0.0279252,97.7381,3499.9964190050564
additive,154,1.2,0.0288,36.0,38.0,42.0,44.0,48.0,48.0,True,instance_21132_valuation_matrix.csv,2,4,4.0,72.4138,18.10345
additive,155,1.2,0.036,19.0,29.0,58.0,70.0,97.0,97.0,True,instance_20447_valuation_matrix.csv,3,5,3.0303,44.4444,14.666666666666668
additive,156,1.2,0.00045,3214.0,3248.0,3329.0,3364.0,3446.0,3446.0,True,instance_18432_valuation_matrix.csv,2,4,0.264725,92.6539,350.00056662574366
additive,157,1.2,0.07,12.0,15.0,22.0,25.0,31.0,31.0,True,instance_11851_valuation_matrix.csv,2,4,7.40741,51.8519,7.000004049998583
additive,158,1.2,0.08,12.0,15.0,20.0,22.0,27.0,27.0,True,instance_9658_valuation_matrix.csv,2,4,9.52381,52.8302,5.547170722641464
additive,159,1.2,0.00144,812.0,836.0,910.0,950.0,1040.0,1040.0,True,instance_14358_valuation_matrix.csv,2,6,0.388457,83.2408,214.28575106125
additive,160,1.2,0.024,36.0,39.0,49.0,54.0,64.0,64.0,True,instance_17824_valuation_matrix.csv,2,4,3.14961,57.6923,18.317283727191622
additive,161,1.2,0.0192,83.0,105.0,148.0,166.0,206.0,206.0,True,instance_15786_valuation_matrix.csv,2,4,2.98507,62.6866,21.000043550067502
additive,162,1.2,0.0049,289.0,310.0,358.0,379.0,428.0,428.0,True,instance_15871_valuation_matrix.csv,2,4,0.77821,64.1221,82.39691085953663
additive,163,1.2,0.072,7.0,8.0,10.0,11.0,13.0,13.0,True,instance_10301_valuation_matrix.csv,2,4,12.5,37.5,3.0
additive,164,1.2,0.016,46.0,52.0,65.0,72.0,87.0,87.0,True,instance_19268_valuation_matrix.csv,2,8,2.0,32.0,16.0
additive,165,1.2,0.096,7.0,9.0,12.0,13.0,16.0,16.0,True,instance_16022_valuation_matrix.csv,2,3,11.1111,55.5556,5.000009000008999
additive,166,1.2,0.05,28.0,32.0,42.0,46.0,55.0,55.0,True,instance_9997_valuation_matrix.csv,2,4,6.06061,53.8462,8.884617224998804
additive,167,1.2,0.07,12.0,13.0,15.0,15.0,17.0,17.0,True,instance_10481_valuation_matrix.csv,2,4,7.84314,54.902,7.000002549999108
additive,168,1.2,0.00144,824.0,848.0,930.0,971.0,1065.0,1065.0,True,instance_14360_valuation_matrix.csv,2,6,0.388457,83.2408,214.28575106125
additive,169,1.2,6.999999999999999e-06,39819.0,40810.0,,,,60000.0,False,instance_18979_valuation_matrix.csv,2,4,0.0465333,97.7199,2099.999355300398
additive,170,1.2,0.0576,15.0,16.0,19.0,21.0,24.0,24.0,True,instance_9741_valuation_matrix.csv,2,4,8.0,56.0,7.0
additive,171,1.2,0.0576,15.0,16.0,19.0,21.0,24.0,24.0,True,instance_14241_valuation_matrix.csv,2,4,8.0,56.0,7.0
additive,172,1.2,0.001512,220.0,2020.0,2233.0,2324.0,2534.0,2534.0,True,instance_12506_valuation_matrix.csv,2,4,0.516796,59.6899,115.49992647001912
additive,173,1.2,0.05,17.0,18.0,22.0,24.0,27.0,27.0,True,instance_15543_valuation_matrix.csv,2,4,7.53425,54.902,7.286989415004811
additive,174,1.2,0.018,122.0,130.0,150.0,159.0,179.0,179.0,True,instance_16670_valuation_matrix.csv,3,6,0.403226,79.0323,196.00000991999528
additive,175,1.2,0.027,45.0,47.0,53.0,56.0,62.0,62.0,True,instance_11026_valuation_matrix.csv,2,4,3.84615,74.6667,19.413361413361415
additive,176,1.2,0.0225,203.0,215.0,243.0,254.0,281.0,281.0,True,instance_19609_valuation_matrix.csv,5,8,1.38889,55.5556,40.0
additive,177,1.2,0.054,29.0,32.0,40.0,44.0,52.0,52.0,True,instance_20309_valuation_matrix.csv,2,5,4.54545,54.5455,12.000022000022
additive,178,1.2,1.0,0.0,0.0,0.0,0.0,0.0,0.0,True,instance_15874_valuation_matrix.csv,2,2,50.0,50.0,1.0
additive,179,1.2,0.0192,68.0,73.0,84.0,88.0,98.0,98.0,True,instance_18792_valuation_matrix.csv,2,4,2.94118,61.7647,20.999972800032637
additive,180,1.2,0.00864,132.0,138.0,153.0,159.0,174.0,174.0,True,instance_22152_valuation_matrix.csv,2,4,0.800641,56.0448,69.99991257005324
additive,181,1.2,0.0144,80.0,86.0,102.0,110.0,127.0,127.0,True,instance_11975_valuation_matrix.csv,2,4,0.900901,63.0631,70.00003329999635
additive,182,1.2,0.0576,15.0,16.0,19.0,21.0,24.0,24.0,True,instance_9581_valuation_matrix.csv,2,4,8.0,56.0,7.0
additive,183,1.2,0.027,34.0,38.0,49.0,54.0,64.0,64.0,True,instance_9572_valuation_matrix.csv,2,4,5.27903,59.1252,11.200012123439345
additive,184,1.2,0.0252,39.0,42.0,48.0,51.0,58.0,58.0,True,instance_24127_valuation_matrix.csv,2,6,4.16667,58.3333,13.999980800015361
additive,185,1.2,0.018,84.0,89.0,101.0,106.0,119.0,119.0,True,instance_15235_valuation_matrix.csv,2,4,2.17391,50.9091,23.4182187855063
additive,186,1.2,0.4800000000000001,2.0,3.0,4.0,5.0,7.0,7.0,True,instance_14324_valuation_matrix.csv,5,4,14.2857,33.3333,2.3333333333333335
additive,187,1.2,0.045,22.0,23.0,25.0,27.0,31.0,31.0,True,instance_10052_valuation_matrix.csv,2,4,3.82775,55.2632,14.437515511723596
additive,188,1.2,0.0144,95.0,113.0,149.0,164.0,198.0,198.0,True,instance_18639_valuation_matrix.csv,2,4,2.40964,50.6024,20.99998340000996
additive,189,1.2,0.01701,66.0,68.0,74.0,77.0,83.0,83.0,True,instance_17473_valuation_matrix.csv,2,4,2.94118,68.5714,23.31424802290237
additive,190,1.2,0.064,16.0,17.0,21.0,23.0,27.0,27.0,True,instance_17379_valuation_matrix.csv,2,4,8.0,68.8525,8.6065625
additive,191,1.2,0.012,81.0,84.0,92.0,95.0,102.0,102.0,True,instance_18720_valuation_matrix.csv,2,4,1.55039,62.2222,40.13325679345197
additive,192,1.2,0.07938,7.0,7.0,7.0,7.0,9.0,9.0,True,instance_10758_valuation_matrix.csv,2,2,9.09091,90.9091,10.0
additive,193,1.2,0.2,3.0,3.0,4.0,4.0,5.0,5.0,True,instance_15835_valuation_matrix.csv,3,3,28.5714,42.8571,1.5
additive,194,1.2,0.0378,77.0,81.0,89.0,93.0,101.0,101.0,True,instance_12046_valuation_matrix.csv,2,4,3.61446,51.2195,14.170719830901435
additive,195,1.2,0.0392,22.0,24.0,32.0,36.0,44.0,44.0,True,instance_15003_valuation_matrix.csv,2,4,4.7619,47.619,10.0
additive,196,1.2,0.056,14.0,16.0,19.0,21.0,24.0,24.0,True,instance_15669_valuation_matrix.csv,2,4,8.23529,50.9091,6.181822376625473
additive,197,1.2,1.0,0.0,0.0,0.0,0.0,0.0,0.0,True,instance_11711_valuation_matrix.csv,2,2,16.6667,83.3333,4.999988000024
additive,198,1.2,0.08,13.0,17.0,28.0,32.0,43.0,43.0,True,instance_10099_valuation_matrix.csv,2,4,8.0,56.0,7.0
additive,199,1.2,0.0576,15.0,16.0,19.0,21.0,24.0,24.0,True,instance_21378_valuation_matrix.csv,2,4,8.0,56.0,7.0
additive,200,1.2,0.0215999999999999,60.0,72.0,96.0,106.0,130.0,130.0,True,instance_20554_valuation_matrix.csv,2,5,2.6087,41.7391,15.999961666730558
additive,201,1.2,0.03,36.0,37.0,40.0,42.0,45.0,45.0,True,instance_18756_valuation_matrix.csv,2,4,5.10949,77.4194,15.1520797574709
additive,202,1.2,0.049,18.0,20.0,22.0,24.0,26.0,26.0,True,instance_19054_valuation_matrix.csv,2,4,7.87402,66.1417,8.399991364004663
additive,203,1.2,0.0063,151.0,173.0,223.0,245.0,296.0,296.0,True,instance_14232_valuation_matrix.csv,2,4,1.55642,54.4747,35.0
additive,204,1.2,0.03,39.0,42.0,49.0,53.0,60.0,60.0,True,instance_9613_valuation_matrix.csv,2,4,4.87805,68.2927,14.0
additive,205,1.2,0.0576,15.0,16.0,19.0,21.0,24.0,24.0,True,instance_14873_valuation_matrix.csv,2,4,8.0,56.0,7.0
additive,206,1.2,0.032,45.0,53.0,69.0,76.0,93.0,93.0,True,instance_11303_valuation_matrix.csv,2,4,4.25532,53.1646,12.493678501264299
additive,207,1.2,0.06,15.0,16.0,18.0,19.0,23.0,23.0,True,instance_18684_valuation_matrix.csv,2,4,8.95522,62.6866,7.000006700002903
additive,208,1.2,0.012,80.0,84.0,93.0,97.0,107.0,107.0,True,instance_21377_valuation_matrix.csv,2,4,2.13523,80.1527,37.53820431522599
additive,209,1.2,0.00216,18.0,23.0,34.0,39.0,50.0,50.0,True,instance_11767_valuation_matrix.csv,2,31,0.775194,9.30233,12.000002579999327
additive,210,1.2,0.064,13.0,14.0,18.0,19.0,23.0,23.0,True,instance_17524_valuation_matrix.csv,2,4,11.3208,52.8302,4.666649000070666
additive,211,1.2,0.0063,50.0,56.0,737.0,795.0,929.0,929.0,True,instance_14460_valuation_matrix.csv,2,4,0.921659,64.5161,69.99996745000048
additive,212,1.2,0.0576,15.0,16.0,19.0,21.0,24.0,24.0,True,instance_22124_valuation_matrix.csv,2,4,8.0,56.0,7.0
additive,213,1.2,4.3200000000000007e-05,19963.0,20028.0,20182.0,20249.0,20405.0,20405.0,True,instance_14352_valuation_matrix.csv,2,6,0.0655523,98.3284,1499.9992372502568
additive,214,1.2,0.03,32.0,35.0,41.0,43.0,49.0,49.0,True,instance_14125_valuation_matrix.csv,2,4,4.0,61.3139,15.328475
additive,215,1.2,0.07,42.0,44.0,48.0,49.0,53.0,53.0,True,instance_24128_valuation_matrix.csv,2,4,5.12821,71.7949,13.999992200007409
additive,216,1.2,0.049,21.0,25.0,36.0,40.0,51.0,51.0,True,instance_17018_valuation_matrix.csv,2,4,5.55556,48.2759,8.689655048275961
additive,217,1.2,0.01512,198.0,207.0,227.0,236.0,257.0,257.0,True,instance_19529_valuation_matrix.csv,4,8,1.16279,59.7015,51.343320805992484
additive,218,1.2,0.72,0.0,5.0,6.0,6.0,7.0,7.0,True,instance_11762_valuation_matrix.csv,2,2,33.3333,66.6667,2.0000030000030002
additive,219,1.2,0.05,17.0,21.0,34.0,146.0,944.0,944.0,True,instance_20483_valuation_matrix.csv,3,5,2.85714,36.3636,12.727272727272728
additive,220,1.2,0.06,15.0,16.0,18.0,19.0,23.0,23.0,True,instance_18681_valuation_matrix.csv,2,4,8.95522,62.6866,7.000006700002903
additive,221,1.2,0.0324,32.0,35.0,43.0,46.0,54.0,54.0,True,instance_10673_valuation_matrix.csv,2,4,4.61538,64.6154,14.000017333350666
additive,222,1.2,0.027,50.0,54.0,65.0,69.0,79.0,79.0,True,instance_19763_valuation_matrix.csv,2,4,5.12821,71.7949,13.999992200007409
additive,223,1.2,0.048,19.0,20.0,23.0,24.0,27.0,27.0,True,instance_23150_valuation_matrix.csv,2,4,6.25,62.5,10.0
additive,224,1.2,1.0,0.0,0.0,0.0,0.0,0.0,0.0,True,instance_13540_valuation_matrix.csv,2,2,50.0,50.0,1.0
additive,225,1.2,0.06,25.0,28.0,33.0,36.0,41.0,41.0,True,instance_10984_valuation_matrix.csv,4,7,4.34783,38.8889,8.944438950004944
additive,226,1.2,0.1296,23.0,29.0,45.0,52.0,68.0,68.0,True,instance_11866_valuation_matrix.csv,4,4,4.47761,54.5455,12.181833612127898
additive,227,1.2,0.028,56.0,60.0,67.0,70.0,77.0,77.0,True,instance_16823_valuation_matrix.csv,2,4,2.63158,65.1163,24.744184102326358
additive,228,1.2,0.0576,15.0,16.0,19.0,21.0,24.0,24.0,True,instance_21637_valuation_matrix.csv,2,4,8.0,56.0,7.0
additive,229,1.2,0.0315,74.0,76.0,82.0,84.0,90.0,90.0,True,instance_15846_valuation_matrix.csv,2,4,3.61991,76.0181,20.99999723750038
additive,230,1.2,0.0144,84.0,88.0,98.0,102.0,112.0,112.0,True,instance_21253_valuation_matrix.csv,2,4,2.02703,70.9459,34.99992600010853
additive,231,1.2,0.054,17.0,18.0,21.0,22.0,25.0,25.0,True,instance_17519_valuation_matrix.csv,2,4,6.25,65.625,10.5
additive,232,1.2,0.096,8.0,9.0,11.0,12.0,15.0,15.0,True,instance_19051_valuation_matrix.csv,2,4,14.4928,50.7246,3.4999862000441597
additive,233,1.2,0.02,46.0,48.0,52.0,54.0,58.0,58.0,True,instance_15455_valuation_matrix.csv,2,4,3.32226,75.0,22.574994130501526
additive,234,1.2,1.6000000000000004e-06,,,,,,60000.0,False,instance_14357_valuation_matrix.csv,2,6,0.00232785,99.7649,42857.09989904848
additive,235,1.2,0.012,94.0,100.0,114.0,120.0,134.0,134.0,True,instance_12289_valuation_matrix.csv,2,5,2.12766,74.4681,35.0
additive,236,1.2,0.05,23.0,26.0,30.0,32.0,37.0,37.0,True,instance_20942_valuation_matrix.csv,2,4,7.40741,65.1163,8.790697423255901
additive,237,1.2,0.07,12.0,13.0,15.0,15.0,17.0,17.0,True,instance_14285_valuation_matrix.csv,2,4,11.2903,56.4516,5.000008857160571
additive,238,1.2,0.0315,27.0,30.0,37.0,41.0,48.0,48.0,True,instance_15574_valuation_matrix.csv,2,4,5.47945,57.5342,10.499995437498288
additive,239,1.2,0.0448,18.0,21.0,28.0,31.0,38.0,38.0,True,instance_16449_valuation_matrix.csv,2,4,5.88235,44.6809,7.5957567978783995
additive,240,1.2,0.0001259999999999,9967.0,10020.0,10145.0,10199.0,10325.0,10325.0,True,instance_11688_valuation_matrix.csv,2,8,0.0649808,53.8531,828.7540319602097
additive,241,1.2,0.009,103.0,136.0,1170.0,1502.0,2245.0,2245.0,True,instance_19267_valuation_matrix.csv,5,8,0.497512,63.0032,126.63654344015822
additive,242,1.2,0.0072,111.0,139.0,203.0,231.0,295.0,295.0,True,instance_10100_valuation_matrix.csv,2,4,1.81818,57.2727,31.500016500016503
additive,243,1.2,0.036,39.0,44.0,55.0,60.0,71.0,71.0,True,instance_18845_valuation_matrix.csv,2,4,4.51128,63.1579,13.999995566668439
additive,244,1.2,0.0576,15.0,16.0,19.0,21.0,24.0,24.0,True,instance_22181_valuation_matrix.csv,2,4,8.0,56.0,7.0
additive,245,1.2,0.005103,820.0,865.0,961.0,1002.0,1094.0,1094.0,True,instance_17705_valuation_matrix.csv,2,6,0.552486,57.9882,104.9586776859504
additive,246,1.2,0.045,24.0,26.0,30.0,32.0,36.0,36.0,True,instance_17318_valuation_matrix.csv,2,4,7.87402,66.1417,8.399991364004663
additive,247,1.2,0.021,49.0,52.0,59.0,62.0,69.0,69.0,True,instance_21625_valuation_matrix.csv,2,4,3.14961,66.1417,20.999965075041036
additive,248,1.2,0.0192,55.0,75.0,125.0,148.0,202.0,202.0,True,instance_14897_valuation_matrix.csv,2,4,2.72374,54.4747,19.999963285776175
additive,249,1.2,0.048,36.0,37.0,39.0,40.0,42.0,42.0,True,instance_21393_valuation_matrix.csv,2,4,3.22581,64.5161,19.9999690000341
additive,250,1.2,0.09,8.0,8.0,10.0,11.0,13.0,13.0,True,instance_23526_valuation_matrix.csv,2,4,11.5942,40.5797,3.5
additive,251,1.2,0.035,26.0,28.0,32.0,34.0,38.0,38.0,True,instance_22640_valuation_matrix.csv,2,4,4.87805,68.2927,14.0
additive,252,1.2,0.072,5.0,5.0,5.0,5.0,5.0,5.0,True,instance_20968_valuation_matrix.csv,2,4,10.5263,36.8421,3.500004750007125
additive,253,1.2,0.0576,15.0,16.0,19.0,21.0,24.0,24.0,True,instance_10805_valuation_matrix.csv,2,4,8.0,56.0,7.0
additive,254,1.2,0.0045,83.0,85.0,89.0,91.0,95.0,95.0,True,instance_9513_valuation_matrix.csv,2,4,0.986842,48.3553,49.00004256000454
additive,255,1.2,0.0315,51.0,57.0,70.0,76.0,89.0,89.0,True,instance_13258_valuation_matrix.csv,2,4,4.25532,63.1579,14.842103531579292
additive,256,1.2,0.0324,29.0,31.0,37.0,39.0,44.0,44.0,True,instance_21960_valuation_matrix.csv,2,4,4.16667,58.3333,13.999980800015361
additive,257,1.2,0.025,35.0,39.0,48.0,52.0,61.0,61.0,True,instance_21200_valuation_matrix.csv,2,4,4.16667,58.3333,13.999980800015361
additive,258,1.2,0.01296,107.0,131.0,182.0,203.0,252.0,252.0,True,instance_18577_valuation_matrix.csv,2,4,2.12766,59.5745,28.00000939999812
additive,259,1.2,0.0147,83.0,89.0,105.0,112.0,128.0,128.0,True,instance_12850_valuation_matrix.csv,2,4,1.67364,58.5774,35.0
additive,260,1.2,0.05,16.0,19.0,25.0,27.0,34.0,34.0,True,instance_9860_valuation_matrix.csv,2,4,7.59494,53.1646,7.000002633332192
additive,261,1.2,0.08,13.0,17.0,28.0,32.0,43.0,43.0,True,instance_11003_valuation_matrix.csv,2,4,8.0,56.0,7.0
additive,262,1.2,0.06,16.0,18.0,24.0,27.0,33.0,33.0,True,instance_11748_valuation_matrix.csv,2,4,7.84314,54.902,7.000002549999108
additive,263,1.2,0.0576,15.0,16.0,19.0,21.0,24.0,24.0,True,instance_16589_valuation_matrix.csv,2,4,8.0,56.0,7.0
additive,264,1.2,1.0,0.0,0.0,0.0,0.0,0.0,0.0,True,instance_16787_valuation_matrix.csv,3,6,16.6667,16.6667,1.0
additive,265,1.2,0.0315,29.0,30.0,34.0,35.0,39.0,39.0,True,instance_17201_valuation_matrix.csv,2,4,5.26316,73.6842,13.999992400003041
additive,266,1.2,0.0112,82.0,92.0,115.0,126.0,149.0,149.0,True,instance_14132_valuation_matrix.csv,2,8,0.793651,47.619,59.99992440001966
additive,267,1.2,1.4e-06,,,,,,60000.0,False,instance_14345_valuation_matrix.csv,2,5,0.000666562,99.9843,150000.0
additive,268,1.2,0.0215999999999999,132.0,133.0,137.0,139.0,143.0,143.0,True,instance_24146_valuation_matrix.csv,2,4,2.46914,86.4198,34.99995950006885
additive,269,1.2,0.0252,37.0,40.0,46.0,49.0,55.0,55.0,True,instance_16809_valuation_matrix.csv,2,4,4.44444,71.7949,16.153868653868653
additive,270,1.2,0.03402,33.0,35.0,41.0,43.0,49.0,49.0,True,instance_15687_valuation_matrix.csv,2,4,4.08163,57.1429,14.00001960001274
additive,271,1.2,0.025,35.0,39.0,48.0,52.0,61.0,61.0,True,instance_18992_valuation_matrix.csv,2,4,3.125,43.75,14.0
additive,272,1.2,0.0192,418.0,460.0,571.0,621.0,739.0,739.0,True,instance_19310_valuation_matrix.csv,5,8,0.862069,68.9655,79.99997680000094
additive,273,1.2,0.0162,118.0,122.0,132.0,136.0,146.0,146.0,True,instance_16547_valuation_matrix.csv,2,4,3.0581,71.4286,23.357182564337336
additive,274,1.2,0.036,14.0,16.0,19.0,21.0,25.0,25.0,True,instance_19787_valuation_matrix.csv,2,8,4.7619,38.0952,8.0
additive,275,1.2,0.0576,15.0,16.0,19.0,21.0,24.0,24.0,True,instance_9905_valuation_matrix.csv,2,4,8.0,56.0,7.0
additive,276,1.2,0.01458,80.0,885.0,1083.0,1164.0,1349.0,1349.0,True,instance_11166_valuation_matrix.csv,5,8,0.426743,49.5868,116.19827390255962
additive,277,1.2,0.06,17.0,19.0,23.0,24.0,29.0,29.0,True,instance_21033_valuation_matrix.csv,2,4,7.69231,60.0,7.799997660000702
additive,278,1.2,0.048,18.0,19.0,23.0,24.0,28.0,28.0,True,instance_12814_valuation_matrix.csv,2,4,7.40741,54.902,7.411767405881409
additive,279,1.2,0.00018,5163.0,5647.0,6782.0,7273.0,8415.0,8415.0,True,instance_18840_valuation_matrix.csv,2,4,0.253899,63.4748,250.0001969287
additive,280,1.2,0.0576,15.0,16.0,19.0,21.0,24.0,24.0,True,instance_18839_valuation_matrix.csv,2,4,8.0,56.0,7.0
additive,281,1.2,0.0189,73.0,77.0,86.0,89.0,98.0,98.0,True,instance_11929_valuation_matrix.csv,2,4,2.85714,80.0,28.000028000028003
additive,282,1.2,0.00224,408.0,420.0,446.0,458.0,485.0,485.0,True,instance_14339_valuation_matrix.csv,2,5,0.629496,89.9281,142.85730171438738
additive,283,1.2,0.0576,15.0,16.0,19.0,21.0,24.0,24.0,True,instance_11849_valuation_matrix.csv,2,4,8.0,56.0,7.0
additive,284,1.2,0.04,9.0,9.0,9.0,10.0,10.0,10.0,True,instance_15228_valuation_matrix.csv,2,4,5.55556,38.8889,6.99999640000288
additive,285,1.2,0.0024,478.0,494.0,532.0,554.0,605.0,605.0,True,instance_14340_valuation_matrix.csv,2,6,0.568182,81.1688,142.85704228574647
additive,286,1.2,0.0315,41.0,43.0,45.0,47.0,50.0,50.0,True,instance_19735_valuation_matrix.csv,2,4,4.0,73.0435,18.260875
additive,287,1.2,0.00015552,4267.0,5138.0,7163.0,8035.0,10063.0,10063.0,True,instance_11006_valuation_matrix.csv,2,4,0.279664,64.9485,232.23761370787798
additive,288,1.2,0.00063,416.0,421.0,8338.0,8707.0,9556.0,9556.0,True,instance_23634_valuation_matrix.csv,2,4,0.390625,68.3594,175.00006399999998
additive,289,1.2,0.01512,126.0,133.0,147.0,153.0,167.0,167.0,True,instance_22338_valuation_matrix.csv,2,7,2.43902,60.9756,25.000041000073796
additive,290,1.2,0.0032,317.0,347.0,417.0,447.0,518.0,518.0,True,instance_14336_valuation_matrix.csv,2,6,0.8,60.024,75.03
additive,291,1.2,0.0035,244.0,250.0,264.0,270.0,284.0,284.0,True,instance_14141_valuation_matrix.csv,2,4,0.896861,91.1162,101.59456147608158
additive,292,1.2,0.03,37.0,40.0,46.0,49.0,55.0,55.0,True,instance_24135_valuation_matrix.csv,2,4,2.25564,63.1579,27.999991133336877
additive,293,1.2,0.108,6.0,9.0,17.0,21.0,29.0,29.0,True,instance_19534_valuation_matrix.csv,2,5,10.0,40.0,4.0
additive,294,1.2,0.072,19.0,20.0,22.0,23.0,25.0,25.0,True,instance_11742_valuation_matrix.csv,3,3,4.34783,71.4286,16.428563214293106
additive,295,1.2,0.036,56.0,59.0,66.0,68.0,75.0,75.0,True,instance_19150_valuation_matrix.csv,2,4,4.87805,68.2927,14.0
additive,296,1.2,0.056,20.0,21.0,24.0,25.0,27.0,27.0,True,instance_13899_valuation_matrix.csv,2,4,6.52174,62.6866,9.611944051740792
additive,297,1.2,0.03,34.0,37.0,44.0,46.0,52.0,52.0,True,instance_18119_valuation_matrix.csv,2,4,4.16667,61.3139,14.715324227740618
additive,298,1.2,0.0315,34.0,35.0,38.0,40.0,43.0,43.0,True,instance_19071_valuation_matrix.csv,2,4,4.44444,62.2222,14.000009000009
additive,299,1.2,0.05,20.0,22.0,25.0,27.0,31.0,31.0,True,instance_20582_valuation_matrix.csv,2,4,8.0,62.2222,7.777775
additive,300,1.2,0.03,35.0,38.0,45.0,48.0,56.0,56.0,True,instance_10772_valuation_matrix.csv,2,4,3.84615,55.1181,14.330720330720329
additive,301,1.2,0.0576,15.0,16.0,19.0,21.0,24.0,24.0,True,instance_9813_valuation_matrix.csv,2,4,8.0,56.0,7.0
additive,302,1.2,0.0512,47.0,49.0,54.0,56.0,61.0,61.0,True,instance_20362_valuation_matrix.csv,3,4,3.22581,62.6866,19.432824623892913
additive,303,1.2,0.0315,30.0,32.0,36.0,38.0,42.0,42.0,True,instance_18917_valuation_matrix.csv,2,4,5.04202,70.5882,13.999984133343382
additive,304,1.2,0.025,38.0,47.0,67.0,76.0,96.0,96.0,True,instance_20991_valuation_matrix.csv,2,4,3.40136,47.619,13.99998823999812
additive,305,1.2,0.084,10.0,11.0,13.0,14.0,17.0,17.0,True,instance_10916_valuation_matrix.csv,2,4,12.2137,44.3038,3.627385640714935
additive,306,1.2,0.0576,15.0,16.0,19.0,21.0,24.0,24.0,True,instance_9973_valuation_matrix.csv,2,4,8.0,56.0,7.0
additive,307,1.2,0.0162,62.0,65.0,72.0,74.0,81.0,81.0,True,instance_21232_valuation_matrix.csv,2,4,2.95858,82.8402,27.99998648000054
additive,308,1.2,0.0126,117.0,132.0,164.0,177.0,209.0,209.0,True,instance_20747_valuation_matrix.csv,2,4,1.92926,67.5241,35.0
additive,309,1.2,0.24,4.0,6.0,10.0,12.0,16.0,16.0,True,instance_10357_valuation_matrix.csv,3,4,8.33333,50.0,6.00000240000096
additive,310,1.2,0.0576,15.0,16.0,19.0,21.0,24.0,24.0,True,instance_10733_valuation_matrix.csv,2,4,8.0,56.0,7.0
additive,311,1.2,0.0053999999999999,134.0,138.0,148.0,153.0,163.0,163.0,True,instance_9521_valuation_matrix.csv,2,3,1.31919,96.5472,73.1867282195893
additive,312,1.2,0.108,5.0,6.0,8.0,8.0,10.0,10.0,True,instance_14096_valuation_matrix.csv,2,3,12.5,50.0,4.0
additive,313,1.2,0.035,26.0,28.0,32.0,34.0,38.0,38.0,True,instance_9565_valuation_matrix.csv,2,4,4.87805,68.2927,14.0
additive,314,1.2,0.048,26.0,29.0,36.0,40.0,48.0,48.0,True,instance_9712_valuation_matrix.csv,4,6,1.96078,70.5882,36.00006120013464
additive,315,1.2,0.01296,107.0,131.0,182.0,203.0,252.0,252.0,True,instance_18578_valuation_matrix.csv,2,4,2.12766,59.5745,28.00000939999812
additive,316,1.2,0.05,26.0,28.0,33.0,36.0,40.0,40.0,True,instance_10784_valuation_matrix.csv,2,4,5.12821,71.7949,13.999992200007409
additive,317,1.2,0.045,19.0,22.0,27.0,29.0,34.0,34.0,True,instance_16168_valuation_matrix.csv,2,4,4.44444,56.0,12.6000126000126
additive,318,1.2,0.06,14.0,16.0,19.0,21.0,24.0,24.0,True,instance_13376_valuation_matrix.csv,2,4,8.86076,53.1646,6.000004514285456
additive,319,1.2,0.00036,2472.0,2525.0,2651.0,2705.0,2832.0,2832.0,True,instance_14333_valuation_matrix.csv,2,5,0.208106,89.1884,428.57197774211215
additive,320,1.2,0.042,18.0,20.0,25.0,27.0,31.0,31.0,True,instance_23795_valuation_matrix.csv,2,4,6.8918,49.359,7.161989610841871
additive,321,1.2,0.048,18.0,19.0,23.0,25.0,29.0,29.0,True,instance_18953_valuation_matrix.csv,2,4,8.21918,57.5342,6.9999927000017035
additive,322,1.2,0.0252,49.0,50.0,54.0,56.0,60.0,60.0,True,instance_14439_valuation_matrix.csv,2,4,1.92308,67.3077,34.9999480000832
additive,323,1.2,0.00036,2339.0,2363.0,2419.0,2444.0,2501.0,2501.0,True,instance_14440_valuation_matrix.csv,2,5,0.250627,95.1173,379.51737043494916
additive,324,1.2,0.027,42.0,45.0,53.0,55.0,63.0,63.0,True,instance_19626_valuation_matrix.csv,2,4,3.83019,61.6661,16.100010704429806
additive,325,1.2,0.18,4.0,5.0,6.0,7.0,10.0,10.0,True,instance_15822_valuation_matrix.csv,3,3,18.1818,45.4545,2.5000000000000004
additive,326,1.2,0.04,22.0,24.0,29.0,31.0,36.0,36.0,True,instance_19035_valuation_matrix.csv,2,4,7.45712,58.3333,7.822497157079409
additive,327,1.2,0.0192,155.0,174.0,216.0,234.0,275.0,275.0,True,instance_14898_valuation_matrix.csv,4,6,1.36986,57.5342,42.000058400128474
additive,328,1.2,2.0000000000000003e-06,,,,,,60000.0,False,instance_20414_valuation_matrix.csv,2,4,0.00845952,71.06,8400.003782720532
additive,329,1.2,0.027,33.0,37.0,45.0,49.0,57.0,57.0,True,instance_14381_valuation_matrix.csv,2,4,4.06504,57.5342,14.153415464546475
additive,330,1.2,1.8e-06,,,,,,60000.0,False,instance_14372_valuation_matrix.csv,5,4,0.0086949,71.7949,8257.127741549644
additive,331,1.2,0.009,222.0,242.0,287.0,306.0,349.0,349.0,True,instance_14982_valuation_matrix.csv,2,4,1.26582,62.6866,49.52252294955049
additive,332,1.2,0.06,17.0,18.0,20.0,21.0,23.0,23.0,True,instance_10787_valuation_matrix.csv,2,4,6.67037,53.9794,8.09241466365434
additive,333,1.2,1.0,0.0,0.0,0.0,0.0,0.0,0.0,True,instance_19413_valuation_matrix.csv,2,3,33.3333,33.3333,1.0
additive,334,1.2,0.18,4.0,5.0,6.0,7.0,10.0,10.0,True,instance_15819_valuation_matrix.csv,3,3,18.1818,45.4545,2.5000000000000004
additive,335,1.2,0.018,50.0,56.0,70.0,76.0,89.0,89.0,True,instance_16620_valuation_matrix.csv,2,4,2.8169,59.1549,21.0
additive,336,1.2,0.0096,42.0,49.0,65.0,72.0,88.0,88.0,True,instance_10589_valuation_matrix.csv,2,10,1.18343,50.0,42.25006971261503
additive,337,1.2,0.042,46.0,49.0,57.0,60.0,68.0,68.0,True,instance_19084_valuation_matrix.csv,3,4,3.09278,66.6667,21.55559076300287
additive,338,1.2,1.0,0.0,0.0,0.0,0.0,0.0,0.0,True,instance_23057_valuation_matrix.csv,3,6,16.6667,16.6667,1.0
additive,339,1.2,0.028,31.0,35.0,43.0,46.0,54.0,54.0,True,instance_15300_valuation_matrix.csv,2,4,3.125,56.0,17.92
additive,340,1.2,0.018,110.0,114.0,123.0,127.0,136.0,136.0,True,instance_18808_valuation_matrix.csv,2,4,2.77778,70.8861,25.518975584819533
additive,341,1.2,1.4400000000000002e-06,,,,,,60000.0,False,instance_14349_valuation_matrix.csv,2,6,0.000583281,99.9911,171428.69388853744
additive,342,1.2,0.06,15.0,17.0,20.0,22.0,25.0,25.0,True,instance_12297_valuation_matrix.csv,2,4,8.51064,59.5745,7.00000234999953
additive,343,1.2,0.0189,93.0,98.0,113.0,120.0,136.0,136.0,True,instance_17914_valuation_matrix.csv,2,9,1.78571,37.5,21.000050400120962
additive,344,1.2,0.144,8.0,9.0,10.0,11.0,15.0,15.0,True,instance_13386_valuation_matrix.csv,3,3,9.09091,66.6667,7.333336266666374
additive,345,1.2,0.006,189.0,197.0,219.0,228.0,249.0,249.0,True,instance_19321_valuation_matrix.csv,2,4,1.02041,71.4286,69.9999020001764
additive,346,1.2,0.045,40.0,41.0,44.0,46.0,49.0,49.0,True,instance_21354_valuation_matrix.csv,4,4,3.65217,78.9474,21.616573160614102
additive,347,1.2,5.400000000000001e-07,,,,,,60000.0,False,instance_21629_valuation_matrix.csv,2,4,0.00520806,91.1411,17500.009600503836
additive,348,1.2,0.18,4.0,5.0,6.0,7.0,10.0,10.0,True,instance_15821_valuation_matrix.csv,3,3,18.1818,45.4545,2.5000000000000004
additive,349,1.2,0.0756,33.0,37.0,46.0,50.0,60.0,60.0,True,instance_15136_valuation_matrix.csv,5,6,4.54545,50.0,11.000011000011
additive,350,1.2,0.0224,44.0,47.0,52.0,55.0,61.0,61.0,True,instance_14443_valuation_matrix.csv,2,4,2.72374,54.4747,19.999963285776175
additive,351,1.2,0.0192,26.0,33.0,49.0,55.0,71.0,71.0,True,instance_15473_valuation_matrix.csv,2,4,3.31492,46.4088,13.999975866687583
additive,352,1.2,0.03,34.0,36.0,41.0,43.0,48.0,48.0,True,instance_17462_valuation_matrix.csv,2,4,5.31915,74.4681,14.000000000000002
additive,353,1.2,0.0576,15.0,16.0,19.0,21.0,24.0,24.0,True,instance_19739_valuation_matrix.csv,2,4,8.0,56.0,7.0
additive,354,1.2,0.00072,1362.0,1407.0,1511.0,1556.0,1661.0,1661.0,True,instance_14335_valuation_matrix.csv,2,5,0.220751,88.3002,399.9990940018392
additive,355,1.2,0.00081,1036.0,1062.0,1124.0,1151.0,1214.0,1214.0,True,instance_14142_valuation_matrix.csv,2,4,0.300752,91.1162,302.9612438155025
additive,356,1.2,0.025,35.0,39.0,48.0,52.0,61.0,61.0,True,instance_14751_valuation_matrix.csv,2,4,4.16667,58.3333,13.999980800015361
additive,357,1.2,0.008,162.0,168.0,180.0,184.0,198.0,198.0,True,instance_15639_valuation_matrix.csv,2,4,0.55666,71.5706,128.57147989796283
additive,358,1.2,0.05,23.0,26.0,30.0,32.0,37.0,37.0,True,instance_15305_valuation_matrix.csv,2,4,7.40741,65.1163,8.790697423255901
additive,359,1.2,0.056,8.0,9.0,12.0,13.0,16.0,16.0,True,instance_11964_valuation_matrix.csv,3,8,6.06061,20.2247,3.337073330902335
additive,360,1.2,0.030618,32.0,35.0,40.0,43.0,49.0,49.0,True,instance_18874_valuation_matrix.csv,2,4,4.61538,64.6154,14.000017333350666
additive,361,1.2,0.0096,96.0,108.0,134.0,146.0,173.0,173.0,True,instance_20801_valuation_matrix.csv,2,4,0.0988631,98.8631,1000.0000000000001
additive,362,1.2,0.0315,34.0,35.0,38.0,40.0,43.0,43.0,True,instance_19072_valuation_matrix.csv,2,4,4.44444,62.2222,14.000009000009
additive,363,1.2,0.0028,406.0,426.0,472.0,493.0,539.0,539.0,True,instance_19198_valuation_matrix.csv,2,4,0.542495,75.9494,140.00018433349618
additive,364,1.2,0.064,13.0,15.0,17.0,18.0,21.0,21.0,True,instance_17249_valuation_matrix.csv,2,4,8.23529,49.4118,6.000007285717928
additive,365,1.2,1.8e-06,,,,,,60000.0,False,instance_15098_valuation_matrix.csv,3,4,0.00603412,86.2017,14285.711918225028
additive,366,1.2,2.7000000000000004e-06,,,,,,60000.0,False,instance_14189_valuation_matrix.csv,2,9,0.0159473,55.8154,3499.9905940190497
additive,367,1.2,0.0448,38.0,44.0,55.0,60.0,71.0,71.0,True,instance_19805_valuation_matrix.csv,2,4,4.4586,44.586,10.0
additive,368,1.2,0.054,36.0,38.0,42.0,44.0,48.0,48.0,True,instance_20918_valuation_matrix.csv,2,4,5.55556,54.902,9.882352094118325
additive,369,1.2,0.025,35.0,39.0,48.0,52.0,61.0,61.0,True,instance_9522_valuation_matrix.csv,2,4,4.16667,58.3333,13.999980800015361
additive,370,1.2,0.0315,29.0,30.0,33.0,35.0,38.0,38.0,True,instance_13489_valuation_matrix.csv,2,4,4.3956,67.7419,15.411297661297661
additive,371,1.2,0.008,209.0,270.0,377.0,420.0,517.0,517.0,True,instance_17808_valuation_matrix.csv,2,4,1.0989,57.6923,52.5000455000455
additive,372,1.2,0.18,4.0,5.0,6.0,7.0,10.0,10.0,True,instance_15824_valuation_matrix.csv,3,3,18.1818,45.4545,2.5000000000000004
additive,373,1.2,0.0189,27.0,32.0,43.0,48.0,59.0,59.0,True,instance_20744_valuation_matrix.csv,2,4,4.60829,38.7097,8.40001388801486
additive,374,1.2,0.0216,64.0,66.0,70.0,71.0,76.0,76.0,True,instance_16544_valuation_matrix.csv,2,4,3.0581,77.4908,25.339524541381902
additive,375,1.2,1.0000000000000002e-06,,,,,,60000.0,False,instance_11312_valuation_matrix.csv,2,4,0.000560213,98.0373,175000.04462588337
additive,376,1.2,0.015,60.0,67.0,84.0,91.0,107.0,107.0,True,instance_19777_valuation_matrix.csv,2,4,2.94118,61.7647,20.999972800032637
additive,377,1.2,0.0215999999999999,179.0,224.0,315.0,352.0,436.0,436.0,True,instance_19873_valuation_matrix.csv,5,8,1.0989,43.956,40.0
additive,378,1.2,0.00243,0.0,1213.0,1215.0,1215.0,1218.0,1218.0,True,instance_14795_valuation_matrix.csv,2,2,1.17647,98.8235,84.0000170000085
additive,379,1.2,0.0441,36.0,38.0,41.0,43.0,46.0,46.0,True,instance_14302_valuation_matrix.csv,2,4,5.88235,71.1864,12.101694050847026
additive,380,1.2,0.027,16.0,28.0,78.0,95.0,131.0,131.0,True,instance_11881_valuation_matrix.csv,2,5,4.34783,52.6316,12.105257105268604
additive,381,1.2,0.00882,144.0,145.0,148.0,149.0,151.0,151.0,True,instance_15677_valuation_matrix.csv,3,3,1.28205,94.7368,73.8947778947779
additive,382,1.2,0.006,59.0,466.0,510.0,529.0,573.0,573.0,True,instance_15756_valuation_matrix.csv,2,4,1.0929,74.8555,68.4925427761003
additive,383,1.2,0.0224,42.0,45.0,52.0,56.0,64.0,64.0,True,instance_12799_valuation_matrix.csv,2,4,3.00752,63.1579,20.999993350002658
additive,384,1.2,0.0215999999999999,38.0,44.0,55.0,60.0,72.0,72.0,True,instance_21623_valuation_matrix.csv,2,6,3.2967,46.1538,14.0
additive,385,1.2,0.018,86.0,90.0,99.0,103.0,112.0,112.0,True,instance_16496_valuation_matrix.csv,2,6,1.92308,42.0,21.839965056055913
additive,386,1.2,0.03,45.0,47.0,52.0,55.0,60.0,60.0,True,instance_19045_valuation_matrix.csv,2,4,5.45455,76.3636,13.999981666681945
additive,387,1.2,0.01458,67.0,69.0,73.0,74.0,78.0,78.0,True,instance_23898_valuation_matrix.csv,2,4,1.15607,72.8324,62.99999135000477
additive,388,1.2,0.0576,15.0,16.0,19.0,21.0,24.0,24.0,True,instance_14134_valuation_matrix.csv,2,4,8.0,56.0,7.0
additive,389,1.2,4.5e-05,19408.0,19470.0,19618.0,19682.0,19832.0,19832.0,True,instance_14343_valuation_matrix.csv,2,6,0.0655523,98.3284,1499.9992372502568
additive,390,1.2,0.048,21.0,24.0,30.0,33.0,39.0,39.0,True,instance_18923_valuation_matrix.csv,2,4,5.88235,57.1429,9.714297857148928
additive,391,1.2,0.056,14.0,16.0,19.0,21.0,25.0,25.0,True,instance_14482_valuation_matrix.csv,2,3,7.69231,61.5385,8.00000259999922
additive,392,1.2,0.04,23.0,23.0,25.0,26.0,28.0,28.0,True,instance_13434_valuation_matrix.csv,2,4,1.72414,72.4138,41.999953600055676
additive,393,1.2,0.0504,25.0,26.0,29.0,30.0,33.0,33.0,True,instance_20193_valuation_matrix.csv,2,4,7.69231,56.0,7.279997816000655
additive,394,1.2,0.06,23.0,29.0,42.0,47.0,60.0,60.0,True,instance_19419_valuation_matrix.csv,2,5,5.88235,47.0588,8.0
additive,395,1.2,0.0048,193.0,216.0,271.0,294.0,349.0,349.0,True,instance_16460_valuation_matrix.csv,2,4,0.914634,64.0244,70.00002186667017
additive,396,1.2,0.00072,1293.0,1450.0,1819.0,1979.0,2350.0,2350.0,True,instance_21626_valuation_matrix.csv,2,4,0.540541,62.2222,115.11097215567366
additive,397,1.2,0.01512,63.0,67.0,78.0,83.0,93.0,93.0,True,instance_14435_valuation_matrix.csv,2,4,2.5,70.0,28.0
additive,398,1.2,0.0576,15.0,16.0,19.0,21.0,24.0,24.0,True,instance_19772_valuation_matrix.csv,2,4,8.0,56.0,7.0
additive,399,1.2,0.045,20.0,21.0,24.0,25.0,28.0,28.0,True,instance_18690_valuation_matrix.csv,2,4,7.05882,56.0,7.933337300001983
additive,400,1.2,0.04,23.0,26.0,31.0,33.0,38.0,38.0,True,instance_9989_valuation_matrix.csv,2,4,6.01915,63.2011,10.500004153410366
additive,401,1.2,0.0315,31.0,32.0,37.0,38.0,42.0,42.0,True,instance_11504_valuation_matrix.csv,2,4,4.87805,68.2927,14.0
additive,402,1.2,0.0576,15.0,16.0,19.0,21.0,24.0,24.0,True,instance_11613_valuation_matrix.csv,2,4,8.0,56.0,7.0
additive,403,1.2,0.035,55.0,68.0,104.0,119.0,155.0,155.0,True,instance_20398_valuation_matrix.csv,3,5,3.84615,50.0,13.000013000012999
additive,404,1.2,0.04,24.0,26.0,30.0,31.0,35.0,35.0,True,instance_16458_valuation_matrix.csv,2,6,5.55556,47.4576,8.542361166111068
additive,405,1.2,0.0324,29.0,31.0,37.0,39.0,44.0,44.0,True,instance_21963_valuation_matrix.csv,2,4,4.16667,58.3333,13.999980800015361
additive,406,1.2,0.01296,48.0,58.0,81.0,91.0,113.0,113.0,True,instance_22130_valuation_matrix.csv,2,4,2.3753,49.8812,20.999957900054728
additive,407,1.2,0.042,34.0,42.0,58.0,65.0,81.0,81.0,True,instance_14131_valuation_matrix.csv,2,4,4.6729,56.0,11.983992809604313
additive,408,1.2,3.6e-05,23840.0,23875.0,23957.0,23992.0,24075.0,24075.0,True,instance_14346_valuation_matrix.csv,2,6,0.0578178,99.1162,1714.2852201225228
additive,409,1.2,0.05,18.0,19.0,21.0,22.0,24.0,24.0,True,instance_10927_valuation_matrix.csv,2,4,8.86076,70.8861,8.000002257142727
additive,410,1.2,0.0576,15.0,16.0,19.0,21.0,24.0,24.0,True,instance_17666_valuation_matrix.csv,2,4,8.0,56.0,7.0
additive,411,1.2,0.1349999999999999,13.0,14.0,18.0,20.0,24.0,24.0,True,instance_17695_valuation_matrix.csv,4,4,8.0,56.0,7.0
additive,412,1.2,0.0072,147.0,155.0,174.0,182.0,202.0,202.0,True,instance_17288_valuation_matrix.csv,2,4,1.27226,74.8663,58.84512599625862
additive,413,1.2,0.00021,16858.0,18395.0,21496.0,22775.0,25713.0,25713.0,True,instance_10247_valuation_matrix.csv,2,4,0.0041012,97.5225,23779.015897786012
additive,414,1.2,0.072,13.0,14.0,16.0,17.0,19.0,19.0,True,instance_23324_valuation_matrix.csv,2,4,10.7143,52.8302,4.930812092250544
additive,415,1.2,0.00486,241.0,243.0,249.0,251.0,257.0,257.0,True,instance_15660_valuation_matrix.csv,2,4,1.002,88.8889,88.7114770459082
additive,416,1.2,0.024,40.0,46.0,60.0,67.0,81.0,81.0,True,instance_14162_valuation_matrix.csv,2,4,3.63636,55.5556,15.277805277805278
additive,417,1.2,0.0126,159.0,190.0,248.0,271.0,325.0,325.0,True,instance_12238_valuation_matrix.csv,2,4,1.49254,62.6866,41.999946400096476
additive,418,1.2,0.06,15.0,16.0,18.0,19.0,23.0,23.0,True,instance_18682_valuation_matrix.csv,2,4,8.95522,62.6866,7.000006700002903
additive,419,1.2,0.0576,15.0,16.0,19.0,21.0,24.0,24.0,True,instance_11792_valuation_matrix.csv,2,4,8.0,56.0,7.0
additive,420,1.2,0.04,34.0,37.0,44.0,48.0,55.0,55.0,True,instance_19719_valuation_matrix.csv,2,4,5.55556,58.3333,10.49998560001152
additive,421,1.2,0.16,4.0,5.0,5.0,6.0,7.0,7.0,True,instance_11761_valuation_matrix.csv,2,2,25.0,75.0,3.0
additive,422,1.2,0.0036,102.0,126.0,1454.0,1492.0,1579.0,1579.0,True,instance_19760_valuation_matrix.csv,2,4,0.817439,95.3678,116.66656472226062
additive,423,1.2,0.027,62.0,69.0,83.0,89.0,103.0,103.0,True,instance_14886_valuation_matrix.csv,2,4,3.27869,57.377,17.499977125010293
additive,424,1.2,0.042,21.0,24.0,29.0,32.0,37.0,37.0,True,instance_20136_valuation_matrix.csv,2,4,5.7377,57.377,10.0
additive,425,1.2,0.0576,15.0,16.0,19.0,21.0,24.0,24.0,True,instance_9830_valuation_matrix.csv,2,4,8.0,56.0,7.0
additive,426,1.2,0.0576,15.0,16.0,19.0,21.0,24.0,24.0,True,instance_19052_valuation_matrix.csv,2,4,8.0,56.0,7.0
additive,427,1.2,0.0576,15.0,16.0,19.0,21.0,24.0,24.0,True,instance_18750_valuation_matrix.csv,2,4,8.0,56.0,7.0
additive,428,1.2,0.027,36.0,39.0,47.0,50.0,57.0,57.0,True,instance_17383_valuation_matrix.csv,2,4,3.0303,50.9091,16.8000198000198
additive,429,1.2,0.096,40.0,44.0,53.0,57.0,66.0,66.0,True,instance_15152_valuation_matrix.csv,5,4,4.18118,62.7178,15.000023916693372
additive,430,1.2,0.084,15.0,16.0,19.0,20.0,22.0,22.0,True,instance_9543_valuation_matrix.csv,3,3,9.85915,78.8732,8.0
additive,431,1.2,0.0144,110.0,135.0,183.0,203.0,248.0,248.0,True,instance_22610_valuation_matrix.csv,2,4,1.99005,55.2632,27.76975452878068
additive,432,1.2,0.016,86.0,98.0,129.0,143.0,175.0,175.0,True,instance_12499_valuation_matrix.csv,2,4,2.17391,56.0,25.760036064050492
additive,433,1.2,0.06,14.0,16.0,20.0,21.0,25.0,25.0,True,instance_15658_valuation_matrix.csv,2,4,7.84314,54.902,7.000002549999108
additive,434,1.2,0.048,19.0,20.0,22.0,23.0,25.0,25.0,True,instance_15245_valuation_matrix.csv,2,4,8.04598,64.3678,7.9999950285732755
additive,435,1.2,4.5e-05,19165.0,19227.0,19375.0,19439.0,19588.0,19588.0,True,instance_14354_valuation_matrix.csv,2,6,0.0655523,98.3284,1499.9992372502568
additive,436,1.2,0.0315,31.0,33.0,37.0,39.0,44.0,44.0,True,instance_13166_valuation_matrix.csv,2,4,5.17241,72.4138,14.000011600008506
additive,437,1.2,0.0128,119.0,129.0,153.0,163.0,186.0,186.0,True,instance_11344_valuation_matrix.csv,2,4,2.39726,71.9178,29.999999999999996
additive,438,1.2,0.03,56.0,58.0,63.0,65.0,70.0,70.0,True,instance_13882_valuation_matrix.csv,2,4,3.82514,77.7778,20.33332113334414
additive,439,1.2,0.02,47.0,50.0,56.0,59.0,65.0,65.0,True,instance_10103_valuation_matrix.csv,2,4,3.26531,68.5714,20.999966312540003
additive,440,1.2,0.0045,425.0,444.0,489.0,509.0,554.0,554.0,True,instance_19264_valuation_matrix.csv,3,8,0.211454,67.4157,318.81969600953397
additive,441,1.2,1.2960000000000004e-06,,,,,,60000.0,False,instance_15700_valuation_matrix.csv,2,4,0.00904895,90.4895,10000.0
additive,442,1.2,0.018,66.0,69.0,78.0,82.0,91.0,91.0,True,instance_15113_valuation_matrix.csv,2,4,2.65487,74.3363,27.999977400023354
additive,443,1.2,0.056,14.0,15.0,18.0,20.0,23.0,23.0,True,instance_9731_valuation_matrix.csv,2,4,7.69231,50.0,6.499998050000585
additive,444,1.2,0.084,15.0,16.0,19.0,20.0,22.0,22.0,True,instance_9546_valuation_matrix.csv,3,3,9.85915,78.8732,8.0
additive,445,1.2,0.048,19.0,20.0,23.0,24.0,28.0,28.0,True,instance_9748_valuation_matrix.csv,2,4,6.25,62.5,10.0
additive,446,1.2,0.003645,254.0,278.0,333.0,357.0,413.0,413.0,True,instance_14046_valuation_matrix.csv,2,4,1.25673,62.8366,50.00007957158658
additive,447,1.2,0.05,30.0,32.0,35.0,37.0,40.0,40.0,True,instance_21648_valuation_matrix.csv,2,4,5.40541,68.8525,12.73770167295358
additive,448,1.2,0.0576,15.0,16.0,19.0,21.0,24.0,24.0,True,instance_17386_valuation_matrix.csv,2,4,8.0,56.0,7.0
additive,449,1.2,0.0144,84.0,88.0,98.0,102.0,112.0,112.0,True,instance_21255_valuation_matrix.csv,2,4,2.02703,70.9459,34.99992600010853
additive,450,1.2,0.04,18.0,21.0,30.0,33.0,42.0,42.0,True,instance_16099_valuation_matrix.csv,2,4,4.44444,48.8889,11.0000135000135
additive,451,1.2,0.042,21.0,23.0,27.0,28.0,32.0,32.0,True,instance_18755_valuation_matrix.csv,2,4,6.10687,64.1221,10.499994268749786
additive,452,1.2,0.03,35.0,38.0,46.0,49.0,57.0,57.0,True,instance_17566_valuation_matrix.csv,2,4,4.90196,68.6274,13.999991839998694
additive,453,1.2,0.0048,191.0,213.0,266.0,288.0,341.0,341.0,True,instance_20344_valuation_matrix.csv,2,4,0.886382,62.0467,69.99995487272982
additive,454,1.2,0.05,23.0,26.0,30.0,32.0,37.0,37.0,True,instance_19796_valuation_matrix.csv,2,4,7.40741,65.1163,8.790697423255901
additive,455,1.2,0.0576,15.0,16.0,19.0,21.0,24.0,24.0,True,instance_10066_valuation_matrix.csv,2,4,8.0,56.0,7.0
additive,456,1.2,0.027,48.0,59.0,81.0,91.0,113.0,113.0,True,instance_20601_valuation_matrix.csv,2,4,4.16667,58.3333,13.999980800015361
additive,457,1.2,0.03024,35.0,37.0,41.0,43.0,47.0,47.0,True,instance_14589_valuation_matrix.csv,2,4,5.26316,73.6842,13.999992400003041
additive,458,1.2,0.0576,15.0,16.0,19.0,21.0,24.0,24.0,True,instance_12620_valuation_matrix.csv,2,4,8.0,56.0,7.0
additive,459,1.2,0.0576,9.0,10.0,14.0,15.0,19.0,19.0,True,instance_19818_valuation_matrix.csv,2,5,8.33333,36.3636,4.363633745453498
additive,460,1.2,0.24,5.0,6.0,10.0,12.0,15.0,15.0,True,instance_14774_valuation_matrix.csv,3,3,14.2857,50.0,3.5000035000035
additive,461,1.2,0.0215999999999999,48.0,51.0,59.0,62.0,69.0,69.0,True,instance_17854_valuation_matrix.csv,2,4,3.7037,77.7778,21.000027000027
additive,462,1.2,0.05,20.0,21.0,25.0,26.0,29.0,29.0,True,instance_14463_valuation_matrix.csv,2,4,6.77966,56.0,8.260001239000186
additive,463,1.2,0.024,47.0,50.0,59.0,62.0,71.0,71.0,True,instance_15878_valuation_matrix.csv,2,4,4.34783,62.2222,14.311093120016192
additive,464,1.2,0.0576,15.0,16.0,19.0,21.0,24.0,24.0,True,instance_10229_valuation_matrix.csv,2,4,8.0,56.0,7.0
additive,465,1.2,0.0576,15.0,16.0,19.0,21.0,24.0,24.0,True,instance_22968_valuation_matrix.csv,2,4,8.0,56.0,7.0
additive,466,1.2,0.0008399999999999,1963.0,2120.0,2477.0,2630.0,2985.0,2985.0,True,instance_14351_valuation_matrix.csv,2,6,0.253936,76.1808,300.0
additive,467,1.2,0.049,74.0,78.0,88.0,92.0,101.0,101.0,True,instance_15624_valuation_matrix.csv,3,3,3.25203,79.6748,24.500019987515493
additive,468,1.2,0.1,4.0,4.0,25.0,96.0,333.0,333.0,True,instance_14735_valuation_matrix.csv,2,4,7.01754,61.4035,8.75000356250196
additive,469,1.2,0.03,32.0,38.0,50.0,55.0,67.0,67.0,True,instance_9571_valuation_matrix.csv,2,4,5.27903,59.1252,11.200012123439345
additive,470,1.2,3.0000000000000004e-07,,,,,,60000.0,False,instance_21291_valuation_matrix.csv,2,3,0.000126728,57.4657,453457.0102897544
additive,471,1.2,0.0192,71.0,93.0,134.0,150.0,187.0,187.0,True,instance_21529_valuation_matrix.csv,2,4,1.26582,79.7468,63.00011060024332
additive,472,1.2,2.4300000000000005e-05,33886.0,34120.0,34679.0,34922.0,35489.0,35489.0,True,instance_20025_valuation_matrix.csv,2,4,0.0279252,97.7381,3499.9964190050564
additive,473,1.2,0.064,17.0,19.0,22.0,24.0,28.0,28.0,True,instance_10642_valuation_matrix.csv,2,4,5.12821,68.8525,13.426224745086493
additive,474,1.2,0.0108,75.0,86.0,113.0,124.0,151.0,151.0,True,instance_9923_valuation_matrix.csv,2,4,1.96078,56.0224,28.571486857271086
additive,475,1.2,0.03,38.0,41.0,46.0,49.0,54.0,54.0,True,instance_14129_valuation_matrix.csv,2,4,4.90196,68.6274,13.999991839998694
additive,476,1.2,0.08,14.0,19.0,33.0,39.0,54.0,54.0,True,instance_15652_valuation_matrix.csv,3,3,6.66667,58.3333,8.749990625004688
additive,477,1.2,0.18,3.0,4.0,37.0,38.0,41.0,41.0,True,instance_14150_valuation_matrix.csv,4,4,7.69231,54.5455,7.090912872726138
additive,478,1.2,0.056,21.0,23.0,27.0,29.0,33.0,33.0,True,instance_18947_valuation_matrix.csv,2,4,9.83607,68.8525,7.00000101666621
additive,479,1.2,0.02016,144.0,156.0,183.0,194.0,220.0,220.0,True,instance_9549_valuation_matrix.csv,3,7,0.628968,66.0417,105.0000953943603
additive,480,1.2,0.0576,15.0,16.0,19.0,21.0,24.0,24.0,True,instance_16981_valuation_matrix.csv,2,4,8.0,56.0,7.0
additive,481,1.2,0.0672,25.0,27.0,30.0,32.0,36.0,36.0,True,instance_13202_valuation_matrix.csv,3,4,5.7971,68.8525,11.877059219264805
additive,482,1.2,0.056,18.0,21.0,25.0,27.0,32.0,32.0,True,instance_14247_valuation_matrix.csv,2,4,8.95522,62.6866,7.000006700002903
additive,483,1.2,0.0036,645.0,663.0,708.0,727.0,772.0,772.0,True,instance_17863_valuation_matrix.csv,4,4,0.0848794,97.005,1142.856806245096
additive,484,1.2,0.0224,51.0,53.0,59.0,61.0,65.0,65.0,True,instance_12873_valuation_matrix.csv,2,4,2.62172,56.0,21.360023190882323
additive,485,1.2,0.0576,15.0,16.0,19.0,21.0,24.0,24.0,True,instance_9666_valuation_matrix.csv,2,4,8.0,56.0,7.0
additive,486,1.2,0.0112,124.0,132.0,150.0,158.0,178.0,178.0,True,instance_18906_valuation_matrix.csv,2,4,1.7094,75.0,43.87504387504387
additive,487,1.2,0.0576,15.0,16.0,19.0,21.0,24.0,24.0,True,instance_12656_valuation_matrix.csv,2,4,8.0,56.0,7.0
additive,488,1.2,0.04,21.0,23.0,28.0,30.0,35.0,35.0,True,instance_14155_valuation_matrix.csv,2,4,5.71874,54.1936,9.47649307364909
additive,489,1.2,0.02,19.0,22.0,27.0,30.0,35.0,35.0,True,instance_15657_valuation_matrix.csv,2,9,3.33333,23.3333,6.999996999997
additive,490,1.2,0.027,67.0,73.0,86.0,91.0,104.0,104.0,True,instance_11299_valuation_matrix.csv,2,4,3.72093,60.0,16.125001007812564
additive,491,1.2,0.06,4.0,4.0,4.0,4.0,4.0,4.0,True,instance_14963_valuation_matrix.csv,2,3,14.2857,42.8571,3.0
additive,492,1.2,0.0404999999999999,21.0,23.0,28.0,30.0,36.0,36.0,True,instance_10388_valuation_matrix.csv,2,4,7.40741,56.0,7.559997354000926
additive,493,1.2,0.05,18.0,19.0,21.0,22.0,25.0,25.0,True,instance_17827_valuation_matrix.csv,2,4,8.04598,65.1163,8.09302285116294
additive,494,1.2,0.08,30.0,34.0,44.0,49.0,59.0,59.0,True,instance_11973_valuation_matrix.csv,5,7,3.22581,58.0645,17.99997520002728
additive,495,1.2,0.0252,32.0,36.0,45.0,48.0,57.0,57.0,True,instance_17434_valuation_matrix.csv,2,4,3.57143,50.0,13.99999440000224
additive,496,1.2,0.025,35.0,39.0,49.0,53.0,62.0,62.0,True,instance_9994_valuation_matrix.csv,2,4,4.28571,60.0,14.000014000014
additive,497,1.2,0.04,24.0,28.0,38.0,42.0,51.0,51.0,True,instance_20753_valuation_matrix.csv,5,7,2.77778,25.0,8.99999280000576
additive,498,1.2,0.05,26.0,28.0,33.0,36.0,40.0,40.0,True,instance_18551_valuation_matrix.csv,2,4,5.12821,71.7949,13.999992200007409
additive,499,1.2,0.048,19.0,20.0,23.0,25.0,28.0,28.0,True,instance_12876_valuation_matrix.csv,2,4,6.54206,65.4206,9.999999999999998
additive,500,1.2,0.0252,41.0,43.0,49.0,52.0,58.0,58.0,True,instance_16673_valuation_matrix.csv,2,6,2.51256,61.2755,24.38767631419747
additive,501,1.2,0.0315,27.0,30.0,37.0,41.0,48.0,48.0,True,instance_17515_valuation_matrix.csv,2,4,5.47945,57.5342,10.499995437498288
additive,502,1.2,0.0576,15.0,16.0,19.0,21.0,24.0,24.0,True,instance_14242_valuation_matrix.csv,2,4,8.0,56.0,7.0
additive,503,1.2,0.042,24.0,25.0,28.0,30.0,32.0,32.0,True,instance_20505_valuation_matrix.csv,2,4,5.47945,62.6866,11.440308790115797
additive,504,1.2,0.00063,416.0,421.0,8338.0,8707.0,9556.0,9556.0,True,instance_23636_valuation_matrix.csv,2,4,0.390625,68.3594,175.00006399999998
additive,505,1.2,0.0315,31.0,33.0,37.0,39.0,44.0,44.0,True,instance_9642_valuation_matrix.csv,2,4,5.17241,72.4138,14.000011600008506
additive,506,1.2,0.00216,573.0,599.0,653.0,675.0,725.0,725.0,True,instance_20039_valuation_matrix.csv,2,4,0.476758,83.4327,175.00010487500995
additive,507,1.2,0.0252,37.0,40.0,46.0,49.0,55.0,55.0,True,instance_10243_valuation_matrix.csv,2,4,4.0747,71.3073,17.500012270842024
additive,508,1.2,0.035,29.0,31.0,35.0,37.0,41.0,41.0,True,instance_16277_valuation_matrix.csv,2,4,2.40964,75.9036,31.49997510001494
additive,509,1.2,0.0576,15.0,16.0,19.0,21.0,24.0,24.0,True,instance_12816_valuation_matrix.csv,2,4,8.0,56.0,7.0
additive,510,1.2,0.00162,492.0,498.0,512.0,518.0,532.0,532.0,True,instance_10549_valuation_matrix.csv,2,4,0.462453,93.6455,202.49733486429972
additive,511,1.2,0.03,45.0,47.0,52.0,55.0,60.0,60.0,True,instance_19044_valuation_matrix.csv,2,4,5.45455,76.3636,13.999981666681945
additive,512,1.2,0.07,13.0,15.0,17.0,19.0,21.0,21.0,True,instance_18746_valuation_matrix.csv,2,4,8.0,61.7647,7.7205875
additive,513,1.2,0.006,59.0,466.0,510.0,529.0,573.0,573.0,True,instance_15757_valuation_matrix.csv,2,4,1.0929,74.8555,68.4925427761003
additive,514,1.2,0.08,0.0,0.0,76.0,78.0,81.0,81.0,True,instance_15559_valuation_matrix.csv,3,3,2.63158,92.1053,35.0
additive,515,1.2,0.005184,177.0,184.0,201.0,208.0,224.0,224.0,True,instance_14389_valuation_matrix.csv,2,4,0.283554,79.3951,279.9999294666977
additive,516,1.2,1.0,0.0,0.0,0.0,0.0,0.0,0.0,True,instance_23145_valuation_matrix.csv,2,3,33.3333,33.3333,1.0
additive,517,1.2,0.0576,15.0,16.0,19.0,21.0,24.0,24.0,True,instance_12937_valuation_matrix.csv,2,4,8.0,56.0,7.0
additive,518,1.2,0.020412,78.0,80.0,84.0,86.0,91.0,91.0,True,instance_16545_valuation_matrix.csv,2,4,3.0581,76.087,24.88048134462575
additive,519,1.2,0.0324,73.0,88.0,119.0,131.0,160.0,160.0,True,instance_15972_valuation_matrix.csv,3,4,2.5974,54.5455,21.0000385000385
additive,520,1.2,0.09,6.0,7.0,10.0,12.0,14.0,14.0,True,instance_10202_valuation_matrix.csv,2,4,13.6364,40.9091,2.9999926666862224
additive,521,1.2,0.05,18.0,19.0,22.0,23.0,26.0,26.0,True,instance_10075_valuation_matrix.csv,2,4,7.36842,62.6866,8.507468358209765
additive,522,1.2,0.04,9.0,9.0,9.0,10.0,10.0,10.0,True,instance_18667_valuation_matrix.csv,2,4,5.55556,38.8889,6.99999640000288
additive,523,1.2,0.042,47.0,52.0,64.0,70.0,81.0,81.0,True,instance_9907_valuation_matrix.csv,3,4,4.28571,62.2222,14.518527851861185
additive,524,1.2,0.24,2.0,2.0,2.0,2.0,2.0,2.0,True,instance_18087_valuation_matrix.csv,2,4,16.6667,33.3333,1.9999940000120002
additive,525,1.2,1.6000000000000004e-06,,,,,,60000.0,False,instance_14347_valuation_matrix.csv,2,6,0.00574887,98.5521,17142.86459773834
additive,526,1.2,0.008,191.0,193.0,199.0,201.0,207.0,207.0,True,instance_15445_valuation_matrix.csv,2,4,1.85701,90.9935,49.00000538500062
additive,527,1.2,0.0404999999999999,21.0,23.0,28.0,30.0,36.0,36.0,True,instance_10926_valuation_matrix.csv,2,4,7.40741,56.0,7.559997354000926
additive,528,1.2,0.064,16.0,17.0,21.0,23.0,27.0,27.0,True,instance_15256_valuation_matrix.csv,2,4,8.0,68.8525,8.6065625
additive,529,1.2,0.0324,29.0,31.0,37.0,39.0,44.0,44.0,True,instance_21962_valuation_matrix.csv,2,4,4.16667,58.3333,13.999980800015361
additive,530,1.2,0.021,48.0,50.0,56.0,58.0,65.0,65.0,True,instance_12145_valuation_matrix.csv,2,4,3.5533,79.096,22.2598711057327
additive,531,1.2,0.00063,416.0,421.0,8338.0,8707.0,9556.0,9556.0,True,instance_23633_valuation_matrix.csv,2,4,0.390625,68.3594,175.00006399999998
additive,532,1.2,0.0225,45.0,48.0,61.0,67.0,79.0,79.0,True,instance_17322_valuation_matrix.csv,2,4,3.78788,53.0303,13.99999472000169
additive,533,1.2,0.18,4.0,5.0,6.0,7.0,10.0,10.0,True,instance_15817_valuation_matrix.csv,3,3,18.1818,45.4545,2.5000000000000004
additive,534,1.2,0.03,70.0,94.0,149.0,172.0,227.0,227.0,True,instance_19284_valuation_matrix.csv,4,8,1.82927,51.2195,27.99996720003061
additive,535,1.2,0.0576,15.0,16.0,19.0,21.0,24.0,24.0,True,instance_17548_valuation_matrix.csv,2,4,8.0,56.0,7.0
additive,536,1.2,0.0126,137.0,151.0,182.0,194.0,224.0,224.0,True,instance_13943_valuation_matrix.csv,2,4,1.89573,69.6682,36.7500646189067
additive,537,1.2,0.048,18.0,20.0,25.0,27.0,32.0,32.0,True,instance_19773_valuation_matrix.csv,2,3,6.66667,66.6667,10.000000000000002
additive,538,1.2,0.0072,127.0,142.0,178.0,193.0,229.0,229.0,True,instance_12441_valuation_matrix.csv,2,4,1.28205,62.8205,49.000039000039
additive,539,1.2,0.12,10.0,12.0,17.0,20.0,27.0,27.0,True,instance_23753_valuation_matrix.csv,3,4,8.10811,48.6486,5.999992600001727
additive,540,1.2,2.0000000000000004e-07,,,,,,60000.0,False,instance_12104_valuation_matrix.csv,2,4,0.0111099,62.461,5622.102809206203
additive,541,1.2,0.03,31.0,33.0,37.0,41.0,51.0,51.0,True,instance_12373_valuation_matrix.csv,2,4,4.81928,72.4138,15.025854484487308
additive,542,1.2,0.02016,144.0,156.0,183.0,194.0,220.0,220.0,True,instance_9550_valuation_matrix.csv,3,7,0.628968,66.0417,105.0000953943603
additive,543,1.2,0.0576,15.0,16.0,19.0,21.0,24.0,24.0,True,instance_20538_valuation_matrix.csv,2,4,8.0,56.0,7.0
additive,544,1.2,0.0225,96.0,105.0,124.0,131.0,149.0,149.0,True,instance_16741_valuation_matrix.csv,2,6,2.90698,50.6024,17.407206103929166
additive,545,1.2,0.07,11.0,12.0,14.0,15.0,17.0,17.0,True,instance_20618_valuation_matrix.csv,2,4,13.7255,54.902,4.0
additive,546,1.2,0.0045,11.0,12.0,16.0,18.0,22.0,22.0,True,instance_11800_valuation_matrix.csv,2,37,1.0582,5.26316,4.973691173691174
additive,547,1.2,0.05,16.0,18.0,22.0,23.0,27.0,27.0,True,instance_14026_valuation_matrix.csv,2,4,7.84314,54.902,7.000002549999108
additive,548,1.2,1.8e-05,,,,,,60000.0,False,instance_15553_valuation_matrix.csv,3,4,0.0234137,95.8957,4095.70892255389
additive,549,1.2,0.00072,1300.0,1323.0,1377.0,1400.0,1454.0,1454.0,True,instance_14442_valuation_matrix.csv,2,5,0.265604,92.9615,350.0003765003539
additive,550,1.2,0.0144,22.0,23.0,25.0,26.0,28.0,28.0,True,instance_18848_valuation_matrix.csv,2,4,2.85714,45.1613,15.806470806470807
additive,551,1.2,0.035,28.0,31.0,38.0,41.0,48.0,48.0,True,instance_19240_valuation_matrix.csv,2,4,5.7971,60.8696,10.500008625002156
additive,552,1.2,0.18,4.0,5.0,6.0,7.0,10.0,10.0,True,instance_15820_valuation_matrix.csv,3,3,18.1818,45.4545,2.5000000000000004
additive,553,1.2,0.0504,18.0,19.0,22.0,23.0,26.0,26.0,True,instance_21628_valuation_matrix.csv,2,4,8.04598,64.3678,7.9999950285732755
additive,554,1.2,0.048,21.0,22.0,25.0,26.0,29.0,29.0,True,instance_21355_valuation_matrix.csv,2,4,7.84314,70.0,8.924996876251093
additive,555,1.2,0.072,14.0,15.0,17.0,18.0,20.0,20.0,True,instance_23860_valuation_matrix.csv,2,4,8.0,65.1163,8.1395375
additive,556,1.2,1.6000000000000004e-06,,,,,,60000.0,False,instance_14348_valuation_matrix.csv,2,6,0.00575227,98.6104,17142.867076823582
additive,557,1.2,0.0224,44.0,45.0,50.0,51.0,55.0,55.0,True,instance_10950_valuation_matrix.csv,2,4,1.94265,55.5042,28.57138444907729
additive,558,1.2,0.0126,81.0,87.0,99.0,105.0,118.0,118.0,True,instance_9648_valuation_matrix.csv,2,4,2.09059,73.1707,35.00002391669337
additive,559,1.2,0.0036,632.0,657.0,714.0,739.0,797.0,797.0,True,instance_22488_valuation_matrix.csv,2,4,0.769231,80.7692,104.99992850002145
additive,560,1.2,0.07,23.0,30.0,44.0,50.0,64.0,64.0,True,instance_15796_valuation_matrix.csv,3,4,5.88235,64.1221,10.900762450381226
additive,561,1.2,0.0576,15.0,16.0,19.0,21.0,24.0,24.0,True,instance_17547_valuation_matrix.csv,2,4,8.0,56.0,7.0
additive,562,1.2,0.045,19.0,21.0,25.0,27.0,32.0,32.0,True,instance_11499_valuation_matrix.csv,2,4,6.89655,56.0,8.120002030000506
additive,563,1.2,0.18,4.0,5.0,6.0,7.0,10.0,10.0,True,instance_15818_valuation_matrix.csv,3,3,18.1818,45.4545,2.5000000000000004
additive,564,1.2,0.032,22.0,26.0,36.0,41.0,52.0,52.0,True,instance_19076_valuation_matrix.csv,2,4,4.19162,47.9042,11.428564612250156
additive,565,1.2,0.006,162.0,170.0,191.0,200.0,222.0,222.0,True,instance_12860_valuation_matrix.csv,2,4,1.15718,81.0029,70.00025925093762
additive,566,1.2,0.0189,27.0,32.0,43.0,48.0,59.0,59.0,True,instance_20745_valuation_matrix.csv,2,4,4.60829,38.7097,8.40001388801486
additive,567,1.2,0.035,29.0,31.0,35.0,37.0,41.0,41.0,True,instance_16278_valuation_matrix.csv,2,4,2.40964,75.9036,31.49997510001494
additive,568,1.2,0.0215999999999999,63.0,111.0,389.0,401.0,429.0,429.0,True,instance_11033_valuation_matrix.csv,2,6,2.63158,61.3139,23.299272680290926
additive,569,1.2,0.1079999999999999,7.0,8.0,10.0,12.0,16.0,16.0,True,instance_9850_valuation_matrix.csv,2,4,15.0,52.5,3.5
additive,570,1.2,0.042,23.0,24.0,27.0,29.0,32.0,32.0,True,instance_20321_valuation_matrix.csv,2,5,5.26316,55.814,10.604655758137696
additive,571,1.2,0.126,7.0,7.0,7.0,7.0,7.0,7.0,True,instance_9523_valuation_matrix.csv,2,2,16.6667,83.3333,4.999988000024
additive,572,1.2,0.063,14.0,15.0,16.0,17.0,19.0,19.0,True,instance_14386_valuation_matrix.csv,2,4,8.88889,62.6866,7.052241618469798
additive,573,1.2,0.0112,88.0,92.0,99.0,103.0,110.0,110.0,True,instance_13349_valuation_matrix.csv,2,4,2.01005,78.6517,39.129225641153205
additive,574,1.2,0.024,39.0,42.0,48.0,51.0,57.0,57.0,True,instance_17248_valuation_matrix.csv,2,4,3.30579,69.4215,20.999972775040156
additive,575,1.2,0.0971999999999999,12.0,20.0,35.0,41.0,54.0,54.0,True,instance_18466_valuation_matrix.csv,2,4,12.0,50.9091,4.242425
additive,576,1.2,0.035,27.0,29.0,33.0,35.0,40.0,40.0,True,instance_9908_valuation_matrix.csv,2,4,4.44444,65.4206,14.719649719649718
additive,577,1.2,0.03,33.0,36.0,44.0,48.0,56.0,56.0,True,instance_18782_valuation_matrix.csv,2,4,4.41176,61.7647,14.000013600014507
additive,578,1.2,0.135,5.0,6.0,8.0,9.0,10.0,10.0,True,instance_21006_valuation_matrix.csv,2,3,20.0,50.0,2.5
additive,579,1.2,1.0,0.0,0.0,0.0,0.0,0.0,0.0,True,instance_10709_valuation_matrix.csv,2,2,50.0,50.0,1.0
additive,580,1.2,0.0576,15.0,16.0,19.0,21.0,24.0,24.0,True,instance_17351_valuation_matrix.csv,2,4,8.0,56.0,7.0
additive,581,1.2,0.0576,15.0,16.0,19.0,21.0,24.0,24.0,True,instance_20360_valuation_matrix.csv,2,4,8.0,56.0,7.0
additive,582,1.2,0.072,9.0,10.0,14.0,15.0,18.0,18.0,True,instance_10507_valuation_matrix.csv,2,4,9.09091,40.0,4.399999560000045
additive,583,1.2,0.0315,29.0,31.0,36.0,38.0,42.0,42.0,True,instance_18708_valuation_matrix.csv,2,4,4.91803,68.8525,14.000016266675885
additive,584,1.2,0.1079999999999999,7.0,8.0,11.0,12.0,15.0,15.0,True,instance_15719_valuation_matrix.csv,2,4,11.1111,44.6809,4.0212850212850215
additive,585,1.2,0.0135,46.0,51.0,64.0,69.0,81.0,81.0,True,instance_20800_valuation_matrix.csv,2,12,1.86916,25.8805,13.846059192364486
additive,586,1.2,0.0084,173.0,181.0,199.0,207.0,225.0,225.0,True,instance_14334_valuation_matrix.csv,2,5,1.62162,81.0811,50.000061666728335
additive,587,1.2,0.0324,30.0,34.0,44.0,48.0,58.0,58.0,True,instance_13715_valuation_matrix.csv,2,4,4.79042,56.0,11.689997954250357
additive,588,1.2,0.008,162.0,168.0,180.0,184.0,198.0,198.0,True,instance_15638_valuation_matrix.csv,2,4,0.55666,71.5706,128.57147989796283
additive,589,1.2,0.0432,24.0,25.0,28.0,29.0,32.0,32.0,True,instance_21830_valuation_matrix.csv,2,4,7.69231,66.1417,8.598418420474474
additive,590,1.2,0.0224,32.0,38.0,54.0,61.0,77.0,77.0,True,instance_19741_valuation_matrix.csv,2,4,3.0303,44.6809,14.744711744711745
additive,591,1.2,0.072,11.0,12.0,14.0,14.0,16.0,16.0,True,instance_20625_valuation_matrix.csv,2,3,13.3333,71.4286,5.3571583928959825
additive,592,1.2,1.0,0.0,0.0,0.0,0.0,0.0,0.0,True,instance_20238_valuation_matrix.csv,3,4,25.0,25.0,1.0
additive,593,1.2,0.0576,15.0,16.0,19.0,21.0,24.0,24.0,True,instance_11564_valuation_matrix.csv,2,4,8.0,56.0,7.0
additive,594,1.2,0.04,24.0,26.0,29.0,30.0,33.0,33.0,True,instance_10295_valuation_matrix.csv,2,4,7.2165,72.1649,9.99998614286704
additive,595,1.2,0.06,15.0,17.0,21.0,23.0,28.0,28.0,True,instance_11100_valuation_matrix.csv,2,4,6.15385,49.4118,8.029412481617198
additive,596,1.2,0.045,19.0,21.0,25.0,27.0,31.0,31.0,True,instance_16332_valuation_matrix.csv,2,4,6.639,58.0913,8.750007531254706
additive,597,1.2,0.048,15.0,19.0,27.0,30.0,39.0,39.0,True,instance_10068_valuation_matrix.csv,2,4,5.26316,44.6809,8.489367604252958
additive,598,1.2,0.0224,51.0,53.0,59.0,61.0,65.0,65.0,True,instance_12872_valuation_matrix.csv,2,4,2.62172,56.0,21.360023190882323
additive,599,1.2,0.054,9.0,11.0,88.0,95.0,111.0,111.0,True,instance_21448_valuation_matrix.csv,2,4,3.46535,49.505,14.285714285714286
additive,600,1.2,0.042,26.0,28.0,33.0,35.0,40.0,40.0,True,instance_19020_valuation_matrix.csv,2,4,1.4862,84.9257,57.14284753061499
additive,601,1.2,0.084,15.0,16.0,19.0,20.0,22.0,22.0,True,instance_9548_valuation_matrix.csv,3,3,9.85915,78.8732,8.0
additive,602,1.2,0.072,6.0,44.0,46.0,47.0,49.0,49.0,True,instance_15237_valuation_matrix.csv,2,4,6.77966,47.4576,6.999997049999558
additive,603,1.2,0.008,188.0,193.0,206.0,212.0,225.0,225.0,True,instance_12461_valuation_matrix.csv,2,4,1.46879,71.9706,48.99992510842258
additive,604,1.2,0.063,24.0,27.0,34.0,36.0,43.0,43.0,True,instance_12998_valuation_matrix.csv,2,4,8.4507,59.1549,7.0
additive,605,1.2,0.0126,75.0,77.0,83.0,85.0,91.0,91.0,True,instance_22966_valuation_matrix.csv,2,4,1.30152,64.6154,49.646106091339355
additive,606,1.2,0.096,8.0,9.0,11.0,12.0,15.0,15.0,True,instance_10171_valuation_matrix.csv,2,4,14.4928,50.7246,3.4999862000441597
additive,607,1.2,0.0809999999999999,8.0,9.0,12.0,13.0,15.0,15.0,True,instance_11984_valuation_matrix.csv,2,3,12.0,56.0,4.666666666666667
additive,608,1.2,0.045,29.0,31.0,35.0,37.0,41.0,41.0,True,instance_18867_valuation_matrix.csv,2,4,7.2165,72.1649,9.99998614286704
additive,609,1.2,0.01296,91.0,104.0,136.0,149.0,181.0,181.0,True,instance_18894_valuation_matrix.csv,2,4,2.58065,63.2258,24.49995156259082
additive,610,1.2,0.0144,64.0,77.0,104.0,116.0,144.0,144.0,True,instance_22129_valuation_matrix.csv,2,4,2.3753,53.1646,22.382267503052244
additive,611,1.2,0.056,29.0,31.0,34.0,36.0,40.0,40.0,True,instance_14627_valuation_matrix.csv,2,4,6.15385,50.9091,8.272723579547764
additive,612,1.2,1.0,0.0,0.0,0.0,0.0,0.0,0.0,True,instance_17867_valuation_matrix.csv,3,3,33.3333,33.3333,1.0
additive,613,1.2,0.09,10.0,17.0,130.0,137.0,152.0,152.0,True,instance_12780_valuation_matrix.csv,2,4,12.0,60.0,5.0
additive,614,1.2,0.0576,15.0,16.0,19.0,21.0,24.0,24.0,True,instance_14243_valuation_matrix.csv,2,4,8.0,56.0,7.0
additive,615,1.2,0.0048,184.0,190.0,203.0,209.0,222.0,222.0,True,instance_18550_valuation_matrix.csv,2,4,0.75188,63.1579,83.99997340001063
additive,616,1.2,0.0648,13.0,14.0,16.0,17.0,20.0,20.0,True,instance_19025_valuation_matrix.csv,2,4,8.51064,59.5745,7.00000234999953
additive,617,1.2,0.03,33.0,35.0,38.0,40.0,43.0,43.0,True,instance_16672_valuation_matrix.csv,2,4,4.7619,66.6667,14.000021000021002
additive,618,1.2,0.03,37.0,39.0,44.0,46.0,50.0,50.0,True,instance_12884_valuation_matrix.csv,2,4,4.28571,60.0,14.000014000014
additive,619,1.2,0.008064,261.0,274.0,304.0,317.0,347.0,347.0,True,instance_21029_valuation_matrix.csv,2,4,1.26582,70.8861,56.000142200312844
additive,620,1.2,0.03,37.0,38.0,41.0,42.0,45.0,45.0,True,instance_16524_valuation_matrix.csv,2,4,2.7027,56.7568,21.000037000036997
additive,621,1.2,0.045,19.0,22.0,27.0,29.0,34.0,34.0,True,instance_10014_valuation_matrix.csv,2,4,4.44444,56.0,12.6000126000126
additive,622,1.2,0.096,8.0,9.0,11.0,12.0,15.0,15.0,True,instance_23737_valuation_matrix.csv,2,4,14.4928,50.7246,3.4999862000441597
additive,623,1.2,0.045,9.0,10.0,14.0,16.0,20.0,20.0,True,instance_12236_valuation_matrix.csv,2,6,6.03448,31.0345,5.142862351022789
additive,624,1.2,0.045,25.0,28.0,34.0,36.0,42.0,42.0,True,instance_12041_valuation_matrix.csv,2,4,6.54206,65.4206,9.999999999999998
additive,625,1.2,1.4e-06,,,,,,60000.0,False,instance_15197_valuation_matrix.csv,2,4,0.0278629,98.385,3531.0394826094916
additive,626,1.2,0.04,22.0,24.0,30.0,32.0,38.0,38.0,True,instance_13454_valuation_matrix.csv,2,4,5.6338,59.1549,10.5
additive,627,1.2,0.042,15.0,18.0,25.0,28.0,36.0,36.0,True,instance_10890_valuation_matrix.csv,2,4,5.55556,44.4444,7.99998560001152
additive,628,1.2,0.0126,76.0,80.0,92.0,97.0,108.0,108.0,True,instance_18891_valuation_matrix.csv,2,4,2.02703,70.9459,34.99992600010853
additive,629,1.2,0.0576,15.0,16.0,19.0,21.0,24.0,24.0,True,instance_14086_valuation_matrix.csv,2,4,8.0,56.0,7.0
additive,630,1.2,0.027,36.0,38.0,43.0,45.0,50.0,50.0,True,instance_16020_valuation_matrix.csv,2,4,2.67857,58.3333,21.777776948147704
additive,631,1.2,0.0135,46.0,51.0,64.0,69.0,81.0,81.0,True,instance_20799_valuation_matrix.csv,2,12,1.86916,25.8805,13.846059192364486
additive,632,1.2,0.01701,66.0,68.0,74.0,77.0,83.0,83.0,True,instance_17474_valuation_matrix.csv,2,4,2.94118,68.5714,23.31424802290237
additive,633,1.2,0.0036,285.0,295.0,321.0,332.0,357.0,357.0,True,instance_17069_valuation_matrix.csv,2,4,0.694786,69.4786,100.0
additive,634,1.2,0.0576,15.0,16.0,19.0,21.0,24.0,24.0,True,instance_18814_valuation_matrix.csv,2,4,8.0,56.0,7.0
additive,635,1.2,0.00378,103.0,114.0,139.0,150.0,176.0,176.0,True,instance_14610_valuation_matrix.csv,2,12,0.636943,17.5055,27.483620983353298
additive,636,1.2,0.00504,380.0,400.0,447.0,467.0,515.0,515.0,True,instance_9787_valuation_matrix.csv,4,4,0.51458,84.9057,164.99999999999997
additive,637,1.2,0.06,37.0,39.0,42.0,43.0,46.0,46.0,True,instance_10102_valuation_matrix.csv,2,4,2.83401,80.9717,28.57142353061563
additive,638,1.2,0.06,15.0,17.0,21.0,23.0,28.0,28.0,True,instance_11099_valuation_matrix.csv,2,4,6.15385,49.4118,8.029412481617198
additive,639,1.2,0.064,11.0,12.0,15.0,17.0,20.0,20.0,True,instance_17211_valuation_matrix.csv,2,4,9.6538,46.6045,4.827580848992107
additive,640,1.2,0.36,8.0,22.0,30.0,33.0,40.0,40.0,True,instance_12961_valuation_matrix.csv,3,3,11.1111,66.6667,6.000009000009
additive,641,1.2,0.016,60.0,65.0,76.0,80.0,91.0,91.0,True,instance_17675_valuation_matrix.csv,2,4,2.54237,71.1864,28.000015733351166
additive,642,1.2,0.035,28.0,31.0,38.0,41.0,48.0,48.0,True,instance_20939_valuation_matrix.csv,2,4,5.7971,60.8696,10.500008625002156
additive,643,1.2,0.035,28.0,31.0,38.0,41.0,48.0,48.0,True,instance_20940_valuation_matrix.csv,2,4,5.7971,60.8696,10.500008625002156
additive,644,1.2,0.0576,15.0,16.0,19.0,21.0,24.0,24.0,True,instance_14122_valuation_matrix.csv,2,4,8.0,56.0,7.0
additive,645,1.2,0.084,15.0,16.0,19.0,20.0,22.0,22.0,True,instance_9542_valuation_matrix.csv,3,3,9.85915,78.8732,8.0
additive,646,1.2,1.8e-06,,,,,,60000.0,False,instance_20137_valuation_matrix.csv,2,4,0.0019723,98.6151,50000.050702225824
additive,647,1.2,0.0576,15.0,16.0,19.0,21.0,24.0,24.0,True,instance_18751_valuation_matrix.csv,2,4,8.0,56.0,7.0
additive,648,1.2,1.0,0.0,0.0,0.0,0.0,0.0,0.0,True,instance_16480_valuation_matrix.csv,2,3,33.3333,33.3333,1.0
additive,649,1.2,0.0576,15.0,16.0,19.0,21.0,24.0,24.0,True,instance_19305_valuation_matrix.csv,2,4,8.0,56.0,7.0
additive,650,1.2,0.16,5.0,5.0,6.0,6.0,6.0,6.0,True,instance_11760_valuation_matrix.csv,2,2,20.0,80.0,4.0
additive,651,1.2,0.0504,27.0,29.0,33.0,35.0,40.0,40.0,True,instance_15072_valuation_matrix.csv,2,4,8.86076,70.8861,8.000002257142727
additive,652,1.2,0.072,19.0,21.0,24.0,26.0,29.0,29.0,True,instance_16821_valuation_matrix.csv,2,4,9.83607,68.8525,7.00000101666621
additive,653,1.2,0.00081,1362.0,1438.0,1615.0,1692.0,1871.0,1871.0,True,instance_14350_valuation_matrix.csv,2,6,0.253936,77.1803,303.93603112595304
additive,654,1.2,0.0144,79.0,84.0,94.0,98.0,108.0,108.0,True,instance_13771_valuation_matrix.csv,2,4,1.92926,67.5241,35.0
additive,655,1.2,0.0576,15.0,16.0,19.0,21.0,24.0,24.0,True,instance_12619_valuation_matrix.csv,2,4,8.0,56.0,7.0
additive,656,1.2,0.01134,102.0,104.0,109.0,112.0,118.0,118.0,True,instance_14329_valuation_matrix.csv,2,4,0.470219,82.2884,175.0001595001478
additive,657,1.2,0.03,30.0,33.0,39.0,42.0,48.0,48.0,True,instance_15921_valuation_matrix.csv,2,4,4.41176,61.7647,14.000013600014507
additive,658,1.2,0.054,25.0,26.0,28.0,29.0,31.0,31.0,True,instance_20793_valuation_matrix.csv,3,4,5.55556,77.7778,13.99999280000576
additive,659,1.2,0.032,39.0,52.0,78.0,89.0,114.0,114.0,True,instance_15800_valuation_matrix.csv,3,4,2.12766,63.8298,29.999999999999996
additive,660,1.2,1.2600000000000002e-06,,,,,,60000.0,False,instance_10563_valuation_matrix.csv,2,4,0.0010857,97.7132,90000.18421295017
additive,661,1.2,0.1619999999999999,2.0,3.0,4.0,4.0,5.0,5.0,True,instance_17526_valuation_matrix.csv,2,2,42.8571,57.1429,1.333335666669
additive,662,1.2,0.0315,27.0,30.0,37.0,41.0,48.0,48.0,True,instance_15573_valuation_matrix.csv,2,4,5.47945,57.5342,10.499995437498288
additive,663,1.2,0.072,10.0,12.0,16.0,17.0,21.0,21.0,True,instance_22231_valuation_matrix.csv,2,4,6.30631,50.4505,8.000003171426714
additive,664,1.2,0.00945,81.0,93.0,121.0,133.0,162.0,162.0,True,instance_14311_valuation_matrix.csv,2,4,2.17391,45.6522,21.000041400057963
additive,665,1.2,0.03,33.0,35.0,39.0,41.0,45.0,45.0,True,instance_20297_valuation_matrix.csv,2,4,4.87805,72.4138,14.844825288793677
additive,666,1.2,0.042,21.0,23.0,27.0,28.0,32.0,32.0,True,instance_18754_valuation_matrix.csv,2,4,6.10687,64.1221,10.499994268749786
additive,667,1.2,4.5e-05,22286.0,22292.0,22305.0,22311.0,22325.0,22325.0,True,instance_10755_valuation_matrix.csv,3,3,0.0547146,99.8541,1824.999177550416
additive,668,1.2,0.006,519.0,590.0,759.0,833.0,1005.0,1005.0,True,instance_19645_valuation_matrix.csv,4,8,0.581395,69.7674,119.99999999999999
additive,669,1.2,0.084,15.0,16.0,19.0,20.0,22.0,22.0,True,instance_9547_valuation_matrix.csv,3,3,9.85915,78.8732,8.0
additive,0,2.0,0.09,34.0,38.0,47.0,51.0,60.0,60.0,True,instance_24129_valuation_matrix.csv,2,4,5.12821,71.7949,13.999992200007409
additive,1,2.0,0.0648,22.0,24.0,27.0,29.0,32.0,32.0,True,instance_16895_valuation_matrix.csv,2,4,8.04598,70.8861,8.810126299095947
additive,2,2.0,1.4400000000000002e-06,,,,,,60000.0,False,instance_14353_valuation_matrix.csv,2,6,0.0655523,98.3284,1499.9992372502568
additive,3,2.0,0.1134,19.0,23.0,31.0,34.0,42.0,42.0,True,instance_15114_valuation_matrix.csv,2,4,8.0,56.0,7.0
additive,4,2.0,0.000405,2811.0,2846.0,2926.0,2960.0,3040.0,3040.0,True,instance_18898_valuation_matrix.csv,2,4,0.469484,72.5953,154.62784674238097
additive,5,2.0,0.0054,234.0,239.0,253.0,259.0,273.0,273.0,True,instance_20867_valuation_matrix.csv,2,4,1.5887,78.5047,49.41442688990999
additive,6,2.0,0.21,11.0,13.0,17.0,18.0,22.0,22.0,True,instance_13237_valuation_matrix.csv,2,4,9.83607,56.7568,5.770272070044236
additive,7,2.0,0.01134,230.0,245.0,280.0,295.0,330.0,330.0,True,instance_9885_valuation_matrix.csv,2,4,1.49254,71.1864,47.694802149356136
additive,8,2.0,0.1134,19.0,23.0,31.0,34.0,42.0,42.0,True,instance_19470_valuation_matrix.csv,2,4,8.0,56.0,7.0
additive,9,2.0,1.0,0.0,0.0,0.0,0.0,0.0,0.0,True,instance_16130_valuation_matrix.csv,5,7,14.2857,14.2857,1.0
additive,10,2.0,0.108,16.0,18.0,22.0,24.0,28.0,28.0,True,instance_18685_valuation_matrix.csv,2,4,8.95522,62.6866,7.000006700002903
additive,11,2.0,0.128,16.0,19.0,26.0,29.0,36.0,36.0,True,instance_21385_valuation_matrix.csv,2,4,6.73401,47.138,6.999989605005042
additive,12,2.0,0.0018,4235.0,4974.0,6593.0,7277.0,8855.0,8855.0,True,instance_14312_valuation_matrix.csv,5,6,0.398918,55.0508,138.0002907865777
additive,13,2.0,0.0486,91.0,115.0,159.0,176.0,216.0,216.0,True,instance_12048_valuation_matrix.csv,2,4,3.8961,58.3333,14.972228638895306
additive,14,2.0,0.144,12.0,16.0,26.0,30.0,39.0,39.0,True,instance_22232_valuation_matrix.csv,2,4,7.69231,44.4444,5.77777026666892
additive,15,2.0,0.126,15.0,16.0,18.0,18.0,20.0,20.0,True,instance_9544_valuation_matrix.csv,3,3,9.85915,78.8732,8.0
additive,16,2.0,2.1e-06,,,,,,60000.0,False,instance_15322_valuation_matrix.csv,2,4,0.0142745,99.9215,6999.999999999999
additive,17,2.0,0.09,19.0,20.0,24.0,26.0,30.0,30.0,True,instance_9733_valuation_matrix.csv,2,4,8.51064,65.1163,7.651163719767255
additive,18,2.0,0.16,13.0,17.0,27.0,31.0,41.0,41.0,True,instance_13078_valuation_matrix.csv,2,4,8.0,56.0,7.0
additive,19,2.0,0.02916,75.0,95.0,140.0,159.0,203.0,203.0,True,instance_16068_valuation_matrix.csv,2,4,4.16667,58.3333,13.999980800015361
additive,20,2.0,3.0000000000000005e-06,,,,,,60000.0,False,instance_11689_valuation_matrix.csv,2,8,0.0649808,53.8531,828.7540319602097
additive,21,2.0,0.01134,148.0,162.0,195.0,209.0,242.0,242.0,True,instance_16448_valuation_matrix.csv,2,4,3.30579,69.4215,20.999972775040156
additive,22,2.0,0.0027,1068.0,1123.0,1250.0,1305.0,1431.0,1431.0,True,instance_19266_valuation_matrix.csv,3,8,0.934579,74.7664,80.00008560004024
additive,23,2.0,0.072,28.0,31.0,39.0,42.0,50.0,50.0,True,instance_19011_valuation_matrix.csv,2,4,8.0,62.7291,7.8411375
additive,24,2.0,0.112,18.0,21.0,27.0,30.0,36.0,36.0,True,instance_10101_valuation_matrix.csv,2,4,5.37634,47.4576,8.827120308611434
additive,25,2.0,0.0063,232.0,248.0,287.0,304.0,342.0,342.0,True,instance_14277_valuation_matrix.csv,2,4,2.5,78.5047,31.40188
additive,26,2.0,0.018,63.0,65.0,71.0,74.0,80.0,80.0,True,instance_15454_valuation_matrix.csv,2,4,3.32226,75.0,22.574994130501526
additive,27,2.0,0.00729,214.0,227.0,258.0,271.0,302.0,302.0,True,instance_12288_valuation_matrix.csv,2,5,2.12766,74.4681,35.0
additive,28,2.0,0.0063,561.0,689.0,960.0,1073.0,1333.0,1333.0,True,instance_18141_valuation_matrix.csv,2,4,1.6129,64.5161,40.000062000124
additive,29,2.0,0.0126,79.0,538.0,622.0,657.0,738.0,738.0,True,instance_19050_valuation_matrix.csv,2,4,1.66667,61.3139,36.78826642346715
additive,30,2.0,0.126,15.0,16.0,20.0,22.0,25.0,25.0,True,instance_21252_valuation_matrix.csv,2,4,7.36842,58.9474,8.000005428572203
additive,31,2.0,0.27,3.0,4.0,6.0,6.0,8.0,8.0,True,instance_21380_valuation_matrix.csv,2,5,8.69565,26.087,3.000005750001437
additive,32,2.0,0.00054,5796.0,6226.0,7219.0,7647.0,8638.0,8638.0,True,instance_10018_valuation_matrix.csv,4,4,0.192678,79.3651,411.905355048319
additive,33,2.0,0.009,107.0,108.0,112.0,113.0,116.0,116.0,True,instance_9844_valuation_matrix.csv,2,4,2.537,88.7949,34.99996058336618
additive,34,2.0,0.1134,19.0,23.0,31.0,34.0,42.0,42.0,True,instance_14239_valuation_matrix.csv,2,4,8.0,56.0,7.0
additive,35,2.0,0.036,70.0,73.0,81.0,84.0,92.0,92.0,True,instance_13205_valuation_matrix.csv,3,4,2.36686,67.2,28.3920468468773
additive,36,2.0,0.1134,19.0,23.0,31.0,34.0,42.0,42.0,True,instance_14240_valuation_matrix.csv,2,4,8.0,56.0,7.0
additive,37,2.0,0.0486,36.0,39.0,47.0,50.0,58.0,58.0,True,instance_20974_valuation_matrix.csv,2,4,4.08163,59.5745,14.595761987245293
additive,38,2.0,0.084,5.0,7.0,11.0,12.0,16.0,16.0,True,instance_11868_valuation_matrix.csv,6,28,0.157853,78.9266,500.0006335007887
additive,39,2.0,0.0288,77.0,88.0,114.0,125.0,150.0,150.0,True,instance_12235_valuation_matrix.csv,2,4,3.77358,61.3139,16.24820462266601
additive,40,2.0,0.072,28.0,31.0,40.0,43.0,52.0,52.0,True,instance_14581_valuation_matrix.csv,2,4,8.08625,62.2642,7.700009275003866
additive,41,2.0,0.0809999999999999,27.0,30.0,37.0,40.0,46.0,46.0,True,instance_18016_valuation_matrix.csv,2,4,6.89655,66.6667,9.66667391666848
additive,42,2.0,0.35,5.0,6.0,8.0,9.0,11.0,11.0,True,instance_10300_valuation_matrix.csv,2,4,12.5,40.0,3.2
additive,43,2.0,0.1134,19.0,23.0,31.0,34.0,42.0,42.0,True,instance_15870_valuation_matrix.csv,2,4,8.0,56.0,7.0
additive,44,2.0,0.0112,91.0,93.0,97.0,99.0,103.0,103.0,True,instance_10177_valuation_matrix.csv,2,4,3.8674,85.5397,22.11814138697833
additive,45,2.0,0.056,36.0,49.0,77.0,89.0,117.0,117.0,True,instance_17132_valuation_matrix.csv,2,4,6.25,50.0,8.0
additive,46,2.0,0.036,46.0,61.0,105.0,131.0,192.0,192.0,True,instance_19269_valuation_matrix.csv,3,5,2.04082,40.0,19.599964720063504
additive,47,2.0,0.0126,185.0,207.0,258.0,280.0,331.0,331.0,True,instance_10513_valuation_matrix.csv,2,13,0.0392619,98.1547,2499.9987265007553
additive,48,2.0,0.0063,232.0,248.0,287.0,304.0,342.0,342.0,True,instance_14278_valuation_matrix.csv,2,4,2.5,78.5047,31.40188
additive,49,2.0,0.0404999999999999,66.0,75.0,94.0,102.0,121.0,121.0,True,instance_15774_valuation_matrix.csv,2,4,4.44444,62.2222,14.000009000009
additive,50,2.0,0.126,13.0,18.0,29.0,35.0,46.0,46.0,True,instance_10941_valuation_matrix.csv,2,4,6.97674,48.8372,7.000002866668387
additive,51,2.0,0.000162,8980.0,9464.0,10583.0,11065.0,12182.0,12182.0,True,instance_14359_valuation_matrix.csv,2,6,0.388457,83.2408,214.28575106125
additive,52,2.0,0.0108,30.0,31.0,32.0,32.0,33.0,33.0,True,instance_18644_valuation_matrix.csv,2,4,2.25564,63.1579,27.999991133336877
additive,53,2.0,0.018,122.0,147.0,203.0,227.0,284.0,284.0,True,instance_23882_valuation_matrix.csv,2,4,2.8169,59.1549,21.0
additive,54,2.0,0.0081,210.0,220.0,243.0,253.0,276.0,276.0,True,instance_17220_valuation_matrix.csv,3,3,1.49254,89.5522,59.9998660002412
additive,55,2.0,0.0404999999999999,35.0,38.0,43.0,45.0,50.0,50.0,True,instance_10265_valuation_matrix.csv,2,4,5.43478,76.087,14.000014720007066
additive,56,2.0,0.0072,147.0,334.0,739.0,909.0,1298.0,1298.0,True,instance_11710_valuation_matrix.csv,2,4,1.7094,59.8291,35.0000585000585
additive,57,2.0,4.05e-05,36613.0,37092.0,38202.0,38679.0,39789.0,39789.0,True,instance_16146_valuation_matrix.csv,3,6,0.131156,92.7272,706.9992985452438
additive,58,2.0,0.0567,31.0,34.0,41.0,44.0,50.0,50.0,True,instance_17644_valuation_matrix.csv,2,4,6.97674,69.7674,9.999999999999998
additive,59,2.0,0.4800000000000001,10.0,12.0,18.0,21.0,28.0,28.0,True,instance_20908_valuation_matrix.csv,4,5,3.46021,62.2837,17.999976880015954
additive,60,2.0,0.192,8.0,10.0,15.0,17.0,23.0,23.0,True,instance_23731_valuation_matrix.csv,2,6,8.73362,33.2103,3.802581289316457
additive,61,2.0,0.0216,97.0,109.0,136.0,148.0,175.0,175.0,True,instance_12786_valuation_matrix.csv,2,4,3.30579,69.4215,20.999972775040156
additive,62,2.0,0.00162,1378.0,1656.0,2293.0,2566.0,3200.0,3200.0,True,instance_18132_valuation_matrix.csv,2,4,0.862069,60.3448,69.9999652000014
additive,63,2.0,0.0189,97.0,104.0,120.0,127.0,143.0,143.0,True,instance_16094_valuation_matrix.csv,2,4,3.50877,73.6842,21.000008550004704
additive,64,2.0,0.000972,1057.0,2442.0,5447.0,6702.0,9589.0,9589.0,True,instance_10557_valuation_matrix.csv,2,4,0.766284,60.3448,78.74991517505259
additive,65,2.0,0.00405,874.0,904.0,974.0,1005.0,1074.0,1074.0,True,instance_18758_valuation_matrix.csv,2,4,1.62602,81.3008,49.99987700028289
additive,66,2.0,0.0009,2420.0,2830.0,3771.0,4175.0,5112.0,5112.0,True,instance_9838_valuation_matrix.csv,2,4,0.925926,64.8148,69.99997840000174
additive,67,2.0,0.0216,82.0,87.0,100.0,106.0,118.0,118.0,True,instance_12871_valuation_matrix.csv,2,4,2.62172,56.0,21.360023190882323
additive,68,2.0,0.1134,19.0,23.0,31.0,34.0,42.0,42.0,True,instance_10224_valuation_matrix.csv,2,4,8.0,56.0,7.0
additive,69,2.0,0.000405,2811.0,2846.0,2926.0,2960.0,3040.0,3040.0,True,instance_18897_valuation_matrix.csv,2,4,0.469484,72.5953,154.62784674238097
additive,70,2.0,0.072,30.0,36.0,49.0,55.0,68.0,68.0,True,instance_14080_valuation_matrix.csv,2,4,7.40741,56.0,7.559997354000926
additive,71,2.0,0.0045,404.0,435.0,508.0,540.0,612.0,612.0,True,instance_12350_valuation_matrix.csv,2,4,1.47059,76.3636,51.927185687377175
additive,72,2.0,0.045,49.0,60.0,84.0,95.0,120.0,120.0,True,instance_14417_valuation_matrix.csv,2,6,4.34783,45.6522,10.499996550003106
additive,73,2.0,0.1134,19.0,23.0,31.0,34.0,42.0,42.0,True,instance_9580_valuation_matrix.csv,2,4,8.0,56.0,7.0
additive,74,2.0,0.054,42.0,47.0,58.0,63.0,75.0,75.0,True,instance_14997_valuation_matrix.csv,2,6,3.92157,48.3871,12.338706181452835
additive,75,2.0,9.000000000000001e-07,,,,,,60000.0,False,instance_15875_valuation_matrix.csv,2,2,0.0999001,99.9001,999.9999999999999
additive,76,2.0,0.00405,1283.0,1431.0,1745.0,1876.0,2178.0,2178.0,True,instance_9879_valuation_matrix.csv,2,4,1.52091,74.5247,49.000072325121145
additive,77,2.0,0.036,44.0,48.0,56.0,60.0,68.0,68.0,True,instance_23011_valuation_matrix.csv,2,4,2.37288,59.5745,25.106410775091874
additive,78,2.0,0.027,49.0,68.0,112.0,131.0,175.0,175.0,True,instance_20746_valuation_matrix.csv,2,4,4.60829,38.7097,8.40001388801486
additive,79,2.0,0.0243,183.0,219.0,303.0,339.0,422.0,422.0,True,instance_15826_valuation_matrix.csv,4,4,2.4948,61.1227,24.500040083373417
additive,80,2.0,0.28,6.0,7.0,12.0,14.0,18.0,18.0,True,instance_16323_valuation_matrix.csv,2,3,14.2857,50.0,3.5000035000035
additive,81,2.0,0.0001,12758.0,13121.0,13969.0,14356.0,,60000.0,False,instance_20410_valuation_matrix.csv,3,4,0.00989022,98.9022,10000.0
additive,82,2.0,1.0,0.0,0.0,0.0,0.0,0.0,0.0,True,instance_15474_valuation_matrix.csv,3,3,33.3333,33.3333,1.0
additive,83,2.0,0.0108,237.0,264.0,332.0,365.0,444.0,444.0,True,instance_14101_valuation_matrix.csv,2,4,1.31579,52.6316,40.0
additive,84,2.0,0.072,37.0,39.0,43.0,44.0,48.0,48.0,True,instance_12222_valuation_matrix.csv,2,4,1.89573,81.5166,43.00011077526863
additive,85,2.0,0.0486,33.0,36.0,43.0,45.0,52.0,52.0,True,instance_14178_valuation_matrix.csv,2,4,4.65116,65.1163,14.00001290000774
additive,86,2.0,0.1134,19.0,23.0,31.0,34.0,42.0,42.0,True,instance_15514_valuation_matrix.csv,2,4,8.0,56.0,7.0
additive,87,2.0,0.1134,30.0,37.0,55.0,62.0,79.0,79.0,True,instance_15790_valuation_matrix.csv,3,4,6.06061,53.8462,8.884617224998804
additive,88,2.0,0.0486,31.0,33.0,38.0,40.0,46.0,46.0,True,instance_10317_valuation_matrix.csv,2,4,5.17241,72.4138,14.000011600008506
additive,89,2.0,0.045,35.0,38.0,43.0,45.0,51.0,51.0,True,instance_19083_valuation_matrix.csv,2,4,4.28571,60.0,14.000014000014
additive,90,2.0,0.0404999999999999,52.0,58.0,72.0,78.0,92.0,92.0,True,instance_11206_valuation_matrix.csv,2,4,4.87805,68.2927,14.0
additive,91,2.0,0.063,60.0,66.0,79.0,84.0,97.0,97.0,True,instance_20363_valuation_matrix.csv,3,4,3.22581,62.6866,19.432824623892913
additive,92,2.0,0.0404999999999999,52.0,71.0,112.0,130.0,170.0,170.0,True,instance_19128_valuation_matrix.csv,2,4,4.16667,58.3333,13.999980800015361
additive,93,2.0,0.128,8.0,16.0,34.0,41.0,59.0,59.0,True,instance_14140_valuation_matrix.csv,2,4,7.14286,50.0,6.99999720000112
additive,94,2.0,0.00072,3166.0,3654.0,4776.0,5258.0,6375.0,6375.0,True,instance_14337_valuation_matrix.csv,2,6,0.776915,57.1429,73.5510319661739
additive,95,2.0,0.08,18.0,24.0,40.0,47.0,63.0,63.0,True,instance_23171_valuation_matrix.csv,2,4,6.16967,42.6396,6.911163806167915
additive,96,2.0,0.063,8.0,8.0,9.0,9.0,9.0,9.0,True,instance_9637_valuation_matrix.csv,2,4,5.55556,38.8889,6.99999640000288
additive,97,2.0,0.063,32.0,37.0,46.0,51.0,60.0,60.0,True,instance_10998_valuation_matrix.csv,2,4,5.51181,60.0,10.885716307347314
additive,98,2.0,9.000000000000001e-07,,,,,,60000.0,False,instance_20415_valuation_matrix.csv,2,4,0.00845952,71.06,8400.003782720532
additive,99,2.0,0.0972,21.0,29.0,45.0,52.0,68.0,68.0,True,instance_10461_valuation_matrix.csv,2,4,6.25,56.0,8.96
additive,100,2.0,0.24,8.0,12.0,20.0,23.0,31.0,31.0,True,instance_14813_valuation_matrix.csv,2,5,9.23077,45.4545,4.92423708964691
additive,101,2.0,0.0126,354.0,362.0,380.0,388.0,407.0,407.0,True,instance_10737_valuation_matrix.csv,4,5,0.763359,83.3333,109.1665913416885
additive,102,2.0,0.64,3.0,4.0,6.0,7.0,10.0,10.0,True,instance_15823_valuation_matrix.csv,3,3,18.1818,45.4545,2.5000000000000004
additive,103,2.0,0.0567,38.0,45.0,60.0,67.0,82.0,82.0,True,instance_19034_valuation_matrix.csv,2,4,7.45712,58.3333,7.822497157079409
additive,104,2.0,0.027,49.0,68.0,112.0,131.0,175.0,175.0,True,instance_20743_valuation_matrix.csv,2,4,4.60829,38.7097,8.40001388801486
additive,105,2.0,8.1e-05,13785.0,13919.0,14228.0,14362.0,14671.0,14671.0,True,instance_14441_valuation_matrix.csv,2,5,0.265604,92.9615,350.0003765003539
additive,106,2.0,2.7000000000000004e-06,,,,,,60000.0,False,instance_12688_valuation_matrix.csv,2,4,0.00185934,99.6845,53612.8411156647
additive,107,2.0,4.860000000000001e-05,35786.0,36037.0,36619.0,36870.0,37453.0,37453.0,True,instance_14332_valuation_matrix.csv,2,5,0.208106,89.1884,428.57197774211215
additive,108,2.0,0.1134,19.0,23.0,31.0,34.0,42.0,42.0,True,instance_11842_valuation_matrix.csv,2,4,8.0,56.0,7.0
additive,109,2.0,0.0045,498.0,619.0,894.0,1011.0,1284.0,1284.0,True,instance_18656_valuation_matrix.csv,2,4,1.49254,62.6866,41.999946400096476
additive,110,2.0,0.1134,19.0,23.0,31.0,34.0,42.0,42.0,True,instance_19411_valuation_matrix.csv,2,4,8.0,56.0,7.0
additive,111,2.0,0.0972,21.0,25.0,35.0,39.0,49.0,49.0,True,instance_19468_valuation_matrix.csv,2,5,4.34783,34.7826,7.9999908000082804
additive,112,2.0,8.000000000000002e-07,,,,,,60000.0,False,instance_14344_valuation_matrix.csv,2,6,0.0470921,75.9494,1612.7843098948656
additive,113,2.0,0.02916,81.0,99.0,140.0,158.0,198.0,198.0,True,instance_14133_valuation_matrix.csv,2,4,3.125,43.75,14.0
additive,114,2.0,0.063,35.0,47.0,74.0,85.0,111.0,111.0,True,instance_18924_valuation_matrix.csv,2,4,4.34783,60.8696,13.99999540000414
additive,115,2.0,0.072,28.0,36.0,52.0,60.0,76.0,76.0,True,instance_16808_valuation_matrix.csv,2,4,6.57895,50.9091,7.738180104727959
additive,116,2.0,0.036,59.0,73.0,105.0,119.0,150.0,150.0,True,instance_17413_valuation_matrix.csv,2,4,3.94737,55.2632,14.00000506666464
additive,117,2.0,0.036,52.0,55.0,62.0,65.0,71.0,71.0,True,instance_19748_valuation_matrix.csv,2,4,1.34048,75.067,56.000089520171876
additive,118,2.0,0.112,9.0,11.0,23.0,30.0,47.0,47.0,True,instance_23934_valuation_matrix.csv,2,5,6.3745,39.8406,6.2499960781237744
additive,119,2.0,0.0324,58.0,64.0,79.0,86.0,101.0,101.0,True,instance_21085_valuation_matrix.csv,2,4,4.44444,62.543,14.072189072189072
additive,120,2.0,0.036,55.0,61.0,77.0,84.0,99.0,99.0,True,instance_21961_valuation_matrix.csv,2,4,4.16667,58.3333,13.999980800015361
additive,121,2.0,0.072,25.0,28.0,34.0,37.0,43.0,43.0,True,instance_18805_valuation_matrix.csv,2,4,6.54206,65.4206,9.999999999999998
additive,122,2.0,0.00018,7184.0,7574.0,8479.0,8868.0,9770.0,9770.0,True,instance_14181_valuation_matrix.csv,2,4,0.22792,69.4215,304.5871358371358
additive,123,2.0,0.1134,19.0,23.0,31.0,34.0,42.0,42.0,True,instance_11875_valuation_matrix.csv,2,4,8.0,56.0,7.0
additive,124,2.0,0.045,37.0,40.0,48.0,51.0,59.0,59.0,True,instance_22641_valuation_matrix.csv,2,4,4.87805,68.2927,14.0
additive,125,2.0,0.045,49.0,59.0,81.0,90.0,112.0,112.0,True,instance_13553_valuation_matrix.csv,2,4,5.47945,57.5342,10.499995437498288
additive,126,2.0,0.24,4.0,4.0,6.0,6.0,8.0,8.0,True,instance_14761_valuation_matrix.csv,2,4,14.2857,33.3333,2.3333333333333335
additive,127,2.0,0.063,40.0,47.0,63.0,70.0,86.0,86.0,True,instance_10693_valuation_matrix.csv,2,4,6.82594,63.0485,9.236603310313305
additive,128,2.0,0.0144,74.0,76.0,82.0,84.0,90.0,90.0,True,instance_21318_valuation_matrix.csv,2,4,3.26531,82.0312,25.122025167595112
additive,129,2.0,0.00189,1185.0,1596.0,2507.0,2893.0,3786.0,3786.0,True,instance_16462_valuation_matrix.csv,2,6,1.10254,55.2632,50.12353293304551
additive,130,2.0,0.02187,94.0,128.0,205.0,238.0,313.0,313.0,True,instance_10325_valuation_matrix.csv,2,4,3.2967,51.8519,15.728425395092062
additive,131,2.0,0.027,78.0,99.0,146.0,166.0,212.0,212.0,True,instance_21624_valuation_matrix.csv,2,6,3.2967,46.1538,14.0
additive,132,2.0,4.5000000000000003e-07,,,,,,60000.0,False,instance_15728_valuation_matrix.csv,2,4,0.000232249,67.2172,289418.6842569828
additive,133,2.0,0.112,15.0,16.0,18.0,19.0,22.0,22.0,True,instance_20831_valuation_matrix.csv,2,4,7.84314,62.6866,7.992538702611454
additive,134,2.0,0.036,55.0,61.0,77.0,84.0,99.0,99.0,True,instance_21959_valuation_matrix.csv,2,4,4.16667,58.3333,13.999980800015361
additive,135,2.0,0.00036,746.0,13078.0,29451.0,35022.0,47372.0,47372.0,True,instance_23635_valuation_matrix.csv,2,4,0.390625,68.3594,175.00006399999998
additive,136,2.0,0.00216,1089.0,1338.0,1902.0,2143.0,2701.0,2701.0,True,instance_14219_valuation_matrix.csv,2,4,0.816327,52.4345,64.23222556647029
additive,137,2.0,0.0045,512.0,544.0,619.0,651.0,725.0,725.0,True,instance_13945_valuation_matrix.csv,3,5,1.13895,74.1811,65.13112954914615
additive,138,2.0,0.1134,19.0,22.0,28.0,31.0,38.0,38.0,True,instance_18580_valuation_matrix.csv,2,4,7.69231,53.8462,7.0000038999988305
additive,139,2.0,0.072,26.0,30.0,37.0,40.0,47.0,47.0,True,instance_21152_valuation_matrix.csv,2,4,5.47945,57.5342,10.499995437498288
additive,140,2.0,0.128,10.0,12.0,21.0,38.0,81.0,81.0,True,instance_17692_valuation_matrix.csv,2,4,4.72441,60.6299,12.833327336111811
additive,141,2.0,1.0,0.0,0.0,0.0,0.0,0.0,0.0,True,instance_14725_valuation_matrix.csv,2,4,25.0,25.0,1.0
additive,142,2.0,0.16,13.0,17.0,27.0,31.0,41.0,41.0,True,instance_18958_valuation_matrix.csv,2,4,8.0,56.0,7.0
additive,143,2.0,0.1134,19.0,23.0,31.0,34.0,42.0,42.0,True,instance_9638_valuation_matrix.csv,2,4,8.0,56.0,7.0
additive,144,2.0,0.000108,8979.0,9034.0,9161.0,9216.0,9343.0,9343.0,True,instance_14341_valuation_matrix.csv,2,6,0.32543,92.98,285.7142857142857
additive,145,2.0,0.0045,2007.0,2269.0,2830.0,3064.0,3606.0,3606.0,True,instance_19423_valuation_matrix.csv,4,5,0.696864,69.6864,100.0
additive,146,2.0,1.35,1.0,1.0,2.0,3.0,4.0,4.0,True,instance_15829_valuation_matrix.csv,3,3,28.5714,42.8571,1.5
additive,147,2.0,9.000000000000001e-07,,,,,,60000.0,False,instance_23909_valuation_matrix.csv,2,4,0.049975,56.0,1120.56028014007
additive,148,2.0,0.0018,1024.0,1654.0,3027.0,3603.0,4932.0,4932.0,True,instance_21032_valuation_matrix.csv,2,4,0.928793,65.0155,69.99998923333833
additive,149,2.0,0.0252,85.0,90.0,102.0,107.0,119.0,119.0,True,instance_16546_valuation_matrix.csv,2,4,3.0581,72.1649,23.59795297733887
additive,150,2.0,0.0243,49.0,52.0,57.0,59.0,65.0,65.0,True,instance_11774_valuation_matrix.csv,2,4,3.9548,79.096,20.0
additive,151,2.0,0.072,28.0,32.0,40.0,44.0,52.0,52.0,True,instance_19882_valuation_matrix.csv,2,4,6.66667,66.6667,10.000000000000002
additive,152,2.0,0.01134,139.0,148.0,169.0,178.0,198.0,198.0,True,instance_21556_valuation_matrix.csv,2,4,2.32558,65.1163,28.00002580001548
additive,153,2.0,1.4e-06,,,,,,60000.0,False,instance_20023_valuation_matrix.csv,2,4,0.0279252,97.7381,3499.9964190050564
additive,154,2.0,0.045,33.0,35.0,39.0,41.0,45.0,45.0,True,instance_21132_valuation_matrix.csv,2,4,4.0,72.4138,18.10345
additive,155,2.0,0.0809999999999999,46.0,54.0,114.0,144.0,216.0,216.0,True,instance_20447_valuation_matrix.csv,3,5,3.0303,44.4444,14.666666666666668
additive,156,2.0,8.1e-05,17711.0,17818.0,18067.0,18174.0,18423.0,18423.0,True,instance_18432_valuation_matrix.csv,2,4,0.264725,92.6539,350.00056662574366
additive,157,2.0,0.144,8.0,10.0,20.0,27.0,48.0,48.0,True,instance_11851_valuation_matrix.csv,2,4,7.40741,51.8519,7.000004049998583
additive,158,2.0,0.1728,13.0,16.0,23.0,26.0,33.0,33.0,True,instance_9658_valuation_matrix.csv,2,4,9.52381,52.8302,5.547170722641464
additive,159,2.0,0.000162,8986.0,9472.0,10595.0,11078.0,12199.0,12199.0,True,instance_14358_valuation_matrix.csv,2,6,0.388457,83.2408,214.28575106125
additive,160,2.0,0.0288,62.0,75.0,121.0,142.0,190.0,190.0,True,instance_17824_valuation_matrix.csv,2,4,3.14961,57.6923,18.317283727191622
additive,161,2.0,0.0144,155.0,213.0,340.0,394.0,519.0,519.0,True,instance_15786_valuation_matrix.csv,2,4,2.98507,62.6866,21.000043550067502
additive,162,2.0,0.00144,1693.0,1917.0,2420.0,2634.0,3131.0,3131.0,True,instance_15871_valuation_matrix.csv,2,4,0.77821,64.1221,82.39691085953663
additive,163,2.0,0.24,6.0,8.0,12.0,14.0,18.0,18.0,True,instance_10301_valuation_matrix.csv,2,4,12.5,37.5,3.0
additive,164,2.0,0.0216,75.0,96.0,160.0,189.0,258.0,258.0,True,instance_19268_valuation_matrix.csv,2,8,2.0,32.0,16.0
additive,165,2.0,0.24,8.0,10.0,14.0,16.0,20.0,20.0,True,instance_16022_valuation_matrix.csv,2,3,11.1111,55.5556,5.000009000008999
additive,166,2.0,0.18,17.0,50.0,78.0,87.0,107.0,107.0,True,instance_9997_valuation_matrix.csv,2,4,6.06061,53.8462,8.884617224998804
additive,167,2.0,0.1619999999999999,10.0,11.0,13.0,14.0,16.0,16.0,True,instance_10481_valuation_matrix.csv,2,4,7.84314,54.902,7.000002549999108
additive,168,2.0,0.000162,9007.0,9495.0,10625.0,11110.0,12237.0,12237.0,True,instance_14360_valuation_matrix.csv,2,6,0.388457,83.2408,214.28575106125
additive,169,2.0,8.1e-05,3636.0,3681.0,48104.0,48286.0,48708.0,48708.0,True,instance_18979_valuation_matrix.csv,2,4,0.0465333,97.7199,2099.999355300398
additive,170,2.0,0.1134,19.0,23.0,31.0,34.0,42.0,42.0,True,instance_9741_valuation_matrix.csv,2,4,8.0,56.0,7.0
additive,171,2.0,0.1134,19.0,23.0,31.0,34.0,42.0,42.0,True,instance_14241_valuation_matrix.csv,2,4,8.0,56.0,7.0
additive,172,2.0,0.000972,3591.0,3650.0,3787.0,3846.0,3982.0,3982.0,True,instance_12506_valuation_matrix.csv,2,4,0.516796,59.6899,115.49992647001912
additive,173,2.0,0.09,24.0,28.0,37.0,40.0,49.0,49.0,True,instance_15543_valuation_matrix.csv,2,4,7.53425,54.902,7.286989415004811
additive,174,2.0,0.009,521.0,581.0,716.0,774.0,908.0,908.0,True,instance_16670_valuation_matrix.csv,3,6,0.403226,79.0323,196.00000991999528
additive,175,2.0,0.0324,53.0,57.0,66.0,69.0,77.0,77.0,True,instance_11026_valuation_matrix.csv,2,4,3.84615,74.6667,19.413361413361415
additive,176,2.0,0.0324,173.0,186.0,217.0,230.0,261.0,261.0,True,instance_19609_valuation_matrix.csv,5,8,1.38889,55.5556,40.0
additive,177,2.0,0.072,37.0,57.0,102.0,122.0,167.0,167.0,True,instance_20309_valuation_matrix.csv,2,5,4.54545,54.5455,12.000022000022
additive,178,2.0,1.0,0.0,0.0,0.0,0.0,0.0,0.0,True,instance_15874_valuation_matrix.csv,2,2,50.0,50.0,1.0
additive,179,2.0,0.0162,128.0,144.0,179.0,195.0,230.0,230.0,True,instance_18792_valuation_matrix.csv,2,4,2.94118,61.7647,20.999972800032637
additive,180,2.0,0.00405,370.0,401.0,471.0,501.0,571.0,571.0,True,instance_22152_valuation_matrix.csv,2,4,0.800641,56.0448,69.99991257005324
additive,181,2.0,0.009,233.0,264.0,334.0,364.0,434.0,434.0,True,instance_11975_valuation_matrix.csv,2,4,0.900901,63.0631,70.00003329999635
additive,182,2.0,0.1134,19.0,23.0,31.0,34.0,42.0,42.0,True,instance_9581_valuation_matrix.csv,2,4,8.0,56.0,7.0
additive,183,2.0,0.036,61.0,76.0,109.0,123.0,155.0,155.0,True,instance_9572_valuation_matrix.csv,2,4,5.27903,59.1252,11.200012123439345
additive,184,2.0,0.0288,66.0,72.0,87.0,94.0,109.0,109.0,True,instance_24127_valuation_matrix.csv,2,6,4.16667,58.3333,13.999980800015361
additive,185,2.0,0.0144,190.0,215.0,271.0,295.0,350.0,350.0,True,instance_15235_valuation_matrix.csv,2,4,2.17391,50.9091,23.4182187855063
additive,186,2.0,1.44,1.0,1.0,2.0,2.0,3.0,3.0,True,instance_14324_valuation_matrix.csv,5,4,14.2857,33.3333,2.3333333333333335
additive,187,2.0,0.072,24.0,26.0,30.0,33.0,38.0,38.0,True,instance_10052_valuation_matrix.csv,2,4,3.82775,55.2632,14.437515511723596
additive,188,2.0,0.018,61.0,124.0,270.0,331.0,470.0,470.0,True,instance_18639_valuation_matrix.csv,2,4,2.40964,50.6024,20.99998340000996
additive,189,2.0,0.0126,120.0,127.0,142.0,149.0,164.0,164.0,True,instance_17473_valuation_matrix.csv,2,4,2.94118,68.5714,23.31424802290237
additive,190,2.0,0.1134,15.0,16.0,19.0,20.0,22.0,22.0,True,instance_17379_valuation_matrix.csv,2,4,8.0,68.8525,8.6065625
additive,191,2.0,0.00972,126.0,131.0,144.0,150.0,162.0,162.0,True,instance_18720_valuation_matrix.csv,2,4,1.55039,62.2222,40.13325679345197
additive,192,2.0,0.054,13.0,14.0,15.0,15.0,16.0,16.0,True,instance_10758_valuation_matrix.csv,2,2,9.09091,90.9091,10.0
additive,193,2.0,1.35,1.0,1.0,2.0,3.0,4.0,4.0,True,instance_15835_valuation_matrix.csv,3,3,28.5714,42.8571,1.5
additive,194,2.0,0.045,79.0,98.0,135.0,151.0,186.0,186.0,True,instance_12046_valuation_matrix.csv,2,4,3.61446,51.2195,14.170719830901435
additive,195,2.0,0.056,38.0,46.0,66.0,74.0,93.0,93.0,True,instance_15003_valuation_matrix.csv,2,4,4.7619,47.619,10.0
additive,196,2.0,0.1296,16.0,19.0,26.0,29.0,36.0,36.0,True,instance_15669_valuation_matrix.csv,2,4,8.23529,50.9091,6.181822376625473
additive,197,2.0,0.48,0.0,0.0,15.0,15.0,17.0,17.0,True,instance_11711_valuation_matrix.csv,2,2,16.6667,83.3333,4.999988000024
additive,198,2.0,0.16,13.0,17.0,27.0,31.0,41.0,41.0,True,instance_10099_valuation_matrix.csv,2,4,8.0,56.0,7.0
additive,199,2.0,0.1134,19.0,23.0,31.0,34.0,42.0,42.0,True,instance_21378_valuation_matrix.csv,2,4,8.0,56.0,7.0
additive,200,2.0,0.027,76.0,102.0,158.0,183.0,238.0,238.0,True,instance_20554_valuation_matrix.csv,2,5,2.6087,41.7391,15.999961666730558
additive,201,2.0,0.0404999999999999,35.0,36.0,39.0,40.0,44.0,44.0,True,instance_18756_valuation_matrix.csv,2,4,5.10949,77.4194,15.1520797574709
additive,202,2.0,0.072,23.0,25.0,30.0,32.0,37.0,37.0,True,instance_19054_valuation_matrix.csv,2,4,7.87402,66.1417,8.399991364004663
additive,203,2.0,0.00567,393.0,487.0,701.0,792.0,1005.0,1005.0,True,instance_14232_valuation_matrix.csv,2,4,1.55642,54.4747,35.0
additive,204,2.0,0.0404999999999999,52.0,58.0,72.0,78.0,92.0,92.0,True,instance_9613_valuation_matrix.csv,2,4,4.87805,68.2927,14.0
additive,205,2.0,0.1134,19.0,23.0,31.0,34.0,42.0,42.0,True,instance_14873_valuation_matrix.csv,2,4,8.0,56.0,7.0
additive,206,2.0,0.036,58.0,78.0,124.0,144.0,189.0,189.0,True,instance_11303_valuation_matrix.csv,2,4,4.25532,53.1646,12.493678501264299
additive,207,2.0,0.108,16.0,18.0,22.0,24.0,28.0,28.0,True,instance_18684_valuation_matrix.csv,2,4,8.95522,62.6866,7.000006700002903
additive,208,2.0,0.00648,184.0,192.0,212.0,221.0,240.0,240.0,True,instance_21377_valuation_matrix.csv,2,4,2.13523,80.1527,37.53820431522599
additive,209,2.0,0.00648,24.0,35.0,62.0,74.0,101.0,101.0,True,instance_11767_valuation_matrix.csv,2,31,0.775194,9.30233,12.000002579999327
additive,210,2.0,0.189,11.0,13.0,17.0,19.0,24.0,24.0,True,instance_17524_valuation_matrix.csv,2,4,11.3208,52.8302,4.666649000070666
additive,211,2.0,0.00243,127.0,129.0,134.0,135.0,576.0,576.0,True,instance_14460_valuation_matrix.csv,2,4,0.921659,64.5161,69.99996745000048
additive,212,2.0,0.1134,19.0,23.0,31.0,34.0,42.0,42.0,True,instance_22124_valuation_matrix.csv,2,4,8.0,56.0,7.0
additive,213,2.0,1.4400000000000002e-06,,,,,,60000.0,False,instance_14352_valuation_matrix.csv,2,6,0.0655523,98.3284,1499.9992372502568
additive,214,2.0,0.0324,63.0,71.0,89.0,97.0,115.0,115.0,True,instance_14125_valuation_matrix.csv,2,4,4.0,61.3139,15.328475
additive,215,2.0,0.09,34.0,38.0,47.0,51.0,60.0,60.0,True,instance_24128_valuation_matrix.csv,2,4,5.12821,71.7949,13.999992200007409
additive,216,2.0,0.09,26.0,34.0,50.0,56.0,72.0,72.0,True,instance_17018_valuation_matrix.csv,2,4,5.55556,48.2759,8.689655048275961
additive,217,2.0,0.0081,457.0,481.0,536.0,560.0,615.0,615.0,True,instance_19529_valuation_matrix.csv,4,8,1.16279,59.7015,51.343320805992484
additive,218,2.0,2.0,1.0,1.0,1.0,1.0,2.0,2.0,True,instance_11762_valuation_matrix.csv,2,2,33.3333,66.6667,2.0000030000030002
additive,219,2.0,0.0972,19.0,24.0,48.0,62.0,94.0,94.0,True,instance_20483_valuation_matrix.csv,3,5,2.85714,36.3636,12.727272727272728
additive,220,2.0,0.108,16.0,18.0,22.0,24.0,28.0,28.0,True,instance_18681_valuation_matrix.csv,2,4,8.95522,62.6866,7.000006700002903
additive,221,2.0,0.036,61.0,70.0,91.0,100.0,121.0,121.0,True,instance_10673_valuation_matrix.csv,2,4,4.61538,64.6154,14.000017333350666
additive,222,2.0,0.036,60.0,67.0,83.0,90.0,106.0,106.0,True,instance_19763_valuation_matrix.csv,2,4,5.12821,71.7949,13.999992200007409
additive,223,2.0,0.0809999999999999,22.0,24.0,29.0,31.0,36.0,36.0,True,instance_23150_valuation_matrix.csv,2,4,6.25,62.5,10.0
additive,224,2.0,1.0,0.0,0.0,0.0,0.0,0.0,0.0,True,instance_13540_valuation_matrix.csv,2,2,50.0,50.0,1.0
additive,225,2.0,0.126,35.0,41.0,54.0,60.0,74.0,74.0,True,instance_10984_valuation_matrix.csv,4,7,4.34783,38.8889,8.944438950004944
additive,226,2.0,0.35,14.0,19.0,28.0,32.0,42.0,42.0,True,instance_11866_valuation_matrix.csv,4,4,4.47761,54.5455,12.181833612127898
additive,227,2.0,0.0243,136.0,153.0,189.0,204.0,240.0,240.0,True,instance_16823_valuation_matrix.csv,2,4,2.63158,65.1163,24.744184102326358
additive,228,2.0,0.1134,19.0,23.0,31.0,34.0,42.0,42.0,True,instance_21637_valuation_matrix.csv,2,4,8.0,56.0,7.0
additive,229,2.0,0.0324,72.0,77.0,87.0,91.0,102.0,102.0,True,instance_15846_valuation_matrix.csv,2,4,3.61991,76.0181,20.99999723750038
additive,230,2.0,0.009,201.0,217.0,253.0,269.0,305.0,305.0,True,instance_21253_valuation_matrix.csv,2,4,2.02703,70.9459,34.99992600010853
additive,231,2.0,0.0809999999999999,24.0,26.0,33.0,36.0,42.0,42.0,True,instance_17519_valuation_matrix.csv,2,4,6.25,65.625,10.5
additive,232,2.0,0.315,6.0,7.0,8.0,9.0,12.0,12.0,True,instance_19051_valuation_matrix.csv,2,4,14.4928,50.7246,3.4999862000441597
additive,233,2.0,0.018,63.0,65.0,71.0,74.0,80.0,80.0,True,instance_15455_valuation_matrix.csv,2,4,3.32226,75.0,22.574994130501526
additive,234,2.0,1.6000000000000004e-06,,,,,,60000.0,False,instance_14357_valuation_matrix.csv,2,6,0.00232785,99.7649,42857.09989904848
additive,235,2.0,0.00729,214.0,227.0,258.0,271.0,302.0,302.0,True,instance_12289_valuation_matrix.csv,2,5,2.12766,74.4681,35.0
additive,236,2.0,0.09,23.0,26.0,32.0,35.0,42.0,42.0,True,instance_20942_valuation_matrix.csv,2,4,7.40741,65.1163,8.790697423255901
additive,237,2.0,0.144,13.0,14.0,18.0,19.0,23.0,23.0,True,instance_14285_valuation_matrix.csv,2,4,11.2903,56.4516,5.000008857160571
additive,238,2.0,0.045,49.0,58.0,80.0,90.0,112.0,112.0,True,instance_15574_valuation_matrix.csv,2,4,5.47945,57.5342,10.499995437498288
additive,239,2.0,0.072,18.0,27.0,48.0,58.0,86.0,86.0,True,instance_16449_valuation_matrix.csv,2,4,5.88235,44.6809,7.5957567978783995
additive,240,2.0,3.0000000000000005e-06,,,,,,60000.0,False,instance_11688_valuation_matrix.csv,2,8,0.0649808,53.8531,828.7540319602097
additive,241,2.0,0.0126,369.0,441.0,601.0,682.0,1003.0,1003.0,True,instance_19267_valuation_matrix.csv,5,8,0.497512,63.0032,126.63654344015822
additive,242,2.0,0.0045,304.0,468.0,840.0,999.0,1368.0,1368.0,True,instance_10100_valuation_matrix.csv,2,4,1.81818,57.2727,31.500016500016503
additive,243,2.0,0.045,56.0,66.0,89.0,99.0,122.0,122.0,True,instance_18845_valuation_matrix.csv,2,4,4.51128,63.1579,13.999995566668439
additive,244,2.0,0.1134,19.0,23.0,31.0,34.0,42.0,42.0,True,instance_22181_valuation_matrix.csv,2,4,8.0,56.0,7.0
additive,245,2.0,0.00288,1227.0,1423.0,1850.0,2030.0,2445.0,2445.0,True,instance_17705_valuation_matrix.csv,2,6,0.552486,57.9882,104.9586776859504
additive,246,2.0,0.063,33.0,37.0,45.0,49.0,58.0,58.0,True,instance_17318_valuation_matrix.csv,2,4,7.87402,66.1417,8.399991364004663
additive,247,2.0,0.027,55.0,59.0,68.0,72.0,80.0,80.0,True,instance_21625_valuation_matrix.csv,2,4,3.14961,66.1417,20.999965075041036
additive,248,2.0,0.018,36.0,51.0,164.0,212.0,326.0,326.0,True,instance_14897_valuation_matrix.csv,2,4,2.72374,54.4747,19.999963285776175
additive,249,2.0,0.0809999999999999,32.0,33.0,37.0,38.0,42.0,42.0,True,instance_21393_valuation_matrix.csv,2,4,3.22581,64.5161,19.9999690000341
additive,250,2.0,0.3,6.0,7.0,10.0,11.0,13.0,13.0,True,instance_23526_valuation_matrix.csv,2,4,11.5942,40.5797,3.5
additive,251,2.0,0.045,37.0,40.0,48.0,51.0,59.0,59.0,True,instance_22640_valuation_matrix.csv,2,4,4.87805,68.2927,14.0
additive,252,2.0,0.18,4.0,4.0,4.0,4.0,5.0,5.0,True,instance_20968_valuation_matrix.csv,2,4,10.5263,36.8421,3.500004750007125
additive,253,2.0,0.1134,19.0,23.0,31.0,34.0,42.0,42.0,True,instance_10805_valuation_matrix.csv,2,4,8.0,56.0,7.0
additive,254,2.0,0.00243,180.0,182.0,186.0,187.0,191.0,191.0,True,instance_9513_valuation_matrix.csv,2,4,0.986842,48.3553,49.00004256000454
additive,255,2.0,0.036,72.0,84.0,109.0,120.0,145.0,145.0,True,instance_13258_valuation_matrix.csv,2,4,4.25532,63.1579,14.842103531579292
additive,256,2.0,0.036,55.0,61.0,77.0,84.0,99.0,99.0,True,instance_21960_valuation_matrix.csv,2,4,4.16667,58.3333,13.999980800015361
additive,257,2.0,0.0324,68.0,82.0,112.0,126.0,156.0,156.0,True,instance_21200_valuation_matrix.csv,2,4,4.16667,58.3333,13.999980800015361
additive,258,2.0,0.00972,218.0,297.0,473.0,548.0,721.0,721.0,True,instance_18577_valuation_matrix.csv,2,4,2.12766,59.5745,28.00000939999812
additive,259,2.0,0.0081,258.0,290.0,362.0,392.0,464.0,464.0,True,instance_12850_valuation_matrix.csv,2,4,1.67364,58.5774,35.0
additive,260,2.0,0.0972,22.0,26.0,38.0,42.0,53.0,53.0,True,instance_9860_valuation_matrix.csv,2,4,7.59494,53.1646,7.000002633332192
additive,261,2.0,0.16,13.0,17.0,27.0,31.0,41.0,41.0,True,instance_11003_valuation_matrix.csv,2,4,8.0,56.0,7.0
additive,262,2.0,0.112,20.0,24.0,34.0,38.0,48.0,48.0,True,instance_11748_valuation_matrix.csv,2,4,7.84314,54.902,7.000002549999108
additive,263,2.0,0.1134,19.0,23.0,31.0,34.0,42.0,42.0,True,instance_16589_valuation_matrix.csv,2,4,8.0,56.0,7.0
additive,264,2.0,1.0,0.0,0.0,0.0,0.0,0.0,0.0,True,instance_16787_valuation_matrix.csv,3,6,16.6667,16.6667,1.0
additive,265,2.0,0.045,29.0,31.0,34.0,36.0,40.0,40.0,True,instance_17201_valuation_matrix.csv,2,4,5.26316,73.6842,13.999992400003041
additive,266,2.0,0.0126,181.0,217.0,299.0,333.0,414.0,414.0,True,instance_14132_valuation_matrix.csv,2,8,0.793651,47.619,59.99992440001966
additive,267,2.0,1.4e-06,,,,,,60000.0,False,instance_14345_valuation_matrix.csv,2,5,0.000666562,99.9843,150000.0
additive,268,2.0,0.018,110.0,113.0,120.0,122.0,129.0,129.0,True,instance_24146_valuation_matrix.csv,2,4,2.46914,86.4198,34.99995950006885
additive,269,2.0,0.0243,68.0,74.0,88.0,95.0,109.0,109.0,True,instance_16809_valuation_matrix.csv,2,4,4.44444,71.7949,16.153868653868653
additive,270,2.0,0.0486,46.0,53.0,70.0,77.0,93.0,93.0,True,instance_15687_valuation_matrix.csv,2,4,4.08163,57.1429,14.00001960001274
additive,271,2.0,0.0404999999999999,54.0,65.0,89.0,100.0,124.0,124.0,True,instance_18992_valuation_matrix.csv,2,4,3.125,43.75,14.0
additive,272,2.0,0.00972,896.0,964.0,1116.0,1181.0,1332.0,1332.0,True,instance_19310_valuation_matrix.csv,5,8,0.862069,68.9655,79.99997680000094
additive,273,2.0,0.0252,89.0,95.0,108.0,114.0,128.0,128.0,True,instance_16547_valuation_matrix.csv,2,4,3.0581,71.4286,23.357182564337336
additive,274,2.0,0.1008,13.0,17.0,26.0,30.0,42.0,42.0,True,instance_19787_valuation_matrix.csv,2,8,4.7619,38.0952,8.0
additive,275,2.0,0.1134,19.0,23.0,31.0,34.0,42.0,42.0,True,instance_9905_valuation_matrix.csv,2,4,8.0,56.0,7.0
additive,276,2.0,0.009,1264.0,1505.0,2016.0,2229.0,2721.0,2721.0,True,instance_11166_valuation_matrix.csv,5,8,0.426743,49.5868,116.19827390255962
additive,277,2.0,0.108,20.0,23.0,30.0,33.0,40.0,40.0,True,instance_21033_valuation_matrix.csv,2,4,7.69231,60.0,7.799997660000702
additive,278,2.0,0.09,22.0,25.0,33.0,36.0,43.0,43.0,True,instance_12814_valuation_matrix.csv,2,4,7.40741,54.902,7.411767405881409
additive,279,2.0,7.2e-05,27292.0,30808.0,38921.0,42408.0,50500.0,50500.0,True,instance_18840_valuation_matrix.csv,2,4,0.253899,63.4748,250.0001969287
additive,280,2.0,0.1134,19.0,23.0,31.0,34.0,42.0,42.0,True,instance_18839_valuation_matrix.csv,2,4,8.0,56.0,7.0
additive,281,2.0,0.0126,147.0,158.0,184.0,195.0,221.0,221.0,True,instance_11929_valuation_matrix.csv,2,4,2.85714,80.0,28.000028000028003
additive,282,2.0,0.000405,2407.0,2453.0,2560.0,2606.0,2713.0,2713.0,True,instance_14339_valuation_matrix.csv,2,5,0.629496,89.9281,142.85730171438738
additive,283,2.0,0.1134,19.0,23.0,31.0,34.0,42.0,42.0,True,instance_11849_valuation_matrix.csv,2,4,8.0,56.0,7.0
additive,284,2.0,0.063,8.0,8.0,9.0,9.0,9.0,9.0,True,instance_15228_valuation_matrix.csv,2,4,5.55556,38.8889,6.99999640000288
additive,285,2.0,0.0003645,3533.0,3679.0,4016.0,4161.0,4497.0,4497.0,True,instance_14340_valuation_matrix.csv,2,6,0.568182,81.1688,142.85704228574647
additive,286,2.0,0.0404999999999999,40.0,41.0,44.0,45.0,49.0,49.0,True,instance_19735_valuation_matrix.csv,2,4,4.0,73.0435,18.260875
additive,287,2.0,0.00018,6971.0,10756.0,19416.0,23128.0,31738.0,31738.0,True,instance_11006_valuation_matrix.csv,2,4,0.279664,64.9485,232.23761370787798
additive,288,2.0,0.00036,746.0,13078.0,29451.0,35022.0,47372.0,47372.0,True,instance_23634_valuation_matrix.csv,2,4,0.390625,68.3594,175.00006399999998
additive,289,2.0,0.0108,272.0,297.0,353.0,377.0,433.0,433.0,True,instance_22338_valuation_matrix.csv,2,7,2.43902,60.9756,25.000041000073796
additive,290,2.0,0.00072,3150.0,3622.0,4707.0,5173.0,6254.0,6254.0,True,instance_14336_valuation_matrix.csv,2,6,0.8,60.024,75.03
additive,291,2.0,0.00054,1633.0,1658.0,1717.0,1743.0,1800.0,1800.0,True,instance_14141_valuation_matrix.csv,2,4,0.896861,91.1162,101.59456147608158
additive,292,2.0,0.027,79.0,84.0,98.0,104.0,117.0,117.0,True,instance_24135_valuation_matrix.csv,2,4,2.25564,63.1579,27.999991133336877
additive,293,2.0,0.35,4.0,5.0,9.0,11.0,14.0,14.0,True,instance_19534_valuation_matrix.csv,2,5,10.0,40.0,4.0
additive,294,2.0,0.1152,17.0,18.0,20.0,21.0,23.0,23.0,True,instance_11742_valuation_matrix.csv,3,3,4.34783,71.4286,16.428563214293106
additive,295,2.0,0.054,55.0,62.0,77.0,83.0,98.0,98.0,True,instance_19150_valuation_matrix.csv,2,4,4.87805,68.2927,14.0
additive,296,2.0,0.126,15.0,16.0,18.0,19.0,22.0,22.0,True,instance_13899_valuation_matrix.csv,2,4,6.52174,62.6866,9.611944051740792
additive,297,2.0,0.0288,70.0,79.0,99.0,107.0,127.0,127.0,True,instance_18119_valuation_matrix.csv,2,4,4.16667,61.3139,14.715324227740618
additive,298,2.0,0.045,30.0,31.0,34.0,36.0,39.0,39.0,True,instance_19071_valuation_matrix.csv,2,4,4.44444,62.2222,14.000009000009
additive,299,2.0,0.0809999999999999,25.0,28.0,34.0,37.0,44.0,44.0,True,instance_20582_valuation_matrix.csv,2,4,8.0,62.2222,7.777775
additive,300,2.0,0.045,45.0,50.0,63.0,69.0,82.0,82.0,True,instance_10772_valuation_matrix.csv,2,4,3.84615,55.1181,14.330720330720329
additive,301,2.0,0.1134,19.0,23.0,31.0,34.0,42.0,42.0,True,instance_9813_valuation_matrix.csv,2,4,8.0,56.0,7.0
additive,302,2.0,0.063,60.0,66.0,79.0,84.0,97.0,97.0,True,instance_20362_valuation_matrix.csv,3,4,3.22581,62.6866,19.432824623892913
additive,303,2.0,0.0486,31.0,33.0,38.0,41.0,46.0,46.0,True,instance_18917_valuation_matrix.csv,2,4,5.04202,70.5882,13.999984133343382
additive,304,2.0,0.036,45.0,65.0,110.0,130.0,175.0,175.0,True,instance_20991_valuation_matrix.csv,2,4,3.40136,47.619,13.99998823999812
additive,305,2.0,0.28,7.0,8.0,11.0,12.0,15.0,15.0,True,instance_10916_valuation_matrix.csv,2,4,12.2137,44.3038,3.627385640714935
additive,306,2.0,0.1134,19.0,23.0,31.0,34.0,42.0,42.0,True,instance_9973_valuation_matrix.csv,2,4,8.0,56.0,7.0
additive,307,2.0,0.0126,96.0,100.0,109.0,113.0,122.0,122.0,True,instance_21232_valuation_matrix.csv,2,4,2.95858,82.8402,27.99998648000054
additive,308,2.0,0.0081,319.0,377.0,509.0,565.0,694.0,694.0,True,instance_20747_valuation_matrix.csv,2,4,1.92926,67.5241,35.0
additive,309,2.0,0.9,1.0,2.0,4.0,5.0,8.0,8.0,True,instance_10357_valuation_matrix.csv,3,4,8.33333,50.0,6.00000240000096
additive,310,2.0,0.1134,19.0,23.0,31.0,34.0,42.0,42.0,True,instance_10733_valuation_matrix.csv,2,4,8.0,56.0,7.0
additive,311,2.0,0.00108,637.0,638.0,641.0,642.0,646.0,646.0,True,instance_9521_valuation_matrix.csv,2,3,1.31919,96.5472,73.1867282195893
additive,312,2.0,0.35,5.0,6.0,9.0,10.0,12.0,12.0,True,instance_14096_valuation_matrix.csv,2,3,12.5,50.0,4.0
additive,313,2.0,0.045,37.0,40.0,48.0,51.0,59.0,59.0,True,instance_9565_valuation_matrix.csv,2,4,4.87805,68.2927,14.0
additive,314,2.0,0.063,45.0,55.0,78.0,90.0,137.0,137.0,True,instance_9712_valuation_matrix.csv,4,6,1.96078,70.5882,36.00006120013464
additive,315,2.0,0.00972,218.0,297.0,473.0,548.0,721.0,721.0,True,instance_18578_valuation_matrix.csv,2,4,2.12766,59.5745,28.00000939999812
additive,316,2.0,0.063,33.0,37.0,46.0,50.0,59.0,59.0,True,instance_10784_valuation_matrix.csv,2,4,5.12821,71.7949,13.999992200007409
additive,317,2.0,0.072,30.0,36.0,49.0,55.0,68.0,68.0,True,instance_16168_valuation_matrix.csv,2,4,4.44444,56.0,12.6000126000126
additive,318,2.0,0.144,15.0,18.0,23.0,26.0,32.0,32.0,True,instance_13376_valuation_matrix.csv,2,4,8.86076,53.1646,6.000004514285456
additive,319,2.0,4.860000000000001e-05,19034.0,19283.0,19861.0,20110.0,20687.0,20687.0,True,instance_14333_valuation_matrix.csv,2,5,0.208106,89.1884,428.57197774211215
additive,320,2.0,0.072,29.0,35.0,48.0,54.0,67.0,67.0,True,instance_23795_valuation_matrix.csv,2,4,6.8918,49.359,7.161989610841871
additive,321,2.0,0.126,17.0,19.0,25.0,28.0,34.0,34.0,True,instance_18953_valuation_matrix.csv,2,4,8.21918,57.5342,6.9999927000017035
additive,322,2.0,0.0243,70.0,74.0,85.0,89.0,100.0,100.0,True,instance_14439_valuation_matrix.csv,2,4,1.92308,67.3077,34.9999480000832
additive,323,2.0,4.05e-05,20493.0,20552.0,20687.0,20746.0,20881.0,20881.0,True,instance_14440_valuation_matrix.csv,2,5,0.250627,95.1173,379.51737043494916
additive,324,2.0,0.0324,59.0,66.0,82.0,89.0,105.0,105.0,True,instance_19626_valuation_matrix.csv,2,4,3.83019,61.6661,16.100010704429806
additive,325,2.0,0.64,3.0,4.0,6.0,7.0,10.0,10.0,True,instance_15822_valuation_matrix.csv,3,3,18.1818,45.4545,2.5000000000000004
additive,326,2.0,0.0567,38.0,45.0,60.0,67.0,82.0,82.0,True,instance_19035_valuation_matrix.csv,2,4,7.45712,58.3333,7.822497157079409
additive,327,2.0,0.0144,360.0,420.0,558.0,616.0,752.0,752.0,True,instance_14898_valuation_matrix.csv,4,6,1.36986,57.5342,42.000058400128474
additive,328,2.0,9.000000000000001e-07,,,,,,60000.0,False,instance_20414_valuation_matrix.csv,2,4,0.00845952,71.06,8400.003782720532
additive,329,2.0,0.0288,77.0,92.0,127.0,142.0,177.0,177.0,True,instance_14381_valuation_matrix.csv,2,4,4.06504,57.5342,14.153415464546475
additive,330,2.0,1.4e-06,,,,,,60000.0,False,instance_14372_valuation_matrix.csv,5,4,0.0086949,71.7949,8257.127741549644
additive,331,2.0,0.0063,494.0,568.0,731.0,801.0,961.0,961.0,True,instance_14982_valuation_matrix.csv,2,4,1.26582,62.6866,49.52252294955049
additive,332,2.0,0.1008,16.0,17.0,20.0,21.0,24.0,24.0,True,instance_10787_valuation_matrix.csv,2,4,6.67037,53.9794,8.09241466365434
additive,333,2.0,1.0,0.0,0.0,0.0,0.0,0.0,0.0,True,instance_19413_valuation_matrix.csv,2,3,33.3333,33.3333,1.0
additive,334,2.0,0.64,3.0,4.0,6.0,7.0,10.0,10.0,True,instance_15819_valuation_matrix.csv,3,3,18.1818,45.4545,2.5000000000000004
additive,335,2.0,0.0162,138.0,165.0,228.0,255.0,317.0,317.0,True,instance_16620_valuation_matrix.csv,2,4,2.8169,59.1549,21.0
additive,336,2.0,0.0108,86.0,112.0,174.0,201.0,265.0,265.0,True,instance_10589_valuation_matrix.csv,2,10,1.18343,50.0,42.25006971261503
additive,337,2.0,0.045,70.0,78.0,96.0,104.0,122.0,122.0,True,instance_19084_valuation_matrix.csv,3,4,3.09278,66.6667,21.55559076300287
additive,338,2.0,1.0,0.0,0.0,0.0,0.0,0.0,0.0,True,instance_23057_valuation_matrix.csv,3,6,16.6667,16.6667,1.0
additive,339,2.0,0.0324,68.0,81.0,112.0,125.0,156.0,156.0,True,instance_15300_valuation_matrix.csv,2,4,3.125,56.0,17.92
additive,340,2.0,0.0243,98.0,104.0,118.0,124.0,138.0,138.0,True,instance_18808_valuation_matrix.csv,2,4,2.77778,70.8861,25.518975584819533
additive,341,2.0,1.4400000000000002e-06,,,,,,60000.0,False,instance_14349_valuation_matrix.csv,2,6,0.000583281,99.9911,171428.69388853744
additive,342,2.0,0.1296,15.0,17.0,22.0,24.0,28.0,28.0,True,instance_12297_valuation_matrix.csv,2,4,8.51064,59.5745,7.00000234999953
additive,343,2.0,0.0162,130.0,150.0,193.0,211.0,254.0,254.0,True,instance_17914_valuation_matrix.csv,2,9,1.78571,37.5,21.000050400120962
additive,344,2.0,0.36,8.0,9.0,10.0,11.0,13.0,13.0,True,instance_13386_valuation_matrix.csv,3,3,9.09091,66.6667,7.333336266666374
additive,345,2.0,0.00189,773.0,827.0,950.0,1003.0,1127.0,1127.0,True,instance_19321_valuation_matrix.csv,2,4,1.02041,71.4286,69.9999020001764
additive,346,2.0,0.045,47.0,48.0,52.0,53.0,56.0,56.0,True,instance_21354_valuation_matrix.csv,4,4,3.65217,78.9474,21.616573160614102
additive,347,2.0,4.5000000000000003e-07,,,,,,60000.0,False,instance_21629_valuation_matrix.csv,2,4,0.00520806,91.1411,17500.009600503836
additive,348,2.0,0.64,3.0,4.0,6.0,7.0,10.0,10.0,True,instance_15821_valuation_matrix.csv,3,3,18.1818,45.4545,2.5000000000000004
additive,349,2.0,0.09,67.0,83.0,117.0,132.0,166.0,166.0,True,instance_15136_valuation_matrix.csv,5,6,4.54545,50.0,11.000011000011
additive,350,2.0,0.0189,78.0,84.0,98.0,103.0,117.0,117.0,True,instance_14443_valuation_matrix.csv,2,4,2.72374,54.4747,19.999963285776175
additive,351,2.0,0.018,21.0,57.0,145.0,183.0,272.0,272.0,True,instance_15473_valuation_matrix.csv,2,4,3.31492,46.4088,13.999975866687583
additive,352,2.0,0.045,33.0,35.0,40.0,43.0,48.0,48.0,True,instance_17462_valuation_matrix.csv,2,4,5.31915,74.4681,14.000000000000002
additive,353,2.0,0.1134,19.0,23.0,31.0,34.0,42.0,42.0,True,instance_19739_valuation_matrix.csv,2,4,8.0,56.0,7.0
additive,354,2.0,5.669999999999999e-05,18791.0,19267.0,20368.0,20843.0,21944.0,21944.0,True,instance_14335_valuation_matrix.csv,2,5,0.220751,88.3002,399.9990940018392
additive,355,2.0,9.720000000000002e-05,9070.0,9212.0,9541.0,9683.0,10013.0,10013.0,True,instance_14142_valuation_matrix.csv,2,4,0.300752,91.1162,302.9612438155025
additive,356,2.0,0.036,61.0,73.0,101.0,113.0,140.0,140.0,True,instance_14751_valuation_matrix.csv,2,4,4.16667,58.3333,13.999980800015361
additive,357,2.0,0.00216,876.0,924.0,1033.0,1080.0,1189.0,1189.0,True,instance_15639_valuation_matrix.csv,2,4,0.55666,71.5706,128.57147989796283
additive,358,2.0,0.09,23.0,26.0,32.0,35.0,42.0,42.0,True,instance_15305_valuation_matrix.csv,2,4,7.40741,65.1163,8.790697423255901
additive,359,2.0,0.168,8.0,11.0,17.0,19.0,25.0,25.0,True,instance_11964_valuation_matrix.csv,3,8,6.06061,20.2247,3.337073330902335
additive,360,2.0,0.0404999999999999,44.0,49.0,60.0,64.0,75.0,75.0,True,instance_18874_valuation_matrix.csv,2,4,4.61538,64.6154,14.000017333350666
additive,361,2.0,0.0081,276.0,332.0,459.0,513.0,640.0,640.0,True,instance_20801_valuation_matrix.csv,2,4,0.0988631,98.8631,1000.0000000000001
additive,362,2.0,0.045,30.0,31.0,34.0,36.0,39.0,39.0,True,instance_19072_valuation_matrix.csv,2,4,4.44444,62.2222,14.000009000009
additive,363,2.0,0.000486,3305.0,3522.0,4020.0,4235.0,4732.0,4732.0,True,instance_19198_valuation_matrix.csv,2,4,0.542495,75.9494,140.00018433349618
additive,364,2.0,0.2159999999999999,9.0,10.0,13.0,14.0,17.0,17.0,True,instance_17249_valuation_matrix.csv,2,4,8.23529,49.4118,6.000007285717928
additive,365,2.0,1.2000000000000002e-06,,,,,,60000.0,False,instance_15098_valuation_matrix.csv,3,4,0.00603412,86.2017,14285.711918225028
additive,366,2.0,8.000000000000002e-07,,,,,,60000.0,False,instance_14189_valuation_matrix.csv,2,9,0.0159473,55.8154,3499.9905940190497
additive,367,2.0,0.0809999999999999,31.0,39.0,59.0,67.0,86.0,86.0,True,instance_19805_valuation_matrix.csv,2,4,4.4586,44.586,10.0
additive,368,2.0,0.108,26.0,29.0,36.0,39.0,46.0,46.0,True,instance_20918_valuation_matrix.csv,2,4,5.55556,54.902,9.882352094118325
additive,369,2.0,0.0324,68.0,82.0,112.0,126.0,156.0,156.0,True,instance_9522_valuation_matrix.csv,2,4,4.16667,58.3333,13.999980800015361
additive,370,2.0,0.0404999999999999,31.0,33.0,37.0,38.0,42.0,42.0,True,instance_13489_valuation_matrix.csv,2,4,4.3956,67.7419,15.411297661297661
additive,371,2.0,0.0027,258.0,766.0,1868.0,2328.0,3386.0,3386.0,True,instance_17808_valuation_matrix.csv,2,4,1.0989,57.6923,52.5000455000455
additive,372,2.0,0.64,3.0,4.0,6.0,7.0,10.0,10.0,True,instance_15824_valuation_matrix.csv,3,3,18.1818,45.4545,2.5000000000000004
additive,373,2.0,0.027,49.0,68.0,112.0,131.0,175.0,175.0,True,instance_20744_valuation_matrix.csv,2,4,4.60829,38.7097,8.40001388801486
additive,374,2.0,0.0243,66.0,69.0,74.0,76.0,81.0,81.0,True,instance_16544_valuation_matrix.csv,2,4,3.0581,77.4908,25.339524541381902
additive,375,2.0,4.5000000000000003e-07,,,,,,60000.0,False,instance_11312_valuation_matrix.csv,2,4,0.000560213,98.0373,175000.04462588337
additive,376,2.0,0.0162,137.0,165.0,228.0,255.0,317.0,317.0,True,instance_19777_valuation_matrix.csv,2,4,2.94118,61.7647,20.999972800032637
additive,377,2.0,0.027,253.0,323.0,476.0,540.0,688.0,688.0,True,instance_19873_valuation_matrix.csv,5,8,1.0989,43.956,40.0
additive,378,2.0,0.001296,1200.0,1200.0,1201.0,1201.0,1202.0,1202.0,True,instance_14795_valuation_matrix.csv,2,2,1.17647,98.8235,84.0000170000085
additive,379,2.0,0.072,32.0,35.0,40.0,42.0,47.0,47.0,True,instance_14302_valuation_matrix.csv,2,4,5.88235,71.1864,12.101694050847026
additive,380,2.0,0.054,84.0,102.0,136.0,149.0,181.0,181.0,True,instance_11881_valuation_matrix.csv,2,5,4.34783,52.6316,12.105257105268604
additive,381,2.0,0.0036,358.0,359.0,362.0,363.0,367.0,367.0,True,instance_15677_valuation_matrix.csv,3,3,1.28205,94.7368,73.8947778947779
additive,382,2.0,0.00216,178.0,189.0,3796.0,4028.0,4562.0,4562.0,True,instance_15756_valuation_matrix.csv,2,4,1.0929,74.8555,68.4925427761003
additive,383,2.0,0.0243,70.0,77.0,93.0,100.0,116.0,116.0,True,instance_12799_valuation_matrix.csv,2,4,3.00752,63.1579,20.999993350002658
additive,384,2.0,0.027,78.0,99.0,146.0,166.0,212.0,212.0,True,instance_21623_valuation_matrix.csv,2,6,3.2967,46.1538,14.0
additive,385,2.0,0.0216,114.0,122.0,141.0,149.0,169.0,169.0,True,instance_16496_valuation_matrix.csv,2,6,1.92308,42.0,21.839965056055913
additive,386,2.0,0.0404999999999999,40.0,43.0,49.0,51.0,57.0,57.0,True,instance_19045_valuation_matrix.csv,2,4,5.45455,76.3636,13.999981666681945
additive,387,2.0,0.0081,146.0,150.0,160.0,165.0,175.0,175.0,True,instance_23898_valuation_matrix.csv,2,4,1.15607,72.8324,62.99999135000477
additive,388,2.0,0.1134,19.0,23.0,31.0,34.0,42.0,42.0,True,instance_14134_valuation_matrix.csv,2,4,8.0,56.0,7.0
additive,389,2.0,1.6000000000000004e-06,,,,,,60000.0,False,instance_14343_valuation_matrix.csv,2,6,0.0655523,98.3284,1499.9992372502568
additive,390,2.0,0.0728999999999999,31.0,36.0,47.0,52.0,63.0,63.0,True,instance_18923_valuation_matrix.csv,2,4,5.88235,57.1429,9.714297857148928
additive,391,2.0,0.108,19.0,23.0,32.0,35.0,44.0,44.0,True,instance_14482_valuation_matrix.csv,2,3,7.69231,61.5385,8.00000259999922
additive,392,2.0,0.036,53.0,55.0,61.0,63.0,68.0,68.0,True,instance_13434_valuation_matrix.csv,2,4,1.72414,72.4138,41.999953600055676
additive,393,2.0,0.128,14.0,15.0,18.0,19.0,21.0,21.0,True,instance_20193_valuation_matrix.csv,2,4,7.69231,56.0,7.279997816000655
additive,394,2.0,0.1296,17.0,24.0,38.0,44.0,58.0,58.0,True,instance_19419_valuation_matrix.csv,2,5,5.88235,47.0588,8.0
additive,395,2.0,0.00162,1381.0,1660.0,2298.0,2572.0,3206.0,3206.0,True,instance_16460_valuation_matrix.csv,2,4,0.914634,64.0244,70.00002186667017
additive,396,2.0,0.00063,3552.0,4270.0,5913.0,6618.0,8251.0,8251.0,True,instance_21626_valuation_matrix.csv,2,4,0.540541,62.2222,115.11097215567366
additive,397,2.0,0.01296,129.0,141.0,170.0,183.0,211.0,211.0,True,instance_14435_valuation_matrix.csv,2,4,2.5,70.0,28.0
additive,398,2.0,0.1134,19.0,23.0,31.0,34.0,42.0,42.0,True,instance_19772_valuation_matrix.csv,2,4,8.0,56.0,7.0
additive,399,2.0,0.09,18.0,20.0,23.0,25.0,28.0,28.0,True,instance_18690_valuation_matrix.csv,2,4,7.05882,56.0,7.933337300001983
additive,400,2.0,0.0567,37.0,42.0,54.0,60.0,72.0,72.0,True,instance_9989_valuation_matrix.csv,2,4,6.01915,63.2011,10.500004153410366
additive,401,2.0,0.0486,32.0,34.0,40.0,43.0,48.0,48.0,True,instance_11504_valuation_matrix.csv,2,4,4.87805,68.2927,14.0
additive,402,2.0,0.1134,19.0,23.0,31.0,34.0,42.0,42.0,True,instance_11613_valuation_matrix.csv,2,4,8.0,56.0,7.0
additive,403,2.0,0.072,54.0,64.0,86.0,96.0,118.0,118.0,True,instance_20398_valuation_matrix.csv,3,5,3.84615,50.0,13.000013000012999
additive,404,2.0,0.0809999999999999,22.0,24.0,29.0,31.0,36.0,36.0,True,instance_16458_valuation_matrix.csv,2,6,5.55556,47.4576,8.542361166111068
additive,405,2.0,0.036,55.0,61.0,77.0,84.0,99.0,99.0,True,instance_21963_valuation_matrix.csv,2,4,4.16667,58.3333,13.999980800015361
additive,406,2.0,0.0063,165.0,273.0,522.0,628.0,875.0,875.0,True,instance_22130_valuation_matrix.csv,2,4,2.3753,49.8812,20.999957900054728
additive,407,2.0,0.048,44.0,60.0,94.0,109.0,143.0,143.0,True,instance_14131_valuation_matrix.csv,2,4,4.6729,56.0,11.983992809604313
additive,408,2.0,1.4400000000000002e-06,,,,,,60000.0,False,instance_14346_valuation_matrix.csv,2,6,0.0578178,99.1162,1714.2852201225228
additive,409,2.0,0.0728999999999999,18.0,19.0,21.0,22.0,25.0,25.0,True,instance_10927_valuation_matrix.csv,2,4,8.86076,70.8861,8.000002257142727
additive,410,2.0,0.1134,19.0,23.0,31.0,34.0,42.0,42.0,True,instance_17666_valuation_matrix.csv,2,4,8.0,56.0,7.0
additive,411,2.0,0.2159999999999999,20.0,24.0,33.0,36.0,45.0,45.0,True,instance_17695_valuation_matrix.csv,4,4,8.0,56.0,7.0
additive,412,2.0,0.002916,488.0,519.0,591.0,622.0,693.0,693.0,True,instance_17288_valuation_matrix.csv,2,4,1.27226,74.8663,58.84512599625862
additive,413,2.0,2.4000000000000003e-06,,,,,,60000.0,False,instance_10247_valuation_matrix.csv,2,4,0.0041012,97.5225,23779.015897786012
additive,414,2.0,0.192,10.0,11.0,14.0,15.0,18.0,18.0,True,instance_23324_valuation_matrix.csv,2,4,10.7143,52.8302,4.930812092250544
additive,415,2.0,0.002187,518.0,521.0,527.0,529.0,535.0,535.0,True,instance_15660_valuation_matrix.csv,2,4,1.002,88.8889,88.7114770459082
additive,416,2.0,0.027,81.0,102.0,150.0,171.0,219.0,219.0,True,instance_14162_valuation_matrix.csv,2,4,3.63636,55.5556,15.277805277805278
additive,417,2.0,0.0072,63.0,66.0,74.0,304.0,1084.0,1084.0,True,instance_12238_valuation_matrix.csv,2,4,1.49254,62.6866,41.999946400096476
additive,418,2.0,0.108,16.0,18.0,22.0,24.0,28.0,28.0,True,instance_18682_valuation_matrix.csv,2,4,8.95522,62.6866,7.000006700002903
additive,419,2.0,0.1134,19.0,23.0,31.0,34.0,42.0,42.0,True,instance_11792_valuation_matrix.csv,2,4,8.0,56.0,7.0
additive,420,2.0,0.0648,41.0,49.0,68.0,76.0,94.0,94.0,True,instance_19719_valuation_matrix.csv,2,4,5.55556,58.3333,10.49998560001152
additive,421,2.0,0.48,3.0,3.0,4.0,4.0,4.0,4.0,True,instance_11761_valuation_matrix.csv,2,2,25.0,75.0,3.0
additive,422,2.0,0.0216,136.0,148.0,177.0,189.0,218.0,218.0,True,instance_19760_valuation_matrix.csv,2,4,0.817439,95.3678,116.66656472226062
additive,423,2.0,0.0324,29.0,131.0,259.0,306.0,411.0,411.0,True,instance_14886_valuation_matrix.csv,2,4,3.27869,57.377,17.499977125010293
additive,424,2.0,0.063,34.0,40.0,52.0,57.0,70.0,70.0,True,instance_20136_valuation_matrix.csv,2,4,5.7377,57.377,10.0
additive,425,2.0,0.1134,19.0,23.0,31.0,34.0,42.0,42.0,True,instance_9830_valuation_matrix.csv,2,4,8.0,56.0,7.0
additive,426,2.0,0.1134,19.0,23.0,31.0,34.0,42.0,42.0,True,instance_19052_valuation_matrix.csv,2,4,8.0,56.0,7.0
additive,427,2.0,0.1134,19.0,23.0,31.0,34.0,42.0,42.0,True,instance_18750_valuation_matrix.csv,2,4,8.0,56.0,7.0
additive,428,2.0,0.036,67.0,77.0,99.0,109.0,130.0,130.0,True,instance_17383_valuation_matrix.csv,2,4,3.0303,50.9091,16.8000198000198
additive,429,2.0,0.18,31.0,34.0,41.0,44.0,52.0,52.0,True,instance_15152_valuation_matrix.csv,5,4,4.18118,62.7178,15.000023916693372
additive,430,2.0,0.126,15.0,16.0,18.0,18.0,20.0,20.0,True,instance_9543_valuation_matrix.csv,3,3,9.85915,78.8732,8.0
additive,431,2.0,0.009,192.0,304.0,548.0,651.0,889.0,889.0,True,instance_22610_valuation_matrix.csv,2,4,1.99005,55.2632,27.76975452878068
additive,432,2.0,0.01134,184.0,251.0,400.0,463.0,609.0,609.0,True,instance_12499_valuation_matrix.csv,2,4,2.17391,56.0,25.760036064050492
additive,433,2.0,0.128,17.0,20.0,27.0,30.0,37.0,37.0,True,instance_15658_valuation_matrix.csv,2,4,7.84314,54.902,7.000002549999108
additive,434,2.0,0.0728999999999999,20.0,22.0,25.0,26.0,30.0,30.0,True,instance_15245_valuation_matrix.csv,2,4,8.04598,64.3678,7.9999950285732755
additive,435,2.0,1.4400000000000002e-06,,,,,,60000.0,False,instance_14354_valuation_matrix.csv,2,6,0.0655523,98.3284,1499.9992372502568
additive,436,2.0,0.0404999999999999,37.0,39.0,46.0,48.0,54.0,54.0,True,instance_13166_valuation_matrix.csv,2,4,5.17241,72.4138,14.000011600008506
additive,437,2.0,0.0081,313.0,360.0,467.0,512.0,617.0,617.0,True,instance_11344_valuation_matrix.csv,2,4,2.39726,71.9178,29.999999999999996
additive,438,2.0,0.036,73.0,77.0,84.0,87.0,95.0,95.0,True,instance_13882_valuation_matrix.csv,2,4,3.82514,77.7778,20.33332113334414
additive,439,2.0,0.018,83.0,89.0,104.0,111.0,125.0,125.0,True,instance_10103_valuation_matrix.csv,2,4,3.26531,68.5714,20.999966312540003
additive,440,2.0,0.00126,2018.0,2114.0,2336.0,2432.0,2654.0,2654.0,True,instance_19264_valuation_matrix.csv,3,8,0.211454,67.4157,318.81969600953397
additive,441,2.0,8.000000000000002e-07,,,,,,60000.0,False,instance_15700_valuation_matrix.csv,2,4,0.00904895,90.4895,10000.0
additive,442,2.0,0.01296,140.0,152.0,178.0,190.0,216.0,216.0,True,instance_15113_valuation_matrix.csv,2,4,2.65487,74.3363,27.999977400023354
additive,443,2.0,0.1296,16.0,19.0,26.0,29.0,36.0,36.0,True,instance_9731_valuation_matrix.csv,2,4,7.69231,50.0,6.499998050000585
additive,444,2.0,0.126,15.0,16.0,18.0,18.0,20.0,20.0,True,instance_9546_valuation_matrix.csv,3,3,9.85915,78.8732,8.0
additive,445,2.0,0.0809999999999999,22.0,24.0,30.0,32.0,37.0,37.0,True,instance_9748_valuation_matrix.csv,2,4,6.25,62.5,10.0
additive,446,2.0,0.0018,1092.0,1232.0,1556.0,1695.0,2018.0,2018.0,True,instance_14046_valuation_matrix.csv,2,4,1.25673,62.8366,50.00007957158658
additive,447,2.0,0.08,29.0,32.0,37.0,39.0,44.0,44.0,True,instance_21648_valuation_matrix.csv,2,4,5.40541,68.8525,12.73770167295358
additive,448,2.0,0.1134,19.0,23.0,31.0,34.0,42.0,42.0,True,instance_17386_valuation_matrix.csv,2,4,8.0,56.0,7.0
additive,449,2.0,0.009,201.0,217.0,253.0,269.0,305.0,305.0,True,instance_21255_valuation_matrix.csv,2,4,2.02703,70.9459,34.99992600010853
additive,450,2.0,0.063,28.0,36.0,58.0,67.0,89.0,89.0,True,instance_16099_valuation_matrix.csv,2,4,4.44444,48.8889,11.0000135000135
additive,451,2.0,0.063,27.0,30.0,36.0,39.0,45.0,45.0,True,instance_18755_valuation_matrix.csv,2,4,6.10687,64.1221,10.499994268749786
additive,452,2.0,0.036,56.0,64.0,80.0,87.0,104.0,104.0,True,instance_17566_valuation_matrix.csv,2,4,4.90196,68.6274,13.999991839998694
additive,453,2.0,0.00162,1370.0,1632.0,2232.0,2489.0,3086.0,3086.0,True,instance_20344_valuation_matrix.csv,2,4,0.886382,62.0467,69.99995487272982
additive,454,2.0,0.09,23.0,26.0,32.0,35.0,42.0,42.0,True,instance_19796_valuation_matrix.csv,2,4,7.40741,65.1163,8.790697423255901
additive,455,2.0,0.1134,19.0,23.0,31.0,34.0,42.0,42.0,True,instance_10066_valuation_matrix.csv,2,4,8.0,56.0,7.0
additive,456,2.0,0.036,59.0,80.0,126.0,146.0,191.0,191.0,True,instance_20601_valuation_matrix.csv,2,4,4.16667,58.3333,13.999980800015361
additive,457,2.0,0.036,45.0,48.0,55.0,58.0,65.0,65.0,True,instance_14589_valuation_matrix.csv,2,4,5.26316,73.6842,13.999992400003041
additive,458,2.0,0.1134,19.0,23.0,31.0,34.0,42.0,42.0,True,instance_12620_valuation_matrix.csv,2,4,8.0,56.0,7.0
additive,459,2.0,0.16,7.0,10.0,17.0,20.0,28.0,28.0,True,instance_19818_valuation_matrix.csv,2,5,8.33333,36.3636,4.363633745453498
additive,460,2.0,0.6479999999999999,4.0,5.0,7.0,8.0,11.0,11.0,True,instance_14774_valuation_matrix.csv,3,3,14.2857,50.0,3.5000035000035
additive,461,2.0,0.01944,77.0,83.0,95.0,100.0,113.0,113.0,True,instance_17854_valuation_matrix.csv,2,4,3.7037,77.7778,21.000027000027
additive,462,2.0,0.0809999999999999,24.0,27.0,33.0,36.0,43.0,43.0,True,instance_14463_valuation_matrix.csv,2,4,6.77966,56.0,8.260001239000186
additive,463,2.0,0.0288,71.0,80.0,99.0,107.0,127.0,127.0,True,instance_15878_valuation_matrix.csv,2,4,4.34783,62.2222,14.311093120016192
additive,464,2.0,0.1134,19.0,23.0,31.0,34.0,42.0,42.0,True,instance_10229_valuation_matrix.csv,2,4,8.0,56.0,7.0
additive,465,2.0,0.1134,19.0,23.0,31.0,34.0,42.0,42.0,True,instance_22968_valuation_matrix.csv,2,4,8.0,56.0,7.0
additive,466,2.0,9e-05,28767.0,32503.0,40964.0,44577.0,52945.0,52945.0,True,instance_14351_valuation_matrix.csv,2,6,0.253936,76.1808,300.0
additive,467,2.0,0.054,83.0,92.0,110.0,118.0,136.0,136.0,True,instance_15624_valuation_matrix.csv,3,3,3.25203,79.6748,24.500019987515493
additive,468,2.0,0.144,3.0,26.0,70.0,85.0,118.0,118.0,True,instance_14735_valuation_matrix.csv,2,4,7.01754,61.4035,8.75000356250196
additive,469,2.0,0.0324,68.0,86.0,126.0,144.0,184.0,184.0,True,instance_9571_valuation_matrix.csv,2,4,5.27903,59.1252,11.200012123439345
additive,470,2.0,3.0000000000000004e-07,,,,,,60000.0,False,instance_21291_valuation_matrix.csv,2,3,0.000126728,57.4657,453457.0102897544
additive,471,2.0,0.00189,2668.0,2843.0,3232.0,3396.0,3777.0,3777.0,True,instance_21529_valuation_matrix.csv,2,4,1.26582,79.7468,63.00011060024332
additive,472,2.0,1.4e-06,,,,,,60000.0,False,instance_20025_valuation_matrix.csv,2,4,0.0279252,97.7381,3499.9964190050564
additive,473,2.0,0.112,21.0,22.0,25.0,26.0,29.0,29.0,True,instance_10642_valuation_matrix.csv,2,4,5.12821,68.8525,13.426224745086493
additive,474,2.0,0.0063,297.0,396.0,622.0,719.0,943.0,943.0,True,instance_9923_valuation_matrix.csv,2,4,1.96078,56.0224,28.571486857271086
additive,475,2.0,0.045,42.0,46.0,56.0,60.0,70.0,70.0,True,instance_14129_valuation_matrix.csv,2,4,4.90196,68.6274,13.999991839998694
additive,476,2.0,0.09,24.0,37.0,68.0,81.0,111.0,111.0,True,instance_15652_valuation_matrix.csv,3,3,6.66667,58.3333,8.749990625004688
additive,477,2.0,0.567,15.0,16.0,20.0,22.0,25.0,25.0,True,instance_14150_valuation_matrix.csv,4,4,7.69231,54.5455,7.090912872726138
additive,478,2.0,0.126,15.0,16.0,18.0,19.0,22.0,22.0,True,instance_18947_valuation_matrix.csv,2,4,9.83607,68.8525,7.00000101666621
additive,479,2.0,0.0243,185.0,206.0,254.0,274.0,321.0,321.0,True,instance_9549_valuation_matrix.csv,3,7,0.628968,66.0417,105.0000953943603
additive,480,2.0,0.1134,19.0,23.0,31.0,34.0,42.0,42.0,True,instance_16981_valuation_matrix.csv,2,4,8.0,56.0,7.0
additive,481,2.0,0.0972,29.0,31.0,37.0,40.0,46.0,46.0,True,instance_13202_valuation_matrix.csv,3,4,5.7971,68.8525,11.877059219264805
additive,482,2.0,0.126,16.0,18.0,23.0,24.0,29.0,29.0,True,instance_14247_valuation_matrix.csv,2,4,8.95522,62.6866,7.000006700002903
additive,483,2.0,0.000972,2686.0,2778.0,2990.0,3082.0,3294.0,3294.0,True,instance_17863_valuation_matrix.csv,4,4,0.0848794,97.005,1142.856806245096
additive,484,2.0,0.0216,82.0,87.0,100.0,106.0,118.0,118.0,True,instance_12873_valuation_matrix.csv,2,4,2.62172,56.0,21.360023190882323
additive,485,2.0,0.1134,19.0,23.0,31.0,34.0,42.0,42.0,True,instance_9666_valuation_matrix.csv,2,4,8.0,56.0,7.0
additive,486,2.0,0.0045,472.0,529.0,661.0,717.0,848.0,848.0,True,instance_18906_valuation_matrix.csv,2,4,1.7094,75.0,43.87504387504387
additive,487,2.0,0.1134,19.0,23.0,31.0,34.0,42.0,42.0,True,instance_12656_valuation_matrix.csv,2,4,8.0,56.0,7.0
additive,488,2.0,0.0648,33.0,38.0,51.0,57.0,70.0,70.0,True,instance_14155_valuation_matrix.csv,2,4,5.71874,54.1936,9.47649307364909
additive,489,2.0,0.036,30.0,38.0,55.0,63.0,81.0,81.0,True,instance_15657_valuation_matrix.csv,2,9,3.33333,23.3333,6.999996999997
additive,490,2.0,0.03888,70.0,81.0,106.0,116.0,140.0,140.0,True,instance_11299_valuation_matrix.csv,2,4,3.72093,60.0,16.125001007812564
additive,491,2.0,0.15,3.0,4.0,4.0,4.0,4.0,4.0,True,instance_14963_valuation_matrix.csv,2,3,14.2857,42.8571,3.0
additive,492,2.0,0.072,30.0,36.0,49.0,55.0,68.0,68.0,True,instance_10388_valuation_matrix.csv,2,4,7.40741,56.0,7.559997354000926
additive,493,2.0,0.09,16.0,17.0,19.0,20.0,23.0,23.0,True,instance_17827_valuation_matrix.csv,2,4,8.04598,65.1163,8.09302285116294
additive,494,2.0,0.126,49.0,56.0,72.0,79.0,95.0,95.0,True,instance_11973_valuation_matrix.csv,5,7,3.22581,58.0645,17.99997520002728
additive,495,2.0,0.036,59.0,71.0,99.0,111.0,138.0,138.0,True,instance_17434_valuation_matrix.csv,2,4,3.57143,50.0,13.99999440000224
additive,496,2.0,0.0288,77.0,92.0,127.0,142.0,177.0,177.0,True,instance_9994_valuation_matrix.csv,2,4,4.28571,60.0,14.000014000014
additive,497,2.0,0.045,52.0,74.0,125.0,147.0,198.0,198.0,True,instance_20753_valuation_matrix.csv,5,7,2.77778,25.0,8.99999280000576
additive,498,2.0,0.063,33.0,37.0,46.0,50.0,59.0,59.0,True,instance_18551_valuation_matrix.csv,2,4,5.12821,71.7949,13.999992200007409
additive,499,2.0,0.063,28.0,31.0,38.0,41.0,48.0,48.0,True,instance_12876_valuation_matrix.csv,2,4,6.54206,65.4206,9.999999999999998
additive,500,2.0,0.0243,79.0,86.0,101.0,107.0,122.0,122.0,True,instance_16673_valuation_matrix.csv,2,6,2.51256,61.2755,24.38767631419747
additive,501,2.0,0.045,49.0,58.0,80.0,90.0,112.0,112.0,True,instance_17515_valuation_matrix.csv,2,4,5.47945,57.5342,10.499995437498288
additive,502,2.0,0.1134,19.0,23.0,31.0,34.0,42.0,42.0,True,instance_14242_valuation_matrix.csv,2,4,8.0,56.0,7.0
additive,503,2.0,0.063,27.0,29.0,34.0,36.0,41.0,41.0,True,instance_20505_valuation_matrix.csv,2,4,5.47945,62.6866,11.440308790115797
additive,504,2.0,0.00036,746.0,13078.0,29451.0,35022.0,47372.0,47372.0,True,instance_23636_valuation_matrix.csv,2,4,0.390625,68.3594,175.00006399999998
additive,505,2.0,0.0404999999999999,37.0,39.0,46.0,48.0,54.0,54.0,True,instance_9642_valuation_matrix.csv,2,4,5.17241,72.4138,14.000011600008506
additive,506,2.0,0.000324,3869.0,4048.0,4462.0,4641.0,5055.0,5055.0,True,instance_20039_valuation_matrix.csv,2,4,0.476758,83.4327,175.00010487500995
additive,507,2.0,0.0324,51.0,55.0,66.0,71.0,81.0,81.0,True,instance_10243_valuation_matrix.csv,2,4,4.0747,71.3073,17.500012270842024
additive,508,2.0,0.063,25.0,27.0,30.0,32.0,35.0,35.0,True,instance_16277_valuation_matrix.csv,2,4,2.40964,75.9036,31.49997510001494
additive,509,2.0,0.1134,19.0,23.0,31.0,34.0,42.0,42.0,True,instance_12816_valuation_matrix.csv,2,4,8.0,56.0,7.0
additive,510,2.0,0.00027,2944.0,2958.0,2988.0,3001.0,3031.0,3031.0,True,instance_10549_valuation_matrix.csv,2,4,0.462453,93.6455,202.49733486429972
additive,511,2.0,0.0404999999999999,40.0,43.0,49.0,51.0,57.0,57.0,True,instance_19044_valuation_matrix.csv,2,4,5.45455,76.3636,13.999981666681945
additive,512,2.0,0.126,17.0,19.0,25.0,27.0,33.0,33.0,True,instance_18746_valuation_matrix.csv,2,4,8.0,61.7647,7.7205875
additive,513,2.0,0.00216,178.0,189.0,3796.0,4028.0,4562.0,4562.0,True,instance_15757_valuation_matrix.csv,2,4,1.0929,74.8555,68.4925427761003
additive,514,2.0,0.126,33.0,34.0,36.0,37.0,39.0,39.0,True,instance_15559_valuation_matrix.csv,3,3,2.63158,92.1053,35.0
additive,515,2.0,0.000972,1627.0,1686.0,1823.0,1881.0,2017.0,2017.0,True,instance_14389_valuation_matrix.csv,2,4,0.283554,79.3951,279.9999294666977
additive,516,2.0,1.0,0.0,0.0,0.0,0.0,0.0,0.0,True,instance_23145_valuation_matrix.csv,2,3,33.3333,33.3333,1.0
additive,517,2.0,0.1134,19.0,23.0,31.0,34.0,42.0,42.0,True,instance_12937_valuation_matrix.csv,2,4,8.0,56.0,7.0
additive,518,2.0,0.0324,53.0,55.0,59.0,61.0,65.0,65.0,True,instance_16545_valuation_matrix.csv,2,4,3.0581,76.087,24.88048134462575
additive,519,2.0,0.0364499999999999,27.0,28.0,323.0,482.0,863.0,863.0,True,instance_15972_valuation_matrix.csv,3,4,2.5974,54.5455,21.0000385000385
additive,520,2.0,0.3779999999999999,3.0,4.0,7.0,8.0,11.0,11.0,True,instance_10202_valuation_matrix.csv,2,4,13.6364,40.9091,2.9999926666862224
additive,521,2.0,0.09,20.0,22.0,27.0,29.0,33.0,33.0,True,instance_10075_valuation_matrix.csv,2,4,7.36842,62.6866,8.507468358209765
additive,522,2.0,0.063,8.0,8.0,9.0,9.0,9.0,9.0,True,instance_18667_valuation_matrix.csv,2,4,5.55556,38.8889,6.99999640000288
additive,523,2.0,0.045,75.0,85.0,109.0,119.0,143.0,143.0,True,instance_9907_valuation_matrix.csv,3,4,4.28571,62.2222,14.518527851861185
additive,524,2.0,0.64,1.0,1.0,2.0,2.0,3.0,3.0,True,instance_18087_valuation_matrix.csv,2,4,16.6667,33.3333,1.9999940000120002
additive,525,2.0,1.2600000000000002e-06,,,,,,60000.0,False,instance_14347_valuation_matrix.csv,2,6,0.00574887,98.5521,17142.86459773834
additive,526,2.0,0.00486,303.0,306.0,313.0,316.0,323.0,323.0,True,instance_15445_valuation_matrix.csv,2,4,1.85701,90.9935,49.00000538500062
additive,527,2.0,0.072,30.0,36.0,49.0,55.0,68.0,68.0,True,instance_10926_valuation_matrix.csv,2,4,7.40741,56.0,7.559997354000926
additive,528,2.0,0.1134,15.0,16.0,19.0,20.0,22.0,22.0,True,instance_15256_valuation_matrix.csv,2,4,8.0,68.8525,8.6065625
additive,529,2.0,0.036,55.0,61.0,77.0,84.0,99.0,99.0,True,instance_21962_valuation_matrix.csv,2,4,4.16667,58.3333,13.999980800015361
additive,530,2.0,0.0144,98.0,104.0,118.0,124.0,139.0,139.0,True,instance_12145_valuation_matrix.csv,2,4,3.5533,79.096,22.2598711057327
additive,531,2.0,0.00036,746.0,13078.0,29451.0,35022.0,47372.0,47372.0,True,instance_23633_valuation_matrix.csv,2,4,0.390625,68.3594,175.00006399999998
additive,532,2.0,0.0324,61.0,78.0,119.0,136.0,176.0,176.0,True,instance_17322_valuation_matrix.csv,2,4,3.78788,53.0303,13.99999472000169
additive,533,2.0,0.64,3.0,4.0,6.0,7.0,10.0,10.0,True,instance_15817_valuation_matrix.csv,3,3,18.1818,45.4545,2.5000000000000004
additive,534,2.0,0.0404999999999999,54.0,136.0,326.0,401.0,572.0,572.0,True,instance_19284_valuation_matrix.csv,4,8,1.82927,51.2195,27.99996720003061
additive,535,2.0,0.1134,19.0,23.0,31.0,34.0,42.0,42.0,True,instance_17548_valuation_matrix.csv,2,4,8.0,56.0,7.0
additive,536,2.0,0.0072,354.0,408.0,529.0,580.0,699.0,699.0,True,instance_13943_valuation_matrix.csv,2,4,1.89573,69.6682,36.7500646189067
additive,537,2.0,0.063,33.0,39.0,53.0,58.0,72.0,72.0,True,instance_19773_valuation_matrix.csv,2,3,6.66667,66.6667,10.000000000000002
additive,538,2.0,0.00324,689.0,828.0,1146.0,1282.0,1599.0,1599.0,True,instance_12441_valuation_matrix.csv,2,4,1.28205,62.8205,49.000039000039
additive,539,2.0,0.35,6.0,7.0,13.0,16.0,24.0,24.0,True,instance_23753_valuation_matrix.csv,3,4,8.10811,48.6486,5.999992600001727
additive,540,2.0,1.4e-07,,,,,,60000.0,False,instance_12104_valuation_matrix.csv,2,4,0.0111099,62.461,5622.102809206203
additive,541,2.0,0.0288,50.0,53.0,61.0,65.0,72.0,72.0,True,instance_12373_valuation_matrix.csv,2,4,4.81928,72.4138,15.025854484487308
additive,542,2.0,0.0243,185.0,206.0,254.0,274.0,321.0,321.0,True,instance_9550_valuation_matrix.csv,3,7,0.628968,66.0417,105.0000953943603
additive,543,2.0,0.1134,19.0,23.0,31.0,34.0,42.0,42.0,True,instance_20538_valuation_matrix.csv,2,4,8.0,56.0,7.0
additive,544,2.0,0.0324,111.0,127.0,163.0,179.0,214.0,214.0,True,instance_16741_valuation_matrix.csv,2,6,2.90698,50.6024,17.407206103929166
additive,545,2.0,0.216,8.0,9.0,11.0,12.0,15.0,15.0,True,instance_20618_valuation_matrix.csv,2,4,13.7255,54.902,4.0
additive,546,2.0,0.0252,5.0,6.0,8.0,9.0,12.0,12.0,True,instance_11800_valuation_matrix.csv,2,37,1.0582,5.26316,4.973691173691174
additive,547,2.0,0.108,19.0,22.0,30.0,33.0,40.0,40.0,True,instance_14026_valuation_matrix.csv,2,4,7.84314,54.902,7.000002549999108
additive,548,2.0,2.0000000000000003e-06,,,,,,60000.0,False,instance_15553_valuation_matrix.csv,3,4,0.0234137,95.8957,4095.70892255389
additive,549,2.0,8.1e-05,12399.0,12524.0,12816.0,12941.0,13232.0,13232.0,True,instance_14442_valuation_matrix.csv,2,5,0.265604,92.9615,350.0003765003539
additive,550,2.0,0.0144,26.0,27.0,28.0,29.0,32.0,32.0,True,instance_18848_valuation_matrix.csv,2,4,2.85714,45.1613,15.806470806470807
additive,551,2.0,0.054,40.0,46.0,60.0,66.0,79.0,79.0,True,instance_19240_valuation_matrix.csv,2,4,5.7971,60.8696,10.500008625002156
additive,552,2.0,0.64,3.0,4.0,6.0,7.0,10.0,10.0,True,instance_15820_valuation_matrix.csv,3,3,18.1818,45.4545,2.5000000000000004
additive,553,2.0,0.0809999999999999,22.0,24.0,30.0,32.0,37.0,37.0,True,instance_21628_valuation_matrix.csv,2,4,8.04598,64.3678,7.9999950285732755
additive,554,2.0,0.0809999999999999,20.0,21.0,24.0,26.0,29.0,29.0,True,instance_21355_valuation_matrix.csv,2,4,7.84314,70.0,8.924996876251093
additive,555,2.0,0.126,16.0,18.0,22.0,23.0,27.0,27.0,True,instance_23860_valuation_matrix.csv,2,4,8.0,65.1163,8.1395375
additive,556,2.0,1.2600000000000002e-06,,,,,,60000.0,False,instance_14348_valuation_matrix.csv,2,6,0.00575227,98.6104,17142.867076823582
additive,557,2.0,0.018,85.0,89.0,96.0,99.0,106.0,106.0,True,instance_10950_valuation_matrix.csv,2,4,1.94265,55.5042,28.57138444907729
additive,558,2.0,0.009,183.0,198.0,234.0,249.0,284.0,284.0,True,instance_9648_valuation_matrix.csv,2,4,2.09059,73.1707,35.00002391669337
additive,559,2.0,0.0009,3031.0,3296.0,3892.0,4146.0,4735.0,4735.0,True,instance_22488_valuation_matrix.csv,2,4,0.769231,80.7692,104.99992850002145
additive,560,2.0,0.108,9.0,31.0,80.0,100.0,144.0,144.0,True,instance_15796_valuation_matrix.csv,3,4,5.88235,64.1221,10.900762450381226
additive,561,2.0,0.1134,19.0,23.0,31.0,34.0,42.0,42.0,True,instance_17547_valuation_matrix.csv,2,4,8.0,56.0,7.0
additive,562,2.0,0.072,30.0,36.0,49.0,55.0,68.0,68.0,True,instance_11499_valuation_matrix.csv,2,4,6.89655,56.0,8.120002030000506
additive,563,2.0,0.64,3.0,4.0,6.0,7.0,10.0,10.0,True,instance_15818_valuation_matrix.csv,3,3,18.1818,45.4545,2.5000000000000004
additive,564,2.0,0.0486,26.0,39.0,70.0,83.0,114.0,114.0,True,instance_19076_valuation_matrix.csv,2,4,4.19162,47.9042,11.428564612250156
additive,565,2.0,0.00216,575.0,605.0,675.0,706.0,776.0,776.0,True,instance_12860_valuation_matrix.csv,2,4,1.15718,81.0029,70.00025925093762
additive,566,2.0,0.027,49.0,68.0,112.0,131.0,175.0,175.0,True,instance_20745_valuation_matrix.csv,2,4,4.60829,38.7097,8.40001388801486
additive,567,2.0,0.063,25.0,27.0,30.0,32.0,35.0,35.0,True,instance_16278_valuation_matrix.csv,2,4,2.40964,75.9036,31.49997510001494
additive,568,2.0,0.0189,187.0,207.0,252.0,271.0,315.0,315.0,True,instance_11033_valuation_matrix.csv,2,6,2.63158,61.3139,23.299272680290926
additive,569,2.0,0.4049999999999999,4.0,5.0,6.0,7.0,8.0,8.0,True,instance_9850_valuation_matrix.csv,2,4,15.0,52.5,3.5
additive,570,2.0,0.063,30.0,32.0,38.0,41.0,47.0,47.0,True,instance_20321_valuation_matrix.csv,2,5,5.26316,55.814,10.604655758137696
additive,571,2.0,0.252,6.0,6.0,7.0,7.0,7.0,7.0,True,instance_9523_valuation_matrix.csv,2,2,16.6667,83.3333,4.999988000024
additive,572,2.0,0.108,15.0,16.0,19.0,20.0,23.0,23.0,True,instance_14386_valuation_matrix.csv,2,4,8.88889,62.6866,7.052241618469798
additive,573,2.0,0.0072,167.0,174.0,189.0,196.0,211.0,211.0,True,instance_13349_valuation_matrix.csv,2,4,2.01005,78.6517,39.129225641153205
additive,574,2.0,0.0243,69.0,75.0,90.0,97.0,112.0,112.0,True,instance_17248_valuation_matrix.csv,2,4,3.30579,69.4215,20.999972775040156
additive,575,2.0,0.32,7.0,9.0,14.0,17.0,22.0,22.0,True,instance_18466_valuation_matrix.csv,2,4,12.0,50.9091,4.242425
additive,576,2.0,0.0404999999999999,44.0,49.0,60.0,64.0,75.0,75.0,True,instance_9908_valuation_matrix.csv,2,4,4.44444,65.4206,14.719649719649718
additive,577,2.0,0.045,48.0,56.0,73.0,80.0,97.0,97.0,True,instance_18782_valuation_matrix.csv,2,4,4.41176,61.7647,14.000013600014507
additive,578,2.0,0.54,3.0,4.0,5.0,6.0,8.0,8.0,True,instance_21006_valuation_matrix.csv,2,3,20.0,50.0,2.5
additive,579,2.0,1.0,0.0,0.0,0.0,0.0,0.0,0.0,True,instance_10709_valuation_matrix.csv,2,2,50.0,50.0,1.0
additive,580,2.0,0.1134,19.0,23.0,31.0,34.0,42.0,42.0,True,instance_17351_valuation_matrix.csv,2,4,8.0,56.0,7.0
additive,581,2.0,0.1134,19.0,23.0,31.0,34.0,42.0,42.0,True,instance_20360_valuation_matrix.csv,2,4,8.0,56.0,7.0
additive,582,2.0,0.21,8.0,10.0,16.0,18.0,23.0,23.0,True,instance_10507_valuation_matrix.csv,2,4,9.09091,40.0,4.399999560000045
additive,583,2.0,0.0288,54.0,59.0,69.0,74.0,84.0,84.0,True,instance_18708_valuation_matrix.csv,2,4,4.91803,68.8525,14.000016266675885
additive,584,2.0,0.252,5.0,8.0,13.0,15.0,20.0,20.0,True,instance_15719_valuation_matrix.csv,2,4,11.1111,44.6809,4.0212850212850215
additive,585,2.0,0.0288,64.0,80.0,117.0,133.0,170.0,170.0,True,instance_20800_valuation_matrix.csv,2,12,1.86916,25.8805,13.846059192364486
additive,586,2.0,0.0027,715.0,761.0,866.0,911.0,1015.0,1015.0,True,instance_14334_valuation_matrix.csv,2,5,1.62162,81.0811,50.000061666728335
additive,587,2.0,0.0404999999999999,54.0,68.0,100.0,113.0,145.0,145.0,True,instance_13715_valuation_matrix.csv,2,4,4.79042,56.0,11.689997954250357
additive,588,2.0,0.00216,876.0,924.0,1033.0,1080.0,1189.0,1189.0,True,instance_15638_valuation_matrix.csv,2,4,0.55666,71.5706,128.57147989796283
additive,589,2.0,0.1008,17.0,18.0,21.0,22.0,25.0,25.0,True,instance_21830_valuation_matrix.csv,2,4,7.69231,66.1417,8.598418420474474
additive,590,2.0,0.0243,52.0,80.0,143.0,171.0,234.0,234.0,True,instance_19741_valuation_matrix.csv,2,4,3.0303,44.6809,14.744711744711745
additive,591,2.0,0.144,10.0,11.0,13.0,14.0,15.0,15.0,True,instance_20625_valuation_matrix.csv,2,3,13.3333,71.4286,5.3571583928959825
additive,592,2.0,1.0,0.0,0.0,0.0,0.0,0.0,0.0,True,instance_20238_valuation_matrix.csv,3,4,25.0,25.0,1.0
additive,593,2.0,0.1134,19.0,23.0,31.0,34.0,42.0,42.0,True,instance_11564_valuation_matrix.csv,2,4,8.0,56.0,7.0
additive,594,2.0,0.0728999999999999,20.0,22.0,24.0,26.0,28.0,28.0,True,instance_10295_valuation_matrix.csv,2,4,7.2165,72.1649,9.99998614286704
additive,595,2.0,0.112,19.0,23.0,31.0,34.0,42.0,42.0,True,instance_11100_valuation_matrix.csv,2,4,6.15385,49.4118,8.029412481617198
additive,596,2.0,0.0809999999999999,25.0,29.0,37.0,40.0,48.0,48.0,True,instance_16332_valuation_matrix.csv,2,4,6.639,58.0913,8.750007531254706
additive,597,2.0,0.08,17.0,25.0,44.0,52.0,71.0,71.0,True,instance_10068_valuation_matrix.csv,2,4,5.26316,44.6809,8.489367604252958
additive,598,2.0,0.0216,82.0,87.0,100.0,106.0,118.0,118.0,True,instance_12872_valuation_matrix.csv,2,4,2.62172,56.0,21.360023190882323
additive,599,2.0,0.1296,15.0,28.0,66.0,80.0,111.0,111.0,True,instance_21448_valuation_matrix.csv,2,4,3.46535,49.505,14.285714285714286
additive,600,2.0,0.054,45.0,47.0,53.0,55.0,60.0,60.0,True,instance_19020_valuation_matrix.csv,2,4,1.4862,84.9257,57.14284753061499
additive,601,2.0,0.126,15.0,16.0,18.0,18.0,20.0,20.0,True,instance_9548_valuation_matrix.csv,3,3,9.85915,78.8732,8.0
additive,602,2.0,0.18,17.0,18.0,22.0,24.0,27.0,27.0,True,instance_15237_valuation_matrix.csv,2,4,6.77966,47.4576,6.999997049999558
additive,603,2.0,0.0045,358.0,374.0,411.0,427.0,464.0,464.0,True,instance_12461_valuation_matrix.csv,2,4,1.46879,71.9706,48.99992510842258
additive,604,2.0,0.126,22.0,26.0,36.0,40.0,49.0,49.0,True,instance_12998_valuation_matrix.csv,2,4,8.4507,59.1549,7.0
additive,605,2.0,0.009,130.0,133.0,140.0,143.0,150.0,150.0,True,instance_22966_valuation_matrix.csv,2,4,1.30152,64.6154,49.646106091339355
additive,606,2.0,0.315,6.0,7.0,8.0,9.0,12.0,12.0,True,instance_10171_valuation_matrix.csv,2,4,14.4928,50.7246,3.4999862000441597
additive,607,2.0,0.252,8.0,9.0,13.0,15.0,18.0,18.0,True,instance_11984_valuation_matrix.csv,2,3,12.0,56.0,4.666666666666667
additive,608,2.0,0.09,20.0,21.0,25.0,26.0,29.0,29.0,True,instance_18867_valuation_matrix.csv,2,4,7.2165,72.1649,9.99998614286704
additive,609,2.0,0.0108,215.0,270.0,394.0,447.0,570.0,570.0,True,instance_18894_valuation_matrix.csv,2,4,2.58065,63.2258,24.49995156259082
additive,610,2.0,0.0126,153.0,206.0,325.0,375.0,493.0,493.0,True,instance_22129_valuation_matrix.csv,2,4,2.3753,53.1646,22.382267503052244
additive,611,2.0,0.112,22.0,24.0,30.0,33.0,39.0,39.0,True,instance_14627_valuation_matrix.csv,2,4,6.15385,50.9091,8.272723579547764
additive,612,2.0,1.0,0.0,0.0,0.0,0.0,0.0,0.0,True,instance_17867_valuation_matrix.csv,3,3,33.3333,33.3333,1.0
additive,613,2.0,0.3239999999999999,9.0,10.0,13.0,14.0,17.0,17.0,True,instance_12780_valuation_matrix.csv,2,4,12.0,60.0,5.0
additive,614,2.0,0.1134,19.0,23.0,31.0,34.0,42.0,42.0,True,instance_14243_valuation_matrix.csv,2,4,8.0,56.0,7.0
additive,615,2.0,0.001458,680.0,698.0,739.0,757.0,798.0,798.0,True,instance_18550_valuation_matrix.csv,2,4,0.75188,63.1579,83.99997340001063
additive,616,2.0,0.1134,16.0,18.0,22.0,24.0,28.0,28.0,True,instance_19025_valuation_matrix.csv,2,4,8.51064,59.5745,7.00000234999953
additive,617,2.0,0.0404999999999999,33.0,35.0,40.0,42.0,46.0,46.0,True,instance_16672_valuation_matrix.csv,2,4,4.7619,66.6667,14.000021000021002
additive,618,2.0,0.0404999999999999,43.0,46.0,55.0,58.0,67.0,67.0,True,instance_12884_valuation_matrix.csv,2,4,4.28571,60.0,14.000014000014
additive,619,2.0,0.00243,1440.0,1612.0,1989.0,2148.0,2514.0,2514.0,True,instance_21029_valuation_matrix.csv,2,4,1.26582,70.8861,56.000142200312844
additive,620,2.0,0.036,37.0,39.0,43.0,44.0,48.0,48.0,True,instance_16524_valuation_matrix.csv,2,4,2.7027,56.7568,21.000037000036997
additive,621,2.0,0.072,30.0,36.0,49.0,55.0,68.0,68.0,True,instance_10014_valuation_matrix.csv,2,4,4.44444,56.0,12.6000126000126
additive,622,2.0,0.315,6.0,7.0,8.0,9.0,12.0,12.0,True,instance_23737_valuation_matrix.csv,2,4,14.4928,50.7246,3.4999862000441597
additive,623,2.0,0.1008,11.0,13.0,19.0,21.0,27.0,27.0,True,instance_12236_valuation_matrix.csv,2,6,6.03448,31.0345,5.142862351022789
additive,624,2.0,0.09,23.0,26.0,33.0,35.0,42.0,42.0,True,instance_12041_valuation_matrix.csv,2,4,6.54206,65.4206,9.999999999999998
additive,625,2.0,8.000000000000002e-07,,,,,,60000.0,False,instance_15197_valuation_matrix.csv,2,4,0.0278629,98.385,3531.0394826094916
additive,626,2.0,0.054,41.0,49.0,67.0,75.0,93.0,93.0,True,instance_13454_valuation_matrix.csv,2,4,5.6338,59.1549,10.5
additive,627,2.0,0.072,14.0,23.0,44.0,52.0,73.0,73.0,True,instance_10890_valuation_matrix.csv,2,4,5.55556,44.4444,7.99998560001152
additive,628,2.0,0.0081,188.0,203.0,238.0,253.0,288.0,288.0,True,instance_18891_valuation_matrix.csv,2,4,2.02703,70.9459,34.99992600010853
additive,629,2.0,0.1134,19.0,23.0,31.0,34.0,42.0,42.0,True,instance_14086_valuation_matrix.csv,2,4,8.0,56.0,7.0
additive,630,2.0,0.027,62.0,68.0,81.0,87.0,100.0,100.0,True,instance_16020_valuation_matrix.csv,2,4,2.67857,58.3333,21.777776948147704
additive,631,2.0,0.0288,64.0,80.0,117.0,133.0,170.0,170.0,True,instance_20799_valuation_matrix.csv,2,12,1.86916,25.8805,13.846059192364486
additive,632,2.0,0.0126,120.0,127.0,142.0,149.0,164.0,164.0,True,instance_17474_valuation_matrix.csv,2,4,2.94118,68.5714,23.31424802290237
additive,633,2.0,0.000972,1307.0,1360.0,1483.0,1536.0,1659.0,1659.0,True,instance_17069_valuation_matrix.csv,2,4,0.694786,69.4786,100.0
additive,634,2.0,0.1134,19.0,23.0,31.0,34.0,42.0,42.0,True,instance_18814_valuation_matrix.csv,2,4,8.0,56.0,7.0
additive,635,2.0,0.00189,527.0,647.0,1009.0,1192.0,1638.0,1638.0,True,instance_14610_valuation_matrix.csv,2,12,0.636943,17.5055,27.483620983353298
additive,636,2.0,0.001296,1834.0,1924.0,2132.0,2222.0,2430.0,2430.0,True,instance_9787_valuation_matrix.csv,4,4,0.51458,84.9057,164.99999999999997
additive,637,2.0,0.144,6.0,37.0,45.0,48.0,55.0,55.0,True,instance_10102_valuation_matrix.csv,2,4,2.83401,80.9717,28.57142353061563
additive,638,2.0,0.112,19.0,23.0,31.0,34.0,42.0,42.0,True,instance_11099_valuation_matrix.csv,2,4,6.15385,49.4118,8.029412481617198
additive,639,2.0,0.16,12.0,15.0,22.0,25.0,32.0,32.0,True,instance_17211_valuation_matrix.csv,2,4,9.6538,46.6045,4.827580848992107
additive,640,2.0,1.12,1.0,14.0,17.0,18.0,21.0,21.0,True,instance_12961_valuation_matrix.csv,3,3,11.1111,66.6667,6.000009000009
additive,641,2.0,0.0126,142.0,157.0,192.0,208.0,243.0,243.0,True,instance_17675_valuation_matrix.csv,2,4,2.54237,71.1864,28.000015733351166
additive,642,2.0,0.054,40.0,46.0,60.0,66.0,79.0,79.0,True,instance_20939_valuation_matrix.csv,2,4,5.7971,60.8696,10.500008625002156
additive,643,2.0,0.054,40.0,46.0,60.0,66.0,79.0,79.0,True,instance_20940_valuation_matrix.csv,2,4,5.7971,60.8696,10.500008625002156
additive,644,2.0,0.1134,19.0,23.0,31.0,34.0,42.0,42.0,True,instance_14122_valuation_matrix.csv,2,4,8.0,56.0,7.0
additive,645,2.0,0.126,15.0,16.0,18.0,18.0,20.0,20.0,True,instance_9542_valuation_matrix.csv,3,3,9.85915,78.8732,8.0
additive,646,2.0,9.000000000000001e-07,,,,,,60000.0,False,instance_20137_valuation_matrix.csv,2,4,0.0019723,98.6151,50000.050702225824
additive,647,2.0,0.1134,19.0,23.0,31.0,34.0,42.0,42.0,True,instance_18751_valuation_matrix.csv,2,4,8.0,56.0,7.0
additive,648,2.0,1.0,0.0,0.0,0.0,0.0,0.0,0.0,True,instance_16480_valuation_matrix.csv,2,3,33.3333,33.3333,1.0
additive,649,2.0,0.1134,19.0,23.0,31.0,34.0,42.0,42.0,True,instance_19305_valuation_matrix.csv,2,4,8.0,56.0,7.0
additive,650,2.0,0.36,4.0,4.0,5.0,5.0,5.0,5.0,True,instance_11760_valuation_matrix.csv,2,2,20.0,80.0,4.0
additive,651,2.0,0.108,17.0,19.0,22.0,23.0,26.0,26.0,True,instance_15072_valuation_matrix.csv,2,4,8.86076,70.8861,8.000002257142727
additive,652,2.0,0.16,12.0,13.0,15.0,16.0,18.0,18.0,True,instance_16821_valuation_matrix.csv,2,4,9.83607,68.8525,7.00000101666621
additive,653,2.0,9e-05,17108.0,18225.0,20807.0,21918.0,24496.0,24496.0,True,instance_14350_valuation_matrix.csv,2,6,0.253936,77.1803,303.93603112595304
additive,654,2.0,0.0081,218.0,237.0,281.0,300.0,343.0,343.0,True,instance_13771_valuation_matrix.csv,2,4,1.92926,67.5241,35.0
additive,655,2.0,0.1134,19.0,23.0,31.0,34.0,42.0,42.0,True,instance_12619_valuation_matrix.csv,2,4,8.0,56.0,7.0
additive,656,2.0,0.003645,443.0,454.0,481.0,492.0,518.0,518.0,True,instance_14329_valuation_matrix.csv,2,4,0.470219,82.2884,175.0001595001478
additive,657,2.0,0.0324,62.0,70.0,88.0,97.0,115.0,115.0,True,instance_15921_valuation_matrix.csv,2,4,4.41176,61.7647,14.000013600014507
additive,658,2.0,0.054,32.0,34.0,37.0,38.0,41.0,41.0,True,instance_20793_valuation_matrix.csv,3,4,5.55556,77.7778,13.99999280000576
additive,659,2.0,0.0216,25.0,28.0,34.0,37.0,147.0,147.0,True,instance_15800_valuation_matrix.csv,3,4,2.12766,63.8298,29.999999999999996
additive,660,2.0,1.2600000000000002e-06,,,,,,60000.0,False,instance_10563_valuation_matrix.csv,2,4,0.0010857,97.7132,90000.18421295017
additive,661,2.0,0.9600000000000002,1.0,1.0,2.0,2.0,2.0,2.0,True,instance_17526_valuation_matrix.csv,2,2,42.8571,57.1429,1.333335666669
additive,662,2.0,0.045,49.0,58.0,80.0,90.0,112.0,112.0,True,instance_15573_valuation_matrix.csv,2,4,5.47945,57.5342,10.499995437498288
additive,663,2.0,0.144,14.0,18.0,30.0,36.0,49.0,49.0,True,instance_22231_valuation_matrix.csv,2,4,6.30631,50.4505,8.000003171426714
additive,664,2.0,0.01296,148.0,193.0,295.0,338.0,440.0,440.0,True,instance_14311_valuation_matrix.csv,2,4,2.17391,45.6522,21.000041400057963
additive,665,2.0,0.036,40.0,43.0,49.0,52.0,58.0,58.0,True,instance_20297_valuation_matrix.csv,2,4,4.87805,72.4138,14.844825288793677
additive,666,2.0,0.063,27.0,30.0,36.0,39.0,45.0,45.0,True,instance_18754_valuation_matrix.csv,2,4,6.10687,64.1221,10.499994268749786
additive,667,2.0,1.8e-06,,,,,,60000.0,False,instance_10755_valuation_matrix.csv,3,3,0.0547146,99.8541,1824.999177550416
additive,668,2.0,0.00216,2224.0,2430.0,2903.0,3105.0,3575.0,3575.0,True,instance_19645_valuation_matrix.csv,4,8,0.581395,69.7674,119.99999999999999
additive,669,2.0,0.126,15.0,16.0,18.0,18.0,20.0,20.0,True,instance_9547_valuation_matrix.csv,3,3,9.85915,78.8732,8.0
additive,0,5.0,0.00048,6858.0,7090.0,7565.0,7761.0,8209.0,8209.0,True,instance_24129_valuation_matrix.csv,2,4,5.12821,71.7949,13.999992200007409
additive,1,5.0,0.00144,884.0,886.0,890.0,892.0,896.0,896.0,True,instance_16895_valuation_matrix.csv,2,4,8.04598,70.8861,8.810126299095947
additive,2,5.0,1.0000000000000002e-06,,,,,,60000.0,False,instance_14353_valuation_matrix.csv,2,6,0.0655523,98.3284,1499.9992372502568
additive,3,5.0,0.00168,2279.0,2511.0,2990.0,3188.0,3641.0,3641.0,True,instance_15114_valuation_matrix.csv,2,4,8.0,56.0,7.0
additive,4,5.0,8.000000000000002e-07,,,,,,60000.0,False,instance_18898_valuation_matrix.csv,2,4,0.469484,72.5953,154.62784674238097
additive,5,5.0,1.0000000000000002e-06,,,,,,60000.0,False,instance_20867_valuation_matrix.csv,2,4,1.5887,78.5047,49.41442688990999
additive,6,5.0,0.0162,223.0,239.0,271.0,284.0,314.0,314.0,True,instance_13237_valuation_matrix.csv,2,4,9.83607,56.7568,5.770272070044236
additive,7,5.0,1.6000000000000004e-06,,,,,,60000.0,False,instance_9885_valuation_matrix.csv,2,4,1.49254,71.1864,47.694802149356136
additive,8,5.0,0.00168,2279.0,2511.0,2990.0,3188.0,3641.0,3641.0,True,instance_19470_valuation_matrix.csv,2,4,8.0,56.0,7.0
additive,9,5.0,1.0,0.0,0.0,0.0,0.0,0.0,0.0,True,instance_16130_valuation_matrix.csv,5,7,14.2857,14.2857,1.0
additive,10,5.0,0.0036,490.0,497.0,511.0,517.0,531.0,531.0,True,instance_18685_valuation_matrix.csv,2,4,8.95522,62.6866,7.000006700002903
additive,11,5.0,0.008,471.0,516.0,609.0,648.0,736.0,736.0,True,instance_21385_valuation_matrix.csv,2,4,6.73401,47.138,6.999989605005042
additive,12,5.0,2.7000000000000004e-06,,,,,,60000.0,False,instance_14312_valuation_matrix.csv,5,6,0.398918,55.0508,138.0002907865777
additive,13,5.0,0.000315,24796.0,27445.0,32344.0,34296.0,38741.0,38741.0,True,instance_12048_valuation_matrix.csv,2,4,3.8961,58.3333,14.972228638895306
additive,14,5.0,0.0168,339.0,446.0,653.0,737.0,929.0,929.0,True,instance_22232_valuation_matrix.csv,2,4,7.69231,44.4444,5.77777026666892
additive,15,5.0,0.0036,467.0,468.0,469.0,469.0,471.0,471.0,True,instance_9544_valuation_matrix.csv,3,3,9.85915,78.8732,8.0
additive,16,5.0,2.0000000000000003e-06,,,,,,60000.0,False,instance_15322_valuation_matrix.csv,2,4,0.0142745,99.9215,6999.999999999999
additive,17,5.0,0.00162,957.0,965.0,982.0,989.0,1005.0,1005.0,True,instance_9733_valuation_matrix.csv,2,4,8.51064,65.1163,7.651163719767255
additive,18,5.0,0.0072,769.0,1002.0,1447.0,1627.0,2037.0,2037.0,True,instance_13078_valuation_matrix.csv,2,4,8.0,56.0,7.0
additive,19,5.0,1.8e-05,,,,,,60000.0,False,instance_16068_valuation_matrix.csv,2,4,4.16667,58.3333,13.999980800015361
additive,20,5.0,7.000000000000001e-07,,,,,,60000.0,False,instance_11689_valuation_matrix.csv,2,8,0.0649808,53.8531,828.7540319602097
additive,21,5.0,2.4000000000000003e-06,,,,,,60000.0,False,instance_16448_valuation_matrix.csv,2,4,3.30579,69.4215,20.999972775040156
additive,22,5.0,3.6000000000000003e-06,,,,,,60000.0,False,instance_19266_valuation_matrix.csv,3,8,0.934579,74.7664,80.00008560004024
additive,23,5.0,0.00096,2257.0,2310.0,2420.0,2465.0,2569.0,2569.0,True,instance_19011_valuation_matrix.csv,2,4,8.0,62.7291,7.8411375
additive,24,5.0,0.0056,525.0,547.0,595.0,615.0,660.0,660.0,True,instance_10101_valuation_matrix.csv,2,4,5.37634,47.4576,8.827120308611434
additive,25,5.0,2.0000000000000003e-06,,,,,,60000.0,False,instance_14277_valuation_matrix.csv,2,4,2.5,78.5047,31.40188
additive,26,5.0,2.187e-05,46268.0,46288.0,46331.0,46349.0,46390.0,46390.0,True,instance_15454_valuation_matrix.csv,2,4,3.32226,75.0,22.574994130501526
additive,27,5.0,2.4000000000000003e-06,,,,,,60000.0,False,instance_12288_valuation_matrix.csv,2,5,2.12766,74.4681,35.0
additive,28,5.0,2.7000000000000004e-06,,,,,,60000.0,False,instance_18141_valuation_matrix.csv,2,4,1.6129,64.5161,40.000062000124
additive,29,5.0,8.000000000000001e-06,,,,,,60000.0,False,instance_19050_valuation_matrix.csv,2,4,1.66667,61.3139,36.78826642346715
additive,30,5.0,0.0108,169.0,172.0,177.0,180.0,185.0,185.0,True,instance_21252_valuation_matrix.csv,2,4,7.36842,58.9474,8.000005428572203
additive,31,5.0,0.24,11.0,13.0,18.0,20.0,25.0,25.0,True,instance_21380_valuation_matrix.csv,2,5,8.69565,26.087,3.000005750001437
additive,32,5.0,4.000000000000001e-07,,,,,,60000.0,False,instance_10018_valuation_matrix.csv,4,4,0.192678,79.3651,411.905355048319
additive,33,5.0,1.6000000000000004e-06,,,,,,60000.0,False,instance_9844_valuation_matrix.csv,2,4,2.537,88.7949,34.99996058336618
additive,34,5.0,0.00168,2279.0,2511.0,2990.0,3188.0,3641.0,3641.0,True,instance_14239_valuation_matrix.csv,2,4,8.0,56.0,7.0
additive,35,5.0,0.0001944,11717.0,11743.0,11798.0,11821.0,11872.0,11872.0,True,instance_13205_valuation_matrix.csv,3,4,2.36686,67.2,28.3920468468773
additive,36,5.0,0.00168,2279.0,2511.0,2990.0,3188.0,3641.0,3641.0,True,instance_14240_valuation_matrix.csv,2,4,8.0,56.0,7.0
additive,37,5.0,0.00036,4353.0,4392.0,4475.0,4510.0,4587.0,4587.0,True,instance_20974_valuation_matrix.csv,2,4,4.08163,59.5745,14.595761987245293
additive,38,5.0,0.1008,14.0,22.0,47.0,60.0,92.0,92.0,True,instance_11868_valuation_matrix.csv,6,28,0.157853,78.9266,500.0006335007887
additive,39,5.0,7.2e-05,36502.0,37914.0,40841.0,42049.0,44822.0,44822.0,True,instance_12235_valuation_matrix.csv,2,4,3.77358,61.3139,16.24820462266601
additive,40,5.0,0.0009,2569.0,2653.0,2827.0,2899.0,3064.0,3064.0,True,instance_14581_valuation_matrix.csv,2,4,8.08625,62.2642,7.700009275003866
additive,41,5.0,0.001296,1700.0,1730.0,1793.0,1819.0,1878.0,1878.0,True,instance_18016_valuation_matrix.csv,2,4,6.89655,66.6667,9.66667391666848
additive,42,5.0,0.216,23.0,27.0,36.0,39.0,48.0,48.0,True,instance_10300_valuation_matrix.csv,2,4,12.5,40.0,3.2
additive,43,5.0,0.00168,2279.0,2511.0,2990.0,3188.0,3641.0,3641.0,True,instance_15870_valuation_matrix.csv,2,4,8.0,56.0,7.0
additive,44,5.0,1.62e-05,59937.0,59940.0,59947.0,59950.0,59957.0,59957.0,True,instance_10177_valuation_matrix.csv,2,4,3.8674,85.5397,22.11814138697833
additive,45,5.0,0.00098,5528.0,7239.0,10516.0,11836.0,14852.0,14852.0,True,instance_17132_valuation_matrix.csv,2,4,6.25,50.0,8.0
additive,46,5.0,0.00063,6428.0,8106.0,22123.0,31493.0,52698.0,52698.0,True,instance_19269_valuation_matrix.csv,3,5,2.04082,40.0,19.599964720063504
additive,47,5.0,3.0000000000000005e-06,,,,,,60000.0,False,instance_10513_valuation_matrix.csv,2,13,0.0392619,98.1547,2499.9987265007553
additive,48,5.0,2.0000000000000003e-06,,,,,,60000.0,False,instance_14278_valuation_matrix.csv,2,4,2.5,78.5047,31.40188
additive,49,5.0,0.00014,22402.0,23200.0,24841.0,25516.0,27063.0,27063.0,True,instance_15774_valuation_matrix.csv,2,4,4.44444,62.2222,14.000009000009
additive,50,5.0,0.007,673.0,1005.0,1638.0,1893.0,2474.0,2474.0,True,instance_10941_valuation_matrix.csv,2,4,6.97674,48.8372,7.000002866668387
additive,51,5.0,6.000000000000001e-07,,,,,,60000.0,False,instance_14359_valuation_matrix.csv,2,6,0.388457,83.2408,214.28575106125
additive,52,5.0,2.4300000000000005e-05,13485.0,13486.0,13487.0,13487.0,13489.0,13489.0,True,instance_18644_valuation_matrix.csv,2,4,2.25564,63.1579,27.999991133336877
additive,53,5.0,5.400000000000001e-06,,,,,,60000.0,False,instance_23882_valuation_matrix.csv,2,4,2.8169,59.1549,21.0
additive,54,5.0,2.7000000000000004e-06,,,,,,60000.0,False,instance_17220_valuation_matrix.csv,3,3,1.49254,89.5522,59.9998660002412
additive,55,5.0,0.000144,8874.0,8895.0,8940.0,8958.0,9000.0,9000.0,True,instance_10265_valuation_matrix.csv,2,4,5.43478,76.087,14.000014720007066
additive,56,5.0,1.2000000000000002e-06,,,,,,60000.0,False,instance_11710_valuation_matrix.csv,2,4,1.7094,59.8291,35.0000585000585
additive,57,5.0,1.6000000000000004e-06,,,,,,60000.0,False,instance_16146_valuation_matrix.csv,3,6,0.131156,92.7272,706.9992985452438
additive,58,5.0,0.000405,4150.0,4191.0,4277.0,4312.0,4392.0,4392.0,True,instance_17644_valuation_matrix.csv,2,4,6.97674,69.7674,9.999999999999998
additive,59,5.0,0.2429999999999999,51.0,61.0,80.0,88.0,105.0,105.0,True,instance_20908_valuation_matrix.csv,4,5,3.46021,62.2837,17.999976880015954
additive,60,5.0,0.054,93.0,128.0,199.0,228.0,293.0,293.0,True,instance_23731_valuation_matrix.csv,2,6,8.73362,33.2103,3.802581289316457
additive,61,5.0,4.05e-06,,,,,,60000.0,False,instance_12786_valuation_matrix.csv,2,4,3.30579,69.4215,20.999972775040156
additive,62,5.0,7.000000000000001e-07,,,,,,60000.0,False,instance_18132_valuation_matrix.csv,2,4,0.862069,60.3448,69.9999652000014
additive,63,5.0,3.0000000000000005e-06,,,,,,60000.0,False,instance_16094_valuation_matrix.csv,2,4,3.50877,73.6842,21.000008550004704
additive,64,5.0,3.6000000000000005e-07,,,,,,60000.0,False,instance_10557_valuation_matrix.csv,2,4,0.766284,60.3448,78.74991517505259
additive,65,5.0,4.000000000000001e-06,,,,,,60000.0,False,instance_18758_valuation_matrix.csv,2,4,1.62602,81.3008,49.99987700028289
additive,66,5.0,5.000000000000001e-07,,,,,,60000.0,False,instance_9838_valuation_matrix.csv,2,4,0.925926,64.8148,69.99997840000174
additive,67,5.0,8.640000000000001e-05,19006.0,19096.0,19283.0,19361.0,19538.0,19538.0,True,instance_12871_valuation_matrix.csv,2,4,2.62172,56.0,21.360023190882323
additive,68,5.0,0.00168,2279.0,2511.0,2990.0,3188.0,3641.0,3641.0,True,instance_10224_valuation_matrix.csv,2,4,8.0,56.0,7.0
additive,69,5.0,8.000000000000002e-07,,,,,,60000.0,False,instance_18897_valuation_matrix.csv,2,4,0.469484,72.5953,154.62784674238097
additive,70,5.0,0.001152,3325.0,3664.0,4364.0,4653.0,5314.0,5314.0,True,instance_14080_valuation_matrix.csv,2,4,7.40741,56.0,7.559997354000926
additive,71,5.0,9.000000000000001e-07,,,,,,60000.0,False,instance_12350_valuation_matrix.csv,2,4,1.47059,76.3636,51.927185687377175
additive,72,5.0,0.0004,12041.0,13828.0,17539.0,19072.0,22594.0,22594.0,True,instance_14417_valuation_matrix.csv,2,6,4.34783,45.6522,10.499996550003106
additive,73,5.0,0.00168,2279.0,2511.0,2990.0,3188.0,3641.0,3641.0,True,instance_9580_valuation_matrix.csv,2,4,8.0,56.0,7.0
additive,74,5.0,0.00048,4367.0,4448.0,4623.0,4697.0,4867.0,4867.0,True,instance_14997_valuation_matrix.csv,2,6,3.92157,48.3871,12.338706181452835
additive,75,5.0,9.000000000000001e-07,,,,,,60000.0,False,instance_15875_valuation_matrix.csv,2,2,0.0999001,99.9001,999.9999999999999
additive,76,5.0,3.2000000000000007e-06,,,,,,60000.0,False,instance_9879_valuation_matrix.csv,2,4,1.52091,74.5247,49.000072325121145
additive,77,5.0,0.00016,11597.0,11665.0,11808.0,11867.0,12002.0,12002.0,True,instance_23011_valuation_matrix.csv,2,4,2.37288,59.5745,25.106410775091874
additive,78,5.0,0.000315,12906.0,19376.0,32983.0,38634.0,51628.0,51628.0,True,instance_20746_valuation_matrix.csv,2,4,4.60829,38.7097,8.40001388801486
additive,79,5.0,6.299999999999999e-06,,,,,,60000.0,False,instance_15826_valuation_matrix.csv,4,4,2.4948,61.1227,24.500040083373417
additive,80,5.0,0.072,39.0,78.0,155.0,186.0,258.0,258.0,True,instance_16323_valuation_matrix.csv,2,3,14.2857,50.0,3.5000035000035
additive,81,5.0,1.4e-06,,,,,,60000.0,False,instance_20410_valuation_matrix.csv,3,4,0.00989022,98.9022,10000.0
additive,82,5.0,1.0,0.0,0.0,0.0,0.0,0.0,0.0,True,instance_15474_valuation_matrix.csv,3,3,33.3333,33.3333,1.0
additive,83,5.0,4.5e-06,,,,,,60000.0,False,instance_14101_valuation_matrix.csv,2,4,1.31579,52.6316,40.0
additive,84,5.0,0.00108,3396.0,3407.0,3430.0,3440.0,3462.0,3462.0,True,instance_12222_valuation_matrix.csv,2,4,1.89573,81.5166,43.00011077526863
additive,85,5.0,0.000288,4818.0,4844.0,4898.0,4920.0,4969.0,4969.0,True,instance_14178_valuation_matrix.csv,2,4,4.65116,65.1163,14.00001290000774
additive,86,5.0,0.00168,2279.0,2511.0,2990.0,3188.0,3641.0,3641.0,True,instance_15514_valuation_matrix.csv,2,4,8.0,56.0,7.0
additive,87,5.0,0.00288,2673.0,3169.0,4160.0,4564.0,5490.0,5490.0,True,instance_15790_valuation_matrix.csv,3,4,6.06061,53.8462,8.884617224998804
additive,88,5.0,0.000324,3978.0,3989.0,4012.0,4021.0,4042.0,4042.0,True,instance_10317_valuation_matrix.csv,2,4,5.17241,72.4138,14.000011600008506
additive,89,5.0,0.000486,2914.0,2924.0,2946.0,2956.0,2976.0,2976.0,True,instance_19083_valuation_matrix.csv,2,4,4.28571,60.0,14.000014000014
additive,90,5.0,0.00014,15582.0,15944.0,16696.0,17006.0,17717.0,17717.0,True,instance_11206_valuation_matrix.csv,2,4,4.87805,68.2927,14.0
additive,91,5.0,0.00072,5162.0,5248.0,5425.0,5498.0,5665.0,5665.0,True,instance_20363_valuation_matrix.csv,3,4,3.22581,62.6866,19.432824623892913
additive,92,5.0,0.00032,17342.0,22587.0,32630.0,36679.0,45924.0,45924.0,True,instance_19128_valuation_matrix.csv,2,4,4.16667,58.3333,13.999980800015361
additive,93,5.0,0.0126,86.0,1078.0,1422.0,1546.0,2034.0,2034.0,True,instance_14140_valuation_matrix.csv,2,4,7.14286,50.0,6.99999720000112
additive,94,5.0,3.6000000000000005e-07,,,,,,60000.0,False,instance_14337_valuation_matrix.csv,2,6,0.776915,57.1429,73.5510319661739
additive,95,5.0,0.0035,1062.0,1736.0,3116.0,3679.0,4969.0,4969.0,True,instance_23171_valuation_matrix.csv,2,4,6.16967,42.6396,6.911163806167915
additive,96,5.0,0.0054,98.0,101.0,106.0,109.0,114.0,114.0,True,instance_9637_valuation_matrix.csv,2,4,5.55556,38.8889,6.99999640000288
additive,97,5.0,0.00064,3490.0,3589.0,3795.0,3879.0,4075.0,4075.0,True,instance_10998_valuation_matrix.csv,2,4,5.51181,60.0,10.885716307347314
additive,98,5.0,4.5000000000000003e-07,,,,,,60000.0,False,instance_20415_valuation_matrix.csv,2,4,0.00845952,71.06,8400.003782720532
additive,99,5.0,0.0016,3425.0,4474.0,6481.0,7290.0,9138.0,9138.0,True,instance_10461_valuation_matrix.csv,2,4,6.25,56.0,8.96
additive,100,5.0,0.0648,105.0,123.0,157.0,171.0,203.0,203.0,True,instance_14813_valuation_matrix.csv,2,5,9.23077,45.4545,4.92423708964691
additive,101,5.0,6.299999999999999e-06,,,,,,60000.0,False,instance_10737_valuation_matrix.csv,4,5,0.763359,83.3333,109.1665913416885
additive,102,5.0,0.2592,18.0,32.0,61.0,73.0,100.0,100.0,True,instance_15823_valuation_matrix.csv,3,3,18.1818,45.4545,2.5000000000000004
additive,103,5.0,0.00064,5167.0,5553.0,6353.0,6682.0,7438.0,7438.0,True,instance_19034_valuation_matrix.csv,2,4,7.45712,58.3333,7.822497157079409
additive,104,5.0,0.000315,12906.0,19376.0,32983.0,38634.0,51628.0,51628.0,True,instance_20743_valuation_matrix.csv,2,4,4.60829,38.7097,8.40001388801486
additive,105,5.0,1.4e-06,,,,,,60000.0,False,instance_14441_valuation_matrix.csv,2,5,0.265604,92.9615,350.0003765003539
additive,106,5.0,4.5000000000000003e-07,,,,,,60000.0,False,instance_12688_valuation_matrix.csv,2,4,0.00185934,99.6845,53612.8411156647
additive,107,5.0,6.000000000000001e-07,,,,,,60000.0,False,instance_14332_valuation_matrix.csv,2,5,0.208106,89.1884,428.57197774211215
additive,108,5.0,0.00168,2279.0,2511.0,2990.0,3188.0,3641.0,3641.0,True,instance_11842_valuation_matrix.csv,2,4,8.0,56.0,7.0
additive,109,5.0,1.0000000000000002e-06,,,,,,60000.0,False,instance_18656_valuation_matrix.csv,2,4,1.49254,62.6866,41.999946400096476
additive,110,5.0,0.00168,2279.0,2511.0,2990.0,3188.0,3641.0,3641.0,True,instance_19411_valuation_matrix.csv,2,4,8.0,56.0,7.0
additive,111,5.0,0.0064,632.0,697.0,833.0,890.0,1020.0,1020.0,True,instance_19468_valuation_matrix.csv,2,5,4.34783,34.7826,7.9999908000082804
additive,112,5.0,4.5000000000000003e-07,,,,,,60000.0,False,instance_14344_valuation_matrix.csv,2,6,0.0470921,75.9494,1612.7843098948656
additive,113,5.0,0.00048,9171.0,10309.0,12629.0,13581.0,15763.0,15763.0,True,instance_14133_valuation_matrix.csv,2,4,3.125,43.75,14.0
additive,114,5.0,0.00048,11609.0,15105.0,21798.0,24496.0,30658.0,30658.0,True,instance_18924_valuation_matrix.csv,2,4,4.34783,60.8696,13.99999540000414
additive,115,5.0,0.00168,2943.0,3582.0,4879.0,5411.0,6630.0,6630.0,True,instance_16808_valuation_matrix.csv,2,4,6.57895,50.9091,7.738180104727959
additive,116,5.0,0.0004,11461.0,13281.0,17006.0,18537.0,21938.0,21938.0,True,instance_17413_valuation_matrix.csv,2,4,3.94737,55.2632,14.00000506666464
additive,117,5.0,0.000189,9218.0,9253.0,9326.0,9356.0,9425.0,9425.0,True,instance_19748_valuation_matrix.csv,2,4,1.34048,75.067,56.000089520171876
additive,118,5.0,0.01008,187.0,212.0,985.0,1406.0,2364.0,2364.0,True,instance_23934_valuation_matrix.csv,2,5,6.3745,39.8406,6.2499960781237744
additive,119,5.0,7.2e-05,26175.0,26633.0,27584.0,27977.0,28878.0,28878.0,True,instance_21085_valuation_matrix.csv,2,4,4.44444,62.543,14.072189072189072
additive,120,5.0,0.00014,15203.0,15572.0,16339.0,16655.0,17382.0,17382.0,True,instance_21961_valuation_matrix.csv,2,4,4.16667,58.3333,13.999980800015361
additive,121,5.0,0.00064,2776.0,2817.0,2902.0,2937.0,3018.0,3018.0,True,instance_18805_valuation_matrix.csv,2,4,6.54206,65.4206,9.999999999999998
additive,122,5.0,3.240000000000001e-07,,,,,,60000.0,False,instance_14181_valuation_matrix.csv,2,4,0.22792,69.4215,304.5871358371358
additive,123,5.0,0.00168,2279.0,2511.0,2990.0,3188.0,3641.0,3641.0,True,instance_11875_valuation_matrix.csv,2,4,8.0,56.0,7.0
additive,124,5.0,0.00032,4797.0,4838.0,4922.0,4957.0,5036.0,5036.0,True,instance_22641_valuation_matrix.csv,2,4,4.87805,68.2927,14.0
additive,125,5.0,0.000288,13289.0,14647.0,17445.0,18598.0,21242.0,21242.0,True,instance_13553_valuation_matrix.csv,2,4,5.47945,57.5342,10.499995437498288
additive,126,5.0,0.144,14.0,16.0,19.0,20.0,23.0,23.0,True,instance_14761_valuation_matrix.csv,2,4,14.2857,33.3333,2.3333333333333335
additive,127,5.0,0.0009,4047.0,4332.0,4915.0,5154.0,5703.0,5703.0,True,instance_10693_valuation_matrix.csv,2,4,6.82594,63.0485,9.236603310313305
additive,128,5.0,1.8e-06,,,,,,60000.0,False,instance_21318_valuation_matrix.csv,2,4,3.26531,82.0312,25.122025167595112
additive,129,5.0,7.000000000000001e-07,,,,,,60000.0,False,instance_16462_valuation_matrix.csv,2,6,1.10254,55.2632,50.12353293304551
additive,130,5.0,2.4000000000000004e-05,,,,,,60000.0,False,instance_10325_valuation_matrix.csv,2,4,3.2967,51.8519,15.728425395092062
additive,131,5.0,1.6000000000000003e-05,,,,,,60000.0,False,instance_21624_valuation_matrix.csv,2,6,3.2967,46.1538,14.0
additive,132,5.0,4.0500000000000004e-07,,,,,,60000.0,False,instance_15728_valuation_matrix.csv,2,4,0.000232249,67.2172,289418.6842569828
additive,133,5.0,0.0063,229.0,230.0,231.0,232.0,234.0,234.0,True,instance_20831_valuation_matrix.csv,2,4,7.84314,62.6866,7.992538702611454
additive,134,5.0,0.00014,15203.0,15572.0,16339.0,16655.0,17382.0,17382.0,True,instance_21959_valuation_matrix.csv,2,4,4.16667,58.3333,13.999980800015361
additive,135,5.0,5.000000000000001e-07,,,,,,60000.0,False,instance_23635_valuation_matrix.csv,2,4,0.390625,68.3594,175.00006399999998
additive,136,5.0,4.5000000000000003e-07,,,,,,60000.0,False,instance_14219_valuation_matrix.csv,2,4,0.816327,52.4345,64.23222556647029
additive,137,5.0,1.4e-06,,,,,,60000.0,False,instance_13945_valuation_matrix.csv,3,5,1.13895,74.1811,65.13112954914615
additive,138,5.0,0.0054,586.0,624.0,703.0,736.0,810.0,810.0,True,instance_18580_valuation_matrix.csv,2,4,7.69231,53.8462,7.0000038999988305
additive,139,5.0,0.00192,1085.0,1112.0,1167.0,1190.0,1243.0,1243.0,True,instance_21152_valuation_matrix.csv,2,4,5.47945,57.5342,10.499995437498288
additive,140,5.0,0.00096,12560.0,14325.0,17193.0,18302.0,20703.0,20703.0,True,instance_17692_valuation_matrix.csv,2,4,4.72441,60.6299,12.833327336111811
additive,141,5.0,1.0,0.0,0.0,0.0,0.0,0.0,0.0,True,instance_14725_valuation_matrix.csv,2,4,25.0,25.0,1.0
additive,142,5.0,0.0072,769.0,1002.0,1447.0,1627.0,2037.0,2037.0,True,instance_18958_valuation_matrix.csv,2,4,8.0,56.0,7.0
additive,143,5.0,0.00168,2279.0,2511.0,2990.0,3188.0,3641.0,3641.0,True,instance_9638_valuation_matrix.csv,2,4,8.0,56.0,7.0
additive,144,5.0,1.4e-06,,,,,,60000.0,False,instance_14341_valuation_matrix.csv,2,6,0.32543,92.98,285.7142857142857
additive,145,5.0,6.999999999999999e-06,,,,,,60000.0,False,instance_19423_valuation_matrix.csv,4,5,0.696864,69.6864,100.0
additive,146,5.0,2.8,2.0,3.0,3.0,4.0,4.0,4.0,True,instance_15829_valuation_matrix.csv,3,3,28.5714,42.8571,1.5
additive,147,5.0,3.6000000000000005e-07,,,,,,60000.0,False,instance_23909_valuation_matrix.csv,2,4,0.049975,56.0,1120.56028014007
additive,148,5.0,6.000000000000001e-07,,,,,,60000.0,False,instance_21032_valuation_matrix.csv,2,4,0.928793,65.0155,69.99998923333833
additive,149,5.0,0.00016,11354.0,11403.0,11506.0,11549.0,11647.0,11647.0,True,instance_16546_valuation_matrix.csv,2,4,3.0581,72.1649,23.59795297733887
additive,150,5.0,5.400000000000001e-05,19762.0,19776.0,19807.0,19820.0,19849.0,19849.0,True,instance_11774_valuation_matrix.csv,2,4,3.9548,79.096,20.0
additive,151,5.0,0.000972,2289.0,2351.0,2481.0,2534.0,2656.0,2656.0,True,instance_19882_valuation_matrix.csv,2,4,6.66667,66.6667,10.000000000000002
additive,152,5.0,2.4000000000000003e-06,,,,,,60000.0,False,instance_21556_valuation_matrix.csv,2,4,2.32558,65.1163,28.00002580001548
additive,153,5.0,4.5000000000000003e-07,,,,,,60000.0,False,instance_20023_valuation_matrix.csv,2,4,0.0279252,97.7381,3499.9964190050564
additive,154,5.0,0.000216,6033.0,6047.0,6077.0,6089.0,6117.0,6117.0,True,instance_21132_valuation_matrix.csv,2,4,4.0,72.4138,18.10345
additive,155,5.0,0.00405,3129.0,3425.0,3985.0,4210.0,4725.0,4725.0,True,instance_20447_valuation_matrix.csv,3,5,3.0303,44.4444,14.666666666666668
additive,156,5.0,2.1e-06,,,,,,60000.0,False,instance_18432_valuation_matrix.csv,2,4,0.264725,92.6539,350.00056662574366
additive,157,5.0,0.0144,126.0,139.0,165.0,175.0,203.0,203.0,True,instance_11851_valuation_matrix.csv,2,4,7.40741,51.8519,7.000004049998583
additive,158,5.0,0.0189,247.0,277.0,338.0,364.0,422.0,422.0,True,instance_9658_valuation_matrix.csv,2,4,9.52381,52.8302,5.547170722641464
additive,159,5.0,6.000000000000001e-07,,,,,,60000.0,False,instance_14358_valuation_matrix.csv,2,6,0.388457,83.2408,214.28575106125
additive,160,5.0,3.0000000000000004e-05,,,,,,60000.0,False,instance_17824_valuation_matrix.csv,2,4,3.14961,57.6923,18.317283727191622
additive,161,5.0,4.5e-06,,,,,,60000.0,False,instance_15786_valuation_matrix.csv,2,4,2.98507,62.6866,21.000043550067502
additive,162,5.0,8.000000000000002e-07,,,,,,60000.0,False,instance_15871_valuation_matrix.csv,2,4,0.77821,64.1221,82.39691085953663
additive,163,5.0,0.072,68.0,90.0,136.0,155.0,199.0,199.0,True,instance_10301_valuation_matrix.csv,2,4,12.5,37.5,3.0
additive,164,5.0,3.6e-05,,,,,,60000.0,False,instance_19268_valuation_matrix.csv,2,8,2.0,32.0,16.0
additive,165,5.0,0.0288,160.0,192.0,255.0,281.0,341.0,341.0,True,instance_16022_valuation_matrix.csv,2,3,11.1111,55.5556,5.000009000008999
additive,166,5.0,0.0288,287.0,304.0,339.0,353.0,385.0,385.0,True,instance_9997_valuation_matrix.csv,2,4,6.06061,53.8462,8.884617224998804
additive,167,5.0,0.0126,125.0,126.0,128.0,128.0,130.0,130.0,True,instance_10481_valuation_matrix.csv,2,4,7.84314,54.902,7.000002549999108
additive,168,5.0,7.000000000000001e-07,,,,,,60000.0,False,instance_14360_valuation_matrix.csv,2,6,0.388457,83.2408,214.28575106125
additive,169,5.0,5.400000000000001e-07,,,,,,60000.0,False,instance_18979_valuation_matrix.csv,2,4,0.0465333,97.7199,2099.999355300398
additive,170,5.0,0.00168,2279.0,2511.0,2990.0,3188.0,3641.0,3641.0,True,instance_9741_valuation_matrix.csv,2,4,8.0,56.0,7.0
additive,171,5.0,0.00168,2279.0,2511.0,2990.0,3188.0,3641.0,3641.0,True,instance_14241_valuation_matrix.csv,2,4,8.0,56.0,7.0
additive,172,5.0,4.5000000000000003e-07,,,,,,60000.0,False,instance_12506_valuation_matrix.csv,2,4,0.516796,59.6899,115.49992647001912
additive,173,5.0,0.0016,1931.0,2055.0,2312.0,2418.0,2662.0,2662.0,True,instance_15543_valuation_matrix.csv,2,4,7.53425,54.902,7.286989415004811
additive,174,5.0,1.8e-06,,,,,,60000.0,False,instance_16670_valuation_matrix.csv,3,6,0.403226,79.0323,196.00000991999528
additive,175,5.0,4e-05,36328.0,36445.0,36692.0,36795.0,37032.0,37032.0,True,instance_11026_valuation_matrix.csv,2,4,3.84615,74.6667,19.413361413361415
additive,176,5.0,9.600000000000002e-05,45997.0,46155.0,46499.0,46643.0,46977.0,46977.0,True,instance_19609_valuation_matrix.csv,5,8,1.38889,55.5556,40.0
additive,177,5.0,0.0016,2149.0,6130.0,11601.0,13594.0,18050.0,18050.0,True,instance_20309_valuation_matrix.csv,2,5,4.54545,54.5455,12.000022000022
additive,178,5.0,1.0,0.0,0.0,0.0,0.0,0.0,0.0,True,instance_15874_valuation_matrix.csv,2,2,50.0,50.0,1.0
additive,179,5.0,4.000000000000001e-06,,,,,,60000.0,False,instance_18792_valuation_matrix.csv,2,4,2.94118,61.7647,20.999972800032637
additive,180,5.0,1.4e-06,,,,,,60000.0,False,instance_22152_valuation_matrix.csv,2,4,0.800641,56.0448,69.99991257005324
additive,181,5.0,3.6000000000000003e-06,,,,,,60000.0,False,instance_11975_valuation_matrix.csv,2,4,0.900901,63.0631,70.00003329999635
additive,182,5.0,0.00168,2279.0,2511.0,2990.0,3188.0,3641.0,3641.0,True,instance_9581_valuation_matrix.csv,2,4,8.0,56.0,7.0
additive,183,5.0,0.000216,21208.0,24435.0,31022.0,33727.0,39930.0,39930.0,True,instance_9572_valuation_matrix.csv,2,4,5.27903,59.1252,11.200012123439345
additive,184,5.0,4.3200000000000007e-05,38235.0,38569.0,39279.0,39575.0,40257.0,40257.0,True,instance_24127_valuation_matrix.csv,2,6,4.16667,58.3333,13.999980800015361
additive,185,5.0,6.000000000000001e-06,,,,,,60000.0,False,instance_15235_valuation_matrix.csv,2,4,2.17391,50.9091,23.4182187855063
additive,186,5.0,6.0,1.0,1.0,2.0,3.0,4.0,4.0,True,instance_14324_valuation_matrix.csv,5,4,14.2857,33.3333,2.3333333333333335
additive,187,5.0,0.00144,1418.0,1432.0,1461.0,1474.0,1502.0,1502.0,True,instance_10052_valuation_matrix.csv,2,4,3.82775,55.2632,14.437515511723596
additive,188,5.0,1.2000000000000002e-05,,,,,,60000.0,False,instance_18639_valuation_matrix.csv,2,4,2.40964,50.6024,20.99998340000996
additive,189,5.0,2.4000000000000003e-06,,,,,,60000.0,False,instance_17473_valuation_matrix.csv,2,4,2.94118,68.5714,23.31424802290237
additive,190,5.0,0.0045,363.0,366.0,370.0,372.0,376.0,376.0,True,instance_17379_valuation_matrix.csv,2,4,8.0,68.8525,8.6065625
additive,191,5.0,2.0000000000000003e-06,,,,,,60000.0,False,instance_18720_valuation_matrix.csv,2,4,1.55039,62.2222,40.13325679345197
additive,192,5.0,0.00049,1466.0,1469.0,1477.0,1481.0,1489.0,1489.0,True,instance_10758_valuation_matrix.csv,2,2,9.09091,90.9091,10.0
additive,193,5.0,2.8,2.0,3.0,3.0,4.0,4.0,4.0,True,instance_15835_valuation_matrix.csv,3,3,28.5714,42.8571,1.5
additive,194,5.0,0.000315,18821.0,20758.0,24515.0,26032.0,29498.0,29498.0,True,instance_12046_valuation_matrix.csv,2,4,3.61446,51.2195,14.170719830901435
additive,195,5.0,0.001008,4319.0,4867.0,5988.0,6449.0,7504.0,7504.0,True,instance_15003_valuation_matrix.csv,2,4,4.7619,47.619,10.0
additive,196,5.0,0.0064,587.0,643.0,758.0,805.0,913.0,913.0,True,instance_15669_valuation_matrix.csv,2,4,8.23529,50.9091,6.181822376625473
additive,197,5.0,0.12,0.0,0.0,57.0,58.0,61.0,61.0,True,instance_11711_valuation_matrix.csv,2,2,16.6667,83.3333,4.999988000024
additive,198,5.0,0.0072,769.0,1002.0,1447.0,1627.0,2037.0,2037.0,True,instance_10099_valuation_matrix.csv,2,4,8.0,56.0,7.0
additive,199,5.0,0.00168,2279.0,2511.0,2990.0,3188.0,3641.0,3641.0,True,instance_21378_valuation_matrix.csv,2,4,8.0,56.0,7.0
additive,200,5.0,0.000256,21867.0,28289.0,40684.0,45697.0,57154.0,57154.0,True,instance_20554_valuation_matrix.csv,2,5,2.6087,41.7391,15.999961666730558
additive,201,5.0,0.00063,1956.0,1957.0,1959.0,1960.0,1962.0,1962.0,True,instance_18756_valuation_matrix.csv,2,4,5.10949,77.4194,15.1520797574709
additive,202,5.0,0.000648,2373.0,2393.0,2434.0,2451.0,2491.0,2491.0,True,instance_19054_valuation_matrix.csv,2,4,7.87402,66.1417,8.399991364004663
additive,203,5.0,1.0800000000000002e-06,,,,,,60000.0,False,instance_14232_valuation_matrix.csv,2,4,1.55642,54.4747,35.0
additive,204,5.0,0.00014,15582.0,15944.0,16696.0,17006.0,17717.0,17717.0,True,instance_9613_valuation_matrix.csv,2,4,4.87805,68.2927,14.0
additive,205,5.0,0.00168,2279.0,2511.0,2990.0,3188.0,3641.0,3641.0,True,instance_14873_valuation_matrix.csv,2,4,8.0,56.0,7.0
additive,206,5.0,0.000315,17302.0,22629.0,32827.0,36938.0,46326.0,46326.0,True,instance_11303_valuation_matrix.csv,2,4,4.25532,53.1646,12.493678501264299
additive,207,5.0,0.0036,490.0,497.0,511.0,517.0,531.0,531.0,True,instance_18684_valuation_matrix.csv,2,4,8.95522,62.6866,7.000006700002903
additive,208,5.0,1.8e-06,,,,,,60000.0,False,instance_21377_valuation_matrix.csv,2,4,2.13523,80.1527,37.53820431522599
additive,209,5.0,0.000504,1405.0,2689.0,6011.0,7488.0,10943.0,10943.0,True,instance_11767_valuation_matrix.csv,2,31,0.775194,9.30233,12.000002579999327
additive,210,5.0,0.018,210.0,229.0,270.0,286.0,325.0,325.0,True,instance_17524_valuation_matrix.csv,2,4,11.3208,52.8302,4.666649000070666
additive,211,5.0,5.400000000000001e-07,,,,,,60000.0,False,instance_14460_valuation_matrix.csv,2,4,0.921659,64.5161,69.99996745000048
additive,212,5.0,0.00168,2279.0,2511.0,2990.0,3188.0,3641.0,3641.0,True,instance_22124_valuation_matrix.csv,2,4,8.0,56.0,7.0
additive,213,5.0,1.0000000000000002e-06,,,,,,60000.0,False,instance_14352_valuation_matrix.csv,2,6,0.0655523,98.3284,1499.9992372502568
additive,214,5.0,7.2e-05,30126.0,30868.0,32413.0,33052.0,34518.0,34518.0,True,instance_14125_valuation_matrix.csv,2,4,4.0,61.3139,15.328475
additive,215,5.0,0.00048,6858.0,7090.0,7565.0,7761.0,8209.0,8209.0,True,instance_24128_valuation_matrix.csv,2,4,5.12821,71.7949,13.999992200007409
additive,216,5.0,0.004,1365.0,1785.0,2590.0,2914.0,3655.0,3655.0,True,instance_17018_valuation_matrix.csv,2,4,5.55556,48.2759,8.689655048275961
additive,217,5.0,5e-06,,,,,,60000.0,False,instance_19529_valuation_matrix.csv,4,8,1.16279,59.7015,51.343320805992484
additive,218,5.0,5.0,1.0,1.0,2.0,2.0,3.0,3.0,True,instance_11762_valuation_matrix.csv,2,2,33.3333,66.6667,2.0000030000030002
additive,219,5.0,0.0042,882.0,1068.0,3904.0,5537.0,9223.0,9223.0,True,instance_20483_valuation_matrix.csv,3,5,2.85714,36.3636,12.727272727272728
additive,220,5.0,0.0036,490.0,497.0,511.0,517.0,531.0,531.0,True,instance_18681_valuation_matrix.csv,2,4,8.95522,62.6866,7.000006700002903
additive,221,5.0,0.000144,19141.0,20047.0,21920.0,22693.0,24465.0,24465.0,True,instance_10673_valuation_matrix.csv,2,4,4.61538,64.6154,14.000017333350666
additive,222,5.0,0.000144,15310.0,15662.0,16391.0,16691.0,17380.0,17380.0,True,instance_19763_valuation_matrix.csv,2,4,5.12821,71.7949,13.999992200007409
additive,223,5.0,0.00189,847.0,855.0,873.0,881.0,898.0,898.0,True,instance_23150_valuation_matrix.csv,2,4,6.25,62.5,10.0
additive,224,5.0,1.0,0.0,0.0,0.0,0.0,0.0,0.0,True,instance_13540_valuation_matrix.csv,2,2,50.0,50.0,1.0
additive,225,5.0,0.00216,3081.0,3270.0,3672.0,3840.0,4227.0,4227.0,True,instance_10984_valuation_matrix.csv,4,7,4.34783,38.8889,8.944438950004944
additive,226,5.0,0.048,252.0,297.0,384.0,419.0,498.0,498.0,True,instance_11866_valuation_matrix.csv,4,4,4.47761,54.5455,12.181833612127898
additive,227,5.0,0.0001133999999999,35019.0,36316.0,38963.0,40048.0,42536.0,42536.0,True,instance_16823_valuation_matrix.csv,2,4,2.63158,65.1163,24.744184102326358
additive,228,5.0,0.00168,2279.0,2511.0,2990.0,3188.0,3641.0,3641.0,True,instance_21637_valuation_matrix.csv,2,4,8.0,56.0,7.0
additive,229,5.0,7.2e-05,26251.0,26371.0,26623.0,26727.0,26966.0,26966.0,True,instance_15846_valuation_matrix.csv,2,4,3.61991,76.0181,20.99999723750038
additive,230,5.0,2.7000000000000004e-06,,,,,,60000.0,False,instance_21253_valuation_matrix.csv,2,4,2.02703,70.9459,34.99992600010853
additive,231,5.0,0.000576,3651.0,3744.0,3938.0,4018.0,4201.0,4201.0,True,instance_17519_valuation_matrix.csv,2,4,6.25,65.625,10.5
additive,232,5.0,0.09,30.0,32.0,34.0,35.0,37.0,37.0,True,instance_19051_valuation_matrix.csv,2,4,14.4928,50.7246,3.4999862000441597
additive,233,5.0,2.187e-05,46268.0,46288.0,46331.0,46349.0,46390.0,46390.0,True,instance_15455_valuation_matrix.csv,2,4,3.32226,75.0,22.574994130501526
additive,234,5.0,6.000000000000001e-07,,,,,,60000.0,False,instance_14357_valuation_matrix.csv,2,6,0.00232785,99.7649,42857.09989904848
additive,235,5.0,2.4000000000000003e-06,,,,,,60000.0,False,instance_12289_valuation_matrix.csv,2,5,2.12766,74.4681,35.0
additive,236,5.0,0.00128,1716.0,1755.0,1838.0,1872.0,1950.0,1950.0,True,instance_20942_valuation_matrix.csv,2,4,7.40741,65.1163,8.790697423255901
additive,237,5.0,0.0162,117.0,119.0,123.0,125.0,128.0,128.0,True,instance_14285_valuation_matrix.csv,2,4,11.2903,56.4516,5.000008857160571
additive,238,5.0,0.00036,10633.0,11719.0,13958.0,14880.0,16996.0,16996.0,True,instance_15574_valuation_matrix.csv,2,4,5.47945,57.5342,10.499995437498288
additive,239,5.0,0.00168,1714.0,3424.0,6779.0,8138.0,11244.0,11244.0,True,instance_16449_valuation_matrix.csv,2,4,5.88235,44.6809,7.5957567978783995
additive,240,5.0,7.000000000000001e-07,,,,,,60000.0,False,instance_11688_valuation_matrix.csv,2,8,0.0649808,53.8531,828.7540319602097
additive,241,5.0,6.299999999999999e-06,,,,,,60000.0,False,instance_19267_valuation_matrix.csv,5,8,0.497512,63.0032,126.63654344015822
additive,242,5.0,5.000000000000001e-07,,,,,,60000.0,False,instance_10100_valuation_matrix.csv,2,4,1.81818,57.2727,31.500016500016503
additive,243,5.0,0.000256,14280.0,15284.0,17342.0,18188.0,20127.0,20127.0,True,instance_18845_valuation_matrix.csv,2,4,4.51128,63.1579,13.999995566668439
additive,244,5.0,0.00168,2279.0,2511.0,2990.0,3188.0,3641.0,3641.0,True,instance_22181_valuation_matrix.csv,2,4,8.0,56.0,7.0
additive,245,5.0,3.6000000000000005e-07,,,,,,60000.0,False,instance_17705_valuation_matrix.csv,2,6,0.552486,57.9882,104.9586776859504
additive,246,5.0,0.00072,3024.0,3094.0,3240.0,3300.0,3438.0,3438.0,True,instance_17318_valuation_matrix.csv,2,4,7.87402,66.1417,8.399991364004663
additive,247,5.0,6.400000000000001e-05,20271.0,20336.0,20473.0,20530.0,20660.0,20660.0,True,instance_21625_valuation_matrix.csv,2,4,3.14961,66.1417,20.999965075041036
additive,248,5.0,1.2000000000000002e-05,52977.0,53006.0,53068.0,53112.0,,60000.0,False,instance_14897_valuation_matrix.csv,2,4,2.72374,54.4747,19.999963285776175
additive,249,5.0,0.0036,754.0,757.0,763.0,765.0,771.0,771.0,True,instance_21393_valuation_matrix.csv,2,4,3.22581,64.5161,19.9999690000341
additive,250,5.0,0.18,23.0,26.0,31.0,34.0,39.0,39.0,True,instance_23526_valuation_matrix.csv,2,4,11.5942,40.5797,3.5
additive,251,5.0,0.00032,4797.0,4838.0,4922.0,4957.0,5036.0,5036.0,True,instance_22640_valuation_matrix.csv,2,4,4.87805,68.2927,14.0
additive,252,5.0,0.049,19.0,19.0,20.0,21.0,22.0,22.0,True,instance_20968_valuation_matrix.csv,2,4,10.5263,36.8421,3.500004750007125
additive,253,5.0,0.00168,2279.0,2511.0,2990.0,3188.0,3641.0,3641.0,True,instance_10805_valuation_matrix.csv,2,4,8.0,56.0,7.0
additive,254,5.0,8.000000000000002e-07,,,,,,60000.0,False,instance_9513_valuation_matrix.csv,2,4,0.986842,48.3553,49.00004256000454
additive,255,5.0,0.000128,22370.0,23169.0,24844.0,25539.0,27135.0,27135.0,True,instance_13258_valuation_matrix.csv,2,4,4.25532,63.1579,14.842103531579292
additive,256,5.0,0.00014,15203.0,15572.0,16339.0,16655.0,17382.0,17382.0,True,instance_21960_valuation_matrix.csv,2,4,4.16667,58.3333,13.999980800015361
additive,257,5.0,0.000144,26581.0,29297.0,34896.0,37201.0,42491.0,42491.0,True,instance_21200_valuation_matrix.csv,2,4,4.16667,58.3333,13.999980800015361
additive,258,5.0,2.7000000000000004e-06,,,,,,60000.0,False,instance_18577_valuation_matrix.csv,2,4,2.12766,59.5745,28.00000939999812
additive,259,5.0,3.0000000000000005e-06,,,,,,60000.0,False,instance_12850_valuation_matrix.csv,2,4,1.67364,58.5774,35.0
additive,260,5.0,0.00405,1132.0,1311.0,1678.0,1829.0,2175.0,2175.0,True,instance_9860_valuation_matrix.csv,2,4,7.59494,53.1646,7.000002633332192
additive,261,5.0,0.0072,769.0,1002.0,1447.0,1627.0,2037.0,2037.0,True,instance_11003_valuation_matrix.csv,2,4,8.0,56.0,7.0
additive,262,5.0,0.0048,921.0,1035.0,1269.0,1364.0,1584.0,1584.0,True,instance_11748_valuation_matrix.csv,2,4,7.84314,54.902,7.000002549999108
additive,263,5.0,0.00168,2279.0,2511.0,2990.0,3188.0,3641.0,3641.0,True,instance_16589_valuation_matrix.csv,2,4,8.0,56.0,7.0
additive,264,5.0,1.0,0.0,0.0,0.0,0.0,0.0,0.0,True,instance_16787_valuation_matrix.csv,3,6,16.6667,16.6667,1.0
additive,265,5.0,0.00081,1373.0,1374.0,1376.0,1377.0,1379.0,1379.0,True,instance_17201_valuation_matrix.csv,2,4,5.26316,73.6842,13.999992400003041
additive,266,5.0,8.000000000000001e-06,,,,,,60000.0,False,instance_14132_valuation_matrix.csv,2,8,0.793651,47.619,59.99992440001966
additive,267,5.0,8.000000000000002e-07,,,,,,60000.0,False,instance_14345_valuation_matrix.csv,2,5,0.000666562,99.9843,150000.0
additive,268,5.0,3.0000000000000005e-06,,,,,,60000.0,False,instance_24146_valuation_matrix.csv,2,4,2.46914,86.4198,34.99995950006885
additive,269,5.0,3.5e-05,43766.0,44134.0,44898.0,45213.0,45937.0,45937.0,True,instance_16809_valuation_matrix.csv,2,4,4.44444,71.7949,16.153868653868653
additive,270,5.0,0.0004,7217.0,7578.0,8342.0,8659.0,9390.0,9390.0,True,instance_15687_valuation_matrix.csv,2,4,4.08163,57.1429,14.00001960001274
additive,271,5.0,0.000504,7605.0,8383.0,9988.0,10648.0,12164.0,12164.0,True,instance_18992_valuation_matrix.csv,2,4,3.125,43.75,14.0
additive,272,5.0,1.0800000000000002e-05,,,,,,60000.0,False,instance_19310_valuation_matrix.csv,5,8,0.862069,68.9655,79.99997680000094
additive,273,5.0,0.00016,11974.0,12048.0,12202.0,12265.0,12411.0,12411.0,True,instance_16547_valuation_matrix.csv,2,4,3.0581,71.4286,23.357182564337336
additive,274,5.0,0.0112,297.0,348.0,472.0,956.0,3004.0,3004.0,True,instance_19787_valuation_matrix.csv,2,8,4.7619,38.0952,8.0
additive,275,5.0,0.00168,2279.0,2511.0,2990.0,3188.0,3641.0,3641.0,True,instance_9905_valuation_matrix.csv,2,4,8.0,56.0,7.0
additive,276,5.0,6.999999999999999e-06,,,,,,60000.0,False,instance_11166_valuation_matrix.csv,5,8,0.426743,49.5868,116.19827390255962
additive,277,5.0,0.00256,1095.0,1147.0,1254.0,1298.0,1399.0,1399.0,True,instance_21033_valuation_matrix.csv,2,4,7.69231,60.0,7.799997660000702
additive,278,5.0,0.00128,1830.0,1892.0,2024.0,2079.0,2205.0,2205.0,True,instance_12814_valuation_matrix.csv,2,4,7.40741,54.902,7.411767405881409
additive,279,5.0,1.6000000000000006e-07,,,,,,60000.0,False,instance_18840_valuation_matrix.csv,2,4,0.253899,63.4748,250.0001969287
additive,280,5.0,0.00168,2279.0,2511.0,2990.0,3188.0,3641.0,3641.0,True,instance_18839_valuation_matrix.csv,2,4,8.0,56.0,7.0
additive,281,5.0,3.0000000000000005e-06,,,,,,60000.0,False,instance_11929_valuation_matrix.csv,2,4,2.85714,80.0,28.000028000028003
additive,282,5.0,1.0800000000000002e-06,,,,,,60000.0,False,instance_14339_valuation_matrix.csv,2,5,0.629496,89.9281,142.85730171438738
additive,283,5.0,0.00168,2279.0,2511.0,2990.0,3188.0,3641.0,3641.0,True,instance_11849_valuation_matrix.csv,2,4,8.0,56.0,7.0
additive,284,5.0,0.0054,98.0,101.0,106.0,109.0,114.0,114.0,True,instance_15228_valuation_matrix.csv,2,4,5.55556,38.8889,6.99999640000288
additive,285,5.0,8.000000000000002e-07,,,,,,60000.0,False,instance_14340_valuation_matrix.csv,2,6,0.568182,81.1688,142.85704228574647
additive,286,5.0,0.000567,2611.0,2612.0,2615.0,2616.0,2618.0,2618.0,True,instance_19735_valuation_matrix.csv,2,4,4.0,73.0435,18.260875
additive,287,5.0,4.000000000000001e-07,,,,,,60000.0,False,instance_11006_valuation_matrix.csv,2,4,0.279664,64.9485,232.23761370787798
additive,288,5.0,5.000000000000001e-07,,,,,,60000.0,False,instance_23634_valuation_matrix.csv,2,4,0.390625,68.3594,175.00006399999998
additive,289,5.0,4.5e-06,,,,,,60000.0,False,instance_22338_valuation_matrix.csv,2,7,2.43902,60.9756,25.000041000073796
additive,290,5.0,3.6000000000000005e-07,,,,,,60000.0,False,instance_14336_valuation_matrix.csv,2,6,0.8,60.024,75.03
additive,291,5.0,1.2000000000000002e-06,,,,,,60000.0,False,instance_14141_valuation_matrix.csv,2,4,0.896861,91.1162,101.59456147608158
additive,292,5.0,7.2e-05,33797.0,34120.0,34791.0,35067.0,35701.0,35701.0,True,instance_24135_valuation_matrix.csv,2,4,2.25564,63.1579,27.999991133336877
additive,293,5.0,0.144,35.0,54.0,89.0,102.0,133.0,133.0,True,instance_19534_valuation_matrix.csv,2,5,10.0,40.0,4.0
additive,294,5.0,0.00486,363.0,364.0,365.0,366.0,367.0,367.0,True,instance_11742_valuation_matrix.csv,3,3,4.34783,71.4286,16.428563214293106
additive,295,5.0,0.0004,8171.0,8449.0,9021.0,9256.0,9795.0,9795.0,True,instance_19150_valuation_matrix.csv,2,4,4.87805,68.2927,14.0
additive,296,5.0,0.0072,235.0,236.0,239.0,240.0,242.0,242.0,True,instance_13899_valuation_matrix.csv,2,4,6.52174,62.6866,9.611944051740792
additive,297,5.0,7.2e-05,29895.0,30606.0,32084.0,32693.0,34092.0,34092.0,True,instance_18119_valuation_matrix.csv,2,4,4.16667,61.3139,14.715324227740618
additive,298,5.0,0.0009,1270.0,1271.0,1273.0,1273.0,1275.0,1275.0,True,instance_19071_valuation_matrix.csv,2,4,4.44444,62.2222,14.000009000009
additive,299,5.0,0.00126,1719.0,1759.0,1842.0,1877.0,1956.0,1956.0,True,instance_20582_valuation_matrix.csv,2,4,8.0,62.2222,7.777775
additive,300,5.0,0.00032,6878.0,7068.0,7462.0,7624.0,7997.0,7997.0,True,instance_10772_valuation_matrix.csv,2,4,3.84615,55.1181,14.330720330720329
additive,301,5.0,0.00168,2279.0,2511.0,2990.0,3188.0,3641.0,3641.0,True,instance_9813_valuation_matrix.csv,2,4,8.0,56.0,7.0
additive,302,5.0,0.00072,5162.0,5248.0,5425.0,5498.0,5665.0,5665.0,True,instance_20362_valuation_matrix.csv,3,4,3.22581,62.6866,19.432824623892913
additive,303,5.0,0.000405,3227.0,3238.0,3261.0,3270.0,3292.0,3292.0,True,instance_18917_valuation_matrix.csv,2,4,5.04202,70.5882,13.999984133343382
additive,304,5.0,0.0004,10450.0,16821.0,28968.0,33861.0,45032.0,45032.0,True,instance_20991_valuation_matrix.csv,2,4,3.40136,47.619,13.99998823999812
additive,305,5.0,0.108,35.0,38.0,45.0,47.0,53.0,53.0,True,instance_10916_valuation_matrix.csv,2,4,12.2137,44.3038,3.627385640714935
additive,306,5.0,0.00168,2279.0,2511.0,2990.0,3188.0,3641.0,3641.0,True,instance_9973_valuation_matrix.csv,2,4,8.0,56.0,7.0
additive,307,5.0,1.8e-06,,,,,,60000.0,False,instance_21232_valuation_matrix.csv,2,4,2.95858,82.8402,27.99998648000054
additive,308,5.0,3.2400000000000003e-06,,,,,,60000.0,False,instance_20747_valuation_matrix.csv,2,4,1.92926,67.5241,35.0
additive,309,5.0,1.6,2.0,2.0,4.0,6.0,16.0,16.0,True,instance_10357_valuation_matrix.csv,3,4,8.33333,50.0,6.00000240000096
additive,310,5.0,0.00168,2279.0,2511.0,2990.0,3188.0,3641.0,3641.0,True,instance_10733_valuation_matrix.csv,2,4,8.0,56.0,7.0
additive,311,5.0,1.2000000000000002e-06,,,,,,60000.0,False,instance_9521_valuation_matrix.csv,2,3,1.31919,96.5472,73.1867282195893
additive,312,5.0,0.144,32.0,38.0,51.0,56.0,67.0,67.0,True,instance_14096_valuation_matrix.csv,2,3,12.5,50.0,4.0
additive,313,5.0,0.00032,4797.0,4838.0,4922.0,4957.0,5036.0,5036.0,True,instance_9565_valuation_matrix.csv,2,4,4.87805,68.2927,14.0
additive,314,5.0,4e-05,,,,,,60000.0,False,instance_9712_valuation_matrix.csv,4,6,1.96078,70.5882,36.00006120013464
additive,315,5.0,2.7000000000000004e-06,,,,,,60000.0,False,instance_18578_valuation_matrix.csv,2,4,2.12766,59.5745,28.00000939999812
additive,316,5.0,0.00021,10434.0,10675.0,11174.0,11380.0,11852.0,11852.0,True,instance_10784_valuation_matrix.csv,2,4,5.12821,71.7949,13.999992200007409
additive,317,5.0,0.001152,3338.0,3679.0,4381.0,4671.0,5334.0,5334.0,True,instance_16168_valuation_matrix.csv,2,4,4.44444,56.0,12.6000126000126
additive,318,5.0,0.0072,463.0,495.0,562.0,590.0,652.0,652.0,True,instance_13376_valuation_matrix.csv,2,4,8.86076,53.1646,6.000004514285456
additive,319,5.0,9.000000000000001e-07,,,,,,60000.0,False,instance_14333_valuation_matrix.csv,2,5,0.208106,89.1884,428.57197774211215
additive,320,5.0,0.00112,3366.0,3687.0,4362.0,4642.0,5286.0,5286.0,True,instance_23795_valuation_matrix.csv,2,4,6.8918,49.359,7.161989610841871
additive,321,5.0,0.00567,534.0,567.0,634.0,662.0,726.0,726.0,True,instance_18953_valuation_matrix.csv,2,4,8.21918,57.5342,6.9999927000017035
additive,322,5.0,4e-05,37713.0,37907.0,38312.0,38480.0,38863.0,38863.0,True,instance_14439_valuation_matrix.csv,2,4,1.92308,67.3077,34.9999480000832
additive,323,5.0,1.0800000000000002e-06,,,,,,60000.0,False,instance_14440_valuation_matrix.csv,2,5,0.250627,95.1173,379.51737043494916
additive,324,5.0,0.000216,9082.0,9258.0,9621.0,9771.0,10114.0,10114.0,True,instance_19626_valuation_matrix.csv,2,4,3.83019,61.6661,16.100010704429806
additive,325,5.0,0.2592,18.0,32.0,61.0,73.0,100.0,100.0,True,instance_15822_valuation_matrix.csv,3,3,18.1818,45.4545,2.5000000000000004
additive,326,5.0,0.00064,5167.0,5553.0,6353.0,6682.0,7438.0,7438.0,True,instance_19035_valuation_matrix.csv,2,4,7.45712,58.3333,7.822497157079409
additive,327,5.0,6.999999999999999e-06,,,,,,60000.0,False,instance_14898_valuation_matrix.csv,4,6,1.36986,57.5342,42.000058400128474
additive,328,5.0,4.5000000000000003e-07,,,,,,60000.0,False,instance_20414_valuation_matrix.csv,2,4,0.00845952,71.06,8400.003782720532
additive,329,5.0,0.000144,26578.0,29294.0,34892.0,37197.0,42485.0,42485.0,True,instance_14381_valuation_matrix.csv,2,4,4.06504,57.5342,14.153415464546475
additive,330,5.0,1.2600000000000002e-06,,,,,,60000.0,False,instance_14372_valuation_matrix.csv,5,4,0.0086949,71.7949,8257.127741549644
additive,331,5.0,3.0000000000000005e-06,,,,,,60000.0,False,instance_14982_valuation_matrix.csv,2,4,1.26582,62.6866,49.52252294955049
additive,332,5.0,0.0063,224.0,225.0,227.0,228.0,230.0,230.0,True,instance_10787_valuation_matrix.csv,2,4,6.67037,53.9794,8.09241466365434
additive,333,5.0,1.0,0.0,0.0,0.0,0.0,0.0,0.0,True,instance_19413_valuation_matrix.csv,2,3,33.3333,33.3333,1.0
additive,334,5.0,0.2592,18.0,32.0,61.0,73.0,100.0,100.0,True,instance_15819_valuation_matrix.csv,3,3,18.1818,45.4545,2.5000000000000004
additive,335,5.0,5.400000000000001e-06,,,,,,60000.0,False,instance_16620_valuation_matrix.csv,2,4,2.8169,59.1549,21.0
additive,336,5.0,8.000000000000001e-06,,,,,,60000.0,False,instance_10589_valuation_matrix.csv,2,10,1.18343,50.0,42.25006971261503
additive,337,5.0,7.2e-05,42689.0,43478.0,45124.0,45805.0,47369.0,47369.0,True,instance_19084_valuation_matrix.csv,3,4,3.09278,66.6667,21.55559076300287
additive,338,5.0,1.0,0.0,0.0,0.0,0.0,0.0,0.0,True,instance_23057_valuation_matrix.csv,3,6,16.6667,16.6667,1.0
additive,339,5.0,0.000144,26635.0,29359.0,34975.0,37288.0,42595.0,42595.0,True,instance_15300_valuation_matrix.csv,2,4,3.125,56.0,17.92
additive,340,5.0,0.00016,12597.0,12659.0,12789.0,12843.0,12967.0,12967.0,True,instance_18808_valuation_matrix.csv,2,4,2.77778,70.8861,25.518975584819533
additive,341,5.0,1.2600000000000002e-06,,,,,,60000.0,False,instance_14349_valuation_matrix.csv,2,6,0.000583281,99.9911,171428.69388853744
additive,342,5.0,0.00567,395.0,406.0,429.0,439.0,460.0,460.0,True,instance_12297_valuation_matrix.csv,2,4,8.51064,59.5745,7.00000234999953
additive,343,5.0,6.000000000000001e-06,,,,,,60000.0,False,instance_17914_valuation_matrix.csv,2,9,1.78571,37.5,21.000050400120962
additive,344,5.0,0.0648,54.0,55.0,57.0,58.0,60.0,60.0,True,instance_13386_valuation_matrix.csv,3,3,9.09091,66.6667,7.333336266666374
additive,345,5.0,1.8e-06,,,,,,60000.0,False,instance_19321_valuation_matrix.csv,2,4,1.02041,71.4286,69.9999020001764
additive,346,5.0,0.000243,7967.0,7968.0,7970.0,7971.0,7974.0,7974.0,True,instance_21354_valuation_matrix.csv,4,4,3.65217,78.9474,21.616573160614102
additive,347,5.0,4.000000000000001e-07,,,,,,60000.0,False,instance_21629_valuation_matrix.csv,2,4,0.00520806,91.1411,17500.009600503836
additive,348,5.0,0.2592,18.0,32.0,61.0,73.0,100.0,100.0,True,instance_15821_valuation_matrix.csv,3,3,18.1818,45.4545,2.5000000000000004
additive,349,5.0,0.00064,19791.0,22551.0,28217.0,30550.0,35904.0,35904.0,True,instance_15136_valuation_matrix.csv,5,6,4.54545,50.0,11.000011000011
additive,350,5.0,3.15e-05,47569.0,47813.0,48319.0,48528.0,49008.0,49008.0,True,instance_14443_valuation_matrix.csv,2,4,2.72374,54.4747,19.999963285776175
additive,351,5.0,1e-05,37151.0,,,,,60000.0,False,instance_15473_valuation_matrix.csv,2,4,3.31492,46.4088,13.999975866687583
additive,352,5.0,0.000405,3136.0,3144.0,3161.0,3169.0,3185.0,3185.0,True,instance_17462_valuation_matrix.csv,2,4,5.31915,74.4681,14.000000000000002
additive,353,5.0,0.00168,2279.0,2511.0,2990.0,3188.0,3641.0,3641.0,True,instance_19739_valuation_matrix.csv,2,4,8.0,56.0,7.0
additive,354,5.0,8.000000000000002e-07,,,,,,60000.0,False,instance_14335_valuation_matrix.csv,2,5,0.220751,88.3002,399.9990940018392
additive,355,5.0,7.200000000000001e-07,,,,,,60000.0,False,instance_14142_valuation_matrix.csv,2,4,0.300752,91.1162,302.9612438155025
additive,356,5.0,0.00024,15949.0,17579.0,20938.0,22321.0,25494.0,25494.0,True,instance_14751_valuation_matrix.csv,2,4,4.16667,58.3333,13.999980800015361
additive,357,5.0,1.0000000000000002e-06,,,,,,60000.0,False,instance_15639_valuation_matrix.csv,2,4,0.55666,71.5706,128.57147989796283
additive,358,5.0,0.00128,1716.0,1755.0,1838.0,1872.0,1950.0,1950.0,True,instance_15305_valuation_matrix.csv,2,4,7.40741,65.1163,8.790697423255901
additive,359,5.0,0.064,97.0,140.0,232.0,271.0,361.0,361.0,True,instance_11964_valuation_matrix.csv,3,8,6.06061,20.2247,3.337073330902335
additive,360,5.0,0.000324,5412.0,5488.0,5646.0,5712.0,5861.0,5861.0,True,instance_18874_valuation_matrix.csv,2,4,4.61538,64.6154,14.000017333350666
additive,361,5.0,2.7000000000000004e-06,,,,,,60000.0,False,instance_20801_valuation_matrix.csv,2,4,0.0988631,98.8631,1000.0000000000001
additive,362,5.0,0.0009,1270.0,1271.0,1273.0,1273.0,1275.0,1275.0,True,instance_19072_valuation_matrix.csv,2,4,4.44444,62.2222,14.000009000009
additive,363,5.0,8.000000000000002e-07,,,,,,60000.0,False,instance_19198_valuation_matrix.csv,2,4,0.542495,75.9494,140.00018433349618
additive,364,5.0,0.045,58.0,60.0,65.0,67.0,72.0,72.0,True,instance_17249_valuation_matrix.csv,2,4,8.23529,49.4118,6.000007285717928
additive,365,5.0,1.0000000000000002e-06,,,,,,60000.0,False,instance_15098_valuation_matrix.csv,3,4,0.00603412,86.2017,14285.711918225028
additive,366,5.0,1.2600000000000004e-07,,,,,,60000.0,False,instance_14189_valuation_matrix.csv,2,9,0.0159473,55.8154,3499.9905940190497
additive,367,5.0,0.00252,2199.0,2601.0,3385.0,3704.0,4431.0,4431.0,True,instance_19805_valuation_matrix.csv,2,4,4.4586,44.586,10.0
additive,368,5.0,0.0072,443.0,458.0,490.0,503.0,533.0,533.0,True,instance_20918_valuation_matrix.csv,2,4,5.55556,54.902,9.882352094118325
additive,369,5.0,0.000144,26581.0,29297.0,34896.0,37201.0,42491.0,42491.0,True,instance_9522_valuation_matrix.csv,2,4,4.16667,58.3333,13.999980800015361
additive,370,5.0,0.000486,2381.0,2384.0,2389.0,2391.0,2395.0,2395.0,True,instance_13489_valuation_matrix.csv,2,4,4.3956,67.7419,15.411297661297661
additive,371,5.0,7.000000000000001e-07,,,,,,60000.0,False,instance_17808_valuation_matrix.csv,2,4,1.0989,57.6923,52.5000455000455
additive,372,5.0,0.2592,18.0,32.0,61.0,73.0,100.0,100.0,True,instance_15824_valuation_matrix.csv,3,3,18.1818,45.4545,2.5000000000000004
additive,373,5.0,0.000315,12906.0,19376.0,32983.0,38634.0,51628.0,51628.0,True,instance_20744_valuation_matrix.csv,2,4,4.60829,38.7097,8.40001388801486
additive,374,5.0,7.2e-05,20068.0,20087.0,20126.0,20142.0,20179.0,20179.0,True,instance_16544_valuation_matrix.csv,2,4,3.0581,77.4908,25.339524541381902
additive,375,5.0,4.000000000000001e-07,,,,,,60000.0,False,instance_11312_valuation_matrix.csv,2,4,0.000560213,98.0373,175000.04462588337
additive,376,5.0,6.999999999999999e-06,,,,,,60000.0,False,instance_19777_valuation_matrix.csv,2,4,2.94118,61.7647,20.999972800032637
additive,377,5.0,1.8e-05,,,,,,60000.0,False,instance_19873_valuation_matrix.csv,5,8,1.0989,43.956,40.0
additive,378,5.0,2.1600000000000005e-06,,,,,,60000.0,False,instance_14795_valuation_matrix.csv,2,2,1.17647,98.8235,84.0000170000085
additive,379,5.0,0.000972,2257.0,2276.0,2315.0,2331.0,2367.0,2367.0,True,instance_14302_valuation_matrix.csv,2,4,5.88235,71.1864,12.101694050847026
additive,380,5.0,0.00056,10267.0,10923.0,12249.0,12791.0,14033.0,14033.0,True,instance_11881_valuation_matrix.csv,2,5,4.34783,52.6316,12.105257105268604
additive,381,5.0,2.4000000000000003e-06,,,,,,60000.0,False,instance_15677_valuation_matrix.csv,3,3,1.28205,94.7368,73.8947778947779
additive,382,5.0,6.300000000000001e-07,,,,,,60000.0,False,instance_15756_valuation_matrix.csv,2,4,1.0929,74.8555,68.4925427761003
additive,383,5.0,5.599999999999999e-05,27621.0,27864.0,28372.0,28582.0,29064.0,29064.0,True,instance_12799_valuation_matrix.csv,2,4,3.00752,63.1579,20.999993350002658
additive,384,5.0,1.6000000000000003e-05,,,,,,60000.0,False,instance_21623_valuation_matrix.csv,2,6,3.2967,46.1538,14.0
additive,385,5.0,5.599999999999999e-05,40095.0,40372.0,40970.0,41221.0,41799.0,41799.0,True,instance_16496_valuation_matrix.csv,2,6,1.92308,42.0,21.839965056055913
additive,386,5.0,0.000405,3398.0,3408.0,3429.0,3438.0,3458.0,3458.0,True,instance_19045_valuation_matrix.csv,2,4,5.45455,76.3636,13.999981666681945
additive,387,5.0,2.1e-06,,,,,,60000.0,False,instance_23898_valuation_matrix.csv,2,4,1.15607,72.8324,62.99999135000477
additive,388,5.0,0.00168,2279.0,2511.0,2990.0,3188.0,3641.0,3641.0,True,instance_14134_valuation_matrix.csv,2,4,8.0,56.0,7.0
additive,389,5.0,1.0000000000000002e-06,,,,,,60000.0,False,instance_14343_valuation_matrix.csv,2,6,0.0655523,98.3284,1499.9992372502568
additive,390,5.0,0.00128,2251.0,2364.0,2599.0,2696.0,2911.0,2911.0,True,instance_18923_valuation_matrix.csv,2,4,5.88235,57.1429,9.714297857148928
additive,391,5.0,0.00288,1282.0,1420.0,1700.0,1815.0,2079.0,2079.0,True,instance_14482_valuation_matrix.csv,2,3,7.69231,61.5385,8.00000259999922
additive,392,5.0,0.0001296,17622.0,17669.0,17765.0,17804.0,17895.0,17895.0,True,instance_13434_valuation_matrix.csv,2,4,1.72414,72.4138,41.999953600055676
additive,393,5.0,0.008748,187.0,188.0,191.0,192.0,195.0,195.0,True,instance_20193_valuation_matrix.csv,2,4,7.69231,56.0,7.279997816000655
additive,394,5.0,0.0063,1003.0,1281.0,1817.0,2034.0,2529.0,2529.0,True,instance_19419_valuation_matrix.csv,2,5,5.88235,47.0588,8.0
additive,395,5.0,6.000000000000001e-07,,,,,,60000.0,False,instance_16460_valuation_matrix.csv,2,4,0.914634,64.0244,70.00002186667017
additive,396,5.0,3.200000000000001e-07,,,,,,60000.0,False,instance_21626_valuation_matrix.csv,2,4,0.540541,62.2222,115.11097215567366
additive,397,5.0,2.7000000000000004e-06,,,,,,60000.0,False,instance_14435_valuation_matrix.csv,2,4,2.5,70.0,28.0
additive,398,5.0,0.00168,2279.0,2511.0,2990.0,3188.0,3641.0,3641.0,True,instance_19772_valuation_matrix.csv,2,4,8.0,56.0,7.0
additive,399,5.0,0.00162,951.0,959.0,976.0,984.0,1000.0,1000.0,True,instance_18690_valuation_matrix.csv,2,4,7.05882,56.0,7.933337300001983
additive,400,5.0,0.00049,5251.0,5473.0,5935.0,6126.0,6563.0,6563.0,True,instance_9989_valuation_matrix.csv,2,4,6.01915,63.2011,10.500004153410366
additive,401,5.0,0.00063,2106.0,2114.0,2131.0,2138.0,2155.0,2155.0,True,instance_11504_valuation_matrix.csv,2,4,4.87805,68.2927,14.0
additive,402,5.0,0.00168,2279.0,2511.0,2990.0,3188.0,3641.0,3641.0,True,instance_11613_valuation_matrix.csv,2,4,8.0,56.0,7.0
additive,403,5.0,0.00216,2323.0,2439.0,2684.0,2786.0,3021.0,3021.0,True,instance_20398_valuation_matrix.csv,3,5,3.84615,50.0,13.000013000012999
additive,404,5.0,0.001944,874.0,879.0,892.0,897.0,909.0,909.0,True,instance_16458_valuation_matrix.csv,2,6,5.55556,47.4576,8.542361166111068
additive,405,5.0,0.00014,15203.0,15572.0,16339.0,16655.0,17382.0,17382.0,True,instance_21963_valuation_matrix.csv,2,4,4.16667,58.3333,13.999980800015361
additive,406,5.0,6.000000000000001e-07,,,,,,60000.0,False,instance_22130_valuation_matrix.csv,2,4,2.3753,49.8812,20.999957900054728
additive,407,5.0,0.00064,8664.0,11287.0,16311.0,18336.0,22960.0,22960.0,True,instance_14131_valuation_matrix.csv,2,4,4.6729,56.0,11.983992809604313
additive,408,5.0,1.2600000000000002e-06,,,,,,60000.0,False,instance_14346_valuation_matrix.csv,2,6,0.0578178,99.1162,1714.2852201225228
additive,409,5.0,0.0017496,638.0,639.0,639.0,640.0,640.0,640.0,True,instance_10927_valuation_matrix.csv,2,4,8.86076,70.8861,8.000002257142727
additive,410,5.0,0.00168,2279.0,2511.0,2990.0,3188.0,3641.0,3641.0,True,instance_17666_valuation_matrix.csv,2,4,8.0,56.0,7.0
additive,411,5.0,0.0036,2127.0,2344.0,2791.0,2975.0,3398.0,3398.0,True,instance_17695_valuation_matrix.csv,4,4,8.0,56.0,7.0
additive,412,5.0,1.4e-06,,,,,,60000.0,False,instance_17288_valuation_matrix.csv,2,4,1.27226,74.8663,58.84512599625862
additive,413,5.0,4.000000000000001e-07,,,,,,60000.0,False,instance_10247_valuation_matrix.csv,2,4,0.0041012,97.5225,23779.015897786012
additive,414,5.0,0.036,60.0,62.0,64.0,66.0,68.0,68.0,True,instance_23324_valuation_matrix.csv,2,4,10.7143,52.8302,4.930812092250544
additive,415,5.0,9.000000000000001e-07,,,,,,60000.0,False,instance_15660_valuation_matrix.csv,2,4,1.002,88.8889,88.7114770459082
additive,416,5.0,2e-05,,,,,,60000.0,False,instance_14162_valuation_matrix.csv,2,4,3.63636,55.5556,15.277805277805278
additive,417,5.0,1.2600000000000002e-06,,,,,,60000.0,False,instance_12238_valuation_matrix.csv,2,4,1.49254,62.6866,41.999946400096476
additive,418,5.0,0.0036,490.0,497.0,511.0,517.0,531.0,531.0,True,instance_18682_valuation_matrix.csv,2,4,8.95522,62.6866,7.000006700002903
additive,419,5.0,0.00168,2279.0,2511.0,2990.0,3188.0,3641.0,3641.0,True,instance_11792_valuation_matrix.csv,2,4,8.0,56.0,7.0
additive,420,5.0,0.0007,6317.0,6864.0,7968.0,8420.0,9456.0,9456.0,True,instance_19719_valuation_matrix.csv,2,4,5.55556,58.3333,10.49998560001152
additive,421,5.0,0.2,12.0,12.0,12.0,13.0,14.0,14.0,True,instance_11761_valuation_matrix.csv,2,2,25.0,75.0,3.0
additive,422,5.0,7.2e-05,42960.0,43804.0,45555.0,46277.0,47934.0,47934.0,True,instance_19760_valuation_matrix.csv,2,4,0.817439,95.3678,116.66656472226062
additive,423,5.0,2.1600000000000003e-05,37050.0,,,,,60000.0,False,instance_14886_valuation_matrix.csv,2,4,3.27869,57.377,17.499977125010293
additive,424,5.0,0.00056,4926.0,5165.0,5669.0,5878.0,6358.0,6358.0,True,instance_20136_valuation_matrix.csv,2,4,5.7377,57.377,10.0
additive,425,5.0,0.00168,2279.0,2511.0,2990.0,3188.0,3641.0,3641.0,True,instance_9830_valuation_matrix.csv,2,4,8.0,56.0,7.0
additive,426,5.0,0.00168,2279.0,2511.0,2990.0,3188.0,3641.0,3641.0,True,instance_19052_valuation_matrix.csv,2,4,8.0,56.0,7.0
additive,427,5.0,0.00168,2279.0,2511.0,2990.0,3188.0,3641.0,3641.0,True,instance_18750_valuation_matrix.csv,2,4,8.0,56.0,7.0
additive,428,5.0,0.0004,7641.0,7934.0,8539.0,8788.0,9360.0,9360.0,True,instance_17383_valuation_matrix.csv,2,4,3.0303,50.9091,16.8000198000198
additive,429,5.0,0.0036,1510.0,1537.0,1592.0,1615.0,1667.0,1667.0,True,instance_15152_valuation_matrix.csv,5,4,4.18118,62.7178,15.000023916693372
additive,430,5.0,0.0036,467.0,468.0,469.0,469.0,471.0,471.0,True,instance_9543_valuation_matrix.csv,3,3,9.85915,78.8732,8.0
additive,431,5.0,1.4e-06,,,,,,60000.0,False,instance_22610_valuation_matrix.csv,2,4,1.99005,55.2632,27.76975452878068
additive,432,5.0,3.0000000000000005e-06,,,,,,60000.0,False,instance_12499_valuation_matrix.csv,2,4,2.17391,56.0,25.760036064050492
additive,433,5.0,0.0081,465.0,509.0,599.0,636.0,721.0,721.0,True,instance_15658_valuation_matrix.csv,2,4,7.84314,54.902,7.000002549999108
additive,434,5.0,0.001134,1133.0,1136.0,1144.0,1147.0,1155.0,1155.0,True,instance_15245_valuation_matrix.csv,2,4,8.04598,64.3678,7.9999950285732755
additive,435,5.0,1.0000000000000002e-06,,,,,,60000.0,False,instance_14354_valuation_matrix.csv,2,6,0.0655523,98.3284,1499.9992372502568
additive,436,5.0,0.00016,8124.0,8151.0,8206.0,8229.0,8282.0,8282.0,True,instance_13166_valuation_matrix.csv,2,4,5.17241,72.4138,14.000011600008506
additive,437,5.0,2.4000000000000003e-06,,,,,,60000.0,False,instance_11344_valuation_matrix.csv,2,4,2.39726,71.9178,29.999999999999996
additive,438,5.0,0.000108,24053.0,24155.0,24364.0,24451.0,24650.0,24650.0,True,instance_13882_valuation_matrix.csv,2,4,3.82514,77.7778,20.33332113334414
additive,439,5.0,2.4000000000000003e-06,,,,,,60000.0,False,instance_10103_valuation_matrix.csv,2,4,3.26531,68.5714,20.999966312540003
additive,440,5.0,1.2000000000000002e-06,,,,,,60000.0,False,instance_19264_valuation_matrix.csv,3,8,0.211454,67.4157,318.81969600953397
additive,441,5.0,2.4300000000000005e-07,,,,,,60000.0,False,instance_15700_valuation_matrix.csv,2,4,0.00904895,90.4895,10000.0
additive,442,5.0,2.7000000000000004e-06,,,,,,60000.0,False,instance_15113_valuation_matrix.csv,2,4,2.65487,74.3363,27.999977400023354
additive,443,5.0,0.0064,604.0,666.0,794.0,847.0,969.0,969.0,True,instance_9731_valuation_matrix.csv,2,4,7.69231,50.0,6.499998050000585
additive,444,5.0,0.0036,467.0,468.0,469.0,469.0,471.0,471.0,True,instance_9546_valuation_matrix.csv,3,3,9.85915,78.8732,8.0
additive,445,5.0,0.0027,653.0,662.0,681.0,689.0,707.0,707.0,True,instance_9748_valuation_matrix.csv,2,4,6.25,62.5,10.0
additive,446,5.0,4.000000000000001e-07,,,,,,60000.0,False,instance_14046_valuation_matrix.csv,2,4,1.25673,62.8366,50.00007957158658
additive,447,5.0,0.00162,1247.0,1256.0,1274.0,1282.0,1300.0,1300.0,True,instance_21648_valuation_matrix.csv,2,4,5.40541,68.8525,12.73770167295358
additive,448,5.0,0.00168,2279.0,2511.0,2990.0,3188.0,3641.0,3641.0,True,instance_17386_valuation_matrix.csv,2,4,8.0,56.0,7.0
additive,449,5.0,2.7000000000000004e-06,,,,,,60000.0,False,instance_21255_valuation_matrix.csv,2,4,2.02703,70.9459,34.99992600010853
additive,450,5.0,0.00098,5072.0,6726.0,9902.0,11183.0,14111.0,14111.0,True,instance_16099_valuation_matrix.csv,2,4,4.44444,48.8889,11.0000135000135
additive,451,5.0,0.0004,3912.0,3949.0,4025.0,4057.0,4130.0,4130.0,True,instance_18755_valuation_matrix.csv,2,4,6.10687,64.1221,10.499994268749786
additive,452,5.0,0.000128,17283.0,17756.0,18738.0,19143.0,20072.0,20072.0,True,instance_17566_valuation_matrix.csv,2,4,4.90196,68.6274,13.999991839998694
additive,453,5.0,8.000000000000002e-07,,,,,,60000.0,False,instance_20344_valuation_matrix.csv,2,4,0.886382,62.0467,69.99995487272982
additive,454,5.0,0.00128,1716.0,1755.0,1838.0,1872.0,1950.0,1950.0,True,instance_19796_valuation_matrix.csv,2,4,7.40741,65.1163,8.790697423255901
additive,455,5.0,0.00168,2279.0,2511.0,2990.0,3188.0,3641.0,3641.0,True,instance_10066_valuation_matrix.csv,2,4,8.0,56.0,7.0
additive,456,5.0,3.0000000000000004e-05,,,,,,60000.0,False,instance_20601_valuation_matrix.csv,2,4,4.16667,58.3333,13.999980800015361
additive,457,5.0,8e-05,17982.0,18048.0,18185.0,18242.0,18372.0,18372.0,True,instance_14589_valuation_matrix.csv,2,4,5.26316,73.6842,13.999992400003041
additive,458,5.0,0.00168,2279.0,2511.0,2990.0,3188.0,3641.0,3641.0,True,instance_12620_valuation_matrix.csv,2,4,8.0,56.0,7.0
additive,459,5.0,0.0168,129.0,252.0,617.0,766.0,1108.0,1108.0,True,instance_19818_valuation_matrix.csv,2,5,8.33333,36.3636,4.363633745453498
additive,460,5.0,0.3779999999999999,6.0,8.0,15.0,18.0,42.0,42.0,True,instance_14774_valuation_matrix.csv,3,3,14.2857,50.0,3.5000035000035
additive,461,5.0,2.4300000000000005e-06,,,,,,60000.0,False,instance_17854_valuation_matrix.csv,2,4,3.7037,77.7778,21.000027000027
additive,462,5.0,0.00128,1652.0,1693.0,1777.0,1812.0,1892.0,1892.0,True,instance_14463_valuation_matrix.csv,2,4,6.77966,56.0,8.260001239000186
additive,463,5.0,0.000128,16830.0,17226.0,18045.0,18383.0,19159.0,19159.0,True,instance_15878_valuation_matrix.csv,2,4,4.34783,62.2222,14.311093120016192
additive,464,5.0,0.00168,2279.0,2511.0,2990.0,3188.0,3641.0,3641.0,True,instance_10229_valuation_matrix.csv,2,4,8.0,56.0,7.0
additive,465,5.0,0.00168,2279.0,2511.0,2990.0,3188.0,3641.0,3641.0,True,instance_22968_valuation_matrix.csv,2,4,8.0,56.0,7.0
additive,466,5.0,4.5000000000000003e-07,,,,,,60000.0,False,instance_14351_valuation_matrix.csv,2,6,0.253936,76.1808,300.0
additive,467,5.0,0.000168,27968.0,28648.0,30036.0,30604.0,31907.0,31907.0,True,instance_15624_valuation_matrix.csv,3,3,3.25203,79.6748,24.500019987515493
additive,468,5.0,0.0036,149.0,3749.0,5216.0,5744.0,6922.0,6922.0,True,instance_14735_valuation_matrix.csv,2,4,7.01754,61.4035,8.75000356250196
additive,469,5.0,0.000216,22993.0,27299.0,35994.0,39553.0,47708.0,47708.0,True,instance_9571_valuation_matrix.csv,2,4,5.27903,59.1252,11.200012123439345
additive,470,5.0,3.0000000000000004e-07,,,,,,60000.0,False,instance_21291_valuation_matrix.csv,2,3,0.000126728,57.4657,453457.0102897544
additive,471,5.0,2.0000000000000003e-06,,,,,,60000.0,False,instance_21529_valuation_matrix.csv,2,4,1.26582,79.7468,63.00011060024332
additive,472,5.0,4.5000000000000003e-07,,,,,,60000.0,False,instance_20025_valuation_matrix.csv,2,4,0.0279252,97.7381,3499.9964190050564
additive,473,5.0,0.00243,1017.0,1025.0,1043.0,1050.0,1067.0,1067.0,True,instance_10642_valuation_matrix.csv,2,4,5.12821,68.8525,13.426224745086493
additive,474,5.0,9.000000000000001e-07,,,,,,60000.0,False,instance_9923_valuation_matrix.csv,2,4,1.96078,56.0224,28.571486857271086
additive,475,5.0,0.00032,5577.0,5656.0,5821.0,5889.0,6044.0,6044.0,True,instance_14129_valuation_matrix.csv,2,4,4.90196,68.6274,13.999991839998694
additive,476,5.0,0.00252,2199.0,3965.0,7253.0,8563.0,11544.0,11544.0,True,instance_15652_valuation_matrix.csv,3,3,6.66667,58.3333,8.749990625004688
additive,477,5.0,0.0972,104.0,108.0,118.0,122.0,131.0,131.0,True,instance_14150_valuation_matrix.csv,4,4,7.69231,54.5455,7.090912872726138
additive,478,5.0,0.0072,223.0,224.0,226.0,226.0,228.0,228.0,True,instance_18947_valuation_matrix.csv,2,4,9.83607,68.8525,7.00000101666621
additive,479,5.0,0.000144,31739.0,32430.0,33884.0,34487.0,35875.0,35875.0,True,instance_9549_valuation_matrix.csv,3,7,0.628968,66.0417,105.0000953943603
additive,480,5.0,0.00168,2279.0,2511.0,2990.0,3188.0,3641.0,3641.0,True,instance_16981_valuation_matrix.csv,2,4,8.0,56.0,7.0
additive,481,5.0,0.0009,2934.0,2963.0,3024.0,3050.0,3108.0,3108.0,True,instance_13202_valuation_matrix.csv,3,4,5.7971,68.8525,11.877059219264805
additive,482,5.0,0.00486,460.0,472.0,498.0,508.0,533.0,533.0,True,instance_14247_valuation_matrix.csv,2,4,8.95522,62.6866,7.000006700002903
additive,483,5.0,3.0000000000000005e-06,,,,,,60000.0,False,instance_17863_valuation_matrix.csv,4,4,0.0848794,97.005,1142.856806245096
additive,484,5.0,8.640000000000001e-05,19006.0,19096.0,19283.0,19361.0,19538.0,19538.0,True,instance_12873_valuation_matrix.csv,2,4,2.62172,56.0,21.360023190882323
additive,485,5.0,0.00168,2279.0,2511.0,2990.0,3188.0,3641.0,3641.0,True,instance_9666_valuation_matrix.csv,2,4,8.0,56.0,7.0
additive,486,5.0,8.000000000000002e-07,,,,,,60000.0,False,instance_18906_valuation_matrix.csv,2,4,1.7094,75.0,43.87504387504387
additive,487,5.0,0.00168,2279.0,2511.0,2990.0,3188.0,3641.0,3641.0,True,instance_12656_valuation_matrix.csv,2,4,8.0,56.0,7.0
additive,488,5.0,0.000864,3618.0,3856.0,4350.0,4554.0,5022.0,5022.0,True,instance_14155_valuation_matrix.csv,2,4,5.71874,54.1936,9.47649307364909
additive,489,5.0,0.00056,4974.0,6369.0,9247.0,10428.0,13136.0,13136.0,True,instance_15657_valuation_matrix.csv,2,9,3.33333,23.3333,6.999996999997
additive,490,5.0,0.00072,4372.0,4565.0,4963.0,5127.0,5503.0,5503.0,True,instance_11299_valuation_matrix.csv,2,4,3.72093,60.0,16.125001007812564
additive,491,5.0,0.036,21.0,21.0,23.0,24.0,26.0,26.0,True,instance_14963_valuation_matrix.csv,2,3,14.2857,42.8571,3.0
additive,492,5.0,0.001152,3325.0,3664.0,4364.0,4653.0,5314.0,5314.0,True,instance_10388_valuation_matrix.csv,2,4,7.40741,56.0,7.559997354000926
additive,493,5.0,0.002187,578.0,580.0,583.0,584.0,586.0,586.0,True,instance_17827_valuation_matrix.csv,2,4,8.04598,65.1163,8.09302285116294
additive,494,5.0,0.00096,5937.0,6060.0,6326.0,6438.0,6696.0,6696.0,True,instance_11973_valuation_matrix.csv,5,7,3.22581,58.0645,17.99997520002728
additive,495,5.0,0.0004,9671.0,10675.0,12752.0,13608.0,15574.0,15574.0,True,instance_17434_valuation_matrix.csv,2,4,3.57143,50.0,13.99999440000224
additive,496,5.0,0.000126,30375.0,33478.0,39875.0,42510.0,48553.0,48553.0,True,instance_9994_valuation_matrix.csv,2,4,4.28571,60.0,14.000014000014
additive,497,5.0,5.4e-05,,,,,,60000.0,False,instance_20753_valuation_matrix.csv,5,7,2.77778,25.0,8.99999280000576
additive,498,5.0,0.00021,10434.0,10675.0,11174.0,11380.0,11852.0,11852.0,True,instance_18551_valuation_matrix.csv,2,4,5.12821,71.7949,13.999992200007409
additive,499,5.0,0.00056,3131.0,3176.0,3269.0,3307.0,3395.0,3395.0,True,instance_12876_valuation_matrix.csv,2,4,6.54206,65.4206,9.999999999999998
additive,500,5.0,3.6e-05,44702.0,44862.0,45207.0,45352.0,45686.0,45686.0,True,instance_16673_valuation_matrix.csv,2,6,2.51256,61.2755,24.38767631419747
additive,501,5.0,0.00036,10633.0,11719.0,13958.0,14880.0,16996.0,16996.0,True,instance_17515_valuation_matrix.csv,2,4,5.47945,57.5342,10.499995437498288
additive,502,5.0,0.00168,2279.0,2511.0,2990.0,3188.0,3641.0,3641.0,True,instance_14242_valuation_matrix.csv,2,4,8.0,56.0,7.0
additive,503,5.0,0.00108,1493.0,1503.0,1524.0,1533.0,1553.0,1553.0,True,instance_20505_valuation_matrix.csv,2,4,5.47945,62.6866,11.440308790115797
additive,504,5.0,5.000000000000001e-07,,,,,,60000.0,False,instance_23636_valuation_matrix.csv,2,4,0.390625,68.3594,175.00006399999998
additive,505,5.0,0.00016,8124.0,8151.0,8206.0,8229.0,8282.0,8282.0,True,instance_9642_valuation_matrix.csv,2,4,5.17241,72.4138,14.000011600008506
additive,506,5.0,1.4e-06,,,,,,60000.0,False,instance_20039_valuation_matrix.csv,2,4,0.476758,83.4327,175.00010487500995
additive,507,5.0,9.600000000000002e-05,15958.0,16092.0,16371.0,16486.0,16750.0,16750.0,True,instance_10243_valuation_matrix.csv,2,4,4.0747,71.3073,17.500012270842024
additive,508,5.0,0.00189,903.0,904.0,907.0,909.0,911.0,911.0,True,instance_16277_valuation_matrix.csv,2,4,2.40964,75.9036,31.49997510001494
additive,509,5.0,0.00168,2279.0,2511.0,2990.0,3188.0,3641.0,3641.0,True,instance_12816_valuation_matrix.csv,2,4,8.0,56.0,7.0
additive,510,5.0,1.2600000000000002e-06,,,,,,60000.0,False,instance_10549_valuation_matrix.csv,2,4,0.462453,93.6455,202.49733486429972
additive,511,5.0,0.000405,3398.0,3408.0,3429.0,3438.0,3458.0,3458.0,True,instance_19044_valuation_matrix.csv,2,4,5.45455,76.3636,13.999981666681945
additive,512,5.0,0.00192,1434.0,1502.0,1642.0,1700.0,1832.0,1832.0,True,instance_18746_valuation_matrix.csv,2,4,8.0,61.7647,7.7205875
additive,513,5.0,6.300000000000001e-07,,,,,,60000.0,False,instance_15757_valuation_matrix.csv,2,4,1.0929,74.8555,68.4925427761003
additive,514,5.0,0.0081,494.0,495.0,496.0,497.0,499.0,499.0,True,instance_15559_valuation_matrix.csv,3,3,2.63158,92.1053,35.0
additive,515,5.0,9.000000000000001e-07,,,,,,60000.0,False,instance_14389_valuation_matrix.csv,2,4,0.283554,79.3951,279.9999294666977
additive,516,5.0,1.0,0.0,0.0,0.0,0.0,0.0,0.0,True,instance_23145_valuation_matrix.csv,2,3,33.3333,33.3333,1.0
additive,517,5.0,0.00168,2279.0,2511.0,2990.0,3188.0,3641.0,3641.0,True,instance_12937_valuation_matrix.csv,2,4,8.0,56.0,7.0
additive,518,5.0,0.000216,6861.0,6868.0,6881.0,6886.0,6899.0,6899.0,True,instance_16545_valuation_matrix.csv,2,4,3.0581,76.087,24.88048134462575
additive,519,5.0,1.8e-05,54641.0,,,,,60000.0,False,instance_15972_valuation_matrix.csv,3,4,2.5974,54.5455,21.0000385000385
additive,520,5.0,0.288,11.0,20.0,39.0,46.0,63.0,63.0,True,instance_10202_valuation_matrix.csv,2,4,13.6364,40.9091,2.9999926666862224
additive,521,5.0,0.00144,1224.0,1242.0,1278.0,1294.0,1328.0,1328.0,True,instance_10075_valuation_matrix.csv,2,4,7.36842,62.6866,8.507468358209765
additive,522,5.0,0.0054,98.0,101.0,106.0,109.0,114.0,114.0,True,instance_18667_valuation_matrix.csv,2,4,5.55556,38.8889,6.99999640000288
additive,523,5.0,0.000126,30471.0,31558.0,33805.0,34731.0,36855.0,36855.0,True,instance_9907_valuation_matrix.csv,3,4,4.28571,62.2222,14.518527851861185
additive,524,5.0,0.96,3.0,3.0,4.0,4.0,4.0,4.0,True,instance_18087_valuation_matrix.csv,2,4,16.6667,33.3333,1.9999940000120002
additive,525,5.0,5.400000000000001e-07,,,,,,60000.0,False,instance_14347_valuation_matrix.csv,2,6,0.00574887,98.5521,17142.86459773834
additive,526,5.0,2.4000000000000003e-06,,,,,,60000.0,False,instance_15445_valuation_matrix.csv,2,4,1.85701,90.9935,49.00000538500062
additive,527,5.0,0.001152,3325.0,3664.0,4364.0,4653.0,5314.0,5314.0,True,instance_10926_valuation_matrix.csv,2,4,7.40741,56.0,7.559997354000926
additive,528,5.0,0.0045,363.0,366.0,370.0,372.0,376.0,376.0,True,instance_15256_valuation_matrix.csv,2,4,8.0,68.8525,8.6065625
additive,529,5.0,0.00014,15203.0,15572.0,16339.0,16655.0,17382.0,17382.0,True,instance_21962_valuation_matrix.csv,2,4,4.16667,58.3333,13.999980800015361
additive,530,5.0,2.1e-06,,,,,,60000.0,False,instance_12145_valuation_matrix.csv,2,4,3.5533,79.096,22.2598711057327
additive,531,5.0,5.000000000000001e-07,,,,,,60000.0,False,instance_23633_valuation_matrix.csv,2,4,0.390625,68.3594,175.00006399999998
additive,532,5.0,0.0004,12355.0,15280.0,21181.0,23598.0,29135.0,29135.0,True,instance_17322_valuation_matrix.csv,2,4,3.78788,53.0303,13.99999472000169
additive,533,5.0,0.2592,18.0,32.0,61.0,73.0,100.0,100.0,True,instance_15817_valuation_matrix.csv,3,3,18.1818,45.4545,2.5000000000000004
additive,534,5.0,4e-05,48007.0,48917.0,,,,60000.0,False,instance_19284_valuation_matrix.csv,4,8,1.82927,51.2195,27.99996720003061
additive,535,5.0,0.00168,2279.0,2511.0,2990.0,3188.0,3641.0,3641.0,True,instance_17548_valuation_matrix.csv,2,4,8.0,56.0,7.0
additive,536,5.0,3.0000000000000005e-06,,,,,,60000.0,False,instance_13943_valuation_matrix.csv,2,4,1.89573,69.6682,36.7500646189067
additive,537,5.0,0.000432,7168.0,7687.0,8751.0,9187.0,10188.0,10188.0,True,instance_19773_valuation_matrix.csv,2,3,6.66667,66.6667,10.000000000000002
additive,538,5.0,7.000000000000001e-07,,,,,,60000.0,False,instance_12441_valuation_matrix.csv,2,4,1.28205,62.8205,49.000039000039
additive,539,5.0,0.112,33.0,85.0,194.0,233.0,321.0,321.0,True,instance_23753_valuation_matrix.csv,3,4,8.10811,48.6486,5.999992600001727
additive,540,5.0,1.4e-07,,,,,,60000.0,False,instance_12104_valuation_matrix.csv,2,4,0.0111099,62.461,5622.102809206203
additive,541,5.0,4e-05,31680.0,31762.0,31933.0,32004.0,32166.0,32166.0,True,instance_12373_valuation_matrix.csv,2,4,4.81928,72.4138,15.025854484487308
additive,542,5.0,0.000144,31739.0,32430.0,33884.0,34487.0,35875.0,35875.0,True,instance_9550_valuation_matrix.csv,3,7,0.628968,66.0417,105.0000953943603
additive,543,5.0,0.00168,2279.0,2511.0,2990.0,3188.0,3641.0,3641.0,True,instance_20538_valuation_matrix.csv,2,4,8.0,56.0,7.0
additive,544,5.0,0.000126,34524.0,35829.0,38600.0,39754.0,42410.0,42410.0,True,instance_16741_valuation_matrix.csv,2,6,2.90698,50.6024,17.407206103929166
additive,545,5.0,0.0324,59.0,60.0,62.0,62.0,64.0,64.0,True,instance_20618_valuation_matrix.csv,2,4,13.7255,54.902,4.0
additive,546,5.0,0.028,13.0,16.0,22.0,25.0,32.0,32.0,True,instance_11800_valuation_matrix.csv,2,37,1.0582,5.26316,4.973691173691174
additive,547,5.0,0.00288,1058.0,1124.0,1262.0,1318.0,1448.0,1448.0,True,instance_14026_valuation_matrix.csv,2,4,7.84314,54.902,7.000002549999108
additive,548,5.0,3.0000000000000004e-07,,,,,,60000.0,False,instance_15553_valuation_matrix.csv,3,4,0.0234137,95.8957,4095.70892255389
additive,549,5.0,1.4400000000000002e-06,,,,,,60000.0,False,instance_14442_valuation_matrix.csv,2,5,0.265604,92.9615,350.0003765003539
additive,550,5.0,9.720000000000002e-05,4121.0,4122.0,4123.0,4124.0,4125.0,4125.0,True,instance_18848_valuation_matrix.csv,2,4,2.85714,45.1613,15.806470806470807
additive,551,5.0,0.0004,6880.0,7206.0,7882.0,8161.0,8800.0,8800.0,True,instance_19240_valuation_matrix.csv,2,4,5.7971,60.8696,10.500008625002156
additive,552,5.0,0.2592,18.0,32.0,61.0,73.0,100.0,100.0,True,instance_15820_valuation_matrix.csv,3,3,18.1818,45.4545,2.5000000000000004
additive,553,5.0,0.001296,1359.0,1378.0,1419.0,1436.0,1474.0,1474.0,True,instance_21628_valuation_matrix.csv,2,4,8.04598,64.3678,7.9999950285732755
additive,554,5.0,0.0027,508.0,510.0,513.0,514.0,517.0,517.0,True,instance_21355_valuation_matrix.csv,2,4,7.84314,70.0,8.924996876251093
additive,555,5.0,0.00192,1132.0,1158.0,1213.0,1235.0,1286.0,1286.0,True,instance_23860_valuation_matrix.csv,2,4,8.0,65.1163,8.1395375
additive,556,5.0,4.5000000000000003e-07,,,,,,60000.0,False,instance_14348_valuation_matrix.csv,2,6,0.00575227,98.6104,17142.867076823582
additive,557,5.0,6.299999999999999e-05,24056.0,24080.0,24128.0,24148.0,24193.0,24193.0,True,instance_10950_valuation_matrix.csv,2,4,1.94265,55.5042,28.57138444907729
additive,558,5.0,2.4000000000000003e-06,,,,,,60000.0,False,instance_9648_valuation_matrix.csv,2,4,2.09059,73.1707,35.00002391669337
additive,559,5.0,6.300000000000001e-07,,,,,,60000.0,False,instance_22488_valuation_matrix.csv,2,4,0.769231,80.7692,104.99992850002145
additive,560,5.0,0.0021,415.0,419.0,15859.0,19617.0,27630.0,27630.0,True,instance_15796_valuation_matrix.csv,3,4,5.88235,64.1221,10.900762450381226
additive,561,5.0,0.00168,2279.0,2511.0,2990.0,3188.0,3641.0,3641.0,True,instance_17547_valuation_matrix.csv,2,4,8.0,56.0,7.0
additive,562,5.0,0.001152,3326.0,3666.0,4367.0,4656.0,5318.0,5318.0,True,instance_11499_valuation_matrix.csv,2,4,6.89655,56.0,8.120002030000506
additive,563,5.0,0.2592,18.0,32.0,61.0,73.0,100.0,100.0,True,instance_15818_valuation_matrix.csv,3,3,18.1818,45.4545,2.5000000000000004
additive,564,5.0,0.00126,1892.0,4228.0,8927.0,10839.0,15214.0,15214.0,True,instance_19076_valuation_matrix.csv,2,4,4.19162,47.9042,11.428564612250156
additive,565,5.0,1.8e-06,,,,,,60000.0,False,instance_12860_valuation_matrix.csv,2,4,1.15718,81.0029,70.00025925093762
additive,566,5.0,0.000315,12906.0,19376.0,32983.0,38634.0,51628.0,51628.0,True,instance_20745_valuation_matrix.csv,2,4,4.60829,38.7097,8.40001388801486
additive,567,5.0,0.00189,903.0,904.0,907.0,909.0,911.0,911.0,True,instance_16278_valuation_matrix.csv,2,4,2.40964,75.9036,31.49997510001494
additive,568,5.0,5e-06,,,,,,60000.0,False,instance_11033_valuation_matrix.csv,2,6,2.63158,61.3139,23.299272680290926
additive,569,5.0,0.108,25.0,26.0,27.0,28.0,30.0,30.0,True,instance_9850_valuation_matrix.csv,2,4,15.0,52.5,3.5
additive,570,5.0,0.00063,3246.0,3275.0,3337.0,3363.0,3422.0,3422.0,True,instance_20321_valuation_matrix.csv,2,5,5.26316,55.814,10.604655758137696
additive,571,5.0,0.042,38.0,38.0,41.0,42.0,45.0,45.0,True,instance_9523_valuation_matrix.csv,2,2,16.6667,83.3333,4.999988000024
additive,572,5.0,0.00504,277.0,278.0,281.0,282.0,284.0,284.0,True,instance_14386_valuation_matrix.csv,2,4,8.88889,62.6866,7.052241618469798
additive,573,5.0,2.0000000000000003e-06,,,,,,60000.0,False,instance_13349_valuation_matrix.csv,2,4,2.01005,78.6517,39.129225641153205
additive,574,5.0,6.400000000000001e-05,23975.0,24178.0,24600.0,24775.0,25175.0,25175.0,True,instance_17248_valuation_matrix.csv,2,4,3.30579,69.4215,20.999972775040156
additive,575,5.0,0.108,58.0,71.0,94.0,104.0,125.0,125.0,True,instance_18466_valuation_matrix.csv,2,4,12.0,50.9091,4.242425
additive,576,5.0,0.00014,12517.0,12697.0,13070.0,13223.0,13576.0,13576.0,True,instance_9908_valuation_matrix.csv,2,4,4.44444,65.4206,14.719649719649718
additive,577,5.0,0.00032,8651.0,9061.0,9912.0,10263.0,11068.0,11068.0,True,instance_18782_valuation_matrix.csv,2,4,4.41176,61.7647,14.000013600014507
additive,578,5.0,0.576,9.0,11.0,16.0,18.0,22.0,22.0,True,instance_21006_valuation_matrix.csv,2,3,20.0,50.0,2.5
additive,579,5.0,1.0,0.0,0.0,0.0,0.0,0.0,0.0,True,instance_10709_valuation_matrix.csv,2,2,50.0,50.0,1.0
additive,580,5.0,0.00168,2279.0,2511.0,2990.0,3188.0,3641.0,3641.0,True,instance_17351_valuation_matrix.csv,2,4,8.0,56.0,7.0
additive,581,5.0,0.00168,2279.0,2511.0,2990.0,3188.0,3641.0,3641.0,True,instance_20360_valuation_matrix.csv,2,4,8.0,56.0,7.0
additive,582,5.0,0.064,82.0,107.0,157.0,177.0,222.0,222.0,True,instance_10507_valuation_matrix.csv,2,4,9.09091,40.0,4.399999560000045
additive,583,5.0,4e-05,33963.0,34123.0,34457.0,34596.0,34913.0,34913.0,True,instance_18708_valuation_matrix.csv,2,4,4.91803,68.8525,14.000016266675885
additive,584,5.0,0.0432,68.0,134.0,264.0,316.0,436.0,436.0,True,instance_15719_valuation_matrix.csv,2,4,11.1111,44.6809,4.0212850212850215
additive,585,5.0,0.00048,12373.0,15225.0,21152.0,23608.0,29254.0,29254.0,True,instance_20800_valuation_matrix.csv,2,12,1.86916,25.8805,13.846059192364486
additive,586,5.0,1.2000000000000002e-06,,,,,,60000.0,False,instance_14334_valuation_matrix.csv,2,5,1.62162,81.0811,50.000061666728335
additive,587,5.0,0.000315,15729.0,18682.0,24644.0,27085.0,32677.0,32677.0,True,instance_13715_valuation_matrix.csv,2,4,4.79042,56.0,11.689997954250357
additive,588,5.0,1.0000000000000002e-06,,,,,,60000.0,False,instance_15638_valuation_matrix.csv,2,4,0.55666,71.5706,128.57147989796283
additive,589,5.0,0.00486,310.0,311.0,313.0,314.0,316.0,316.0,True,instance_21830_valuation_matrix.csv,2,4,7.69231,66.1417,8.598418420474474
additive,590,5.0,1.8e-05,,,,,,60000.0,False,instance_19741_valuation_matrix.csv,2,4,3.0303,44.6809,14.744711744711745
additive,591,5.0,0.00972,146.0,147.0,148.0,149.0,150.0,150.0,True,instance_20625_valuation_matrix.csv,2,3,13.3333,71.4286,5.3571583928959825
additive,592,5.0,1.0,0.0,0.0,0.0,0.0,0.0,0.0,True,instance_20238_valuation_matrix.csv,3,4,25.0,25.0,1.0
additive,593,5.0,0.00168,2279.0,2511.0,2990.0,3188.0,3641.0,3641.0,True,instance_11564_valuation_matrix.csv,2,4,8.0,56.0,7.0
additive,594,5.0,0.001701,754.0,755.0,758.0,759.0,761.0,761.0,True,instance_10295_valuation_matrix.csv,2,4,7.2165,72.1649,9.99998614286704
additive,595,5.0,0.0048,778.0,851.0,1004.0,1066.0,1210.0,1210.0,True,instance_11100_valuation_matrix.csv,2,4,6.15385,49.4118,8.029412481617198
additive,596,5.0,0.00112,2109.0,2182.0,2335.0,2399.0,2544.0,2544.0,True,instance_16332_valuation_matrix.csv,2,4,6.639,58.0913,8.750007531254706
additive,597,5.0,0.0042,707.0,1393.0,2738.0,3282.0,4527.0,4527.0,True,instance_10068_valuation_matrix.csv,2,4,5.26316,44.6809,8.489367604252958
additive,598,5.0,8.640000000000001e-05,19006.0,19096.0,19283.0,19361.0,19538.0,19538.0,True,instance_12872_valuation_matrix.csv,2,4,2.62172,56.0,21.360023190882323
additive,599,5.0,0.0144,392.0,808.0,1215.0,1363.0,1695.0,1695.0,True,instance_21448_valuation_matrix.csv,2,4,3.46535,49.505,14.285714285714286
additive,600,5.0,0.00036,9903.0,9937.0,10008.0,10038.0,10105.0,10105.0,True,instance_19020_valuation_matrix.csv,2,4,1.4862,84.9257,57.14284753061499
additive,601,5.0,0.0036,467.0,468.0,469.0,469.0,471.0,471.0,True,instance_9548_valuation_matrix.csv,3,3,9.85915,78.8732,8.0
additive,602,5.0,0.0144,270.0,283.0,311.0,322.0,348.0,348.0,True,instance_15237_valuation_matrix.csv,2,4,6.77966,47.4576,6.999997049999558
additive,603,5.0,2.4000000000000003e-06,,,,,,60000.0,False,instance_12461_valuation_matrix.csv,2,4,1.46879,71.9706,48.99992510842258
additive,604,5.0,0.0048,930.0,1009.0,1168.0,1234.0,1383.0,1383.0,True,instance_12998_valuation_matrix.csv,2,4,8.4507,59.1549,7.0
additive,605,5.0,2.0000000000000003e-06,,,,,,60000.0,False,instance_22966_valuation_matrix.csv,2,4,1.30152,64.6154,49.646106091339355
additive,606,5.0,0.09,30.0,32.0,34.0,35.0,37.0,37.0,True,instance_10171_valuation_matrix.csv,2,4,14.4928,50.7246,3.4999862000441597
additive,607,5.0,0.045,98.0,114.0,146.0,160.0,190.0,190.0,True,instance_11984_valuation_matrix.csv,2,3,12.0,56.0,4.666666666666667
additive,608,5.0,0.0045,338.0,339.0,341.0,342.0,344.0,344.0,True,instance_18867_valuation_matrix.csv,2,4,7.2165,72.1649,9.99998614286704
additive,609,5.0,5e-06,,,,,,60000.0,False,instance_18894_valuation_matrix.csv,2,4,2.58065,63.2258,24.49995156259082
additive,610,5.0,4.000000000000001e-06,,,,,,60000.0,False,instance_22129_valuation_matrix.csv,2,4,2.3753,53.1646,22.382267503052244
additive,611,5.0,0.009,302.0,311.0,330.0,338.0,357.0,357.0,True,instance_14627_valuation_matrix.csv,2,4,6.15385,50.9091,8.272723579547764
additive,612,5.0,1.0,0.0,0.0,0.0,0.0,0.0,0.0,True,instance_17867_valuation_matrix.csv,3,3,33.3333,33.3333,1.0
additive,613,5.0,0.0972,33.0,34.0,36.0,37.0,38.0,38.0,True,instance_12780_valuation_matrix.csv,2,4,12.0,60.0,5.0
additive,614,5.0,0.00168,2279.0,2511.0,2990.0,3188.0,3641.0,3641.0,True,instance_14243_valuation_matrix.csv,2,4,8.0,56.0,7.0
additive,615,5.0,1.6000000000000004e-06,,,,,,60000.0,False,instance_18550_valuation_matrix.csv,2,4,0.75188,63.1579,83.99997340001063
additive,616,5.0,0.00405,446.0,453.0,468.0,474.0,488.0,488.0,True,instance_19025_valuation_matrix.csv,2,4,8.51064,59.5745,7.00000234999953
additive,617,5.0,0.00036,3339.0,3345.0,3359.0,3365.0,3378.0,3378.0,True,instance_16672_valuation_matrix.csv,2,4,4.7619,66.6667,14.000021000021002
additive,618,5.0,0.00016,9950.0,10028.0,10192.0,10260.0,10417.0,10417.0,True,instance_12884_valuation_matrix.csv,2,4,4.28571,60.0,14.000014000014
additive,619,5.0,7.000000000000001e-07,,,,,,60000.0,False,instance_21029_valuation_matrix.csv,2,4,1.26582,70.8861,56.000142200312844
additive,620,5.0,0.00054,2110.0,2113.0,2120.0,2122.0,2129.0,2129.0,True,instance_16524_valuation_matrix.csv,2,4,2.7027,56.7568,21.000037000036997
additive,621,5.0,0.001152,3338.0,3679.0,4381.0,4671.0,5334.0,5334.0,True,instance_10014_valuation_matrix.csv,2,4,4.44444,56.0,12.6000126000126
additive,622,5.0,0.09,30.0,32.0,34.0,35.0,37.0,37.0,True,instance_23737_valuation_matrix.csv,2,4,14.4928,50.7246,3.4999862000441597
additive,623,5.0,0.0128,194.0,225.0,298.0,384.0,893.0,893.0,True,instance_12236_valuation_matrix.csv,2,6,6.03448,31.0345,5.142862351022789
additive,624,5.0,0.00189,1187.0,1219.0,1286.0,1314.0,1377.0,1377.0,True,instance_12041_valuation_matrix.csv,2,4,6.54206,65.4206,9.999999999999998
additive,625,5.0,1.6000000000000006e-07,,,,,,60000.0,False,instance_15197_valuation_matrix.csv,2,4,0.0278629,98.385,3531.0394826094916
additive,626,5.0,0.00024,15946.0,17575.0,20933.0,22315.0,25488.0,25488.0,True,instance_13454_valuation_matrix.csv,2,4,5.6338,59.1549,10.5
additive,627,5.0,0.00288,442.0,1472.0,3636.0,4525.0,6561.0,6561.0,True,instance_10890_valuation_matrix.csv,2,4,5.55556,44.4444,7.99998560001152
additive,628,5.0,2.1e-06,,,,,,60000.0,False,instance_18891_valuation_matrix.csv,2,4,2.02703,70.9459,34.99992600010853
additive,629,5.0,0.00168,2279.0,2511.0,2990.0,3188.0,3641.0,3641.0,True,instance_14086_valuation_matrix.csv,2,4,8.0,56.0,7.0
additive,630,5.0,4e-05,45957.0,46337.0,47144.0,47480.0,48254.0,48254.0,True,instance_16020_valuation_matrix.csv,2,4,2.67857,58.3333,21.777776948147704
additive,631,5.0,0.00048,12373.0,15225.0,21152.0,23608.0,29254.0,29254.0,True,instance_20799_valuation_matrix.csv,2,12,1.86916,25.8805,13.846059192364486
additive,632,5.0,2.4000000000000003e-06,,,,,,60000.0,False,instance_17474_valuation_matrix.csv,2,4,2.94118,68.5714,23.31424802290237
additive,633,5.0,9.000000000000001e-07,,,,,,60000.0,False,instance_17069_valuation_matrix.csv,2,4,0.694786,69.4786,100.0
additive,634,5.0,0.00168,2279.0,2511.0,2990.0,3188.0,3641.0,3641.0,True,instance_18814_valuation_matrix.csv,2,4,8.0,56.0,7.0
additive,635,5.0,5.400000000000001e-07,,,,,,60000.0,False,instance_14610_valuation_matrix.csv,2,12,0.636943,17.5055,27.483620983353298
additive,636,5.0,2.4000000000000003e-06,,,,,,60000.0,False,instance_9787_valuation_matrix.csv,4,4,0.51458,84.9057,164.99999999999997
additive,637,5.0,1e-05,,,,,,60000.0,False,instance_10102_valuation_matrix.csv,2,4,2.83401,80.9717,28.57142353061563
additive,638,5.0,0.0048,778.0,851.0,1004.0,1066.0,1210.0,1210.0,True,instance_11099_valuation_matrix.csv,2,4,6.15385,49.4118,8.029412481617198
additive,639,5.0,0.0162,306.0,374.0,511.0,567.0,696.0,696.0,True,instance_17211_valuation_matrix.csv,2,4,9.6538,46.6045,4.827580848992107
additive,640,5.0,0.3239999999999999,44.0,47.0,53.0,55.0,61.0,61.0,True,instance_12961_valuation_matrix.csv,3,3,11.1111,66.6667,6.000009000009
additive,641,5.0,3.0000000000000005e-06,,,,,,60000.0,False,instance_17675_valuation_matrix.csv,2,4,2.54237,71.1864,28.000015733351166
additive,642,5.0,0.0004,6880.0,7206.0,7882.0,8161.0,8800.0,8800.0,True,instance_20939_valuation_matrix.csv,2,4,5.7971,60.8696,10.500008625002156
additive,643,5.0,0.0004,6880.0,7206.0,7882.0,8161.0,8800.0,8800.0,True,instance_20940_valuation_matrix.csv,2,4,5.7971,60.8696,10.500008625002156
additive,644,5.0,0.00168,2279.0,2511.0,2990.0,3188.0,3641.0,3641.0,True,instance_14122_valuation_matrix.csv,2,4,8.0,56.0,7.0
additive,645,5.0,0.0036,467.0,468.0,469.0,469.0,471.0,471.0,True,instance_9542_valuation_matrix.csv,3,3,9.85915,78.8732,8.0
additive,646,5.0,8.000000000000002e-07,,,,,,60000.0,False,instance_20137_valuation_matrix.csv,2,4,0.0019723,98.6151,50000.050702225824
additive,647,5.0,0.00168,2279.0,2511.0,2990.0,3188.0,3641.0,3641.0,True,instance_18751_valuation_matrix.csv,2,4,8.0,56.0,7.0
additive,648,5.0,1.0,0.0,0.0,0.0,0.0,0.0,0.0,True,instance_16480_valuation_matrix.csv,2,3,33.3333,33.3333,1.0
additive,649,5.0,0.00168,2279.0,2511.0,2990.0,3188.0,3641.0,3641.0,True,instance_19305_valuation_matrix.csv,2,4,8.0,56.0,7.0
additive,650,5.0,0.096,19.0,20.0,22.0,23.0,26.0,26.0,True,instance_11760_valuation_matrix.csv,2,2,20.0,80.0,4.0
additive,651,5.0,0.00486,332.0,334.0,336.0,337.0,340.0,340.0,True,instance_15072_valuation_matrix.csv,2,4,8.86076,70.8861,8.000002257142727
additive,652,5.0,0.0108,156.0,157.0,159.0,159.0,161.0,161.0,True,instance_16821_valuation_matrix.csv,2,4,9.83607,68.8525,7.00000101666621
additive,653,5.0,5.400000000000001e-07,,,,,,60000.0,False,instance_14350_valuation_matrix.csv,2,6,0.253936,77.1803,303.93603112595304
additive,654,5.0,2.7000000000000004e-06,,,,,,60000.0,False,instance_13771_valuation_matrix.csv,2,4,1.92926,67.5241,35.0
additive,655,5.0,0.00168,2279.0,2511.0,2990.0,3188.0,3641.0,3641.0,True,instance_12619_valuation_matrix.csv,2,4,8.0,56.0,7.0
additive,656,5.0,9.000000000000001e-07,,,,,,60000.0,False,instance_14329_valuation_matrix.csv,2,4,0.470219,82.2884,175.0001595001478
additive,657,5.0,9e-05,23675.0,26679.0,27045.0,27107.0,28844.0,28844.0,True,instance_15921_valuation_matrix.csv,2,4,4.41176,61.7647,14.000013600014507
additive,658,5.0,0.000108,14768.0,14779.0,14801.0,14810.0,14831.0,14831.0,True,instance_20793_valuation_matrix.csv,3,4,5.55556,77.7778,13.99999280000576
additive,659,5.0,9e-06,58749.0,58757.0,,,,60000.0,False,instance_15800_valuation_matrix.csv,3,4,2.12766,63.8298,29.999999999999996
additive,660,5.0,4.5000000000000003e-07,,,,,,60000.0,False,instance_10563_valuation_matrix.csv,2,4,0.0010857,97.7132,90000.18421295017
additive,661,5.0,3.15,1.0,1.0,2.0,2.0,2.0,2.0,True,instance_17526_valuation_matrix.csv,2,2,42.8571,57.1429,1.333335666669
additive,662,5.0,0.00036,10633.0,11719.0,13958.0,14880.0,16996.0,16996.0,True,instance_15573_valuation_matrix.csv,2,4,5.47945,57.5342,10.499995437498288
additive,663,5.0,0.0144,217.0,618.0,1240.0,1442.0,1887.0,1887.0,True,instance_22231_valuation_matrix.csv,2,4,6.30631,50.4505,8.000003171426714
additive,664,5.0,8.000000000000001e-06,,,,,,60000.0,False,instance_14311_valuation_matrix.csv,2,4,2.17391,45.6522,21.000041400057963
additive,665,5.0,0.0001259999999999,10266.0,10299.0,10366.0,10394.0,10458.0,10458.0,True,instance_20297_valuation_matrix.csv,2,4,4.87805,72.4138,14.844825288793677
additive,666,5.0,0.0004,3912.0,3949.0,4025.0,4057.0,4130.0,4130.0,True,instance_18754_valuation_matrix.csv,2,4,6.10687,64.1221,10.499994268749786
additive,667,5.0,1.8e-06,,,,,,60000.0,False,instance_10755_valuation_matrix.csv,3,3,0.0547146,99.8541,1824.999177550416
additive,668,5.0,4.5e-06,,,,,,60000.0,False,instance_19645_valuation_matrix.csv,4,8,0.581395,69.7674,119.99999999999999
additive,669,5.0,0.0036,467.0,468.0,469.0,469.0,471.0,471.0,True,instance_9547_valuation_matrix.csv,3,3,9.85915,78.8732,8.0
multiplicative,0,1.2,0.25,16.0,17.0,18.0,19.0,20.0,20.0,True,instance_24129_valuation_matrix.csv,2,4,5.12821,71.7949,13.999992200007409
multiplicative,1,1.2,0.168,9.0,9.0,10.0,10.0,11.0,11.0,True,instance_16895_valuation_matrix.csv,2,4,8.04598,70.8861,8.810126299095947
multiplicative,2,1.2,0.0364499999999999,87.0,91.0,99.0,103.0,111.0,111.0,True,instance_14353_valuation_matrix.csv,2,6,0.0655523,98.3284,1499.9992372502568
multiplicative,3,1.2,0.225,6.0,6.0,6.0,7.0,7.0,7.0,True,instance_15114_valuation_matrix.csv,2,4,8.0,56.0,7.0
multiplicative,4,1.2,0.0486,63.0,65.0,71.0,74.0,80.0,80.0,True,instance_18898_valuation_matrix.csv,2,4,0.469484,72.5953,154.62784674238097
multiplicative,5,1.2,0.126,13.0,13.0,15.0,16.0,18.0,18.0,True,instance_20867_valuation_matrix.csv,2,4,1.5887,78.5047,49.41442688990999
multiplicative,6,1.2,0.32,5.0,5.0,6.0,6.0,7.0,7.0,True,instance_13237_valuation_matrix.csv,2,4,9.83607,56.7568,5.770272070044236
multiplicative,7,1.2,0.1943999999999999,14.0,14.0,15.0,15.0,16.0,16.0,True,instance_9885_valuation_matrix.csv,2,4,1.49254,71.1864,47.694802149356136
multiplicative,8,1.2,0.225,6.0,6.0,6.0,7.0,7.0,7.0,True,instance_19470_valuation_matrix.csv,2,4,8.0,56.0,7.0
multiplicative,9,1.2,1.0,0.0,0.0,0.0,0.0,0.0,0.0,True,instance_16130_valuation_matrix.csv,5,7,14.2857,14.2857,1.0
multiplicative,10,1.2,0.2,7.0,7.0,8.0,8.0,8.0,8.0,True,instance_18685_valuation_matrix.csv,2,4,8.95522,62.6866,7.000006700002903
multiplicative,11,1.2,0.2159999999999999,6.0,7.0,8.0,8.0,10.0,10.0,True,instance_21385_valuation_matrix.csv,2,4,6.73401,47.138,6.999989605005042
multiplicative,12,1.2,0.1619999999999999,17.0,18.0,19.0,19.0,21.0,21.0,True,instance_14312_valuation_matrix.csv,5,6,0.398918,55.0508,138.0002907865777
multiplicative,13,1.2,0.2429999999999999,20.0,21.0,22.0,23.0,24.0,24.0,True,instance_12048_valuation_matrix.csv,2,4,3.8961,58.3333,14.972228638895306
multiplicative,14,1.2,0.252,5.0,5.0,7.0,7.0,8.0,8.0,True,instance_22232_valuation_matrix.csv,2,4,7.69231,44.4444,5.77777026666892
multiplicative,15,1.2,0.2,6.0,7.0,7.0,8.0,8.0,8.0,True,instance_9544_valuation_matrix.csv,3,3,9.85915,78.8732,8.0
multiplicative,16,1.2,0.002187,1790.0,1851.0,1995.0,2058.0,2204.0,2204.0,True,instance_15322_valuation_matrix.csv,2,4,0.0142745,99.9215,6999.999999999999
multiplicative,17,1.2,0.216,7.0,7.0,8.0,8.0,8.0,8.0,True,instance_9733_valuation_matrix.csv,2,4,8.51064,65.1163,7.651163719767255
multiplicative,18,1.2,0.3,7.0,8.0,10.0,12.0,14.0,14.0,True,instance_13078_valuation_matrix.csv,2,4,8.0,56.0,7.0
multiplicative,19,1.2,0.2159999999999999,6.0,7.0,8.0,9.0,10.0,10.0,True,instance_16068_valuation_matrix.csv,2,4,4.16667,58.3333,13.999980800015361
multiplicative,20,1.2,0.036,82.0,86.0,94.0,97.0,106.0,106.0,True,instance_11689_valuation_matrix.csv,2,8,0.0649808,53.8531,828.7540319602097
multiplicative,21,1.2,0.1727999999999999,9.0,10.0,11.0,11.0,12.0,12.0,True,instance_16448_valuation_matrix.csv,2,4,3.30579,69.4215,20.999972775040156
multiplicative,22,1.2,0.256,16.0,16.0,17.0,18.0,19.0,19.0,True,instance_19266_valuation_matrix.csv,3,8,0.934579,74.7664,80.00008560004024
multiplicative,23,1.2,0.2159999999999999,7.0,8.0,9.0,9.0,10.0,10.0,True,instance_19011_valuation_matrix.csv,2,4,8.0,62.7291,7.8411375
multiplicative,24,1.2,0.225,8.0,8.0,9.0,9.0,11.0,11.0,True,instance_10101_valuation_matrix.csv,2,4,5.37634,47.4576,8.827120308611434
multiplicative,25,1.2,0.18,10.0,10.0,11.0,11.0,12.0,12.0,True,instance_14277_valuation_matrix.csv,2,4,2.5,78.5047,31.40188
multiplicative,26,1.2,0.192,10.0,10.0,11.0,11.0,12.0,12.0,True,instance_15454_valuation_matrix.csv,2,4,3.32226,75.0,22.574994130501526
multiplicative,27,1.2,0.1943999999999999,12.0,13.0,13.0,13.0,14.0,14.0,True,instance_12288_valuation_matrix.csv,2,5,2.12766,74.4681,35.0
multiplicative,28,1.2,0.0972,62.0,67.0,77.0,81.0,90.0,90.0,True,instance_18141_valuation_matrix.csv,2,4,1.6129,64.5161,40.000062000124
multiplicative,29,1.2,0.1152,8.0,9.0,11.0,13.0,81.0,81.0,True,instance_19050_valuation_matrix.csv,2,4,1.66667,61.3139,36.78826642346715
multiplicative,30,1.2,0.225,6.0,7.0,7.0,8.0,8.0,8.0,True,instance_21252_valuation_matrix.csv,2,4,7.36842,58.9474,8.000005428572203
multiplicative,31,1.2,0.2799999999999999,6.0,6.0,8.0,9.0,11.0,11.0,True,instance_21380_valuation_matrix.csv,2,5,8.69565,26.087,3.000005750001437
multiplicative,32,1.2,0.054,41.0,44.0,49.0,52.0,58.0,58.0,True,instance_10018_valuation_matrix.csv,4,4,0.192678,79.3651,411.905355048319
multiplicative,33,1.2,0.12,17.0,17.0,19.0,20.0,22.0,22.0,True,instance_9844_valuation_matrix.csv,2,4,2.537,88.7949,34.99996058336618
multiplicative,34,1.2,0.225,6.0,6.0,6.0,7.0,7.0,7.0,True,instance_14239_valuation_matrix.csv,2,4,8.0,56.0,7.0
multiplicative,35,1.2,0.216,9.0,9.0,10.0,10.0,11.0,11.0,True,instance_13205_valuation_matrix.csv,3,4,2.36686,67.2,28.3920468468773
multiplicative,36,1.2,0.225,6.0,6.0,6.0,7.0,7.0,7.0,True,instance_14240_valuation_matrix.csv,2,4,8.0,56.0,7.0
multiplicative,37,1.2,0.21,8.0,8.0,9.0,9.0,10.0,10.0,True,instance_20974_valuation_matrix.csv,2,4,4.08163,59.5745,14.595761987245293
multiplicative,38,1.2,0.2159999999999999,5.0,5.0,7.0,9.0,11.0,11.0,True,instance_11868_valuation_matrix.csv,6,28,0.157853,78.9266,500.0006335007887
multiplicative,39,1.2,0.2267999999999999,7.0,8.0,8.0,8.0,9.0,9.0,True,instance_12235_valuation_matrix.csv,2,4,3.77358,61.3139,16.24820462266601
multiplicative,40,1.2,0.1943999999999999,8.0,8.0,9.0,9.0,9.0,9.0,True,instance_14581_valuation_matrix.csv,2,4,8.08625,62.2642,7.700009275003866
multiplicative,41,1.2,0.2159999999999999,9.0,10.0,11.0,12.0,13.0,13.0,True,instance_18016_valuation_matrix.csv,2,4,6.89655,66.6667,9.66667391666848
multiplicative,42,1.2,0.252,4.0,4.0,5.0,5.0,6.0,6.0,True,instance_10300_valuation_matrix.csv,2,4,12.5,40.0,3.2
multiplicative,43,1.2,0.225,6.0,6.0,6.0,7.0,7.0,7.0,True,instance_15870_valuation_matrix.csv,2,4,8.0,56.0,7.0
multiplicative,44,1.2,0.1679999999999999,15.0,15.0,16.0,17.0,18.0,18.0,True,instance_10177_valuation_matrix.csv,2,4,3.8674,85.5397,22.11814138697833
multiplicative,45,1.2,0.252,7.0,8.0,9.0,10.0,12.0,12.0,True,instance_17132_valuation_matrix.csv,2,4,6.25,50.0,8.0
multiplicative,46,1.2,0.1512,7.0,8.0,11.0,13.0,16.0,16.0,True,instance_19269_valuation_matrix.csv,3,5,2.04082,40.0,19.599964720063504
multiplicative,47,1.2,0.192,12.0,12.0,12.0,13.0,13.0,13.0,True,instance_10513_valuation_matrix.csv,2,13,0.0392619,98.1547,2499.9987265007553
multiplicative,48,1.2,0.18,10.0,10.0,11.0,11.0,12.0,12.0,True,instance_14278_valuation_matrix.csv,2,4,2.5,78.5047,31.40188
multiplicative,49,1.2,0.24,10.0,10.0,12.0,12.0,13.0,13.0,True,instance_15774_valuation_matrix.csv,2,4,4.44444,62.2222,14.000009000009
multiplicative,50,1.2,0.27,5.0,6.0,7.0,8.0,10.0,10.0,True,instance_10941_valuation_matrix.csv,2,4,6.97674,48.8372,7.000002866668387
multiplicative,51,1.2,0.144,17.0,18.0,19.0,20.0,21.0,21.0,True,instance_14359_valuation_matrix.csv,2,6,0.388457,83.2408,214.28575106125
multiplicative,52,1.2,0.1296,24.0,28.0,36.0,39.0,46.0,46.0,True,instance_18644_valuation_matrix.csv,2,4,2.25564,63.1579,27.999991133336877
multiplicative,53,1.2,0.16,8.0,9.0,10.0,10.0,12.0,12.0,True,instance_23882_valuation_matrix.csv,2,4,2.8169,59.1549,21.0
multiplicative,54,1.2,0.126,13.0,13.0,16.0,17.0,19.0,19.0,True,instance_17220_valuation_matrix.csv,3,3,1.49254,89.5522,59.9998660002412
multiplicative,55,1.2,0.216,9.0,10.0,10.0,11.0,11.0,11.0,True,instance_10265_valuation_matrix.csv,2,4,5.43478,76.087,14.000014720007066
multiplicative,56,1.2,0.144,21.0,24.0,30.0,33.0,38.0,38.0,True,instance_11710_valuation_matrix.csv,2,4,1.7094,59.8291,35.0000585000585
multiplicative,57,1.2,0.072,34.0,35.0,39.0,41.0,45.0,45.0,True,instance_16146_valuation_matrix.csv,3,6,0.131156,92.7272,706.9992985452438
multiplicative,58,1.2,0.225,8.0,8.0,9.0,9.0,10.0,10.0,True,instance_17644_valuation_matrix.csv,2,4,6.97674,69.7674,9.999999999999998
multiplicative,59,1.2,0.2799999999999999,7.0,9.0,12.0,13.0,16.0,16.0,True,instance_20908_valuation_matrix.csv,4,5,3.46021,62.2837,17.999976880015954
multiplicative,60,1.2,0.225,5.0,6.0,7.0,7.0,8.0,8.0,True,instance_23731_valuation_matrix.csv,2,6,8.73362,33.2103,3.802581289316457
multiplicative,61,1.2,0.2304,8.0,8.0,9.0,10.0,10.0,10.0,True,instance_12786_valuation_matrix.csv,2,4,3.30579,69.4215,20.999972775040156
multiplicative,62,1.2,0.0432,34.0,36.0,43.0,46.0,53.0,53.0,True,instance_18132_valuation_matrix.csv,2,4,0.862069,60.3448,69.9999652000014
multiplicative,63,1.2,0.216,9.0,9.0,9.0,9.0,10.0,10.0,True,instance_16094_valuation_matrix.csv,2,4,3.50877,73.6842,21.000008550004704
multiplicative,64,1.2,0.072,34.0,40.0,52.0,57.0,68.0,68.0,True,instance_10557_valuation_matrix.csv,2,4,0.766284,60.3448,78.74991517505259
multiplicative,65,1.2,0.144,10.0,12.0,18.0,21.0,28.0,28.0,True,instance_18758_valuation_matrix.csv,2,4,1.62602,81.3008,49.99987700028289
multiplicative,66,1.2,0.072,20.0,22.0,25.0,27.0,31.0,31.0,True,instance_9838_valuation_matrix.csv,2,4,0.925926,64.8148,69.99997840000174
multiplicative,67,1.2,0.2024999999999999,9.0,9.0,10.0,10.0,11.0,11.0,True,instance_12871_valuation_matrix.csv,2,4,2.62172,56.0,21.360023190882323
multiplicative,68,1.2,0.225,6.0,6.0,6.0,7.0,7.0,7.0,True,instance_10224_valuation_matrix.csv,2,4,8.0,56.0,7.0
multiplicative,69,1.2,0.0486,63.0,65.0,71.0,74.0,80.0,80.0,True,instance_18897_valuation_matrix.csv,2,4,0.469484,72.5953,154.62784674238097
multiplicative,70,1.2,0.2,6.0,6.0,7.0,7.0,7.0,7.0,True,instance_14080_valuation_matrix.csv,2,4,7.40741,56.0,7.559997354000926
multiplicative,71,1.2,0.1619999999999999,12.0,13.0,15.0,15.0,17.0,17.0,True,instance_12350_valuation_matrix.csv,2,4,1.47059,76.3636,51.927185687377175
multiplicative,72,1.2,0.192,8.0,8.0,9.0,9.0,9.0,9.0,True,instance_14417_valuation_matrix.csv,2,6,4.34783,45.6522,10.499996550003106
multiplicative,73,1.2,0.225,6.0,6.0,6.0,7.0,7.0,7.0,True,instance_9580_valuation_matrix.csv,2,4,8.0,56.0,7.0
multiplicative,74,1.2,0.256,10.0,10.0,12.0,12.0,13.0,13.0,True,instance_14997_valuation_matrix.csv,2,6,3.92157,48.3871,12.338706181452835
multiplicative,75,1.2,0.0018,644.0,716.0,889.0,965.0,1143.0,1143.0,True,instance_15875_valuation_matrix.csv,2,2,0.0999001,99.9001,999.9999999999999
multiplicative,76,1.2,0.2835,18.0,38.0,38.0,39.0,39.0,39.0,True,instance_9879_valuation_matrix.csv,2,4,1.52091,74.5247,49.000072325121145
multiplicative,77,1.2,0.192,9.0,10.0,11.0,11.0,12.0,12.0,True,instance_23011_valuation_matrix.csv,2,4,2.37288,59.5745,25.106410775091874
multiplicative,78,1.2,0.0896,9.0,11.0,13.0,14.0,17.0,17.0,True,instance_20746_valuation_matrix.csv,2,4,4.60829,38.7097,8.40001388801486
multiplicative,79,1.2,0.192,7.0,7.0,8.0,8.0,9.0,9.0,True,instance_15826_valuation_matrix.csv,4,4,2.4948,61.1227,24.500040083373417
multiplicative,80,1.2,0.2699999999999999,3.0,4.0,5.0,5.0,7.0,7.0,True,instance_16323_valuation_matrix.csv,2,3,14.2857,50.0,3.5000035000035
multiplicative,81,1.2,0.1700999999999999,14.0,16.0,20.0,21.0,25.0,25.0,True,instance_20410_valuation_matrix.csv,3,4,0.00989022,98.9022,10000.0
multiplicative,82,1.2,1.0,0.0,0.0,0.0,0.0,0.0,0.0,True,instance_15474_valuation_matrix.csv,3,3,33.3333,33.3333,1.0
multiplicative,83,1.2,0.2429999999999999,16.0,16.0,18.0,18.0,19.0,19.0,True,instance_14101_valuation_matrix.csv,2,4,1.31579,52.6316,40.0
multiplicative,84,1.2,0.25,10.0,10.0,11.0,11.0,12.0,12.0,True,instance_12222_valuation_matrix.csv,2,4,1.89573,81.5166,43.00011077526863
multiplicative,85,1.2,0.225,9.0,9.0,9.0,10.0,10.0,10.0,True,instance_14178_valuation_matrix.csv,2,4,4.65116,65.1163,14.00001290000774
multiplicative,86,1.2,0.225,6.0,6.0,6.0,7.0,7.0,7.0,True,instance_15514_valuation_matrix.csv,2,4,8.0,56.0,7.0
multiplicative,87,1.2,0.252,6.0,7.0,8.0,9.0,10.0,10.0,True,instance_15790_valuation_matrix.csv,3,4,6.06061,53.8462,8.884617224998804
multiplicative,88,1.2,0.216,10.0,10.0,11.0,11.0,12.0,12.0,True,instance_10317_valuation_matrix.csv,2,4,5.17241,72.4138,14.000011600008506
multiplicative,89,1.2,0.192,10.0,10.0,11.0,12.0,13.0,13.0,True,instance_19083_valuation_matrix.csv,2,4,4.28571,60.0,14.000014000014
multiplicative,90,1.2,0.224,8.0,8.0,8.0,8.0,9.0,9.0,True,instance_11206_valuation_matrix.csv,2,4,4.87805,68.2927,14.0
multiplicative,91,1.2,0.256,10.0,10.0,11.0,11.0,12.0,12.0,True,instance_20363_valuation_matrix.csv,3,4,3.22581,62.6866,19.432824623892913
multiplicative,92,1.2,0.2429999999999999,10.0,10.0,11.0,12.0,16.0,16.0,True,instance_19128_valuation_matrix.csv,2,4,4.16667,58.3333,13.999980800015361
multiplicative,93,1.2,0.2835,6.0,6.0,8.0,8.0,10.0,10.0,True,instance_14140_valuation_matrix.csv,2,4,7.14286,50.0,6.99999720000112
multiplicative,94,1.2,0.0756,24.0,25.0,29.0,30.0,34.0,34.0,True,instance_14337_valuation_matrix.csv,2,6,0.776915,57.1429,73.5510319661739
multiplicative,95,1.2,0.252,4.0,5.0,6.0,6.0,7.0,7.0,True,instance_23171_valuation_matrix.csv,2,4,6.16967,42.6396,6.911163806167915
multiplicative,96,1.2,0.2159999999999999,4.0,4.0,5.0,5.0,6.0,6.0,True,instance_9637_valuation_matrix.csv,2,4,5.55556,38.8889,6.99999640000288
multiplicative,97,1.2,0.2,7.0,8.0,9.0,9.0,10.0,10.0,True,instance_10998_valuation_matrix.csv,2,4,5.51181,60.0,10.885716307347314
multiplicative,98,1.2,0.0045,425.0,455.0,528.0,560.0,634.0,634.0,True,instance_20415_valuation_matrix.csv,2,4,0.00845952,71.06,8400.003782720532
multiplicative,99,1.2,0.27,7.0,7.0,9.0,9.0,11.0,11.0,True,instance_10461_valuation_matrix.csv,2,4,6.25,56.0,8.96
multiplicative,100,1.2,0.3,5.0,6.0,10.0,11.0,16.0,16.0,True,instance_14813_valuation_matrix.csv,2,5,9.23077,45.4545,4.92423708964691
multiplicative,101,1.2,0.2304,24.0,25.0,26.0,26.0,28.0,28.0,True,instance_10737_valuation_matrix.csv,4,5,0.763359,83.3333,109.1665913416885
multiplicative,102,1.2,0.2159999999999999,3.0,3.0,4.0,4.0,5.0,5.0,True,instance_15823_valuation_matrix.csv,3,3,18.1818,45.4545,2.5000000000000004
multiplicative,103,1.2,0.192,7.0,8.0,8.0,9.0,9.0,9.0,True,instance_19034_valuation_matrix.csv,2,4,7.45712,58.3333,7.822497157079409
multiplicative,104,1.2,0.0896,9.0,11.0,13.0,14.0,17.0,17.0,True,instance_20743_valuation_matrix.csv,2,4,4.60829,38.7097,8.40001388801486
multiplicative,105,1.2,0.128,19.0,20.0,22.0,23.0,24.0,24.0,True,instance_14441_valuation_matrix.csv,2,5,0.265604,92.9615,350.0003765003539
multiplicative,106,1.2,0.00784,756.0,773.0,813.0,830.0,870.0,870.0,True,instance_12688_valuation_matrix.csv,2,4,0.00185934,99.6845,53612.8411156647
multiplicative,107,1.2,0.0768,46.0,48.0,52.0,53.0,56.0,56.0,True,instance_14332_valuation_matrix.csv,2,5,0.208106,89.1884,428.57197774211215
multiplicative,108,1.2,0.225,6.0,6.0,6.0,7.0,7.0,7.0,True,instance_11842_valuation_matrix.csv,2,4,8.0,56.0,7.0
multiplicative,109,1.2,0.1008,15.0,17.0,20.0,21.0,25.0,25.0,True,instance_18656_valuation_matrix.csv,2,4,1.49254,62.6866,41.999946400096476
multiplicative,110,1.2,0.225,6.0,6.0,6.0,7.0,7.0,7.0,True,instance_19411_valuation_matrix.csv,2,4,8.0,56.0,7.0
multiplicative,111,1.2,0.216,7.0,8.0,8.0,9.0,10.0,10.0,True,instance_19468_valuation_matrix.csv,2,5,4.34783,34.7826,7.9999908000082804
multiplicative,112,1.2,0.036,65.0,69.0,80.0,84.0,94.0,94.0,True,instance_14344_valuation_matrix.csv,2,6,0.0470921,75.9494,1612.7843098948656
multiplicative,113,1.2,0.18,10.0,11.0,13.0,14.0,17.0,17.0,True,instance_14133_valuation_matrix.csv,2,4,3.125,43.75,14.0
multiplicative,114,1.2,0.27,7.0,9.0,13.0,14.0,17.0,17.0,True,instance_18924_valuation_matrix.csv,2,4,4.34783,60.8696,13.99999540000414
multiplicative,115,1.2,0.2,6.0,6.0,7.0,7.0,7.0,7.0,True,instance_16808_valuation_matrix.csv,2,4,6.57895,50.9091,7.738180104727959
multiplicative,116,1.2,0.18,7.0,7.0,8.0,8.0,9.0,9.0,True,instance_17413_valuation_matrix.csv,2,4,3.94737,55.2632,14.00000506666464
multiplicative,117,1.2,0.2159999999999999,12.0,12.0,13.0,13.0,14.0,14.0,True,instance_19748_valuation_matrix.csv,2,4,1.34048,75.067,56.000089520171876
multiplicative,118,1.2,0.224,4.0,4.0,5.0,6.0,21.0,21.0,True,instance_23934_valuation_matrix.csv,2,5,6.3745,39.8406,6.2499960781237744
multiplicative,119,1.2,0.2,8.0,8.0,9.0,10.0,11.0,11.0,True,instance_21085_valuation_matrix.csv,2,4,4.44444,62.543,14.072189072189072
multiplicative,120,1.2,0.21,9.0,9.0,10.0,10.0,12.0,12.0,True,instance_21961_valuation_matrix.csv,2,4,4.16667,58.3333,13.999980800015361
multiplicative,121,1.2,0.21,8.0,8.0,9.0,9.0,10.0,10.0,True,instance_18805_valuation_matrix.csv,2,4,6.54206,65.4206,9.999999999999998
multiplicative,122,1.2,0.054,35.0,38.0,44.0,46.0,52.0,52.0,True,instance_14181_valuation_matrix.csv,2,4,0.22792,69.4215,304.5871358371358
multiplicative,123,1.2,0.225,6.0,6.0,6.0,7.0,7.0,7.0,True,instance_11875_valuation_matrix.csv,2,4,8.0,56.0,7.0
multiplicative,124,1.2,0.2,8.0,8.0,9.0,9.0,10.0,10.0,True,instance_22641_valuation_matrix.csv,2,4,4.87805,68.2927,14.0
multiplicative,125,1.2,0.225,5.0,6.0,6.0,7.0,7.0,7.0,True,instance_13553_valuation_matrix.csv,2,4,5.47945,57.5342,10.499995437498288
multiplicative,126,1.2,0.225,4.0,4.0,5.0,5.0,6.0,6.0,True,instance_14761_valuation_matrix.csv,2,4,14.2857,33.3333,2.3333333333333335
multiplicative,127,1.2,0.225,9.0,9.0,11.0,12.0,13.0,13.0,True,instance_10693_valuation_matrix.csv,2,4,6.82594,63.0485,9.236603310313305
multiplicative,128,1.2,0.1512,11.0,12.0,13.0,13.0,15.0,15.0,True,instance_21318_valuation_matrix.csv,2,4,3.26531,82.0312,25.122025167595112
multiplicative,129,1.2,0.09,29.0,31.0,37.0,40.0,47.0,47.0,True,instance_16462_valuation_matrix.csv,2,6,1.10254,55.2632,50.12353293304551
multiplicative,130,1.2,0.16,14.0,15.0,18.0,20.0,23.0,23.0,True,instance_10325_valuation_matrix.csv,2,4,3.2967,51.8519,15.728425395092062
multiplicative,131,1.2,0.224,8.0,8.0,9.0,9.0,10.0,10.0,True,instance_21624_valuation_matrix.csv,2,6,3.2967,46.1538,14.0
multiplicative,132,1.2,1.4e-06,,,,,,60000.0,False,instance_15728_valuation_matrix.csv,2,4,0.000232249,67.2172,289418.6842569828
multiplicative,133,1.2,0.216,8.0,8.0,9.0,9.0,10.0,10.0,True,instance_20831_valuation_matrix.csv,2,4,7.84314,62.6866,7.992538702611454
multiplicative,134,1.2,0.21,9.0,9.0,10.0,10.0,12.0,12.0,True,instance_21959_valuation_matrix.csv,2,4,4.16667,58.3333,13.999980800015361
multiplicative,135,1.2,0.02268,245.0,259.0,288.0,300.0,328.0,328.0,True,instance_23635_valuation_matrix.csv,2,4,0.390625,68.3594,175.00006399999998
multiplicative,136,1.2,0.054,34.0,38.0,47.0,50.0,59.0,59.0,True,instance_14219_valuation_matrix.csv,2,4,0.816327,52.4345,64.23222556647029
multiplicative,137,1.2,0.14,15.0,16.0,18.0,18.0,20.0,20.0,True,instance_13945_valuation_matrix.csv,3,5,1.13895,74.1811,65.13112954914615
multiplicative,138,1.2,0.27,8.0,9.0,10.0,10.0,11.0,11.0,True,instance_18580_valuation_matrix.csv,2,4,7.69231,53.8462,7.0000038999988305
multiplicative,139,1.2,0.216,10.0,10.0,11.0,11.0,12.0,12.0,True,instance_21152_valuation_matrix.csv,2,4,5.47945,57.5342,10.499995437498288
multiplicative,140,1.2,0.225,5.0,5.0,5.0,6.0,7.0,7.0,True,instance_17692_valuation_matrix.csv,2,4,4.72441,60.6299,12.833327336111811
multiplicative,141,1.2,1.0,0.0,0.0,0.0,0.0,0.0,0.0,True,instance_14725_valuation_matrix.csv,2,4,25.0,25.0,1.0
multiplicative,142,1.2,0.3,7.0,8.0,10.0,12.0,14.0,14.0,True,instance_18958_valuation_matrix.csv,2,4,8.0,56.0,7.0
multiplicative,143,1.2,0.225,6.0,6.0,6.0,7.0,7.0,7.0,True,instance_9638_valuation_matrix.csv,2,4,8.0,56.0,7.0
multiplicative,144,1.2,0.096,25.0,26.0,28.0,29.0,32.0,32.0,True,instance_14341_valuation_matrix.csv,2,6,0.32543,92.98,285.7142857142857
multiplicative,145,1.2,0.2699999999999999,18.0,21.0,25.0,27.0,32.0,32.0,True,instance_19423_valuation_matrix.csv,4,5,0.696864,69.6864,100.0
multiplicative,146,1.2,0.16,4.0,4.0,5.0,6.0,7.0,7.0,True,instance_15829_valuation_matrix.csv,3,3,28.5714,42.8571,1.5
multiplicative,147,1.2,0.00252,918.0,994.0,1170.0,1245.0,1419.0,1419.0,True,instance_23909_valuation_matrix.csv,2,4,0.049975,56.0,1120.56028014007
multiplicative,148,1.2,0.063,64.0,75.0,94.0,102.0,120.0,120.0,True,instance_21032_valuation_matrix.csv,2,4,0.928793,65.0155,69.99998923333833
multiplicative,149,1.2,0.1296,25.0,26.0,28.0,29.0,31.0,31.0,True,instance_16546_valuation_matrix.csv,2,4,3.0581,72.1649,23.59795297733887
multiplicative,150,1.2,0.1728,9.0,9.0,10.0,10.0,11.0,11.0,True,instance_11774_valuation_matrix.csv,2,4,3.9548,79.096,20.0
multiplicative,151,1.2,0.24,7.0,8.0,9.0,9.0,10.0,10.0,True,instance_19882_valuation_matrix.csv,2,4,6.66667,66.6667,10.000000000000002
multiplicative,152,1.2,0.1214999999999999,17.0,18.0,20.0,21.0,23.0,23.0,True,instance_21556_valuation_matrix.csv,2,4,2.32558,65.1163,28.00002580001548
multiplicative,153,1.2,0.027,76.0,81.0,92.0,97.0,108.0,108.0,True,instance_20023_valuation_matrix.csv,2,4,0.0279252,97.7381,3499.9964190050564
multiplicative,154,1.2,0.18,10.0,11.0,11.0,12.0,12.0,12.0,True,instance_21132_valuation_matrix.csv,2,4,4.0,72.4138,18.10345
multiplicative,155,1.2,0.28,6.0,8.0,10.0,12.0,15.0,15.0,True,instance_20447_valuation_matrix.csv,3,5,3.0303,44.4444,14.666666666666668
multiplicative,156,1.2,0.0225,99.0,105.0,119.0,125.0,138.0,138.0,True,instance_18432_valuation_matrix.csv,2,4,0.264725,92.6539,350.00056662574366
multiplicative,157,1.2,0.288,6.0,7.0,9.0,9.0,11.0,11.0,True,instance_11851_valuation_matrix.csv,2,4,7.40741,51.8519,7.000004049998583
multiplicative,158,1.2,0.27,6.0,7.0,8.0,9.0,11.0,11.0,True,instance_9658_valuation_matrix.csv,2,4,9.52381,52.8302,5.547170722641464
multiplicative,159,1.2,0.128,18.0,19.0,21.0,22.0,24.0,24.0,True,instance_14358_valuation_matrix.csv,2,6,0.388457,83.2408,214.28575106125
multiplicative,160,1.2,0.252,7.0,8.0,9.0,9.0,11.0,11.0,True,instance_17824_valuation_matrix.csv,2,4,3.14961,57.6923,18.317283727191622
multiplicative,161,1.2,0.144,15.0,18.0,24.0,26.0,32.0,32.0,True,instance_15786_valuation_matrix.csv,2,4,2.98507,62.6866,21.000043550067502
multiplicative,162,1.2,0.1152,17.0,18.0,21.0,22.0,25.0,25.0,True,instance_15871_valuation_matrix.csv,2,4,0.77821,64.1221,82.39691085953663
multiplicative,163,1.2,0.18,4.0,5.0,5.0,6.0,6.0,6.0,True,instance_10301_valuation_matrix.csv,2,4,12.5,37.5,3.0
multiplicative,164,1.2,0.28,9.0,9.0,11.0,13.0,15.0,15.0,True,instance_19268_valuation_matrix.csv,2,8,2.0,32.0,16.0
multiplicative,165,1.2,0.2159999999999999,4.0,4.0,5.0,5.0,6.0,6.0,True,instance_16022_valuation_matrix.csv,2,3,11.1111,55.5556,5.000009000008999
multiplicative,166,1.2,0.3,9.0,10.0,12.0,13.0,15.0,15.0,True,instance_9997_valuation_matrix.csv,2,4,6.06061,53.8462,8.884617224998804
multiplicative,167,1.2,0.18,7.0,8.0,8.0,9.0,9.0,9.0,True,instance_10481_valuation_matrix.csv,2,4,7.84314,54.902,7.000002549999108
multiplicative,168,1.2,0.108,22.0,23.0,26.0,27.0,30.0,30.0,True,instance_14360_valuation_matrix.csv,2,6,0.388457,83.2408,214.28575106125
multiplicative,169,1.2,0.0378,67.0,71.0,80.0,86.0,291.0,291.0,True,instance_18979_valuation_matrix.csv,2,4,0.0465333,97.7199,2099.999355300398
multiplicative,170,1.2,0.225,6.0,6.0,6.0,7.0,7.0,7.0,True,instance_9741_valuation_matrix.csv,2,4,8.0,56.0,7.0
multiplicative,171,1.2,0.225,6.0,6.0,6.0,7.0,7.0,7.0,True,instance_14241_valuation_matrix.csv,2,4,8.0,56.0,7.0
multiplicative,172,1.2,0.0378,43.0,46.0,58.0,237.0,246.0,246.0,True,instance_12506_valuation_matrix.csv,2,4,0.516796,59.6899,115.49992647001912
multiplicative,173,1.2,0.216,6.0,6.0,6.0,7.0,7.0,7.0,True,instance_15543_valuation_matrix.csv,2,4,7.53425,54.902,7.286989415004811
multiplicative,174,1.2,0.144,18.0,19.0,22.0,23.0,25.0,25.0,True,instance_16670_valuation_matrix.csv,3,6,0.403226,79.0323,196.00000991999528
multiplicative,175,1.2,0.216,9.0,10.0,10.0,11.0,11.0,11.0,True,instance_11026_valuation_matrix.csv,2,4,3.84615,74.6667,19.413361413361415
multiplicative,176,1.2,0.288,16.0,17.0,18.0,19.0,21.0,21.0,True,instance_19609_valuation_matrix.csv,5,8,1.38889,55.5556,40.0
multiplicative,177,1.2,0.2699999999999999,15.0,16.0,19.0,20.0,23.0,23.0,True,instance_20309_valuation_matrix.csv,2,5,4.54545,54.5455,12.000022000022
multiplicative,178,1.2,1.0,0.0,0.0,0.0,0.0,0.0,0.0,True,instance_15874_valuation_matrix.csv,2,2,50.0,50.0,1.0
multiplicative,179,1.2,0.1619999999999999,12.0,13.0,14.0,15.0,16.0,16.0,True,instance_18792_valuation_matrix.csv,2,4,2.94118,61.7647,20.999972800032637
multiplicative,180,1.2,0.24,12.0,12.0,13.0,13.0,14.0,14.0,True,instance_22152_valuation_matrix.csv,2,4,0.800641,56.0448,69.99991257005324
multiplicative,181,1.2,0.1152,15.0,17.0,20.0,21.0,24.0,24.0,True,instance_11975_valuation_matrix.csv,2,4,0.900901,63.0631,70.00003329999635
multiplicative,182,1.2,0.225,6.0,6.0,6.0,7.0,7.0,7.0,True,instance_9581_valuation_matrix.csv,2,4,8.0,56.0,7.0
multiplicative,183,1.2,0.2186999999999999,6.0,7.0,7.0,7.0,8.0,8.0,True,instance_9572_valuation_matrix.csv,2,4,5.27903,59.1252,11.200012123439345
multiplicative,184,1.2,0.18,10.0,10.0,10.0,11.0,11.0,11.0,True,instance_24127_valuation_matrix.csv,2,6,4.16667,58.3333,13.999980800015361
multiplicative,185,1.2,0.1511999999999999,15.0,15.0,17.0,18.0,19.0,19.0,True,instance_15235_valuation_matrix.csv,2,4,2.17391,50.9091,23.4182187855063
multiplicative,186,1.2,0.36,2.0,3.0,5.0,6.0,8.0,8.0,True,instance_14324_valuation_matrix.csv,5,4,14.2857,33.3333,2.3333333333333335
multiplicative,187,1.2,0.252,8.0,8.0,9.0,10.0,11.0,11.0,True,instance_10052_valuation_matrix.csv,2,4,3.82775,55.2632,14.437515511723596
multiplicative,188,1.2,0.144,16.0,18.0,23.0,25.0,30.0,30.0,True,instance_18639_valuation_matrix.csv,2,4,2.40964,50.6024,20.99998340000996
multiplicative,189,1.2,0.2159999999999999,12.0,12.0,12.0,13.0,13.0,13.0,True,instance_17473_valuation_matrix.csv,2,4,2.94118,68.5714,23.31424802290237
multiplicative,190,1.2,0.2099999999999999,7.0,8.0,9.0,9.0,10.0,10.0,True,instance_17379_valuation_matrix.csv,2,4,8.0,68.8525,8.6065625
multiplicative,191,1.2,0.144,13.0,13.0,15.0,16.0,17.0,17.0,True,instance_18720_valuation_matrix.csv,2,4,1.55039,62.2222,40.13325679345197
multiplicative,192,1.2,0.18,10.0,10.0,11.0,11.0,12.0,12.0,True,instance_10758_valuation_matrix.csv,2,2,9.09091,90.9091,10.0
multiplicative,193,1.2,0.16,4.0,4.0,5.0,6.0,7.0,7.0,True,instance_15835_valuation_matrix.csv,3,3,28.5714,42.8571,1.5
multiplicative,194,1.2,0.2429999999999999,17.0,17.0,19.0,20.0,21.0,21.0,True,instance_12046_valuation_matrix.csv,2,4,3.61446,51.2195,14.170719830901435
multiplicative,195,1.2,0.216,6.0,7.0,7.0,8.0,10.0,10.0,True,instance_15003_valuation_matrix.csv,2,4,4.7619,47.619,10.0
multiplicative,196,1.2,0.225,6.0,6.0,7.0,7.0,8.0,8.0,True,instance_15669_valuation_matrix.csv,2,4,8.23529,50.9091,6.181822376625473
multiplicative,197,1.2,1.0,0.0,0.0,0.0,0.0,0.0,0.0,True,instance_11711_valuation_matrix.csv,2,2,16.6667,83.3333,4.999988000024
multiplicative,198,1.2,0.3,7.0,8.0,10.0,12.0,14.0,14.0,True,instance_10099_valuation_matrix.csv,2,4,8.0,56.0,7.0
multiplicative,199,1.2,0.225,6.0,6.0,6.0,7.0,7.0,7.0,True,instance_21378_valuation_matrix.csv,2,4,8.0,56.0,7.0
multiplicative,200,1.2,0.216,11.0,13.0,16.0,17.0,20.0,20.0,True,instance_20554_valuation_matrix.csv,2,5,2.6087,41.7391,15.999961666730558
multiplicative,201,1.2,0.2429999999999999,13.0,13.0,14.0,14.0,15.0,15.0,True,instance_18756_valuation_matrix.csv,2,4,5.10949,77.4194,15.1520797574709
multiplicative,202,1.2,0.21,8.0,8.0,9.0,9.0,9.0,9.0,True,instance_19054_valuation_matrix.csv,2,4,7.87402,66.1417,8.399991364004663
multiplicative,203,1.2,0.0756,22.0,24.0,28.0,30.0,34.0,34.0,True,instance_14232_valuation_matrix.csv,2,4,1.55642,54.4747,35.0
multiplicative,204,1.2,0.224,8.0,8.0,8.0,8.0,9.0,9.0,True,instance_9613_valuation_matrix.csv,2,4,4.87805,68.2927,14.0
multiplicative,205,1.2,0.225,6.0,6.0,6.0,7.0,7.0,7.0,True,instance_14873_valuation_matrix.csv,2,4,8.0,56.0,7.0
multiplicative,206,1.2,0.189,10.0,11.0,14.0,16.0,19.0,19.0,True,instance_11303_valuation_matrix.csv,2,4,4.25532,53.1646,12.493678501264299
multiplicative,207,1.2,0.2,7.0,7.0,8.0,8.0,8.0,8.0,True,instance_18684_valuation_matrix.csv,2,4,8.95522,62.6866,7.000006700002903
multiplicative,208,1.2,0.168,11.0,12.0,13.0,13.0,14.0,14.0,True,instance_21377_valuation_matrix.csv,2,4,2.13523,80.1527,37.53820431522599
multiplicative,209,1.2,0.028,23.0,28.0,39.0,44.0,56.0,56.0,True,instance_11767_valuation_matrix.csv,2,31,0.775194,9.30233,12.000002579999327
multiplicative,210,1.2,0.24,6.0,6.0,7.0,7.0,8.0,8.0,True,instance_17524_valuation_matrix.csv,2,4,11.3208,52.8302,4.666649000070666
multiplicative,211,1.2,0.1008,9.0,44.0,54.0,57.0,66.0,66.0,True,instance_14460_valuation_matrix.csv,2,4,0.921659,64.5161,69.99996745000048
multiplicative,212,1.2,0.225,6.0,6.0,6.0,7.0,7.0,7.0,True,instance_22124_valuation_matrix.csv,2,4,8.0,56.0,7.0
multiplicative,213,1.2,0.0364499999999999,87.0,91.0,99.0,103.0,111.0,111.0,True,instance_14352_valuation_matrix.csv,2,6,0.0655523,98.3284,1499.9992372502568
multiplicative,214,1.2,0.2016,8.0,8.0,9.0,10.0,11.0,11.0,True,instance_14125_valuation_matrix.csv,2,4,4.0,61.3139,15.328475
multiplicative,215,1.2,0.25,16.0,17.0,18.0,19.0,20.0,20.0,True,instance_24128_valuation_matrix.csv,2,4,5.12821,71.7949,13.999992200007409
multiplicative,216,1.2,0.27,6.0,7.0,9.0,10.0,12.0,12.0,True,instance_17018_valuation_matrix.csv,2,4,5.55556,48.2759,8.689655048275961
multiplicative,217,1.2,0.2159999999999999,16.0,16.0,17.0,17.0,18.0,18.0,True,instance_19529_valuation_matrix.csv,4,8,1.16279,59.7015,51.343320805992484
multiplicative,218,1.2,2.7,0.0,6.0,6.0,6.0,6.0,6.0,True,instance_11762_valuation_matrix.csv,2,2,33.3333,66.6667,2.0000030000030002
multiplicative,219,1.2,0.36,7.0,11.0,19.0,25.0,137.0,137.0,True,instance_20483_valuation_matrix.csv,3,5,2.85714,36.3636,12.727272727272728
multiplicative,220,1.2,0.2,7.0,7.0,8.0,8.0,8.0,8.0,True,instance_18681_valuation_matrix.csv,2,4,8.95522,62.6866,7.000006700002903
multiplicative,221,1.2,0.24,8.0,8.0,8.0,9.0,10.0,10.0,True,instance_10673_valuation_matrix.csv,2,4,4.61538,64.6154,14.000017333350666
multiplicative,222,1.2,0.256,8.0,9.0,9.0,10.0,11.0,11.0,True,instance_19763_valuation_matrix.csv,2,4,5.12821,71.7949,13.999992200007409
multiplicative,223,1.2,0.2,7.0,7.0,8.0,9.0,10.0,10.0,True,instance_23150_valuation_matrix.csv,2,4,6.25,62.5,10.0
multiplicative,224,1.2,1.0,0.0,0.0,0.0,0.0,0.0,0.0,True,instance_13540_valuation_matrix.csv,2,2,50.0,50.0,1.0
multiplicative,225,1.2,0.189,10.0,10.0,11.0,11.0,12.0,12.0,True,instance_10984_valuation_matrix.csv,4,7,4.34783,38.8889,8.944438950004944
multiplicative,226,1.2,0.36,6.0,8.0,11.0,12.0,16.0,16.0,True,instance_11866_valuation_matrix.csv,4,4,4.47761,54.5455,12.181833612127898
multiplicative,227,1.2,0.189,11.0,12.0,13.0,13.0,15.0,15.0,True,instance_16823_valuation_matrix.csv,2,4,2.63158,65.1163,24.744184102326358
multiplicative,228,1.2,0.225,6.0,6.0,6.0,7.0,7.0,7.0,True,instance_21637_valuation_matrix.csv,2,4,8.0,56.0,7.0
multiplicative,229,1.2,0.225,16.0,17.0,18.0,18.0,19.0,19.0,True,instance_15846_valuation_matrix.csv,2,4,3.61991,76.0181,20.99999723750038
multiplicative,230,1.2,0.2205,10.0,11.0,11.0,11.0,12.0,12.0,True,instance_21253_valuation_matrix.csv,2,4,2.02703,70.9459,34.99992600010853
multiplicative,231,1.2,0.2159999999999999,7.0,7.0,8.0,8.0,9.0,9.0,True,instance_17519_valuation_matrix.csv,2,4,6.25,65.625,10.5
multiplicative,232,1.2,0.18,6.0,7.0,7.0,7.0,8.0,8.0,True,instance_19051_valuation_matrix.csv,2,4,14.4928,50.7246,3.4999862000441597
multiplicative,233,1.2,0.192,10.0,10.0,11.0,11.0,12.0,12.0,True,instance_15455_valuation_matrix.csv,2,4,3.32226,75.0,22.574994130501526
multiplicative,234,1.2,0.00576,467.0,490.0,544.0,568.0,623.0,623.0,True,instance_14357_valuation_matrix.csv,2,6,0.00232785,99.7649,42857.09989904848
multiplicative,235,1.2,0.1943999999999999,12.0,13.0,13.0,13.0,14.0,14.0,True,instance_12289_valuation_matrix.csv,2,5,2.12766,74.4681,35.0
multiplicative,236,1.2,0.2699999999999999,7.0,8.0,9.0,9.0,10.0,10.0,True,instance_20942_valuation_matrix.csv,2,4,7.40741,65.1163,8.790697423255901
multiplicative,237,1.2,0.225,6.0,7.0,7.0,8.0,8.0,8.0,True,instance_14285_valuation_matrix.csv,2,4,11.2903,56.4516,5.000008857160571
multiplicative,238,1.2,0.192,7.0,7.0,8.0,8.0,9.0,9.0,True,instance_15574_valuation_matrix.csv,2,4,5.47945,57.5342,10.499995437498288
multiplicative,239,1.2,0.288,4.0,5.0,6.0,7.0,9.0,9.0,True,instance_16449_valuation_matrix.csv,2,4,5.88235,44.6809,7.5957567978783995
multiplicative,240,1.2,0.036,82.0,86.0,94.0,97.0,106.0,106.0,True,instance_11688_valuation_matrix.csv,2,8,0.0649808,53.8531,828.7540319602097
multiplicative,241,1.2,0.108,17.0,18.0,123.0,151.0,214.0,214.0,True,instance_19267_valuation_matrix.csv,5,8,0.497512,63.0032,126.63654344015822
multiplicative,242,1.2,0.0864,15.0,18.0,23.0,25.0,30.0,30.0,True,instance_10100_valuation_matrix.csv,2,4,1.81818,57.2727,31.500016500016503
multiplicative,243,1.2,0.2799999999999999,7.0,7.0,9.0,9.0,11.0,11.0,True,instance_18845_valuation_matrix.csv,2,4,4.51128,63.1579,13.999995566668439
multiplicative,244,1.2,0.225,6.0,6.0,6.0,7.0,7.0,7.0,True,instance_22181_valuation_matrix.csv,2,4,8.0,56.0,7.0
multiplicative,245,1.2,0.063,105.0,110.0,122.0,127.0,138.0,138.0,True,instance_17705_valuation_matrix.csv,2,6,0.552486,57.9882,104.9586776859504
multiplicative,246,1.2,0.24,6.0,6.0,7.0,7.0,8.0,8.0,True,instance_17318_valuation_matrix.csv,2,4,7.87402,66.1417,8.399991364004663
multiplicative,247,1.2,0.2159999999999999,10.0,10.0,11.0,12.0,12.0,12.0,True,instance_21625_valuation_matrix.csv,2,4,3.14961,66.1417,20.999965075041036
multiplicative,248,1.2,0.216,11.0,13.0,17.0,19.0,24.0,24.0,True,instance_14897_valuation_matrix.csv,2,4,2.72374,54.4747,19.999963285776175
multiplicative,249,1.2,0.225,13.0,13.0,14.0,15.0,15.0,15.0,True,instance_21393_valuation_matrix.csv,2,4,3.22581,64.5161,19.9999690000341
multiplicative,250,1.2,0.252,5.0,6.0,7.0,8.0,9.0,9.0,True,instance_23526_valuation_matrix.csv,2,4,11.5942,40.5797,3.5
multiplicative,251,1.2,0.2,8.0,8.0,9.0,9.0,10.0,10.0,True,instance_22640_valuation_matrix.csv,2,4,4.87805,68.2927,14.0
multiplicative,252,1.2,0.16,4.0,4.0,5.0,6.0,7.0,7.0,True,instance_20968_valuation_matrix.csv,2,4,10.5263,36.8421,3.500004750007125
multiplicative,253,1.2,0.225,6.0,6.0,6.0,7.0,7.0,7.0,True,instance_10805_valuation_matrix.csv,2,4,8.0,56.0,7.0
multiplicative,254,1.2,0.0768,16.0,18.0,21.0,22.0,26.0,26.0,True,instance_9513_valuation_matrix.csv,2,4,0.986842,48.3553,49.00004256000454
multiplicative,255,1.2,0.1619999999999999,15.0,17.0,20.0,21.0,25.0,25.0,True,instance_13258_valuation_matrix.csv,2,4,4.25532,63.1579,14.842103531579292
multiplicative,256,1.2,0.21,9.0,9.0,10.0,10.0,12.0,12.0,True,instance_21960_valuation_matrix.csv,2,4,4.16667,58.3333,13.999980800015361
multiplicative,257,1.2,0.2159999999999999,7.0,7.0,7.0,8.0,8.0,8.0,True,instance_21200_valuation_matrix.csv,2,4,4.16667,58.3333,13.999980800015361
multiplicative,258,1.2,0.1152,18.0,21.0,27.0,29.0,35.0,35.0,True,instance_18577_valuation_matrix.csv,2,4,2.12766,59.5745,28.00000939999812
multiplicative,259,1.2,0.18,11.0,11.0,13.0,13.0,15.0,15.0,True,instance_12850_valuation_matrix.csv,2,4,1.67364,58.5774,35.0
multiplicative,260,1.2,0.24,6.0,6.0,7.0,7.0,8.0,8.0,True,instance_9860_valuation_matrix.csv,2,4,7.59494,53.1646,7.000002633332192
multiplicative,261,1.2,0.3,7.0,8.0,10.0,12.0,14.0,14.0,True,instance_11003_valuation_matrix.csv,2,4,8.0,56.0,7.0
multiplicative,262,1.2,0.27,6.0,6.0,8.0,9.0,10.0,10.0,True,instance_11748_valuation_matrix.csv,2,4,7.84314,54.902,7.000002549999108
multiplicative,263,1.2,0.225,6.0,6.0,6.0,7.0,7.0,7.0,True,instance_16589_valuation_matrix.csv,2,4,8.0,56.0,7.0
multiplicative,264,1.2,1.0,0.0,0.0,0.0,0.0,0.0,0.0,True,instance_16787_valuation_matrix.csv,3,6,16.6667,16.6667,1.0
multiplicative,265,1.2,0.216,8.0,8.0,9.0,9.0,9.0,9.0,True,instance_17201_valuation_matrix.csv,2,4,5.26316,73.6842,13.999992400003041
multiplicative,266,1.2,0.24,9.0,9.0,11.0,11.0,13.0,13.0,True,instance_14132_valuation_matrix.csv,2,8,0.793651,47.619,59.99992440001966
multiplicative,267,1.2,0.000432,4645.0,4978.0,5732.0,6053.0,6799.0,6799.0,True,instance_14345_valuation_matrix.csv,2,5,0.000666562,99.9843,150000.0
multiplicative,268,1.2,0.24,18.0,19.0,19.0,19.0,20.0,20.0,True,instance_24146_valuation_matrix.csv,2,4,2.46914,86.4198,34.99995950006885
multiplicative,269,1.2,0.21,8.0,8.0,9.0,9.0,9.0,9.0,True,instance_16809_valuation_matrix.csv,2,4,4.44444,71.7949,16.153868653868653
multiplicative,270,1.2,0.25,9.0,9.0,10.0,11.0,12.0,12.0,True,instance_15687_valuation_matrix.csv,2,4,4.08163,57.1429,14.00001960001274
multiplicative,271,1.2,0.2159999999999999,6.0,7.0,7.0,7.0,8.0,8.0,True,instance_18992_valuation_matrix.csv,2,4,3.125,43.75,14.0
multiplicative,272,1.2,0.32,27.0,29.0,33.0,35.0,41.0,41.0,True,instance_19310_valuation_matrix.csv,5,8,0.862069,68.9655,79.99997680000094
multiplicative,273,1.2,0.1296,24.0,25.0,28.0,29.0,31.0,31.0,True,instance_16547_valuation_matrix.csv,2,4,3.0581,71.4286,23.357182564337336
multiplicative,274,1.2,0.18,7.0,7.0,8.0,8.0,9.0,9.0,True,instance_19787_valuation_matrix.csv,2,8,4.7619,38.0952,8.0
multiplicative,275,1.2,0.225,6.0,6.0,6.0,7.0,7.0,7.0,True,instance_9905_valuation_matrix.csv,2,4,8.0,56.0,7.0
multiplicative,276,1.2,0.288,8.0,10.0,60.0,62.0,67.0,67.0,True,instance_11166_valuation_matrix.csv,5,8,0.426743,49.5868,116.19827390255962
multiplicative,277,1.2,0.2159999999999999,7.0,8.0,9.0,9.0,11.0,11.0,True,instance_21033_valuation_matrix.csv,2,4,7.69231,60.0,7.799997660000702
multiplicative,278,1.2,0.216,6.0,7.0,7.0,7.0,8.0,8.0,True,instance_12814_valuation_matrix.csv,2,4,7.40741,54.902,7.411767405881409
multiplicative,279,1.2,0.009,169.0,183.0,218.0,233.0,268.0,268.0,True,instance_18840_valuation_matrix.csv,2,4,0.253899,63.4748,250.0001969287
multiplicative,280,1.2,0.225,6.0,6.0,6.0,7.0,7.0,7.0,True,instance_18839_valuation_matrix.csv,2,4,8.0,56.0,7.0
multiplicative,281,1.2,0.1944,12.0,12.0,13.0,13.0,15.0,15.0,True,instance_11929_valuation_matrix.csv,2,4,2.85714,80.0,28.000028000028003
multiplicative,282,1.2,0.126,18.0,19.0,20.0,21.0,23.0,23.0,True,instance_14339_valuation_matrix.csv,2,5,0.629496,89.9281,142.85730171438738
multiplicative,283,1.2,0.225,6.0,6.0,6.0,7.0,7.0,7.0,True,instance_11849_valuation_matrix.csv,2,4,8.0,56.0,7.0
multiplicative,284,1.2,0.2159999999999999,4.0,4.0,5.0,5.0,6.0,6.0,True,instance_15228_valuation_matrix.csv,2,4,5.55556,38.8889,6.99999640000288
multiplicative,285,1.2,0.147,15.0,16.0,18.0,19.0,20.0,20.0,True,instance_14340_valuation_matrix.csv,2,6,0.568182,81.1688,142.85704228574647
multiplicative,286,1.2,0.21,12.0,12.0,13.0,13.0,14.0,14.0,True,instance_19735_valuation_matrix.csv,2,4,4.0,73.0435,18.260875
multiplicative,287,1.2,0.01215,100.0,110.0,135.0,146.0,172.0,172.0,True,instance_11006_valuation_matrix.csv,2,4,0.279664,64.9485,232.23761370787798
multiplicative,288,1.2,0.02268,245.0,259.0,288.0,300.0,328.0,328.0,True,instance_23634_valuation_matrix.csv,2,4,0.390625,68.3594,175.00006399999998
multiplicative,289,1.2,0.2429999999999999,15.0,16.0,17.0,17.0,18.0,18.0,True,instance_22338_valuation_matrix.csv,2,7,2.43902,60.9756,25.000041000073796
multiplicative,290,1.2,0.0864,22.0,23.0,26.0,27.0,30.0,30.0,True,instance_14336_valuation_matrix.csv,2,6,0.8,60.024,75.03
multiplicative,291,1.2,0.128,13.0,14.0,16.0,16.0,18.0,18.0,True,instance_14141_valuation_matrix.csv,2,4,0.896861,91.1162,101.59456147608158
multiplicative,292,1.2,0.192,9.0,10.0,11.0,11.0,12.0,12.0,True,instance_24135_valuation_matrix.csv,2,4,2.25564,63.1579,27.999991133336877
multiplicative,293,1.2,0.288,6.0,8.0,14.0,16.0,23.0,23.0,True,instance_19534_valuation_matrix.csv,2,5,10.0,40.0,4.0
multiplicative,294,1.2,0.2799999999999999,7.0,7.0,8.0,8.0,9.0,9.0,True,instance_11742_valuation_matrix.csv,3,3,4.34783,71.4286,16.428563214293106
multiplicative,295,1.2,0.243,13.0,13.0,14.0,14.0,15.0,15.0,True,instance_19150_valuation_matrix.csv,2,4,4.87805,68.2927,14.0
multiplicative,296,1.2,0.2159999999999999,9.0,10.0,11.0,12.0,13.0,13.0,True,instance_13899_valuation_matrix.csv,2,4,6.52174,62.6866,9.611944051740792
multiplicative,297,1.2,0.252,9.0,9.0,10.0,10.0,11.0,11.0,True,instance_18119_valuation_matrix.csv,2,4,4.16667,61.3139,14.715324227740618
multiplicative,298,1.2,0.216,12.0,12.0,13.0,13.0,14.0,14.0,True,instance_19071_valuation_matrix.csv,2,4,4.44444,62.2222,14.000009000009
multiplicative,299,1.2,0.24,9.0,9.0,10.0,10.0,11.0,11.0,True,instance_20582_valuation_matrix.csv,2,4,8.0,62.2222,7.777775
multiplicative,300,1.2,0.243,7.0,7.0,8.0,8.0,9.0,9.0,True,instance_10772_valuation_matrix.csv,2,4,3.84615,55.1181,14.330720330720329
multiplicative,301,1.2,0.225,6.0,6.0,6.0,7.0,7.0,7.0,True,instance_9813_valuation_matrix.csv,2,4,8.0,56.0,7.0
multiplicative,302,1.2,0.256,10.0,10.0,11.0,11.0,12.0,12.0,True,instance_20362_valuation_matrix.csv,3,4,3.22581,62.6866,19.432824623892913
multiplicative,303,1.2,0.192,8.0,9.0,9.0,10.0,10.0,10.0,True,instance_18917_valuation_matrix.csv,2,4,5.04202,70.5882,13.999984133343382
multiplicative,304,1.2,0.18,10.0,11.0,13.0,15.0,17.0,17.0,True,instance_20991_valuation_matrix.csv,2,4,3.40136,47.619,13.99998823999812
multiplicative,305,1.2,0.2799999999999999,6.0,7.0,8.0,9.0,11.0,11.0,True,instance_10916_valuation_matrix.csv,2,4,12.2137,44.3038,3.627385640714935
multiplicative,306,1.2,0.225,6.0,6.0,6.0,7.0,7.0,7.0,True,instance_9973_valuation_matrix.csv,2,4,8.0,56.0,7.0
multiplicative,307,1.2,0.1728,11.0,12.0,13.0,13.0,15.0,15.0,True,instance_21232_valuation_matrix.csv,2,4,2.95858,82.8402,27.99998648000054
multiplicative,308,1.2,0.144,15.0,16.0,19.0,21.0,24.0,24.0,True,instance_20747_valuation_matrix.csv,2,4,1.92926,67.5241,35.0
multiplicative,309,1.2,0.3239999999999999,4.0,6.0,11.0,13.0,18.0,18.0,True,instance_10357_valuation_matrix.csv,3,4,8.33333,50.0,6.00000240000096
multiplicative,310,1.2,0.225,6.0,6.0,6.0,7.0,7.0,7.0,True,instance_10733_valuation_matrix.csv,2,4,8.0,56.0,7.0
multiplicative,311,1.2,0.048,31.0,34.0,39.0,42.0,48.0,48.0,True,instance_9521_valuation_matrix.csv,2,3,1.31919,96.5472,73.1867282195893
multiplicative,312,1.2,0.24,6.0,6.0,7.0,8.0,9.0,9.0,True,instance_14096_valuation_matrix.csv,2,3,12.5,50.0,4.0
multiplicative,313,1.2,0.2,8.0,8.0,9.0,9.0,10.0,10.0,True,instance_9565_valuation_matrix.csv,2,4,4.87805,68.2927,14.0
multiplicative,314,1.2,0.2429999999999999,9.0,9.0,10.0,10.0,11.0,11.0,True,instance_9712_valuation_matrix.csv,4,6,1.96078,70.5882,36.00006120013464
multiplicative,315,1.2,0.1152,18.0,21.0,27.0,29.0,35.0,35.0,True,instance_18578_valuation_matrix.csv,2,4,2.12766,59.5745,28.00000939999812
multiplicative,316,1.2,0.225,9.0,9.0,11.0,11.0,12.0,12.0,True,instance_10784_valuation_matrix.csv,2,4,5.12821,71.7949,13.999992200007409
multiplicative,317,1.2,0.225,6.0,6.0,7.0,7.0,8.0,8.0,True,instance_16168_valuation_matrix.csv,2,4,4.44444,56.0,12.6000126000126
multiplicative,318,1.2,0.216,6.0,7.0,8.0,8.0,10.0,10.0,True,instance_13376_valuation_matrix.csv,2,4,8.86076,53.1646,6.000004514285456
multiplicative,319,1.2,0.072,23.0,24.0,28.0,30.0,33.0,33.0,True,instance_14333_valuation_matrix.csv,2,5,0.208106,89.1884,428.57197774211215
multiplicative,320,1.2,0.216,5.0,6.0,6.0,6.0,7.0,7.0,True,instance_23795_valuation_matrix.csv,2,4,6.8918,49.359,7.161989610841871
multiplicative,321,1.2,0.2,7.0,7.0,7.0,8.0,8.0,8.0,True,instance_18953_valuation_matrix.csv,2,4,8.21918,57.5342,6.9999927000017035
multiplicative,322,1.2,0.21,10.0,10.0,11.0,11.0,12.0,12.0,True,instance_14439_valuation_matrix.csv,2,4,1.92308,67.3077,34.9999480000832
multiplicative,323,1.2,0.063,33.0,35.0,39.0,41.0,46.0,46.0,True,instance_14440_valuation_matrix.csv,2,5,0.250627,95.1173,379.51737043494916
multiplicative,324,1.2,0.252,6.0,6.0,8.0,8.0,9.0,9.0,True,instance_19626_valuation_matrix.csv,2,4,3.83019,61.6661,16.100010704429806
multiplicative,325,1.2,0.2159999999999999,3.0,3.0,4.0,4.0,5.0,5.0,True,instance_15822_valuation_matrix.csv,3,3,18.1818,45.4545,2.5000000000000004
multiplicative,326,1.2,0.192,7.0,8.0,8.0,9.0,9.0,9.0,True,instance_19035_valuation_matrix.csv,2,4,7.45712,58.3333,7.822497157079409
multiplicative,327,1.2,0.2699999999999999,10.0,11.0,12.0,13.0,14.0,14.0,True,instance_14898_valuation_matrix.csv,4,6,1.36986,57.5342,42.000058400128474
multiplicative,328,1.2,0.0045,425.0,455.0,528.0,560.0,634.0,634.0,True,instance_20414_valuation_matrix.csv,2,4,0.00845952,71.06,8400.003782720532
multiplicative,329,1.2,0.2268,7.0,7.0,8.0,8.0,9.0,9.0,True,instance_14381_valuation_matrix.csv,2,4,4.06504,57.5342,14.153415464546475
multiplicative,330,1.2,0.001134,2650.0,2915.0,3567.0,3853.0,4518.0,4518.0,True,instance_14372_valuation_matrix.csv,5,4,0.0086949,71.7949,8257.127741549644
multiplicative,331,1.2,0.0864,35.0,38.0,45.0,48.0,54.0,54.0,True,instance_14982_valuation_matrix.csv,2,4,1.26582,62.6866,49.52252294955049
multiplicative,332,1.2,0.225,8.0,9.0,10.0,10.0,11.0,11.0,True,instance_10787_valuation_matrix.csv,2,4,6.67037,53.9794,8.09241466365434
multiplicative,333,1.2,1.0,0.0,0.0,0.0,0.0,0.0,0.0,True,instance_19413_valuation_matrix.csv,2,3,33.3333,33.3333,1.0
multiplicative,334,1.2,0.2159999999999999,3.0,3.0,4.0,4.0,5.0,5.0,True,instance_15819_valuation_matrix.csv,3,3,18.1818,45.4545,2.5000000000000004
multiplicative,335,1.2,0.18,9.0,10.0,11.0,11.0,12.0,12.0,True,instance_16620_valuation_matrix.csv,2,4,2.8169,59.1549,21.0
multiplicative,336,1.2,0.1134,14.0,16.0,20.0,22.0,26.0,26.0,True,instance_10589_valuation_matrix.csv,2,10,1.18343,50.0,42.25006971261503
multiplicative,337,1.2,0.252,8.0,8.0,9.0,10.0,11.0,11.0,True,instance_19084_valuation_matrix.csv,3,4,3.09278,66.6667,21.55559076300287
multiplicative,338,1.2,1.0,0.0,0.0,0.0,0.0,0.0,0.0,True,instance_23057_valuation_matrix.csv,3,6,16.6667,16.6667,1.0
multiplicative,339,1.2,0.18,7.0,7.0,8.0,8.0,9.0,9.0,True,instance_15300_valuation_matrix.csv,2,4,3.125,56.0,17.92
multiplicative,340,1.2,0.1512,21.0,22.0,24.0,25.0,27.0,27.0,True,instance_18808_valuation_matrix.csv,2,4,2.77778,70.8861,25.518975584819533
multiplicative,341,1.2,0.0002048,12429.0,13085.0,14638.0,15313.0,16882.0,16882.0,True,instance_14349_valuation_matrix.csv,2,6,0.000583281,99.9911,171428.69388853744
multiplicative,342,1.2,0.25,7.0,7.0,8.0,8.0,9.0,9.0,True,instance_12297_valuation_matrix.csv,2,4,8.51064,59.5745,7.00000234999953
multiplicative,343,1.2,0.28,17.0,18.0,20.0,20.0,22.0,22.0,True,instance_17914_valuation_matrix.csv,2,9,1.78571,37.5,21.000050400120962
multiplicative,344,1.2,0.2099999999999999,5.0,6.0,6.0,7.0,7.0,7.0,True,instance_13386_valuation_matrix.csv,3,3,9.09091,66.6667,7.333336266666374
multiplicative,345,1.2,0.18,15.0,15.0,16.0,17.0,17.0,17.0,True,instance_19321_valuation_matrix.csv,2,4,1.02041,71.4286,69.9999020001764
multiplicative,346,1.2,0.224,11.0,12.0,12.0,12.0,13.0,13.0,True,instance_21354_valuation_matrix.csv,4,4,3.65217,78.9474,21.616573160614102
multiplicative,347,1.2,0.0020159999999999,1225.0,1295.0,1459.0,1529.0,1694.0,1694.0,True,instance_21629_valuation_matrix.csv,2,4,0.00520806,91.1411,17500.009600503836
multiplicative,348,1.2,0.2159999999999999,3.0,3.0,4.0,4.0,5.0,5.0,True,instance_15821_valuation_matrix.csv,3,3,18.1818,45.4545,2.5000000000000004
multiplicative,349,1.2,0.24,8.0,8.0,9.0,9.0,10.0,10.0,True,instance_15136_valuation_matrix.csv,5,6,4.54545,50.0,11.000011000011
multiplicative,350,1.2,0.16,12.0,13.0,14.0,14.0,15.0,15.0,True,instance_14443_valuation_matrix.csv,2,4,2.72374,54.4747,19.999963285776175
multiplicative,351,1.2,0.098,10.0,11.0,14.0,15.0,17.0,17.0,True,instance_15473_valuation_matrix.csv,2,4,3.31492,46.4088,13.999975866687583
multiplicative,352,1.2,0.21,10.0,10.0,11.0,11.0,12.0,12.0,True,instance_17462_valuation_matrix.csv,2,4,5.31915,74.4681,14.000000000000002
multiplicative,353,1.2,0.225,6.0,6.0,6.0,7.0,7.0,7.0,True,instance_19739_valuation_matrix.csv,2,4,8.0,56.0,7.0
multiplicative,354,1.2,0.09,24.0,25.0,28.0,30.0,33.0,33.0,True,instance_14335_valuation_matrix.csv,2,5,0.220751,88.3002,399.9990940018392
multiplicative,355,1.2,0.07,23.0,25.0,29.0,31.0,34.0,34.0,True,instance_14142_valuation_matrix.csv,2,4,0.300752,91.1162,302.9612438155025
multiplicative,356,1.2,0.196,7.0,7.0,7.0,7.0,8.0,8.0,True,instance_14751_valuation_matrix.csv,2,4,4.16667,58.3333,13.999980800015361
multiplicative,357,1.2,0.126,15.0,16.0,18.0,19.0,21.0,21.0,True,instance_15639_valuation_matrix.csv,2,4,0.55666,71.5706,128.57147989796283
multiplicative,358,1.2,0.2699999999999999,7.0,8.0,9.0,9.0,10.0,10.0,True,instance_15305_valuation_matrix.csv,2,4,7.40741,65.1163,8.790697423255901
multiplicative,359,1.2,0.126,8.0,9.0,11.0,12.0,14.0,14.0,True,instance_11964_valuation_matrix.csv,3,8,6.06061,20.2247,3.337073330902335
multiplicative,360,1.2,0.1943999999999999,8.0,9.0,9.0,9.0,10.0,10.0,True,instance_18874_valuation_matrix.csv,2,4,4.61538,64.6154,14.000017333350666
multiplicative,361,1.2,0.0864,18.0,20.0,23.0,24.0,27.0,27.0,True,instance_20801_valuation_matrix.csv,2,4,0.0988631,98.8631,1000.0000000000001
multiplicative,362,1.2,0.216,12.0,12.0,13.0,13.0,14.0,14.0,True,instance_19072_valuation_matrix.csv,2,4,4.44444,62.2222,14.000009000009
multiplicative,363,1.2,0.0864,24.0,26.0,29.0,31.0,35.0,35.0,True,instance_19198_valuation_matrix.csv,2,4,0.542495,75.9494,140.00018433349618
multiplicative,364,1.2,0.24,6.0,7.0,8.0,9.0,10.0,10.0,True,instance_17249_valuation_matrix.csv,2,4,8.23529,49.4118,6.000007285717928
multiplicative,365,1.2,0.001944,1003.0,1079.0,1247.0,1319.0,1484.0,1484.0,True,instance_15098_valuation_matrix.csv,3,4,0.00603412,86.2017,14285.711918225028
multiplicative,366,1.2,0.027,127.0,132.0,144.0,149.0,161.0,161.0,True,instance_14189_valuation_matrix.csv,2,9,0.0159473,55.8154,3499.9905940190497
multiplicative,367,1.2,0.2429999999999999,11.0,12.0,14.0,15.0,18.0,18.0,True,instance_19805_valuation_matrix.csv,2,4,4.4586,44.586,10.0
multiplicative,368,1.2,0.2429999999999999,13.0,14.0,15.0,16.0,17.0,17.0,True,instance_20918_valuation_matrix.csv,2,4,5.55556,54.902,9.882352094118325
multiplicative,369,1.2,0.2159999999999999,7.0,7.0,7.0,8.0,8.0,8.0,True,instance_9522_valuation_matrix.csv,2,4,4.16667,58.3333,13.999980800015361
multiplicative,370,1.2,0.1679999999999999,10.0,10.0,12.0,12.0,13.0,13.0,True,instance_13489_valuation_matrix.csv,2,4,4.3956,67.7419,15.411297661297661
multiplicative,371,1.2,0.18,12.0,13.0,17.0,19.0,23.0,23.0,True,instance_17808_valuation_matrix.csv,2,4,1.0989,57.6923,52.5000455000455
multiplicative,372,1.2,0.2159999999999999,3.0,3.0,4.0,4.0,5.0,5.0,True,instance_15824_valuation_matrix.csv,3,3,18.1818,45.4545,2.5000000000000004
multiplicative,373,1.2,0.0896,9.0,11.0,13.0,14.0,17.0,17.0,True,instance_20744_valuation_matrix.csv,2,4,4.60829,38.7097,8.40001388801486
multiplicative,374,1.2,0.18,14.0,15.0,16.0,16.0,17.0,17.0,True,instance_16544_valuation_matrix.csv,2,4,3.0581,77.4908,25.339524541381902
multiplicative,375,1.2,0.00324,353.0,393.0,489.0,532.0,630.0,630.0,True,instance_11312_valuation_matrix.csv,2,4,0.000560213,98.0373,175000.04462588337
multiplicative,376,1.2,0.126,11.0,11.0,13.0,14.0,15.0,15.0,True,instance_19777_valuation_matrix.csv,2,4,2.94118,61.7647,20.999972800032637
multiplicative,377,1.2,0.2835,11.0,13.0,16.0,18.0,21.0,21.0,True,instance_19873_valuation_matrix.csv,5,8,1.0989,43.956,40.0
multiplicative,378,1.2,0.0404999999999999,0.0,125.0,132.0,135.0,143.0,143.0,True,instance_14795_valuation_matrix.csv,2,2,1.17647,98.8235,84.0000170000085
multiplicative,379,1.2,0.2429999999999999,12.0,12.0,13.0,13.0,14.0,14.0,True,instance_14302_valuation_matrix.csv,2,4,5.88235,71.1864,12.101694050847026
multiplicative,380,1.2,0.2699999999999999,11.0,16.0,23.0,25.0,31.0,31.0,True,instance_11881_valuation_matrix.csv,2,5,4.34783,52.6316,12.105257105268604
multiplicative,381,1.2,0.084,22.0,24.0,27.0,28.0,31.0,31.0,True,instance_15677_valuation_matrix.csv,3,3,1.28205,94.7368,73.8947778947779
multiplicative,382,1.2,0.108,27.0,28.0,32.0,33.0,36.0,36.0,True,instance_15756_valuation_matrix.csv,2,4,1.0929,74.8555,68.4925427761003
multiplicative,383,1.2,0.2159999999999999,8.0,8.0,8.0,9.0,9.0,9.0,True,instance_12799_valuation_matrix.csv,2,4,3.00752,63.1579,20.999993350002658
multiplicative,384,1.2,0.224,8.0,8.0,9.0,9.0,10.0,10.0,True,instance_21623_valuation_matrix.csv,2,6,3.2967,46.1538,14.0
multiplicative,385,1.2,0.18,20.0,21.0,22.0,23.0,25.0,25.0,True,instance_16496_valuation_matrix.csv,2,6,1.92308,42.0,21.839965056055913
multiplicative,386,1.2,0.2159999999999999,12.0,12.0,12.0,12.0,13.0,13.0,True,instance_19045_valuation_matrix.csv,2,4,5.45455,76.3636,13.999981666681945
multiplicative,387,1.2,0.189,16.0,16.0,17.0,17.0,18.0,18.0,True,instance_23898_valuation_matrix.csv,2,4,1.15607,72.8324,62.99999135000477
multiplicative,388,1.2,0.225,6.0,6.0,6.0,7.0,7.0,7.0,True,instance_14134_valuation_matrix.csv,2,4,8.0,56.0,7.0
multiplicative,389,1.2,0.0432,56.0,59.0,66.0,68.0,75.0,75.0,True,instance_14343_valuation_matrix.csv,2,6,0.0655523,98.3284,1499.9992372502568
multiplicative,390,1.2,0.252,7.0,7.0,9.0,9.0,10.0,10.0,True,instance_18923_valuation_matrix.csv,2,4,5.88235,57.1429,9.714297857148928
multiplicative,391,1.2,0.2159999999999999,5.0,6.0,6.0,7.0,7.0,7.0,True,instance_14482_valuation_matrix.csv,2,3,7.69231,61.5385,8.00000259999922
multiplicative,392,1.2,0.24,8.0,9.0,9.0,9.0,10.0,10.0,True,instance_13434_valuation_matrix.csv,2,4,1.72414,72.4138,41.999953600055676
multiplicative,393,1.2,0.25,10.0,11.0,11.0,12.0,13.0,13.0,True,instance_20193_valuation_matrix.csv,2,4,7.69231,56.0,7.279997816000655
multiplicative,394,1.2,0.288,8.0,10.0,15.0,18.0,23.0,23.0,True,instance_19419_valuation_matrix.csv,2,5,5.88235,47.0588,8.0
multiplicative,395,1.2,0.0648,22.0,24.0,28.0,30.0,34.0,34.0,True,instance_16460_valuation_matrix.csv,2,4,0.914634,64.0244,70.00002186667017
multiplicative,396,1.2,0.0245,60.0,66.0,78.0,83.0,95.0,95.0,True,instance_21626_valuation_matrix.csv,2,4,0.540541,62.2222,115.11097215567366
multiplicative,397,1.2,0.18,9.0,9.0,10.0,11.0,11.0,11.0,True,instance_14435_valuation_matrix.csv,2,4,2.5,70.0,28.0
multiplicative,398,1.2,0.225,6.0,6.0,6.0,7.0,7.0,7.0,True,instance_19772_valuation_matrix.csv,2,4,8.0,56.0,7.0
multiplicative,399,1.2,0.1889999999999999,8.0,8.0,9.0,9.0,10.0,10.0,True,instance_18690_valuation_matrix.csv,2,4,7.05882,56.0,7.933337300001983
multiplicative,400,1.2,0.216,7.0,8.0,8.0,8.0,9.0,9.0,True,instance_9989_valuation_matrix.csv,2,4,6.01915,63.2011,10.500004153410366
multiplicative,401,1.2,0.192,10.0,10.0,11.0,11.0,11.0,11.0,True,instance_11504_valuation_matrix.csv,2,4,4.87805,68.2927,14.0
multiplicative,402,1.2,0.225,6.0,6.0,6.0,7.0,7.0,7.0,True,instance_11613_valuation_matrix.csv,2,4,8.0,56.0,7.0
multiplicative,403,1.2,0.24,14.0,14.0,15.0,15.0,18.0,18.0,True,instance_20398_valuation_matrix.csv,3,5,3.84615,50.0,13.000013000012999
multiplicative,404,1.2,0.25,8.0,9.0,10.0,10.0,11.0,11.0,True,instance_16458_valuation_matrix.csv,2,6,5.55556,47.4576,8.542361166111068
multiplicative,405,1.2,0.21,9.0,9.0,10.0,10.0,12.0,12.0,True,instance_21963_valuation_matrix.csv,2,4,4.16667,58.3333,13.999980800015361
multiplicative,406,1.2,0.0972,12.0,13.0,15.0,16.0,19.0,19.0,True,instance_22130_valuation_matrix.csv,2,4,2.3753,49.8812,20.999957900054728
multiplicative,407,1.2,0.2699999999999999,7.0,9.0,11.0,13.0,15.0,15.0,True,instance_14131_valuation_matrix.csv,2,4,4.6729,56.0,11.983992809604313
multiplicative,408,1.2,0.02916,83.0,87.0,98.0,102.0,112.0,112.0,True,instance_14346_valuation_matrix.csv,2,6,0.0578178,99.1162,1714.2852201225228
multiplicative,409,1.2,0.2159999999999999,7.0,7.0,7.0,7.0,8.0,8.0,True,instance_10927_valuation_matrix.csv,2,4,8.86076,70.8861,8.000002257142727
multiplicative,410,1.2,0.225,6.0,6.0,6.0,7.0,7.0,7.0,True,instance_17666_valuation_matrix.csv,2,4,8.0,56.0,7.0
multiplicative,411,1.2,0.225,6.0,6.0,6.0,7.0,7.0,7.0,True,instance_17695_valuation_matrix.csv,4,4,8.0,56.0,7.0
multiplicative,412,1.2,0.1008,19.0,20.0,23.0,25.0,28.0,28.0,True,instance_17288_valuation_matrix.csv,2,4,1.27226,74.8663,58.84512599625862
multiplicative,413,1.2,0.024,41.0,46.0,59.0,64.0,77.0,77.0,True,instance_10247_valuation_matrix.csv,2,4,0.0041012,97.5225,23779.015897786012
multiplicative,414,1.2,0.24,7.0,7.0,8.0,9.0,10.0,10.0,True,instance_23324_valuation_matrix.csv,2,4,10.7143,52.8302,4.930812092250544
multiplicative,415,1.2,0.0672,29.0,30.0,35.0,36.0,40.0,40.0,True,instance_15660_valuation_matrix.csv,2,4,1.002,88.8889,88.7114770459082
multiplicative,416,1.2,0.2429999999999999,6.0,7.0,8.0,8.0,9.0,9.0,True,instance_14162_valuation_matrix.csv,2,4,3.63636,55.5556,15.277805277805278
multiplicative,417,1.2,0.1152,19.0,22.0,29.0,32.0,38.0,38.0,True,instance_12238_valuation_matrix.csv,2,4,1.49254,62.6866,41.999946400096476
multiplicative,418,1.2,0.2,7.0,7.0,8.0,8.0,8.0,8.0,True,instance_18682_valuation_matrix.csv,2,4,8.95522,62.6866,7.000006700002903
multiplicative,419,1.2,0.225,6.0,6.0,6.0,7.0,7.0,7.0,True,instance_11792_valuation_matrix.csv,2,4,8.0,56.0,7.0
multiplicative,420,1.2,0.24,9.0,10.0,11.0,11.0,12.0,12.0,True,instance_19719_valuation_matrix.csv,2,4,5.55556,58.3333,10.49998560001152
multiplicative,421,1.2,0.3,3.0,3.0,4.0,4.0,5.0,5.0,True,instance_11761_valuation_matrix.csv,2,2,25.0,75.0,3.0
multiplicative,422,1.2,0.252,3.0,4.0,26.0,26.0,27.0,27.0,True,instance_19760_valuation_matrix.csv,2,4,0.817439,95.3678,116.66656472226062
multiplicative,423,1.2,0.189,13.0,14.0,16.0,17.0,20.0,20.0,True,instance_14886_valuation_matrix.csv,2,4,3.27869,57.377,17.499977125010293
multiplicative,424,1.2,0.216,6.0,7.0,7.0,8.0,9.0,9.0,True,instance_20136_valuation_matrix.csv,2,4,5.7377,57.377,10.0
multiplicative,425,1.2,0.225,6.0,6.0,6.0,7.0,7.0,7.0,True,instance_9830_valuation_matrix.csv,2,4,8.0,56.0,7.0
multiplicative,426,1.2,0.225,6.0,6.0,6.0,7.0,7.0,7.0,True,instance_19052_valuation_matrix.csv,2,4,8.0,56.0,7.0
multiplicative,427,1.2,0.225,6.0,6.0,6.0,7.0,7.0,7.0,True,instance_18750_valuation_matrix.csv,2,4,8.0,56.0,7.0
multiplicative,428,1.2,0.2519999999999999,8.0,8.0,9.0,9.0,9.0,9.0,True,instance_17383_valuation_matrix.csv,2,4,3.0303,50.9091,16.8000198000198
multiplicative,429,1.2,0.315,8.0,8.0,10.0,11.0,13.0,13.0,True,instance_15152_valuation_matrix.csv,5,4,4.18118,62.7178,15.000023916693372
multiplicative,430,1.2,0.2,6.0,7.0,7.0,8.0,8.0,8.0,True,instance_9543_valuation_matrix.csv,3,3,9.85915,78.8732,8.0
multiplicative,431,1.2,0.144,14.0,16.0,21.0,24.0,29.0,29.0,True,instance_22610_valuation_matrix.csv,2,4,1.99005,55.2632,27.76975452878068
multiplicative,432,1.2,0.112,21.0,22.0,26.0,28.0,33.0,33.0,True,instance_12499_valuation_matrix.csv,2,4,2.17391,56.0,25.760036064050492
multiplicative,433,1.2,0.2159999999999999,6.0,7.0,7.0,7.0,8.0,8.0,True,instance_15658_valuation_matrix.csv,2,4,7.84314,54.902,7.000002549999108
multiplicative,434,1.2,0.2267999999999999,8.0,8.0,8.0,8.0,9.0,9.0,True,instance_15245_valuation_matrix.csv,2,4,8.04598,64.3678,7.9999950285732755
multiplicative,435,1.2,0.0364499999999999,87.0,91.0,99.0,103.0,111.0,111.0,True,instance_14354_valuation_matrix.csv,2,6,0.0655523,98.3284,1499.9992372502568
multiplicative,436,1.2,0.192,8.0,9.0,9.0,10.0,10.0,10.0,True,instance_13166_valuation_matrix.csv,2,4,5.17241,72.4138,14.000011600008506
multiplicative,437,1.2,0.1008,23.0,25.0,29.0,30.0,34.0,34.0,True,instance_11344_valuation_matrix.csv,2,4,2.39726,71.9178,29.999999999999996
multiplicative,438,1.2,0.216,11.0,12.0,12.0,13.0,14.0,14.0,True,instance_13882_valuation_matrix.csv,2,4,3.82514,77.7778,20.33332113334414
multiplicative,439,1.2,0.24,9.0,9.0,10.0,10.0,11.0,11.0,True,instance_10103_valuation_matrix.csv,2,4,3.26531,68.5714,20.999966312540003
multiplicative,440,1.2,0.1619999999999999,18.0,19.0,20.0,21.0,22.0,22.0,True,instance_19264_valuation_matrix.csv,3,8,0.211454,67.4157,318.81969600953397
multiplicative,441,1.2,0.00432,335.0,367.0,444.0,478.0,557.0,557.0,True,instance_15700_valuation_matrix.csv,2,4,0.00904895,90.4895,10000.0
multiplicative,442,1.2,0.252,10.0,10.0,11.0,11.0,12.0,12.0,True,instance_15113_valuation_matrix.csv,2,4,2.65487,74.3363,27.999977400023354
multiplicative,443,1.2,0.2159999999999999,5.0,6.0,6.0,7.0,7.0,7.0,True,instance_9731_valuation_matrix.csv,2,4,7.69231,50.0,6.499998050000585
multiplicative,444,1.2,0.2,6.0,7.0,7.0,8.0,8.0,8.0,True,instance_9546_valuation_matrix.csv,3,3,9.85915,78.8732,8.0
multiplicative,445,1.2,0.2267999999999999,7.0,7.0,8.0,8.0,9.0,9.0,True,instance_9748_valuation_matrix.csv,2,4,6.25,62.5,10.0
multiplicative,446,1.2,0.048,31.0,33.0,39.0,42.0,47.0,47.0,True,instance_14046_valuation_matrix.csv,2,4,1.25673,62.8366,50.00007957158658
multiplicative,447,1.2,0.24,11.0,11.0,12.0,12.0,13.0,13.0,True,instance_21648_valuation_matrix.csv,2,4,5.40541,68.8525,12.73770167295358
multiplicative,448,1.2,0.225,6.0,6.0,6.0,7.0,7.0,7.0,True,instance_17386_valuation_matrix.csv,2,4,8.0,56.0,7.0
multiplicative,449,1.2,0.2205,10.0,11.0,11.0,11.0,12.0,12.0,True,instance_21255_valuation_matrix.csv,2,4,2.02703,70.9459,34.99992600010853
multiplicative,450,1.2,0.252,6.0,7.0,8.0,9.0,10.0,10.0,True,instance_16099_valuation_matrix.csv,2,4,4.44444,48.8889,11.0000135000135
multiplicative,451,1.2,0.192,7.0,8.0,8.0,9.0,9.0,9.0,True,instance_18755_valuation_matrix.csv,2,4,6.10687,64.1221,10.499994268749786
multiplicative,452,1.2,0.216,8.0,9.0,9.0,9.0,10.0,10.0,True,instance_17566_valuation_matrix.csv,2,4,4.90196,68.6274,13.999991839998694
multiplicative,453,1.2,0.0432,34.0,37.0,43.0,46.0,53.0,53.0,True,instance_20344_valuation_matrix.csv,2,4,0.886382,62.0467,69.99995487272982
multiplicative,454,1.2,0.2699999999999999,7.0,8.0,9.0,9.0,10.0,10.0,True,instance_19796_valuation_matrix.csv,2,4,7.40741,65.1163,8.790697423255901
multiplicative,455,1.2,0.225,6.0,6.0,6.0,7.0,7.0,7.0,True,instance_10066_valuation_matrix.csv,2,4,8.0,56.0,7.0
multiplicative,456,1.2,0.2429999999999999,9.0,9.0,9.0,9.0,11.0,11.0,True,instance_20601_valuation_matrix.csv,2,4,4.16667,58.3333,13.999980800015361
multiplicative,457,1.2,0.24,8.0,8.0,8.0,9.0,9.0,9.0,True,instance_14589_valuation_matrix.csv,2,4,5.26316,73.6842,13.999992400003041
multiplicative,458,1.2,0.225,6.0,6.0,6.0,7.0,7.0,7.0,True,instance_12620_valuation_matrix.csv,2,4,8.0,56.0,7.0
multiplicative,459,1.2,0.2,6.0,6.0,7.0,7.0,8.0,8.0,True,instance_19818_valuation_matrix.csv,2,5,8.33333,36.3636,4.363633745453498
multiplicative,460,1.2,0.36,4.0,5.0,7.0,8.0,10.0,10.0,True,instance_14774_valuation_matrix.csv,3,3,14.2857,50.0,3.5000035000035
multiplicative,461,1.2,0.1889999999999999,9.0,10.0,10.0,10.0,11.0,11.0,True,instance_17854_valuation_matrix.csv,2,4,3.7037,77.7778,21.000027000027
multiplicative,462,1.2,0.224,7.0,7.0,8.0,9.0,10.0,10.0,True,instance_14463_valuation_matrix.csv,2,4,6.77966,56.0,8.260001239000186
multiplicative,463,1.2,0.168,10.0,11.0,12.0,13.0,15.0,15.0,True,instance_15878_valuation_matrix.csv,2,4,4.34783,62.2222,14.311093120016192
multiplicative,464,1.2,0.225,6.0,6.0,6.0,7.0,7.0,7.0,True,instance_10229_valuation_matrix.csv,2,4,8.0,56.0,7.0
multiplicative,465,1.2,0.225,6.0,6.0,6.0,7.0,7.0,7.0,True,instance_22968_valuation_matrix.csv,2,4,8.0,56.0,7.0
multiplicative,466,1.2,0.09,32.0,33.0,38.0,40.0,44.0,44.0,True,instance_14351_valuation_matrix.csv,2,6,0.253936,76.1808,300.0
multiplicative,467,1.2,0.25,14.0,16.0,17.0,18.0,19.0,19.0,True,instance_15624_valuation_matrix.csv,3,3,3.25203,79.6748,24.500019987515493
multiplicative,468,1.2,0.36,10.0,13.0,22.0,32.0,114.0,114.0,True,instance_14735_valuation_matrix.csv,2,4,7.01754,61.4035,8.75000356250196
multiplicative,469,1.2,0.216,6.0,7.0,8.0,8.0,10.0,10.0,True,instance_9571_valuation_matrix.csv,2,4,5.27903,59.1252,11.200012123439345
multiplicative,470,1.2,7.000000000000001e-07,,,,,,60000.0,False,instance_21291_valuation_matrix.csv,2,3,0.000126728,57.4657,453457.0102897544
multiplicative,471,1.2,0.126,12.0,13.0,15.0,15.0,18.0,18.0,True,instance_21529_valuation_matrix.csv,2,4,1.26582,79.7468,63.00011060024332
multiplicative,472,1.2,0.027,76.0,81.0,92.0,97.0,108.0,108.0,True,instance_20025_valuation_matrix.csv,2,4,0.0279252,97.7381,3499.9964190050564
multiplicative,473,1.2,0.2099999999999999,8.0,8.0,9.0,9.0,10.0,10.0,True,instance_10642_valuation_matrix.csv,2,4,5.12821,68.8525,13.426224745086493
multiplicative,474,1.2,0.0972,18.0,19.0,22.0,23.0,25.0,25.0,True,instance_9923_valuation_matrix.csv,2,4,1.96078,56.0224,28.571486857271086
multiplicative,475,1.2,0.175,11.0,12.0,13.0,13.0,14.0,14.0,True,instance_14129_valuation_matrix.csv,2,4,4.90196,68.6274,13.999991839998694
multiplicative,476,1.2,0.2159999999999999,5.0,6.0,9.0,11.0,14.0,14.0,True,instance_15652_valuation_matrix.csv,3,3,6.66667,58.3333,8.749990625004688
multiplicative,477,1.2,0.35,4.0,5.0,21.0,21.0,24.0,24.0,True,instance_14150_valuation_matrix.csv,4,4,7.69231,54.5455,7.090912872726138
multiplicative,478,1.2,0.25,8.0,9.0,10.0,11.0,12.0,12.0,True,instance_18947_valuation_matrix.csv,2,4,9.83607,68.8525,7.00000101666621
multiplicative,479,1.2,0.1944,20.0,21.0,25.0,26.0,29.0,29.0,True,instance_9549_valuation_matrix.csv,3,7,0.628968,66.0417,105.0000953943603
multiplicative,480,1.2,0.225,6.0,6.0,6.0,7.0,7.0,7.0,True,instance_16981_valuation_matrix.csv,2,4,8.0,56.0,7.0
multiplicative,481,1.2,0.27,7.0,7.0,8.0,9.0,10.0,10.0,True,instance_13202_valuation_matrix.csv,3,4,5.7971,68.8525,11.877059219264805
multiplicative,482,1.2,0.2159999999999999,7.0,8.0,9.0,10.0,11.0,11.0,True,instance_14247_valuation_matrix.csv,2,4,8.95522,62.6866,7.000006700002903
multiplicative,483,1.2,0.126,16.0,17.0,18.0,19.0,21.0,21.0,True,instance_17863_valuation_matrix.csv,4,4,0.0848794,97.005,1142.856806245096
multiplicative,484,1.2,0.2024999999999999,9.0,9.0,10.0,10.0,11.0,11.0,True,instance_12873_valuation_matrix.csv,2,4,2.62172,56.0,21.360023190882323
multiplicative,485,1.2,0.225,6.0,6.0,6.0,7.0,7.0,7.0,True,instance_9666_valuation_matrix.csv,2,4,8.0,56.0,7.0
multiplicative,486,1.2,0.18,14.0,14.0,15.0,15.0,16.0,16.0,True,instance_18906_valuation_matrix.csv,2,4,1.7094,75.0,43.87504387504387
multiplicative,487,1.2,0.225,6.0,6.0,6.0,7.0,7.0,7.0,True,instance_12656_valuation_matrix.csv,2,4,8.0,56.0,7.0
multiplicative,488,1.2,0.216,6.0,6.0,7.0,7.0,8.0,8.0,True,instance_14155_valuation_matrix.csv,2,4,5.71874,54.1936,9.47649307364909
multiplicative,489,1.2,0.2159999999999999,6.0,7.0,7.0,7.0,8.0,8.0,True,instance_15657_valuation_matrix.csv,2,9,3.33333,23.3333,6.999996999997
multiplicative,490,1.2,0.216,13.0,14.0,16.0,17.0,19.0,19.0,True,instance_11299_valuation_matrix.csv,2,4,3.72093,60.0,16.125001007812564
multiplicative,491,1.2,0.1619999999999999,3.0,4.0,5.0,5.0,6.0,6.0,True,instance_14963_valuation_matrix.csv,2,3,14.2857,42.8571,3.0
multiplicative,492,1.2,0.2,6.0,6.0,7.0,7.0,7.0,7.0,True,instance_10388_valuation_matrix.csv,2,4,7.40741,56.0,7.559997354000926
multiplicative,493,1.2,0.1889999999999999,8.0,9.0,9.0,9.0,10.0,10.0,True,instance_17827_valuation_matrix.csv,2,4,8.04598,65.1163,8.09302285116294
multiplicative,494,1.2,0.3,9.0,10.0,13.0,14.0,16.0,16.0,True,instance_11973_valuation_matrix.csv,5,7,3.22581,58.0645,17.99997520002728
multiplicative,495,1.2,0.1700999999999999,9.0,9.0,10.0,11.0,12.0,12.0,True,instance_17434_valuation_matrix.csv,2,4,3.57143,50.0,13.99999440000224
multiplicative,496,1.2,0.1512,9.0,9.0,11.0,11.0,12.0,12.0,True,instance_9994_valuation_matrix.csv,2,4,4.28571,60.0,14.000014000014
multiplicative,497,1.2,0.144,8.0,9.0,10.0,11.0,12.0,12.0,True,instance_20753_valuation_matrix.csv,5,7,2.77778,25.0,8.99999280000576
multiplicative,498,1.2,0.225,9.0,9.0,11.0,11.0,12.0,12.0,True,instance_18551_valuation_matrix.csv,2,4,5.12821,71.7949,13.999992200007409
multiplicative,499,1.2,0.192,8.0,8.0,9.0,9.0,10.0,10.0,True,instance_12876_valuation_matrix.csv,2,4,6.54206,65.4206,9.999999999999998
multiplicative,500,1.2,0.216,10.0,10.0,11.0,11.0,12.0,12.0,True,instance_16673_valuation_matrix.csv,2,6,2.51256,61.2755,24.38767631419747
multiplicative,501,1.2,0.192,7.0,7.0,8.0,8.0,9.0,9.0,True,instance_17515_valuation_matrix.csv,2,4,5.47945,57.5342,10.499995437498288
multiplicative,502,1.2,0.225,6.0,6.0,6.0,7.0,7.0,7.0,True,instance_14242_valuation_matrix.csv,2,4,8.0,56.0,7.0
multiplicative,503,1.2,0.224,9.0,10.0,10.0,10.0,11.0,11.0,True,instance_20505_valuation_matrix.csv,2,4,5.47945,62.6866,11.440308790115797
multiplicative,504,1.2,0.02268,245.0,259.0,288.0,300.0,328.0,328.0,True,instance_23636_valuation_matrix.csv,2,4,0.390625,68.3594,175.00006399999998
multiplicative,505,1.2,0.192,8.0,9.0,9.0,10.0,10.0,10.0,True,instance_9642_valuation_matrix.csv,2,4,5.17241,72.4138,14.000011600008506
multiplicative,506,1.2,0.112,17.0,18.0,20.0,21.0,23.0,23.0,True,instance_20039_valuation_matrix.csv,2,4,0.476758,83.4327,175.00010487500995
multiplicative,507,1.2,0.18,9.0,9.0,10.0,11.0,12.0,12.0,True,instance_10243_valuation_matrix.csv,2,4,4.0747,71.3073,17.500012270842024
multiplicative,508,1.2,0.2159999999999999,9.0,10.0,10.0,11.0,11.0,11.0,True,instance_16277_valuation_matrix.csv,2,4,2.40964,75.9036,31.49997510001494
multiplicative,509,1.2,0.225,6.0,6.0,6.0,7.0,7.0,7.0,True,instance_12816_valuation_matrix.csv,2,4,8.0,56.0,7.0
multiplicative,510,1.2,0.07,25.0,27.0,30.0,32.0,36.0,36.0,True,instance_10549_valuation_matrix.csv,2,4,0.462453,93.6455,202.49733486429972
multiplicative,511,1.2,0.2159999999999999,12.0,12.0,12.0,12.0,13.0,13.0,True,instance_19044_valuation_matrix.csv,2,4,5.45455,76.3636,13.999981666681945
multiplicative,512,1.2,0.252,6.0,6.0,7.0,8.0,9.0,9.0,True,instance_18746_valuation_matrix.csv,2,4,8.0,61.7647,7.7205875
multiplicative,513,1.2,0.108,27.0,28.0,32.0,33.0,36.0,36.0,True,instance_15757_valuation_matrix.csv,2,4,1.0929,74.8555,68.4925427761003
multiplicative,514,1.2,0.252,0.0,0.0,26.0,26.0,27.0,27.0,True,instance_15559_valuation_matrix.csv,3,3,2.63158,92.1053,35.0
multiplicative,515,1.2,0.0672,28.0,30.0,34.0,36.0,40.0,40.0,True,instance_14389_valuation_matrix.csv,2,4,0.283554,79.3951,279.9999294666977
multiplicative,516,1.2,1.0,0.0,0.0,0.0,0.0,0.0,0.0,True,instance_23145_valuation_matrix.csv,2,3,33.3333,33.3333,1.0
multiplicative,517,1.2,0.225,6.0,6.0,6.0,7.0,7.0,7.0,True,instance_12937_valuation_matrix.csv,2,4,8.0,56.0,7.0
multiplicative,518,1.2,0.18,16.0,16.0,17.0,18.0,19.0,19.0,True,instance_16545_valuation_matrix.csv,2,4,3.0581,76.087,24.88048134462575
multiplicative,519,1.2,0.1619999999999999,16.0,18.0,21.0,23.0,26.0,26.0,True,instance_15972_valuation_matrix.csv,3,4,2.5974,54.5455,21.0000385000385
multiplicative,520,1.2,0.2099999999999999,5.0,6.0,7.0,8.0,10.0,10.0,True,instance_10202_valuation_matrix.csv,2,4,13.6364,40.9091,2.9999926666862224
multiplicative,521,1.2,0.2,7.0,7.0,8.0,8.0,9.0,9.0,True,instance_10075_valuation_matrix.csv,2,4,7.36842,62.6866,8.507468358209765
multiplicative,522,1.2,0.2159999999999999,4.0,4.0,5.0,5.0,6.0,6.0,True,instance_18667_valuation_matrix.csv,2,4,5.55556,38.8889,6.99999640000288
multiplicative,523,1.2,0.24,11.0,12.0,12.0,13.0,14.0,14.0,True,instance_9907_valuation_matrix.csv,3,4,4.28571,62.2222,14.518527851861185
multiplicative,524,1.2,0.54,1.0,1.0,2.0,3.0,4.0,4.0,True,instance_18087_valuation_matrix.csv,2,4,16.6667,33.3333,1.9999940000120002
multiplicative,525,1.2,0.04,61.0,64.0,71.0,74.0,81.0,81.0,True,instance_14347_valuation_matrix.csv,2,6,0.00574887,98.5521,17142.86459773834
multiplicative,526,1.2,0.16,17.0,17.0,19.0,19.0,20.0,20.0,True,instance_15445_valuation_matrix.csv,2,4,1.85701,90.9935,49.00000538500062
multiplicative,527,1.2,0.2,6.0,6.0,7.0,7.0,7.0,7.0,True,instance_10926_valuation_matrix.csv,2,4,7.40741,56.0,7.559997354000926
multiplicative,528,1.2,0.2099999999999999,7.0,8.0,9.0,9.0,10.0,10.0,True,instance_15256_valuation_matrix.csv,2,4,8.0,68.8525,8.6065625
multiplicative,529,1.2,0.21,9.0,9.0,10.0,10.0,12.0,12.0,True,instance_21962_valuation_matrix.csv,2,4,4.16667,58.3333,13.999980800015361
multiplicative,530,1.2,0.18,9.0,9.0,10.0,10.0,11.0,11.0,True,instance_12145_valuation_matrix.csv,2,4,3.5533,79.096,22.2598711057327
multiplicative,531,1.2,0.02268,245.0,259.0,288.0,300.0,328.0,328.0,True,instance_23633_valuation_matrix.csv,2,4,0.390625,68.3594,175.00006399999998
multiplicative,532,1.2,0.24,13.0,13.0,14.0,14.0,15.0,15.0,True,instance_17322_valuation_matrix.csv,2,4,3.78788,53.0303,13.99999472000169
multiplicative,533,1.2,0.2159999999999999,3.0,3.0,4.0,4.0,5.0,5.0,True,instance_15817_valuation_matrix.csv,3,3,18.1818,45.4545,2.5000000000000004
multiplicative,534,1.2,0.24,10.0,11.0,15.0,17.0,21.0,21.0,True,instance_19284_valuation_matrix.csv,4,8,1.82927,51.2195,27.99996720003061
multiplicative,535,1.2,0.225,6.0,6.0,6.0,7.0,7.0,7.0,True,instance_17548_valuation_matrix.csv,2,4,8.0,56.0,7.0
multiplicative,536,1.2,0.252,10.0,11.0,12.0,13.0,14.0,14.0,True,instance_13943_valuation_matrix.csv,2,4,1.89573,69.6682,36.7500646189067
multiplicative,537,1.2,0.192,7.0,7.0,8.0,8.0,9.0,9.0,True,instance_19773_valuation_matrix.csv,2,3,6.66667,66.6667,10.000000000000002
multiplicative,538,1.2,0.0864,16.0,18.0,21.0,22.0,25.0,25.0,True,instance_12441_valuation_matrix.csv,2,4,1.28205,62.8205,49.000039000039
multiplicative,539,1.2,0.315,6.0,8.0,11.0,12.0,15.0,15.0,True,instance_23753_valuation_matrix.csv,3,4,8.10811,48.6486,5.999992600001727
multiplicative,540,1.2,0.00135,1237.0,1386.0,1769.0,1940.0,2340.0,2340.0,True,instance_12104_valuation_matrix.csv,2,4,0.0111099,62.461,5622.102809206203
multiplicative,541,1.2,0.216,8.0,9.0,9.0,9.0,10.0,10.0,True,instance_12373_valuation_matrix.csv,2,4,4.81928,72.4138,15.025854484487308
multiplicative,542,1.2,0.1944,20.0,21.0,25.0,26.0,29.0,29.0,True,instance_9550_valuation_matrix.csv,3,7,0.628968,66.0417,105.0000953943603
multiplicative,543,1.2,0.225,6.0,6.0,6.0,7.0,7.0,7.0,True,instance_20538_valuation_matrix.csv,2,4,8.0,56.0,7.0
multiplicative,544,1.2,0.288,16.0,17.0,19.0,20.0,22.0,22.0,True,instance_16741_valuation_matrix.csv,2,6,2.90698,50.6024,17.407206103929166
multiplicative,545,1.2,0.2,6.0,6.0,7.0,7.0,7.0,7.0,True,instance_20618_valuation_matrix.csv,2,4,13.7255,54.902,4.0
multiplicative,546,1.2,0.072,19.0,21.0,25.0,26.0,30.0,30.0,True,instance_11800_valuation_matrix.csv,2,37,1.0582,5.26316,4.973691173691174
multiplicative,547,1.2,0.2,6.0,7.0,7.0,7.0,8.0,8.0,True,instance_14026_valuation_matrix.csv,2,4,7.84314,54.902,7.000002549999108
multiplicative,548,1.2,0.01512,208.0,217.0,239.0,248.0,270.0,270.0,True,instance_15553_valuation_matrix.csv,3,4,0.0234137,95.8957,4095.70892255389
multiplicative,549,1.2,0.084,26.0,28.0,31.0,32.0,35.0,35.0,True,instance_14442_valuation_matrix.csv,2,5,0.265604,92.9615,350.0003765003539
multiplicative,550,1.2,0.112,11.0,12.0,14.0,15.0,17.0,17.0,True,instance_18848_valuation_matrix.csv,2,4,2.85714,45.1613,15.806470806470807
multiplicative,551,1.2,0.24,7.0,7.0,8.0,8.0,10.0,10.0,True,instance_19240_valuation_matrix.csv,2,4,5.7971,60.8696,10.500008625002156
multiplicative,552,1.2,0.2159999999999999,3.0,3.0,4.0,4.0,5.0,5.0,True,instance_15820_valuation_matrix.csv,3,3,18.1818,45.4545,2.5000000000000004
multiplicative,553,1.2,0.2159999999999999,8.0,8.0,8.0,9.0,9.0,9.0,True,instance_21628_valuation_matrix.csv,2,4,8.04598,64.3678,7.9999950285732755
multiplicative,554,1.2,0.252,8.0,8.0,9.0,9.0,10.0,10.0,True,instance_21355_valuation_matrix.csv,2,4,7.84314,70.0,8.924996876251093
multiplicative,555,1.2,0.252,6.0,6.0,7.0,7.0,7.0,7.0,True,instance_23860_valuation_matrix.csv,2,4,8.0,65.1163,8.1395375
multiplicative,556,1.2,0.04,61.0,64.0,71.0,75.0,82.0,82.0,True,instance_14348_valuation_matrix.csv,2,6,0.00575227,98.6104,17142.867076823582
multiplicative,557,1.2,0.18,11.0,12.0,12.0,13.0,13.0,13.0,True,instance_10950_valuation_matrix.csv,2,4,1.94265,55.5042,28.57138444907729
multiplicative,558,1.2,0.189,9.0,9.0,9.0,10.0,11.0,11.0,True,instance_9648_valuation_matrix.csv,2,4,2.09059,73.1707,35.00002391669337
multiplicative,559,1.2,0.0864,39.0,41.0,45.0,47.0,51.0,51.0,True,instance_22488_valuation_matrix.csv,2,4,0.769231,80.7692,104.99992850002145
multiplicative,560,1.2,0.2429999999999999,10.0,10.0,12.0,13.0,15.0,15.0,True,instance_15796_valuation_matrix.csv,3,4,5.88235,64.1221,10.900762450381226
multiplicative,561,1.2,0.225,6.0,6.0,6.0,7.0,7.0,7.0,True,instance_17547_valuation_matrix.csv,2,4,8.0,56.0,7.0
multiplicative,562,1.2,0.2159999999999999,6.0,6.0,7.0,7.0,8.0,8.0,True,instance_11499_valuation_matrix.csv,2,4,6.89655,56.0,8.120002030000506
multiplicative,563,1.2,0.2159999999999999,3.0,3.0,4.0,4.0,5.0,5.0,True,instance_15818_valuation_matrix.csv,3,3,18.1818,45.4545,2.5000000000000004
multiplicative,564,1.2,0.16,7.0,8.0,10.0,11.0,13.0,13.0,True,instance_19076_valuation_matrix.csv,2,4,4.19162,47.9042,11.428564612250156
multiplicative,565,1.2,0.144,13.0,14.0,15.0,16.0,17.0,17.0,True,instance_12860_valuation_matrix.csv,2,4,1.15718,81.0029,70.00025925093762
multiplicative,566,1.2,0.0896,9.0,11.0,13.0,14.0,17.0,17.0,True,instance_20745_valuation_matrix.csv,2,4,4.60829,38.7097,8.40001388801486
multiplicative,567,1.2,0.2159999999999999,9.0,10.0,10.0,11.0,11.0,11.0,True,instance_16278_valuation_matrix.csv,2,4,2.40964,75.9036,31.49997510001494
multiplicative,568,1.2,0.189,15.0,26.0,75.0,77.0,82.0,82.0,True,instance_11033_valuation_matrix.csv,2,6,2.63158,61.3139,23.299272680290926
multiplicative,569,1.2,0.252,5.0,5.0,7.0,7.0,8.0,8.0,True,instance_9850_valuation_matrix.csv,2,4,15.0,52.5,3.5
multiplicative,570,1.2,0.2159999999999999,8.0,9.0,10.0,10.0,11.0,11.0,True,instance_20321_valuation_matrix.csv,2,5,5.26316,55.814,10.604655758137696
multiplicative,571,1.2,0.2159999999999999,5.0,5.0,6.0,6.0,7.0,7.0,True,instance_9523_valuation_matrix.csv,2,2,16.6667,83.3333,4.999988000024
multiplicative,572,1.2,0.18,7.0,7.0,8.0,9.0,9.0,9.0,True,instance_14386_valuation_matrix.csv,2,4,8.88889,62.6866,7.052241618469798
multiplicative,573,1.2,0.18,12.0,12.0,13.0,13.0,14.0,14.0,True,instance_13349_valuation_matrix.csv,2,4,2.01005,78.6517,39.129225641153205
multiplicative,574,1.2,0.21,10.0,10.0,11.0,11.0,11.0,11.0,True,instance_17248_valuation_matrix.csv,2,4,3.30579,69.4215,20.999972775040156
multiplicative,575,1.2,0.35,12.0,14.0,20.0,23.0,28.0,28.0,True,instance_18466_valuation_matrix.csv,2,4,12.0,50.9091,4.242425
multiplicative,576,1.2,0.2,9.0,9.0,10.0,10.0,11.0,11.0,True,instance_9908_valuation_matrix.csv,2,4,4.44444,65.4206,14.719649719649718
multiplicative,577,1.2,0.24,7.0,7.0,8.0,8.0,9.0,9.0,True,instance_18782_valuation_matrix.csv,2,4,4.41176,61.7647,14.000013600014507
multiplicative,578,1.2,0.27,4.0,4.0,5.0,6.0,7.0,7.0,True,instance_21006_valuation_matrix.csv,2,3,20.0,50.0,2.5
multiplicative,579,1.2,1.0,0.0,0.0,0.0,0.0,0.0,0.0,True,instance_10709_valuation_matrix.csv,2,2,50.0,50.0,1.0
multiplicative,580,1.2,0.225,6.0,6.0,6.0,7.0,7.0,7.0,True,instance_17351_valuation_matrix.csv,2,4,8.0,56.0,7.0
multiplicative,581,1.2,0.225,6.0,6.0,6.0,7.0,7.0,7.0,True,instance_20360_valuation_matrix.csv,2,4,8.0,56.0,7.0
multiplicative,582,1.2,0.24,5.0,5.0,6.0,7.0,8.0,8.0,True,instance_10507_valuation_matrix.csv,2,4,9.09091,40.0,4.399999560000045
multiplicative,583,1.2,0.192,9.0,9.0,10.0,10.0,10.0,10.0,True,instance_18708_valuation_matrix.csv,2,4,4.91803,68.8525,14.000016266675885
multiplicative,584,1.2,0.24,4.0,4.0,5.0,6.0,7.0,7.0,True,instance_15719_valuation_matrix.csv,2,4,11.1111,44.6809,4.0212850212850215
multiplicative,585,1.2,0.192,12.0,13.0,16.0,17.0,20.0,20.0,True,instance_20800_valuation_matrix.csv,2,12,1.86916,25.8805,13.846059192364486
multiplicative,586,1.2,0.1619999999999999,16.0,16.0,18.0,19.0,20.0,20.0,True,instance_14334_valuation_matrix.csv,2,5,1.62162,81.0811,50.000061666728335
multiplicative,587,1.2,0.1679999999999999,8.0,9.0,11.0,12.0,13.0,13.0,True,instance_13715_valuation_matrix.csv,2,4,4.79042,56.0,11.689997954250357
multiplicative,588,1.2,0.126,15.0,16.0,18.0,19.0,21.0,21.0,True,instance_15638_valuation_matrix.csv,2,4,0.55666,71.5706,128.57147989796283
multiplicative,589,1.2,0.25,9.0,9.0,10.0,10.0,11.0,11.0,True,instance_21830_valuation_matrix.csv,2,4,7.69231,66.1417,8.598418420474474
multiplicative,590,1.2,0.2429999999999999,7.0,8.0,8.0,9.0,10.0,10.0,True,instance_19741_valuation_matrix.csv,2,4,3.0303,44.6809,14.744711744711745
multiplicative,591,1.2,0.252,6.0,6.0,6.0,7.0,7.0,7.0,True,instance_20625_valuation_matrix.csv,2,3,13.3333,71.4286,5.3571583928959825
multiplicative,592,1.2,1.0,0.0,0.0,0.0,0.0,0.0,0.0,True,instance_20238_valuation_matrix.csv,3,4,25.0,25.0,1.0
multiplicative,593,1.2,0.225,6.0,6.0,6.0,7.0,7.0,7.0,True,instance_11564_valuation_matrix.csv,2,4,8.0,56.0,7.0
multiplicative,594,1.2,0.216,7.0,7.0,8.0,8.0,9.0,9.0,True,instance_10295_valuation_matrix.csv,2,4,7.2165,72.1649,9.99998614286704
multiplicative,595,1.2,0.24,6.0,7.0,8.0,8.0,9.0,9.0,True,instance_11100_valuation_matrix.csv,2,4,6.15385,49.4118,8.029412481617198
multiplicative,596,1.2,0.216,7.0,7.0,8.0,8.0,9.0,9.0,True,instance_16332_valuation_matrix.csv,2,4,6.639,58.0913,8.750007531254706
multiplicative,597,1.2,0.216,5.0,6.0,7.0,8.0,10.0,10.0,True,instance_10068_valuation_matrix.csv,2,4,5.26316,44.6809,8.489367604252958
multiplicative,598,1.2,0.2024999999999999,9.0,9.0,10.0,10.0,11.0,11.0,True,instance_12872_valuation_matrix.csv,2,4,2.62172,56.0,21.360023190882323
multiplicative,599,1.2,0.315,6.0,20.0,22.0,23.0,25.0,25.0,True,instance_21448_valuation_matrix.csv,2,4,3.46535,49.505,14.285714285714286
multiplicative,600,1.2,0.216,9.0,9.0,9.0,9.0,10.0,10.0,True,instance_19020_valuation_matrix.csv,2,4,1.4862,84.9257,57.14284753061499
multiplicative,601,1.2,0.2,6.0,7.0,7.0,8.0,8.0,8.0,True,instance_9548_valuation_matrix.csv,3,3,9.85915,78.8732,8.0
multiplicative,602,1.2,0.2699999999999999,17.0,17.0,18.0,19.0,20.0,20.0,True,instance_15237_valuation_matrix.csv,2,4,6.77966,47.4576,6.999997049999558
multiplicative,603,1.2,0.216,13.0,13.0,13.0,14.0,14.0,14.0,True,instance_12461_valuation_matrix.csv,2,4,1.46879,71.9706,48.99992510842258
multiplicative,604,1.2,0.25,9.0,9.0,11.0,12.0,14.0,14.0,True,instance_12998_valuation_matrix.csv,2,4,8.4507,59.1549,7.0
multiplicative,605,1.2,0.18,15.0,16.0,17.0,17.0,18.0,18.0,True,instance_22966_valuation_matrix.csv,2,4,1.30152,64.6154,49.646106091339355
multiplicative,606,1.2,0.18,6.0,7.0,7.0,7.0,8.0,8.0,True,instance_10171_valuation_matrix.csv,2,4,14.4928,50.7246,3.4999862000441597
multiplicative,607,1.2,0.24,4.0,4.0,5.0,5.0,6.0,6.0,True,instance_11984_valuation_matrix.csv,2,3,12.0,56.0,4.666666666666667
multiplicative,608,1.2,0.24,10.0,10.0,11.0,12.0,13.0,13.0,True,instance_18867_valuation_matrix.csv,2,4,7.2165,72.1649,9.99998614286704
multiplicative,609,1.2,0.16,13.0,14.0,16.0,17.0,19.0,19.0,True,instance_18894_valuation_matrix.csv,2,4,2.58065,63.2258,24.49995156259082
multiplicative,610,1.2,0.189,10.0,11.0,12.0,13.0,14.0,14.0,True,instance_22129_valuation_matrix.csv,2,4,2.3753,53.1646,22.382267503052244
multiplicative,611,1.2,0.225,12.0,12.0,14.0,15.0,16.0,16.0,True,instance_14627_valuation_matrix.csv,2,4,6.15385,50.9091,8.272723579547764
multiplicative,612,1.2,1.0,0.0,0.0,0.0,0.0,0.0,0.0,True,instance_17867_valuation_matrix.csv,3,3,33.3333,33.3333,1.0
multiplicative,613,1.2,0.3239999999999999,7.0,9.0,52.0,55.0,61.0,61.0,True,instance_12780_valuation_matrix.csv,2,4,12.0,60.0,5.0
multiplicative,614,1.2,0.225,6.0,6.0,6.0,7.0,7.0,7.0,True,instance_14243_valuation_matrix.csv,2,4,8.0,56.0,7.0
multiplicative,615,1.2,0.128,15.0,16.0,18.0,18.0,20.0,20.0,True,instance_18550_valuation_matrix.csv,2,4,0.75188,63.1579,83.99997340001063
multiplicative,616,1.2,0.2,7.0,7.0,8.0,8.0,8.0,8.0,True,instance_19025_valuation_matrix.csv,2,4,8.51064,59.5745,7.00000234999953
multiplicative,617,1.2,0.21,10.0,11.0,11.0,12.0,13.0,13.0,True,instance_16672_valuation_matrix.csv,2,4,4.7619,66.6667,14.000021000021002
multiplicative,618,1.2,0.24,9.0,9.0,10.0,10.0,11.0,11.0,True,instance_12884_valuation_matrix.csv,2,4,4.28571,60.0,14.000014000014
multiplicative,619,1.2,0.1296,19.0,21.0,23.0,24.0,27.0,27.0,True,instance_21029_valuation_matrix.csv,2,4,1.26582,70.8861,56.000142200312844
multiplicative,620,1.2,0.18,14.0,14.0,15.0,16.0,17.0,17.0,True,instance_16524_valuation_matrix.csv,2,4,2.7027,56.7568,21.000037000036997
multiplicative,621,1.2,0.225,6.0,6.0,7.0,7.0,8.0,8.0,True,instance_10014_valuation_matrix.csv,2,4,4.44444,56.0,12.6000126000126
multiplicative,622,1.2,0.18,6.0,7.0,7.0,7.0,8.0,8.0,True,instance_23737_valuation_matrix.csv,2,4,14.4928,50.7246,3.4999862000441597
multiplicative,623,1.2,0.225,5.0,6.0,7.0,8.0,10.0,10.0,True,instance_12236_valuation_matrix.csv,2,6,6.03448,31.0345,5.142862351022789
multiplicative,624,1.2,0.24,7.0,8.0,9.0,9.0,11.0,11.0,True,instance_12041_valuation_matrix.csv,2,4,6.54206,65.4206,9.999999999999998
multiplicative,625,1.2,0.00432,489.0,520.0,593.0,625.0,699.0,699.0,True,instance_15197_valuation_matrix.csv,2,4,0.0278629,98.385,3531.0394826094916
multiplicative,626,1.2,0.1959999999999999,6.0,6.0,7.0,7.0,7.0,7.0,True,instance_13454_valuation_matrix.csv,2,4,5.6338,59.1549,10.5
multiplicative,627,1.2,0.216,8.0,9.0,10.0,10.0,11.0,11.0,True,instance_10890_valuation_matrix.csv,2,4,5.55556,44.4444,7.99998560001152
multiplicative,628,1.2,0.18,9.0,10.0,10.0,11.0,12.0,12.0,True,instance_18891_valuation_matrix.csv,2,4,2.02703,70.9459,34.99992600010853
multiplicative,629,1.2,0.225,6.0,6.0,6.0,7.0,7.0,7.0,True,instance_14086_valuation_matrix.csv,2,4,8.0,56.0,7.0
multiplicative,630,1.2,0.216,8.0,9.0,9.0,10.0,11.0,11.0,True,instance_16020_valuation_matrix.csv,2,4,2.67857,58.3333,21.777776948147704
multiplicative,631,1.2,0.192,12.0,13.0,16.0,17.0,20.0,20.0,True,instance_20799_valuation_matrix.csv,2,12,1.86916,25.8805,13.846059192364486
multiplicative,632,1.2,0.2159999999999999,12.0,12.0,12.0,13.0,13.0,13.0,True,instance_17474_valuation_matrix.csv,2,4,2.94118,68.5714,23.31424802290237
multiplicative,633,1.2,0.108,18.0,19.0,21.0,22.0,24.0,24.0,True,instance_17069_valuation_matrix.csv,2,4,0.694786,69.4786,100.0
multiplicative,634,1.2,0.225,6.0,6.0,6.0,7.0,7.0,7.0,True,instance_18814_valuation_matrix.csv,2,4,8.0,56.0,7.0
multiplicative,635,1.2,0.09,22.0,25.0,31.0,34.0,40.0,40.0,True,instance_14610_valuation_matrix.csv,2,12,0.636943,17.5055,27.483620983353298
multiplicative,636,1.2,0.1457999999999999,11.0,12.0,13.0,14.0,16.0,16.0,True,instance_9787_valuation_matrix.csv,4,4,0.51458,84.9057,164.99999999999997
multiplicative,637,1.2,0.3,12.0,13.0,15.0,16.0,18.0,18.0,True,instance_10102_valuation_matrix.csv,2,4,2.83401,80.9717,28.57142353061563
multiplicative,638,1.2,0.24,6.0,7.0,8.0,8.0,9.0,9.0,True,instance_11099_valuation_matrix.csv,2,4,6.15385,49.4118,8.029412481617198
multiplicative,639,1.2,0.24,5.0,5.0,6.0,6.0,7.0,7.0,True,instance_17211_valuation_matrix.csv,2,4,9.6538,46.6045,4.827580848992107
multiplicative,640,1.2,0.54,13.0,15.0,19.0,20.0,23.0,23.0,True,instance_12961_valuation_matrix.csv,3,3,11.1111,66.6667,6.000009000009
multiplicative,641,1.2,0.1619999999999999,9.0,9.0,10.0,10.0,11.0,11.0,True,instance_17675_valuation_matrix.csv,2,4,2.54237,71.1864,28.000015733351166
multiplicative,642,1.2,0.24,7.0,7.0,8.0,8.0,10.0,10.0,True,instance_20939_valuation_matrix.csv,2,4,5.7971,60.8696,10.500008625002156
multiplicative,643,1.2,0.24,7.0,7.0,8.0,8.0,10.0,10.0,True,instance_20940_valuation_matrix.csv,2,4,5.7971,60.8696,10.500008625002156
multiplicative,644,1.2,0.225,6.0,6.0,6.0,7.0,7.0,7.0,True,instance_14122_valuation_matrix.csv,2,4,8.0,56.0,7.0
multiplicative,645,1.2,0.2,6.0,7.0,7.0,8.0,8.0,8.0,True,instance_9542_valuation_matrix.csv,3,3,9.85915,78.8732,8.0
multiplicative,646,1.2,0.0045,426.0,455.0,525.0,555.0,626.0,626.0,True,instance_20137_valuation_matrix.csv,2,4,0.0019723,98.6151,50000.050702225824
multiplicative,647,1.2,0.225,6.0,6.0,6.0,7.0,7.0,7.0,True,instance_18751_valuation_matrix.csv,2,4,8.0,56.0,7.0
multiplicative,648,1.2,1.0,0.0,0.0,0.0,0.0,0.0,0.0,True,instance_16480_valuation_matrix.csv,2,3,33.3333,33.3333,1.0
multiplicative,649,1.2,0.225,6.0,6.0,6.0,7.0,7.0,7.0,True,instance_19305_valuation_matrix.csv,2,4,8.0,56.0,7.0
multiplicative,650,1.2,0.3239999999999999,3.0,4.0,5.0,5.0,6.0,6.0,True,instance_11760_valuation_matrix.csv,2,2,20.0,80.0,4.0
multiplicative,651,1.2,0.2799999999999999,9.0,10.0,11.0,12.0,14.0,14.0,True,instance_15072_valuation_matrix.csv,2,4,8.86076,70.8861,8.000002257142727
multiplicative,652,1.2,0.252,9.0,9.0,11.0,11.0,12.0,12.0,True,instance_16821_valuation_matrix.csv,2,4,9.83607,68.8525,7.00000101666621
multiplicative,653,1.2,0.0972,22.0,24.0,27.0,28.0,32.0,32.0,True,instance_14350_valuation_matrix.csv,2,6,0.253936,77.1803,303.93603112595304
multiplicative,654,1.2,0.21,10.0,10.0,11.0,11.0,12.0,12.0,True,instance_13771_valuation_matrix.csv,2,4,1.92926,67.5241,35.0
multiplicative,655,1.2,0.225,6.0,6.0,6.0,7.0,7.0,7.0,True,instance_12619_valuation_matrix.csv,2,4,8.0,56.0,7.0
multiplicative,656,1.2,0.1619999999999999,15.0,16.0,17.0,17.0,18.0,18.0,True,instance_14329_valuation_matrix.csv,2,4,0.470219,82.2884,175.0001595001478
multiplicative,657,1.2,0.216,7.0,7.0,8.0,8.0,8.0,8.0,True,instance_15921_valuation_matrix.csv,2,4,4.41176,61.7647,14.000013600014507
multiplicative,658,1.2,0.192,9.0,10.0,10.0,11.0,11.0,11.0,True,instance_20793_valuation_matrix.csv,3,4,5.55556,77.7778,13.99999280000576
multiplicative,659,1.2,0.1296,10.0,12.0,16.0,18.0,22.0,22.0,True,instance_15800_valuation_matrix.csv,3,4,2.12766,63.8298,29.999999999999996
multiplicative,660,1.2,0.0054,359.0,383.0,441.0,466.0,525.0,525.0,True,instance_10563_valuation_matrix.csv,2,4,0.0010857,97.7132,90000.18421295017
multiplicative,661,1.2,0.16,2.0,3.0,4.0,4.0,6.0,6.0,True,instance_17526_valuation_matrix.csv,2,2,42.8571,57.1429,1.333335666669
multiplicative,662,1.2,0.192,7.0,7.0,8.0,8.0,9.0,9.0,True,instance_15573_valuation_matrix.csv,2,4,5.47945,57.5342,10.499995437498288
multiplicative,663,1.2,0.252,5.0,6.0,7.0,7.0,8.0,8.0,True,instance_22231_valuation_matrix.csv,2,4,6.30631,50.4505,8.000003171426714
multiplicative,664,1.2,0.1152,10.0,11.0,13.0,14.0,16.0,16.0,True,instance_14311_valuation_matrix.csv,2,4,2.17391,45.6522,21.000041400057963
multiplicative,665,1.2,0.168,10.0,10.0,12.0,12.0,14.0,14.0,True,instance_20297_valuation_matrix.csv,2,4,4.87805,72.4138,14.844825288793677
multiplicative,666,1.2,0.192,7.0,8.0,8.0,9.0,9.0,9.0,True,instance_18754_valuation_matrix.csv,2,4,6.10687,64.1221,10.499994268749786
multiplicative,667,1.2,0.004,418.0,453.0,533.0,568.0,648.0,648.0,True,instance_10755_valuation_matrix.csv,3,3,0.0547146,99.8541,1824.999177550416
multiplicative,668,1.2,0.2699999999999999,13.0,14.0,15.0,16.0,18.0,18.0,True,instance_19645_valuation_matrix.csv,4,8,0.581395,69.7674,119.99999999999999
multiplicative,669,1.2,0.2,6.0,7.0,7.0,8.0,8.0,8.0,True,instance_9547_valuation_matrix.csv,3,3,9.85915,78.8732,8.0
multiplicative,0,2.0,0.576,8.0,9.0,12.0,13.0,16.0,16.0,True,instance_24129_valuation_matrix.csv,2,4,5.12821,71.7949,13.999992200007409
multiplicative,1,2.0,0.63,4.0,5.0,7.0,8.0,9.0,9.0,True,instance_16895_valuation_matrix.csv,2,4,8.04598,70.8861,8.810126299095947
multiplicative,2,2.0,0.0404999999999999,116.0,132.0,170.0,187.0,226.0,226.0,True,instance_14353_valuation_matrix.csv,2,6,0.0655523,98.3284,1499.9992372502568
multiplicative,3,2.0,0.48,6.0,7.0,10.0,11.0,13.0,13.0,True,instance_15114_valuation_matrix.csv,2,4,8.0,56.0,7.0
multiplicative,4,2.0,0.054,75.0,87.0,116.0,128.0,157.0,157.0,True,instance_18898_valuation_matrix.csv,2,4,0.469484,72.5953,154.62784674238097
multiplicative,5,2.0,0.2429999999999999,15.0,17.0,23.0,25.0,31.0,31.0,True,instance_20867_valuation_matrix.csv,2,4,1.5887,78.5047,49.41442688990999
multiplicative,6,2.0,0.98,3.0,3.0,3.0,4.0,5.0,5.0,True,instance_13237_valuation_matrix.csv,2,4,9.83607,56.7568,5.770272070044236
multiplicative,7,2.0,0.315,15.0,17.0,22.0,24.0,29.0,29.0,True,instance_9885_valuation_matrix.csv,2,4,1.49254,71.1864,47.694802149356136
multiplicative,8,2.0,0.48,6.0,7.0,10.0,11.0,13.0,13.0,True,instance_19470_valuation_matrix.csv,2,4,8.0,56.0,7.0
multiplicative,9,2.0,1.0,0.0,0.0,0.0,0.0,0.0,0.0,True,instance_16130_valuation_matrix.csv,5,7,14.2857,14.2857,1.0
multiplicative,10,2.0,0.64,4.0,5.0,7.0,7.0,9.0,9.0,True,instance_18685_valuation_matrix.csv,2,4,8.95522,62.6866,7.000006700002903
multiplicative,11,2.0,0.8,3.0,4.0,5.0,5.0,6.0,6.0,True,instance_21385_valuation_matrix.csv,2,4,6.73401,47.138,6.999989605005042
multiplicative,12,2.0,0.2915999999999999,16.0,20.0,28.0,31.0,39.0,39.0,True,instance_14312_valuation_matrix.csv,5,6,0.398918,55.0508,138.0002907865777
multiplicative,13,2.0,0.4049999999999999,20.0,22.0,28.0,31.0,38.0,38.0,True,instance_12048_valuation_matrix.csv,2,4,3.8961,58.3333,14.972228638895306
multiplicative,14,2.0,0.4859999999999999,6.0,7.0,11.0,12.0,16.0,16.0,True,instance_22232_valuation_matrix.csv,2,4,7.69231,44.4444,5.77777026666892
multiplicative,15,2.0,0.48,6.0,7.0,9.0,10.0,13.0,13.0,True,instance_9544_valuation_matrix.csv,3,3,9.85915,78.8732,8.0
multiplicative,16,2.0,0.00216,2406.0,2713.0,3447.0,3766.0,4510.0,4510.0,True,instance_15322_valuation_matrix.csv,2,4,0.0142745,99.9215,6999.999999999999
multiplicative,17,2.0,0.9,7.0,7.0,8.0,8.0,9.0,9.0,True,instance_9733_valuation_matrix.csv,2,4,8.51064,65.1163,7.651163719767255
multiplicative,18,2.0,0.576,5.0,6.0,8.0,9.0,12.0,12.0,True,instance_13078_valuation_matrix.csv,2,4,8.0,56.0,7.0
multiplicative,19,2.0,0.45,7.0,8.0,11.0,12.0,15.0,15.0,True,instance_16068_valuation_matrix.csv,2,4,4.16667,58.3333,13.999980800015361
multiplicative,20,2.0,0.036,150.0,168.0,212.0,230.0,274.0,274.0,True,instance_11689_valuation_matrix.csv,2,8,0.0649808,53.8531,828.7540319602097
multiplicative,21,2.0,0.3644999999999999,9.0,11.0,14.0,16.0,19.0,19.0,True,instance_16448_valuation_matrix.csv,2,4,3.30579,69.4215,20.999972775040156
multiplicative,22,2.0,0.4859999999999999,11.0,12.0,15.0,16.0,19.0,19.0,True,instance_19266_valuation_matrix.csv,3,8,0.934579,74.7664,80.00008560004024
multiplicative,23,2.0,0.63,5.0,6.0,7.0,8.0,10.0,10.0,True,instance_19011_valuation_matrix.csv,2,4,8.0,62.7291,7.8411375
multiplicative,24,2.0,0.9,5.0,5.0,6.0,7.0,8.0,8.0,True,instance_10101_valuation_matrix.csv,2,4,5.37634,47.4576,8.827120308611434
multiplicative,25,2.0,0.4049999999999999,8.0,9.0,12.0,13.0,16.0,16.0,True,instance_14277_valuation_matrix.csv,2,4,2.5,78.5047,31.40188
multiplicative,26,2.0,0.35,7.0,9.0,13.0,14.0,18.0,18.0,True,instance_15454_valuation_matrix.csv,2,4,3.32226,75.0,22.574994130501526
multiplicative,27,2.0,0.36,12.0,13.0,17.0,18.0,22.0,22.0,True,instance_12288_valuation_matrix.csv,2,5,2.12766,74.4681,35.0
multiplicative,28,2.0,0.1619999999999999,37.0,44.0,59.0,66.0,81.0,81.0,True,instance_18141_valuation_matrix.csv,2,4,1.6129,64.5161,40.000062000124
multiplicative,29,2.0,0.18,47.0,52.0,65.0,70.0,82.0,82.0,True,instance_19050_valuation_matrix.csv,2,4,1.66667,61.3139,36.78826642346715
multiplicative,30,2.0,0.96,4.0,4.0,5.0,5.0,6.0,6.0,True,instance_21252_valuation_matrix.csv,2,4,7.36842,58.9474,8.000005428572203
multiplicative,31,2.0,0.98,2.0,3.0,3.0,4.0,5.0,5.0,True,instance_21380_valuation_matrix.csv,2,5,8.69565,26.087,3.000005750001437
multiplicative,32,2.0,0.0432,103.0,119.0,156.0,172.0,210.0,210.0,True,instance_10018_valuation_matrix.csv,4,4,0.192678,79.3651,411.905355048319
multiplicative,33,2.0,0.1943999999999999,21.0,24.0,32.0,35.0,42.0,42.0,True,instance_9844_valuation_matrix.csv,2,4,2.537,88.7949,34.99996058336618
multiplicative,34,2.0,0.48,6.0,7.0,10.0,11.0,13.0,13.0,True,instance_14239_valuation_matrix.csv,2,4,8.0,56.0,7.0
multiplicative,35,2.0,0.315,12.0,14.0,19.0,21.0,25.0,25.0,True,instance_13205_valuation_matrix.csv,3,4,2.36686,67.2,28.3920468468773
multiplicative,36,2.0,0.48,6.0,7.0,10.0,11.0,13.0,13.0,True,instance_14240_valuation_matrix.csv,2,4,8.0,56.0,7.0
multiplicative,37,2.0,0.64,4.0,5.0,6.0,7.0,9.0,9.0,True,instance_20974_valuation_matrix.csv,2,4,4.08163,59.5745,14.595761987245293
multiplicative,38,2.0,0.5599999999999999,4.0,5.0,8.0,9.0,11.0,11.0,True,instance_11868_valuation_matrix.csv,6,28,0.157853,78.9266,500.0006335007887
multiplicative,39,2.0,0.4049999999999999,8.0,10.0,13.0,14.0,18.0,18.0,True,instance_12235_valuation_matrix.csv,2,4,3.77358,61.3139,16.24820462266601
multiplicative,40,2.0,0.5599999999999999,5.0,6.0,8.0,9.0,11.0,11.0,True,instance_14581_valuation_matrix.csv,2,4,8.08625,62.2642,7.700009275003866
multiplicative,41,2.0,0.72,4.0,5.0,6.0,7.0,8.0,8.0,True,instance_18016_valuation_matrix.csv,2,4,6.89655,66.6667,9.66667391666848
multiplicative,42,2.0,0.96,3.0,4.0,4.0,5.0,5.0,5.0,True,instance_10300_valuation_matrix.csv,2,4,12.5,40.0,3.2
multiplicative,43,2.0,0.48,6.0,7.0,10.0,11.0,13.0,13.0,True,instance_15870_valuation_matrix.csv,2,4,8.0,56.0,7.0
multiplicative,44,2.0,0.24,15.0,18.0,23.0,26.0,32.0,32.0,True,instance_10177_valuation_matrix.csv,2,4,3.8674,85.5397,22.11814138697833
multiplicative,45,2.0,0.5399999999999999,7.0,8.0,11.0,12.0,14.0,14.0,True,instance_17132_valuation_matrix.csv,2,4,6.25,50.0,8.0
multiplicative,46,2.0,0.288,9.0,11.0,16.0,19.0,25.0,25.0,True,instance_19269_valuation_matrix.csv,3,5,2.04082,40.0,19.599964720063504
multiplicative,47,2.0,0.5399999999999999,10.0,11.0,13.0,14.0,16.0,16.0,True,instance_10513_valuation_matrix.csv,2,13,0.0392619,98.1547,2499.9987265007553
multiplicative,48,2.0,0.4049999999999999,8.0,9.0,12.0,13.0,16.0,16.0,True,instance_14278_valuation_matrix.csv,2,4,2.5,78.5047,31.40188
multiplicative,49,2.0,0.5399999999999999,8.0,9.0,12.0,13.0,16.0,16.0,True,instance_15774_valuation_matrix.csv,2,4,4.44444,62.2222,14.000009000009
multiplicative,50,2.0,0.63,5.0,6.0,8.0,8.0,10.0,10.0,True,instance_10941_valuation_matrix.csv,2,4,6.97674,48.8372,7.000002866668387
multiplicative,51,2.0,0.1944,24.0,27.0,34.0,38.0,45.0,45.0,True,instance_14359_valuation_matrix.csv,2,6,0.388457,83.2408,214.28575106125
multiplicative,52,2.0,0.1944,13.0,16.0,24.0,28.0,45.0,45.0,True,instance_18644_valuation_matrix.csv,2,4,2.25564,63.1579,27.999991133336877
multiplicative,53,2.0,0.4049999999999999,8.0,9.0,12.0,14.0,17.0,17.0,True,instance_23882_valuation_matrix.csv,2,4,2.8169,59.1549,21.0
multiplicative,54,2.0,0.24,14.0,17.0,23.0,25.0,31.0,31.0,True,instance_17220_valuation_matrix.csv,3,3,1.49254,89.5522,59.9998660002412
multiplicative,55,2.0,0.4859999999999999,6.0,7.0,9.0,10.0,13.0,13.0,True,instance_10265_valuation_matrix.csv,2,4,5.43478,76.087,14.000014720007066
multiplicative,56,2.0,0.1944,16.0,20.0,34.0,40.0,55.0,55.0,True,instance_11710_valuation_matrix.csv,2,4,1.7094,59.8291,35.0000585000585
multiplicative,57,2.0,0.144,32.0,36.0,47.0,51.0,61.0,61.0,True,instance_16146_valuation_matrix.csv,3,6,0.131156,92.7272,706.9992985452438
multiplicative,58,2.0,0.63,5.0,5.0,7.0,8.0,9.0,9.0,True,instance_17644_valuation_matrix.csv,2,4,6.97674,69.7674,9.999999999999998
multiplicative,59,2.0,1.0799999999999998,4.0,5.0,6.0,7.0,8.0,8.0,True,instance_20908_valuation_matrix.csv,4,5,3.46021,62.2837,17.999976880015954
multiplicative,60,2.0,0.9600000000000002,3.0,3.0,4.0,4.0,5.0,5.0,True,instance_23731_valuation_matrix.csv,2,6,8.73362,33.2103,3.802581289316457
multiplicative,61,2.0,0.5399999999999999,8.0,9.0,11.0,12.0,14.0,14.0,True,instance_12786_valuation_matrix.csv,2,4,3.30579,69.4215,20.999972775040156
multiplicative,62,2.0,0.063,57.0,68.0,92.0,103.0,128.0,128.0,True,instance_18132_valuation_matrix.csv,2,4,0.862069,60.3448,69.9999652000014
multiplicative,63,2.0,0.4049999999999999,9.0,11.0,14.0,15.0,19.0,19.0,True,instance_16094_valuation_matrix.csv,2,4,3.50877,73.6842,21.000008550004704
multiplicative,64,2.0,0.0864,33.0,41.0,64.0,79.0,114.0,114.0,True,instance_10557_valuation_matrix.csv,2,4,0.766284,60.3448,78.74991517505259
multiplicative,65,2.0,0.216,34.0,37.0,44.0,48.0,55.0,55.0,True,instance_18758_valuation_matrix.csv,2,4,1.62602,81.3008,49.99987700028289
multiplicative,66,2.0,0.108,34.0,40.0,54.0,60.0,74.0,74.0,True,instance_9838_valuation_matrix.csv,2,4,0.925926,64.8148,69.99997840000174
multiplicative,67,2.0,0.4859999999999999,7.0,8.0,11.0,12.0,15.0,15.0,True,instance_12871_valuation_matrix.csv,2,4,2.62172,56.0,21.360023190882323
multiplicative,68,2.0,0.48,6.0,7.0,10.0,11.0,13.0,13.0,True,instance_10224_valuation_matrix.csv,2,4,8.0,56.0,7.0
multiplicative,69,2.0,0.054,75.0,87.0,116.0,128.0,157.0,157.0,True,instance_18897_valuation_matrix.csv,2,4,0.469484,72.5953,154.62784674238097
multiplicative,70,2.0,0.5399999999999999,5.0,6.0,8.0,9.0,11.0,11.0,True,instance_14080_valuation_matrix.csv,2,4,7.40741,56.0,7.559997354000926
multiplicative,71,2.0,0.2699999999999999,14.0,17.0,22.0,24.0,30.0,30.0,True,instance_12350_valuation_matrix.csv,2,4,1.47059,76.3636,51.927185687377175
multiplicative,72,2.0,0.5399999999999999,6.0,7.0,9.0,10.0,12.0,12.0,True,instance_14417_valuation_matrix.csv,2,6,4.34783,45.6522,10.499996550003106
multiplicative,73,2.0,0.48,6.0,7.0,10.0,11.0,13.0,13.0,True,instance_9580_valuation_matrix.csv,2,4,8.0,56.0,7.0
multiplicative,74,2.0,0.45,10.0,11.0,14.0,16.0,19.0,19.0,True,instance_14997_valuation_matrix.csv,2,6,3.92157,48.3871,12.338706181452835
multiplicative,75,2.0,0.001944,1581.0,1914.0,2721.0,3074.0,3900.0,3900.0,True,instance_15875_valuation_matrix.csv,2,2,0.0999001,99.9001,999.9999999999999
multiplicative,76,2.0,0.5399999999999999,16.0,18.0,21.0,23.0,26.0,26.0,True,instance_9879_valuation_matrix.csv,2,4,1.52091,74.5247,49.000072325121145
multiplicative,77,2.0,0.63,7.0,7.0,9.0,10.0,12.0,12.0,True,instance_23011_valuation_matrix.csv,2,4,2.37288,59.5745,25.106410775091874
multiplicative,78,2.0,0.18,13.0,17.0,25.0,28.0,36.0,36.0,True,instance_20746_valuation_matrix.csv,2,4,4.60829,38.7097,8.40001388801486
multiplicative,79,2.0,0.2429999999999999,14.0,17.0,22.0,25.0,31.0,31.0,True,instance_15826_valuation_matrix.csv,4,4,2.4948,61.1227,24.500040083373417
multiplicative,80,2.0,0.64,3.0,4.0,5.0,6.0,8.0,8.0,True,instance_16323_valuation_matrix.csv,2,3,14.2857,50.0,3.5000035000035
multiplicative,81,2.0,0.1889999999999999,22.0,25.0,32.0,35.0,42.0,42.0,True,instance_20410_valuation_matrix.csv,3,4,0.00989022,98.9022,10000.0
multiplicative,82,2.0,1.0,0.0,0.0,0.0,0.0,0.0,0.0,True,instance_15474_valuation_matrix.csv,3,3,33.3333,33.3333,1.0
multiplicative,83,2.0,0.2699999999999999,21.0,24.0,33.0,37.0,46.0,46.0,True,instance_14101_valuation_matrix.csv,2,4,1.31579,52.6316,40.0
multiplicative,84,2.0,0.6479999999999999,7.0,8.0,9.0,10.0,12.0,12.0,True,instance_12222_valuation_matrix.csv,2,4,1.89573,81.5166,43.00011077526863
multiplicative,85,2.0,0.6479999999999999,4.0,4.0,6.0,6.0,8.0,8.0,True,instance_14178_valuation_matrix.csv,2,4,4.65116,65.1163,14.00001290000774
multiplicative,86,2.0,0.48,6.0,7.0,10.0,11.0,13.0,13.0,True,instance_15514_valuation_matrix.csv,2,4,8.0,56.0,7.0
multiplicative,87,2.0,0.4859999999999999,6.0,7.0,10.0,11.0,14.0,14.0,True,instance_15790_valuation_matrix.csv,3,4,6.06061,53.8462,8.884617224998804
multiplicative,88,2.0,0.63,5.0,5.0,7.0,8.0,9.0,9.0,True,instance_10317_valuation_matrix.csv,2,4,5.17241,72.4138,14.000011600008506
multiplicative,89,2.0,0.504,6.0,7.0,10.0,11.0,13.0,13.0,True,instance_19083_valuation_matrix.csv,2,4,4.28571,60.0,14.000014000014
multiplicative,90,2.0,0.5399999999999999,7.0,8.0,10.0,11.0,13.0,13.0,True,instance_11206_valuation_matrix.csv,2,4,4.87805,68.2927,14.0
multiplicative,91,2.0,0.5039999999999999,11.0,12.0,14.0,16.0,18.0,18.0,True,instance_20363_valuation_matrix.csv,3,4,3.22581,62.6866,19.432824623892913
multiplicative,92,2.0,0.4859999999999999,6.0,7.0,11.0,13.0,16.0,16.0,True,instance_19128_valuation_matrix.csv,2,4,4.16667,58.3333,13.999980800015361
multiplicative,93,2.0,0.64,4.0,5.0,9.0,10.0,14.0,14.0,True,instance_14140_valuation_matrix.csv,2,4,7.14286,50.0,6.99999720000112
multiplicative,94,2.0,0.09,48.0,55.0,72.0,79.0,96.0,96.0,True,instance_14337_valuation_matrix.csv,2,6,0.776915,57.1429,73.5510319661739
multiplicative,95,2.0,0.4,6.0,7.0,11.0,12.0,16.0,16.0,True,instance_23171_valuation_matrix.csv,2,4,6.16967,42.6396,6.911163806167915
multiplicative,96,2.0,0.3779999999999999,4.0,5.0,8.0,10.0,13.0,13.0,True,instance_9637_valuation_matrix.csv,2,4,5.55556,38.8889,6.99999640000288
multiplicative,97,2.0,0.5399999999999999,6.0,7.0,9.0,10.0,12.0,12.0,True,instance_10998_valuation_matrix.csv,2,4,5.51181,60.0,10.885716307347314
multiplicative,98,2.0,0.00504,845.0,977.0,1292.0,1429.0,1747.0,1747.0,True,instance_20415_valuation_matrix.csv,2,4,0.00845952,71.06,8400.003782720532
multiplicative,99,2.0,0.4859999999999999,7.0,8.0,11.0,12.0,15.0,15.0,True,instance_10461_valuation_matrix.csv,2,4,6.25,56.0,8.96
multiplicative,100,2.0,0.8099999999999999,5.0,6.0,9.0,10.0,13.0,13.0,True,instance_14813_valuation_matrix.csv,2,5,9.23077,45.4545,4.92423708964691
multiplicative,101,2.0,0.3239999999999999,19.0,21.0,26.0,28.0,32.0,32.0,True,instance_10737_valuation_matrix.csv,4,5,0.763359,83.3333,109.1665913416885
multiplicative,102,2.0,0.63,3.0,3.0,5.0,6.0,7.0,7.0,True,instance_15823_valuation_matrix.csv,3,3,18.1818,45.4545,2.5000000000000004
multiplicative,103,2.0,0.4859999999999999,6.0,7.0,10.0,11.0,13.0,13.0,True,instance_19034_valuation_matrix.csv,2,4,7.45712,58.3333,7.822497157079409
multiplicative,104,2.0,0.18,13.0,17.0,25.0,28.0,36.0,36.0,True,instance_20743_valuation_matrix.csv,2,4,4.60829,38.7097,8.40001388801486
multiplicative,105,2.0,0.192,22.0,25.0,33.0,36.0,43.0,43.0,True,instance_14441_valuation_matrix.csv,2,5,0.265604,92.9615,350.0003765003539
multiplicative,106,2.0,0.0126,452.0,504.0,629.0,684.0,811.0,811.0,True,instance_12688_valuation_matrix.csv,2,4,0.00185934,99.6845,53612.8411156647
multiplicative,107,2.0,0.0809999999999999,60.0,68.0,87.0,95.0,114.0,114.0,True,instance_14332_valuation_matrix.csv,2,5,0.208106,89.1884,428.57197774211215
multiplicative,108,2.0,0.48,6.0,7.0,10.0,11.0,13.0,13.0,True,instance_11842_valuation_matrix.csv,2,4,8.0,56.0,7.0
multiplicative,109,2.0,0.216,16.0,19.0,26.0,29.0,37.0,37.0,True,instance_18656_valuation_matrix.csv,2,4,1.49254,62.6866,41.999946400096476
multiplicative,110,2.0,0.48,6.0,7.0,10.0,11.0,13.0,13.0,True,instance_19411_valuation_matrix.csv,2,4,8.0,56.0,7.0
multiplicative,111,2.0,0.7,4.0,5.0,6.0,7.0,8.0,8.0,True,instance_19468_valuation_matrix.csv,2,5,4.34783,34.7826,7.9999908000082804
multiplicative,112,2.0,0.0441,102.0,117.0,151.0,167.0,203.0,203.0,True,instance_14344_valuation_matrix.csv,2,6,0.0470921,75.9494,1612.7843098948656
multiplicative,113,2.0,0.288,12.0,15.0,20.0,23.0,29.0,29.0,True,instance_14133_valuation_matrix.csv,2,4,3.125,43.75,14.0
multiplicative,114,2.0,0.4859999999999999,7.0,9.0,12.0,13.0,17.0,17.0,True,instance_18924_valuation_matrix.csv,2,4,4.34783,60.8696,13.99999540000414
multiplicative,115,2.0,0.567,5.0,6.0,8.0,9.0,11.0,11.0,True,instance_16808_valuation_matrix.csv,2,4,6.57895,50.9091,7.738180104727959
multiplicative,116,2.0,0.63,4.0,5.0,7.0,8.0,9.0,9.0,True,instance_17413_valuation_matrix.csv,2,4,3.94737,55.2632,14.00000506666464
multiplicative,117,2.0,0.45,9.0,11.0,14.0,15.0,18.0,18.0,True,instance_19748_valuation_matrix.csv,2,4,1.34048,75.067,56.000089520171876
multiplicative,118,2.0,0.5399999999999999,7.0,8.0,10.0,11.0,14.0,14.0,True,instance_23934_valuation_matrix.csv,2,5,6.3745,39.8406,6.2499960781237744
multiplicative,119,2.0,0.4859999999999999,7.0,8.0,10.0,11.0,13.0,13.0,True,instance_21085_valuation_matrix.csv,2,4,4.44444,62.543,14.072189072189072
multiplicative,120,2.0,0.4859999999999999,6.0,7.0,10.0,11.0,13.0,13.0,True,instance_21961_valuation_matrix.csv,2,4,4.16667,58.3333,13.999980800015361
multiplicative,121,2.0,0.63,5.0,5.0,7.0,8.0,9.0,9.0,True,instance_18805_valuation_matrix.csv,2,4,6.54206,65.4206,9.999999999999998
multiplicative,122,2.0,0.0567,73.0,85.0,112.0,124.0,152.0,152.0,True,instance_14181_valuation_matrix.csv,2,4,0.22792,69.4215,304.5871358371358
multiplicative,123,2.0,0.48,6.0,7.0,10.0,11.0,13.0,13.0,True,instance_11875_valuation_matrix.csv,2,4,8.0,56.0,7.0
multiplicative,124,2.0,0.6479999999999999,6.0,7.0,9.0,9.0,11.0,11.0,True,instance_22641_valuation_matrix.csv,2,4,4.87805,68.2927,14.0
multiplicative,125,2.0,0.4319999999999999,7.0,8.0,11.0,12.0,15.0,15.0,True,instance_13553_valuation_matrix.csv,2,4,5.47945,57.5342,10.499995437498288
multiplicative,126,2.0,0.7,2.0,2.0,3.0,4.0,5.0,5.0,True,instance_14761_valuation_matrix.csv,2,4,14.2857,33.3333,2.3333333333333335
multiplicative,127,2.0,0.5399999999999999,6.0,7.0,10.0,11.0,14.0,14.0,True,instance_10693_valuation_matrix.csv,2,4,6.82594,63.0485,9.236603310313305
multiplicative,128,2.0,0.2699999999999999,13.0,15.0,20.0,22.0,28.0,28.0,True,instance_21318_valuation_matrix.csv,2,4,3.26531,82.0312,25.122025167595112
multiplicative,129,2.0,0.18,19.0,23.0,33.0,38.0,50.0,50.0,True,instance_16462_valuation_matrix.csv,2,6,1.10254,55.2632,50.12353293304551
multiplicative,130,2.0,0.3239999999999999,10.0,12.0,18.0,20.0,25.0,25.0,True,instance_10325_valuation_matrix.csv,2,4,3.2967,51.8519,15.728425395092062
multiplicative,131,2.0,0.4859999999999999,7.0,8.0,11.0,12.0,14.0,14.0,True,instance_21624_valuation_matrix.csv,2,6,3.2967,46.1538,14.0
multiplicative,132,2.0,2.1e-06,,,,,,60000.0,False,instance_15728_valuation_matrix.csv,2,4,0.000232249,67.2172,289418.6842569828
multiplicative,133,2.0,0.64,5.0,5.0,7.0,8.0,9.0,9.0,True,instance_20831_valuation_matrix.csv,2,4,7.84314,62.6866,7.992538702611454
multiplicative,134,2.0,0.4859999999999999,6.0,7.0,10.0,11.0,13.0,13.0,True,instance_21959_valuation_matrix.csv,2,4,4.16667,58.3333,13.999980800015361
multiplicative,135,2.0,0.0324,126.0,235.0,408.0,476.0,629.0,629.0,True,instance_23635_valuation_matrix.csv,2,4,0.390625,68.3594,175.00006399999998
multiplicative,136,2.0,0.0809999999999999,44.0,53.0,74.0,84.0,106.0,106.0,True,instance_14219_valuation_matrix.csv,2,4,0.816327,52.4345,64.23222556647029
multiplicative,137,2.0,0.252,16.0,18.0,24.0,26.0,32.0,32.0,True,instance_13945_valuation_matrix.csv,3,5,1.13895,74.1811,65.13112954914615
multiplicative,138,2.0,0.63,5.0,5.0,7.0,8.0,10.0,10.0,True,instance_18580_valuation_matrix.csv,2,4,7.69231,53.8462,7.0000038999988305
multiplicative,139,2.0,0.64,5.0,5.0,7.0,7.0,9.0,9.0,True,instance_21152_valuation_matrix.csv,2,4,5.47945,57.5342,10.499995437498288
multiplicative,140,2.0,0.63,7.0,8.0,9.0,10.0,24.0,24.0,True,instance_17692_valuation_matrix.csv,2,4,4.72441,60.6299,12.833327336111811
multiplicative,141,2.0,1.0,0.0,0.0,0.0,0.0,0.0,0.0,True,instance_14725_valuation_matrix.csv,2,4,25.0,25.0,1.0
multiplicative,142,2.0,0.576,5.0,6.0,8.0,9.0,12.0,12.0,True,instance_18958_valuation_matrix.csv,2,4,8.0,56.0,7.0
multiplicative,143,2.0,0.48,6.0,7.0,10.0,11.0,13.0,13.0,True,instance_9638_valuation_matrix.csv,2,4,8.0,56.0,7.0
multiplicative,144,2.0,0.144,29.0,33.0,44.0,48.0,58.0,58.0,True,instance_14341_valuation_matrix.csv,2,6,0.32543,92.98,285.7142857142857
multiplicative,145,2.0,0.36,24.0,27.0,33.0,36.0,42.0,42.0,True,instance_19423_valuation_matrix.csv,4,5,0.696864,69.6864,100.0
multiplicative,146,2.0,0.9,2.0,2.0,3.0,3.0,4.0,4.0,True,instance_15829_valuation_matrix.csv,3,3,28.5714,42.8571,1.5
multiplicative,147,2.0,0.00432,1043.0,1214.0,1622.0,1800.0,2215.0,2215.0,True,instance_23909_valuation_matrix.csv,2,4,0.049975,56.0,1120.56028014007
multiplicative,148,2.0,0.108,39.0,48.0,71.0,81.0,104.0,104.0,True,instance_21032_valuation_matrix.csv,2,4,0.928793,65.0155,69.99998923333833
multiplicative,149,2.0,0.2429999999999999,20.0,23.0,29.0,32.0,39.0,39.0,True,instance_16546_valuation_matrix.csv,2,4,3.0581,72.1649,23.59795297733887
multiplicative,150,2.0,0.45,6.0,7.0,10.0,11.0,14.0,14.0,True,instance_11774_valuation_matrix.csv,2,4,3.9548,79.096,20.0
multiplicative,151,2.0,0.7,4.0,4.0,6.0,6.0,8.0,8.0,True,instance_19882_valuation_matrix.csv,2,4,6.66667,66.6667,10.000000000000002
multiplicative,152,2.0,0.2699999999999999,13.0,15.0,21.0,23.0,28.0,28.0,True,instance_21556_valuation_matrix.csv,2,4,2.32558,65.1163,28.00002580001548
multiplicative,153,2.0,0.045,95.0,110.0,144.0,159.0,194.0,194.0,True,instance_20023_valuation_matrix.csv,2,4,0.0279252,97.7381,3499.9964190050564
multiplicative,154,2.0,0.45,7.0,9.0,11.0,12.0,15.0,15.0,True,instance_21132_valuation_matrix.csv,2,4,4.0,72.4138,18.10345
multiplicative,155,2.0,0.5599999999999999,5.0,8.0,16.0,20.0,30.0,30.0,True,instance_20447_valuation_matrix.csv,3,5,3.0303,44.4444,14.666666666666668
multiplicative,156,2.0,0.0216,199.0,229.0,302.0,333.0,407.0,407.0,True,instance_18432_valuation_matrix.csv,2,4,0.264725,92.6539,350.00056662574366
multiplicative,157,2.0,0.42,5.0,7.0,9.0,11.0,14.0,14.0,True,instance_11851_valuation_matrix.csv,2,4,7.40741,51.8519,7.000004049998583
multiplicative,158,2.0,0.63,6.0,7.0,9.0,10.0,12.0,12.0,True,instance_9658_valuation_matrix.csv,2,4,9.52381,52.8302,5.547170722641464
multiplicative,159,2.0,0.2699999999999999,16.0,19.0,24.0,26.0,31.0,31.0,True,instance_14358_valuation_matrix.csv,2,6,0.388457,83.2408,214.28575106125
multiplicative,160,2.0,0.4049999999999999,10.0,12.0,16.0,18.0,22.0,22.0,True,instance_17824_valuation_matrix.csv,2,4,3.14961,57.6923,18.317283727191622
multiplicative,161,2.0,0.216,14.0,18.0,27.0,31.0,40.0,40.0,True,instance_15786_valuation_matrix.csv,2,4,2.98507,62.6866,21.000043550067502
multiplicative,162,2.0,0.216,17.0,21.0,29.0,33.0,42.0,42.0,True,instance_15871_valuation_matrix.csv,2,4,0.77821,64.1221,82.39691085953663
multiplicative,163,2.0,0.5599999999999999,4.0,5.0,7.0,8.0,10.0,10.0,True,instance_10301_valuation_matrix.csv,2,4,12.5,37.5,3.0
multiplicative,164,2.0,0.4859999999999999,8.0,9.0,12.0,14.0,19.0,19.0,True,instance_19268_valuation_matrix.csv,2,8,2.0,32.0,16.0
multiplicative,165,2.0,0.7289999999999999,3.0,3.0,5.0,5.0,6.0,6.0,True,instance_16022_valuation_matrix.csv,2,3,11.1111,55.5556,5.000009000008999
multiplicative,166,2.0,0.6479999999999999,4.0,22.0,34.0,38.0,46.0,46.0,True,instance_9997_valuation_matrix.csv,2,4,6.06061,53.8462,8.884617224998804
multiplicative,167,2.0,0.972,6.0,7.0,7.0,8.0,8.0,8.0,True,instance_10481_valuation_matrix.csv,2,4,7.84314,54.902,7.000002549999108
multiplicative,168,2.0,0.2429999999999999,19.0,21.0,27.0,30.0,36.0,36.0,True,instance_14360_valuation_matrix.csv,2,6,0.388457,83.2408,214.28575106125
multiplicative,169,2.0,0.054,136.0,148.0,177.0,190.0,219.0,219.0,True,instance_18979_valuation_matrix.csv,2,4,0.0465333,97.7199,2099.999355300398
multiplicative,170,2.0,0.48,6.0,7.0,10.0,11.0,13.0,13.0,True,instance_9741_valuation_matrix.csv,2,4,8.0,56.0,7.0
multiplicative,171,2.0,0.48,6.0,7.0,10.0,11.0,13.0,13.0,True,instance_14241_valuation_matrix.csv,2,4,8.0,56.0,7.0
multiplicative,172,2.0,0.0567,117.0,130.0,159.0,171.0,200.0,200.0,True,instance_12506_valuation_matrix.csv,2,4,0.516796,59.6899,115.49992647001912
multiplicative,173,2.0,0.4859999999999999,6.0,7.0,10.0,11.0,14.0,14.0,True,instance_15543_valuation_matrix.csv,2,4,7.53425,54.902,7.286989415004811
multiplicative,174,2.0,0.36,15.0,17.0,22.0,24.0,28.0,28.0,True,instance_16670_valuation_matrix.csv,3,6,0.403226,79.0323,196.00000991999528
multiplicative,175,2.0,0.45,8.0,9.0,12.0,14.0,17.0,17.0,True,instance_11026_valuation_matrix.csv,2,4,3.84615,74.6667,19.413361413361415
multiplicative,176,2.0,0.63,8.0,9.0,11.0,12.0,14.0,14.0,True,instance_19609_valuation_matrix.csv,5,8,1.38889,55.5556,40.0
multiplicative,177,2.0,1.0799999999999998,7.0,8.0,11.0,13.0,16.0,16.0,True,instance_20309_valuation_matrix.csv,2,5,4.54545,54.5455,12.000022000022
multiplicative,178,2.0,1.0,0.0,0.0,0.0,0.0,0.0,0.0,True,instance_15874_valuation_matrix.csv,2,2,50.0,50.0,1.0
multiplicative,179,2.0,0.2699999999999999,13.0,15.0,21.0,23.0,29.0,29.0,True,instance_18792_valuation_matrix.csv,2,4,2.94118,61.7647,20.999972800032637
multiplicative,180,2.0,0.2915999999999999,12.0,14.0,19.0,21.0,25.0,25.0,True,instance_22152_valuation_matrix.csv,2,4,0.800641,56.0448,69.99991257005324
multiplicative,181,2.0,0.1619999999999999,24.0,28.0,38.0,42.0,53.0,53.0,True,instance_11975_valuation_matrix.csv,2,4,0.900901,63.0631,70.00003329999635
multiplicative,182,2.0,0.48,6.0,7.0,10.0,11.0,13.0,13.0,True,instance_9581_valuation_matrix.csv,2,4,8.0,56.0,7.0
multiplicative,183,2.0,0.432,7.0,8.0,11.0,13.0,16.0,16.0,True,instance_9572_valuation_matrix.csv,2,4,5.27903,59.1252,11.200012123439345
multiplicative,184,2.0,0.5399999999999999,7.0,8.0,10.0,11.0,13.0,13.0,True,instance_24127_valuation_matrix.csv,2,6,4.16667,58.3333,13.999980800015361
multiplicative,185,2.0,0.252,16.0,19.0,27.0,30.0,37.0,37.0,True,instance_15235_valuation_matrix.csv,2,4,2.17391,50.9091,23.4182187855063
multiplicative,186,2.0,1.08,1.0,1.0,2.0,2.0,2.0,2.0,True,instance_14324_valuation_matrix.csv,5,4,14.2857,33.3333,2.3333333333333335
multiplicative,187,2.0,0.63,5.0,5.0,7.0,8.0,10.0,10.0,True,instance_10052_valuation_matrix.csv,2,4,3.82775,55.2632,14.437515511723596
multiplicative,188,2.0,0.1944,15.0,19.0,31.0,37.0,52.0,52.0,True,instance_18639_valuation_matrix.csv,2,4,2.40964,50.6024,20.99998340000996
multiplicative,189,2.0,0.36,9.0,11.0,14.0,16.0,20.0,20.0,True,instance_17473_valuation_matrix.csv,2,4,2.94118,68.5714,23.31424802290237
multiplicative,190,2.0,0.64,5.0,5.0,7.0,8.0,9.0,9.0,True,instance_17379_valuation_matrix.csv,2,4,8.0,68.8525,8.6065625
multiplicative,191,2.0,0.3239999999999999,11.0,13.0,17.0,19.0,23.0,23.0,True,instance_18720_valuation_matrix.csv,2,4,1.55039,62.2222,40.13325679345197
multiplicative,192,2.0,0.256,4.0,4.0,4.0,4.0,10.0,10.0,True,instance_10758_valuation_matrix.csv,2,2,9.09091,90.9091,10.0
multiplicative,193,2.0,0.9,2.0,2.0,3.0,3.0,4.0,4.0,True,instance_15835_valuation_matrix.csv,3,3,28.5714,42.8571,1.5
multiplicative,194,2.0,0.4049999999999999,13.0,16.0,22.0,24.0,30.0,30.0,True,instance_12046_valuation_matrix.csv,2,4,3.61446,51.2195,14.170719830901435
multiplicative,195,2.0,0.4859999999999999,6.0,7.0,9.0,10.0,13.0,13.0,True,instance_15003_valuation_matrix.csv,2,4,4.7619,47.619,10.0
multiplicative,196,2.0,0.72,3.0,4.0,5.0,6.0,7.0,7.0,True,instance_15669_valuation_matrix.csv,2,4,8.23529,50.9091,6.181822376625473
multiplicative,197,2.0,1.2,0.0,0.0,8.0,8.0,9.0,9.0,True,instance_11711_valuation_matrix.csv,2,2,16.6667,83.3333,4.999988000024
multiplicative,198,2.0,0.576,5.0,6.0,8.0,9.0,12.0,12.0,True,instance_10099_valuation_matrix.csv,2,4,8.0,56.0,7.0
multiplicative,199,2.0,0.48,6.0,7.0,10.0,11.0,13.0,13.0,True,instance_21378_valuation_matrix.csv,2,4,8.0,56.0,7.0
multiplicative,200,2.0,0.4049999999999999,13.0,14.0,17.0,18.0,21.0,21.0,True,instance_20554_valuation_matrix.csv,2,5,2.6087,41.7391,15.999961666730558
multiplicative,201,2.0,0.4319999999999999,8.0,9.0,12.0,13.0,16.0,16.0,True,instance_18756_valuation_matrix.csv,2,4,5.10949,77.4194,15.1520797574709
multiplicative,202,2.0,0.64,6.0,7.0,8.0,9.0,11.0,11.0,True,instance_19054_valuation_matrix.csv,2,4,7.87402,66.1417,8.399991364004663
multiplicative,203,2.0,0.126,27.0,32.0,44.0,50.0,62.0,62.0,True,instance_14232_valuation_matrix.csv,2,4,1.55642,54.4747,35.0
multiplicative,204,2.0,0.5399999999999999,7.0,8.0,10.0,11.0,13.0,13.0,True,instance_9613_valuation_matrix.csv,2,4,4.87805,68.2927,14.0
multiplicative,205,2.0,0.48,6.0,7.0,10.0,11.0,13.0,13.0,True,instance_14873_valuation_matrix.csv,2,4,8.0,56.0,7.0
multiplicative,206,2.0,0.3239999999999999,9.0,11.0,17.0,19.0,25.0,25.0,True,instance_11303_valuation_matrix.csv,2,4,4.25532,53.1646,12.493678501264299
multiplicative,207,2.0,0.64,4.0,5.0,7.0,7.0,9.0,9.0,True,instance_18684_valuation_matrix.csv,2,4,8.95522,62.6866,7.000006700002903
multiplicative,208,2.0,0.36,7.0,9.0,12.0,14.0,17.0,17.0,True,instance_21377_valuation_matrix.csv,2,4,2.13523,80.1527,37.53820431522599
multiplicative,209,2.0,0.108,28.0,34.0,49.0,55.0,69.0,69.0,True,instance_11767_valuation_matrix.csv,2,31,0.775194,9.30233,12.000002579999327
multiplicative,210,2.0,0.8639999999999999,3.0,3.0,4.0,4.0,5.0,5.0,True,instance_17524_valuation_matrix.csv,2,4,11.3208,52.8302,4.666649000070666
multiplicative,211,2.0,0.1349999999999999,18.0,22.0,35.0,42.0,74.0,74.0,True,instance_14460_valuation_matrix.csv,2,4,0.921659,64.5161,69.99996745000048
multiplicative,212,2.0,0.48,6.0,7.0,10.0,11.0,13.0,13.0,True,instance_22124_valuation_matrix.csv,2,4,8.0,56.0,7.0
multiplicative,213,2.0,0.0404999999999999,116.0,132.0,170.0,187.0,226.0,226.0,True,instance_14352_valuation_matrix.csv,2,6,0.0655523,98.3284,1499.9992372502568
multiplicative,214,2.0,0.4049999999999999,8.0,10.0,13.0,14.0,17.0,17.0,True,instance_14125_valuation_matrix.csv,2,4,4.0,61.3139,15.328475
multiplicative,215,2.0,0.576,8.0,9.0,12.0,13.0,16.0,16.0,True,instance_24128_valuation_matrix.csv,2,4,5.12821,71.7949,13.999992200007409
multiplicative,216,2.0,0.5599999999999999,5.0,6.0,9.0,10.0,13.0,13.0,True,instance_17018_valuation_matrix.csv,2,4,5.55556,48.2759,8.689655048275961
multiplicative,217,2.0,0.4859999999999999,10.0,11.0,13.0,14.0,17.0,17.0,True,instance_19529_valuation_matrix.csv,4,8,1.16279,59.7015,51.343320805992484
multiplicative,218,2.0,1.6200000000000003,1.0,1.0,2.0,2.0,3.0,3.0,True,instance_11762_valuation_matrix.csv,2,2,33.3333,66.6667,2.0000030000030002
multiplicative,219,2.0,0.567,5.0,6.0,10.0,12.0,16.0,16.0,True,instance_20483_valuation_matrix.csv,3,5,2.85714,36.3636,12.727272727272728
multiplicative,220,2.0,0.64,4.0,5.0,7.0,7.0,9.0,9.0,True,instance_18681_valuation_matrix.csv,2,4,8.95522,62.6866,7.000006700002903
multiplicative,221,2.0,0.4859999999999999,7.0,8.0,10.0,11.0,14.0,14.0,True,instance_10673_valuation_matrix.csv,2,4,4.61538,64.6154,14.000017333350666
multiplicative,222,2.0,0.5399999999999999,7.0,8.0,10.0,11.0,13.0,13.0,True,instance_19763_valuation_matrix.csv,2,4,5.12821,71.7949,13.999992200007409
multiplicative,223,2.0,0.64,5.0,5.0,7.0,7.0,9.0,9.0,True,instance_23150_valuation_matrix.csv,2,4,6.25,62.5,10.0
multiplicative,224,2.0,1.0,0.0,0.0,0.0,0.0,0.0,0.0,True,instance_13540_valuation_matrix.csv,2,2,50.0,50.0,1.0
multiplicative,225,2.0,0.4049999999999999,10.0,11.0,15.0,16.0,20.0,20.0,True,instance_10984_valuation_matrix.csv,4,7,4.34783,38.8889,8.944438950004944
multiplicative,226,2.0,0.96,4.0,4.0,6.0,6.0,8.0,8.0,True,instance_11866_valuation_matrix.csv,4,4,4.47761,54.5455,12.181833612127898
multiplicative,227,2.0,0.4049999999999999,13.0,15.0,19.0,20.0,25.0,25.0,True,instance_16823_valuation_matrix.csv,2,4,2.63158,65.1163,24.744184102326358
multiplicative,228,2.0,0.48,6.0,7.0,10.0,11.0,13.0,13.0,True,instance_21637_valuation_matrix.csv,2,4,8.0,56.0,7.0
multiplicative,229,2.0,0.9,6.0,7.0,8.0,8.0,9.0,9.0,True,instance_15846_valuation_matrix.csv,2,4,3.61991,76.0181,20.99999723750038
multiplicative,230,2.0,0.4049999999999999,9.0,11.0,14.0,15.0,19.0,19.0,True,instance_21253_valuation_matrix.csv,2,4,2.02703,70.9459,34.99992600010853
multiplicative,231,2.0,0.5599999999999999,5.0,6.0,8.0,9.0,11.0,11.0,True,instance_17519_valuation_matrix.csv,2,4,6.25,65.625,10.5
multiplicative,232,2.0,0.96,4.0,4.0,5.0,5.0,5.0,5.0,True,instance_19051_valuation_matrix.csv,2,4,14.4928,50.7246,3.4999862000441597
multiplicative,233,2.0,0.35,7.0,9.0,13.0,14.0,18.0,18.0,True,instance_15455_valuation_matrix.csv,2,4,3.32226,75.0,22.574994130501526
multiplicative,234,2.0,0.0054,963.0,1087.0,1381.0,1508.0,1805.0,1805.0,True,instance_14357_valuation_matrix.csv,2,6,0.00232785,99.7649,42857.09989904848
multiplicative,235,2.0,0.36,12.0,13.0,17.0,18.0,22.0,22.0,True,instance_12289_valuation_matrix.csv,2,5,2.12766,74.4681,35.0
multiplicative,236,2.0,0.72,4.0,4.0,6.0,6.0,7.0,7.0,True,instance_20942_valuation_matrix.csv,2,4,7.40741,65.1163,8.790697423255901
multiplicative,237,2.0,0.972,4.0,4.0,5.0,5.0,5.0,5.0,True,instance_14285_valuation_matrix.csv,2,4,11.2903,56.4516,5.000008857160571
multiplicative,238,2.0,0.45,7.0,8.0,11.0,12.0,14.0,14.0,True,instance_15574_valuation_matrix.csv,2,4,5.47945,57.5342,10.499995437498288
multiplicative,239,2.0,0.45,5.0,6.0,9.0,10.0,13.0,13.0,True,instance_16449_valuation_matrix.csv,2,4,5.88235,44.6809,7.5957567978783995
multiplicative,240,2.0,0.036,150.0,168.0,212.0,230.0,274.0,274.0,True,instance_11688_valuation_matrix.csv,2,8,0.0649808,53.8531,828.7540319602097
multiplicative,241,2.0,0.189,37.0,46.0,70.0,82.0,111.0,111.0,True,instance_19267_valuation_matrix.csv,5,8,0.497512,63.0032,126.63654344015822
multiplicative,242,2.0,0.108,29.0,35.0,49.0,56.0,71.0,71.0,True,instance_10100_valuation_matrix.csv,2,4,1.81818,57.2727,31.500016500016503
multiplicative,243,2.0,0.5399999999999999,7.0,8.0,10.0,11.0,14.0,14.0,True,instance_18845_valuation_matrix.csv,2,4,4.51128,63.1579,13.999995566668439
multiplicative,244,2.0,0.48,6.0,7.0,10.0,11.0,13.0,13.0,True,instance_22181_valuation_matrix.csv,2,4,8.0,56.0,7.0
multiplicative,245,2.0,0.108,59.0,68.0,90.0,99.0,119.0,119.0,True,instance_17705_valuation_matrix.csv,2,6,0.552486,57.9882,104.9586776859504
multiplicative,246,2.0,0.5599999999999999,6.0,7.0,9.0,10.0,12.0,12.0,True,instance_17318_valuation_matrix.csv,2,4,7.87402,66.1417,8.399991364004663
multiplicative,247,2.0,0.4859999999999999,6.0,7.0,10.0,11.0,13.0,13.0,True,instance_21625_valuation_matrix.csv,2,4,3.14961,66.1417,20.999965075041036
multiplicative,248,2.0,0.4049999999999999,9.0,10.0,13.0,14.0,19.0,19.0,True,instance_14897_valuation_matrix.csv,2,4,2.72374,54.4747,19.999963285776175
multiplicative,249,2.0,0.5399999999999999,9.0,11.0,13.0,14.0,17.0,17.0,True,instance_21393_valuation_matrix.csv,2,4,3.22581,64.5161,19.9999690000341
multiplicative,250,2.0,0.9600000000000002,3.0,3.0,4.0,4.0,5.0,5.0,True,instance_23526_valuation_matrix.csv,2,4,11.5942,40.5797,3.5
multiplicative,251,2.0,0.6479999999999999,6.0,7.0,9.0,9.0,11.0,11.0,True,instance_22640_valuation_matrix.csv,2,4,4.87805,68.2927,14.0
multiplicative,252,2.0,1.008,1.0,1.0,2.0,2.0,2.0,2.0,True,instance_20968_valuation_matrix.csv,2,4,10.5263,36.8421,3.500004750007125
multiplicative,253,2.0,0.48,6.0,7.0,10.0,11.0,13.0,13.0,True,instance_10805_valuation_matrix.csv,2,4,8.0,56.0,7.0
multiplicative,254,2.0,0.1457999999999999,20.0,24.0,34.0,39.0,49.0,49.0,True,instance_9513_valuation_matrix.csv,2,4,0.986842,48.3553,49.00004256000454
multiplicative,255,2.0,0.36,11.0,13.0,18.0,20.0,24.0,24.0,True,instance_13258_valuation_matrix.csv,2,4,4.25532,63.1579,14.842103531579292
multiplicative,256,2.0,0.4859999999999999,6.0,7.0,10.0,11.0,13.0,13.0,True,instance_21960_valuation_matrix.csv,2,4,4.16667,58.3333,13.999980800015361
multiplicative,257,2.0,0.45,7.0,8.0,11.0,12.0,14.0,14.0,True,instance_21200_valuation_matrix.csv,2,4,4.16667,58.3333,13.999980800015361
multiplicative,258,2.0,0.18,19.0,24.0,34.0,39.0,49.0,49.0,True,instance_18577_valuation_matrix.csv,2,4,2.12766,59.5745,28.00000939999812
multiplicative,259,2.0,0.2699999999999999,14.0,16.0,22.0,24.0,30.0,30.0,True,instance_12850_valuation_matrix.csv,2,4,1.67364,58.5774,35.0
multiplicative,260,2.0,0.96,3.0,3.0,4.0,4.0,4.0,4.0,True,instance_9860_valuation_matrix.csv,2,4,7.59494,53.1646,7.000002633332192
multiplicative,261,2.0,0.576,5.0,6.0,8.0,9.0,12.0,12.0,True,instance_11003_valuation_matrix.csv,2,4,8.0,56.0,7.0
multiplicative,262,2.0,0.64,5.0,5.0,7.0,8.0,10.0,10.0,True,instance_11748_valuation_matrix.csv,2,4,7.84314,54.902,7.000002549999108
multiplicative,263,2.0,0.48,6.0,7.0,10.0,11.0,13.0,13.0,True,instance_16589_valuation_matrix.csv,2,4,8.0,56.0,7.0
multiplicative,264,2.0,1.0,0.0,0.0,0.0,0.0,0.0,0.0,True,instance_16787_valuation_matrix.csv,3,6,16.6667,16.6667,1.0
multiplicative,265,2.0,0.4608,7.0,8.0,10.0,11.0,14.0,14.0,True,instance_17201_valuation_matrix.csv,2,4,5.26316,73.6842,13.999992400003041
multiplicative,266,2.0,0.4049999999999999,10.0,12.0,15.0,16.0,19.0,19.0,True,instance_14132_valuation_matrix.csv,2,8,0.793651,47.619,59.99992440001966
multiplicative,267,2.0,0.00045,10450.0,11936.0,15468.0,17001.0,20567.0,20567.0,True,instance_14345_valuation_matrix.csv,2,5,0.000666562,99.9843,150000.0
multiplicative,268,2.0,0.48,8.0,9.0,12.0,13.0,16.0,16.0,True,instance_24146_valuation_matrix.csv,2,4,2.46914,86.4198,34.99995950006885
multiplicative,269,2.0,0.48,6.0,7.0,10.0,11.0,13.0,13.0,True,instance_16809_valuation_matrix.csv,2,4,4.44444,71.7949,16.153868653868653
multiplicative,270,2.0,0.63,5.0,6.0,8.0,9.0,11.0,11.0,True,instance_15687_valuation_matrix.csv,2,4,4.08163,57.1429,14.00001960001274
multiplicative,271,2.0,0.3239999999999999,10.0,12.0,16.0,18.0,23.0,23.0,True,instance_18992_valuation_matrix.csv,2,4,3.125,43.75,14.0
multiplicative,272,2.0,0.72,11.0,12.0,14.0,15.0,17.0,17.0,True,instance_19310_valuation_matrix.csv,5,8,0.862069,68.9655,79.99997680000094
multiplicative,273,2.0,0.2429999999999999,20.0,23.0,29.0,32.0,39.0,39.0,True,instance_16547_valuation_matrix.csv,2,4,3.0581,71.4286,23.357182564337336
multiplicative,274,2.0,0.8099999999999999,4.0,5.0,6.0,8.0,11.0,11.0,True,instance_19787_valuation_matrix.csv,2,8,4.7619,38.0952,8.0
multiplicative,275,2.0,0.48,6.0,7.0,10.0,11.0,13.0,13.0,True,instance_9905_valuation_matrix.csv,2,4,8.0,56.0,7.0
multiplicative,276,2.0,0.45,22.0,24.0,29.0,31.0,36.0,36.0,True,instance_11166_valuation_matrix.csv,5,8,0.426743,49.5868,116.19827390255962
multiplicative,277,2.0,0.63,5.0,6.0,8.0,9.0,10.0,10.0,True,instance_21033_valuation_matrix.csv,2,4,7.69231,60.0,7.799997660000702
multiplicative,278,2.0,0.48,7.0,8.0,10.0,11.0,14.0,14.0,True,instance_12814_valuation_matrix.csv,2,4,7.40741,54.902,7.411767405881409
multiplicative,279,2.0,0.01296,301.0,353.0,475.0,528.0,651.0,651.0,True,instance_18840_valuation_matrix.csv,2,4,0.253899,63.4748,250.0001969287
multiplicative,280,2.0,0.48,6.0,7.0,10.0,11.0,13.0,13.0,True,instance_18839_valuation_matrix.csv,2,4,8.0,56.0,7.0
multiplicative,281,2.0,0.45,9.0,10.0,13.0,14.0,17.0,17.0,True,instance_11929_valuation_matrix.csv,2,4,2.85714,80.0,28.000028000028003
multiplicative,282,2.0,0.1701,18.0,21.0,30.0,33.0,42.0,42.0,True,instance_14339_valuation_matrix.csv,2,5,0.629496,89.9281,142.85730171438738
multiplicative,283,2.0,0.48,6.0,7.0,10.0,11.0,13.0,13.0,True,instance_11849_valuation_matrix.csv,2,4,8.0,56.0,7.0
multiplicative,284,2.0,0.3779999999999999,4.0,5.0,8.0,10.0,13.0,13.0,True,instance_15228_valuation_matrix.csv,2,4,5.55556,38.8889,6.99999640000288
multiplicative,285,2.0,0.2429999999999999,18.0,21.0,27.0,29.0,35.0,35.0,True,instance_14340_valuation_matrix.csv,2,6,0.568182,81.1688,142.85704228574647
multiplicative,286,2.0,0.48,7.0,8.0,11.0,12.0,15.0,15.0,True,instance_19735_valuation_matrix.csv,2,4,4.0,73.0435,18.260875
multiplicative,287,2.0,0.0216,155.0,185.0,257.0,288.0,361.0,361.0,True,instance_11006_valuation_matrix.csv,2,4,0.279664,64.9485,232.23761370787798
multiplicative,288,2.0,0.0324,126.0,235.0,408.0,476.0,629.0,629.0,True,instance_23634_valuation_matrix.csv,2,4,0.390625,68.3594,175.00006399999998
multiplicative,289,2.0,0.5399999999999999,11.0,12.0,14.0,16.0,18.0,18.0,True,instance_22338_valuation_matrix.csv,2,7,2.43902,60.9756,25.000041000073796
multiplicative,290,2.0,0.108,40.0,46.0,60.0,66.0,80.0,80.0,True,instance_14336_valuation_matrix.csv,2,6,0.8,60.024,75.03
multiplicative,291,2.0,0.144,21.0,26.0,36.0,40.0,51.0,51.0,True,instance_14141_valuation_matrix.csv,2,4,0.896861,91.1162,101.59456147608158
multiplicative,292,2.0,0.4049999999999999,10.0,11.0,15.0,16.0,20.0,20.0,True,instance_24135_valuation_matrix.csv,2,4,2.25564,63.1579,27.999991133336877
multiplicative,293,2.0,1.12,3.0,3.0,4.0,4.0,6.0,6.0,True,instance_19534_valuation_matrix.csv,2,5,10.0,40.0,4.0
multiplicative,294,2.0,0.4319999999999999,6.0,7.0,10.0,11.0,14.0,14.0,True,instance_11742_valuation_matrix.csv,3,3,4.34783,71.4286,16.428563214293106
multiplicative,295,2.0,0.45,11.0,12.0,16.0,17.0,21.0,21.0,True,instance_19150_valuation_matrix.csv,2,4,4.87805,68.2927,14.0
multiplicative,296,2.0,0.72,5.0,5.0,7.0,7.0,9.0,9.0,True,instance_13899_valuation_matrix.csv,2,4,6.52174,62.6866,9.611944051740792
multiplicative,297,2.0,0.45,7.0,8.0,11.0,12.0,15.0,15.0,True,instance_18119_valuation_matrix.csv,2,4,4.16667,61.3139,14.715324227740618
multiplicative,298,2.0,0.4859999999999999,6.0,7.0,10.0,11.0,13.0,13.0,True,instance_19071_valuation_matrix.csv,2,4,4.44444,62.2222,14.000009000009
multiplicative,299,2.0,0.63,5.0,6.0,8.0,8.0,10.0,10.0,True,instance_20582_valuation_matrix.csv,2,4,8.0,62.2222,7.777775
multiplicative,300,2.0,0.5399999999999999,6.0,7.0,9.0,10.0,12.0,12.0,True,instance_10772_valuation_matrix.csv,2,4,3.84615,55.1181,14.330720330720329
multiplicative,301,2.0,0.48,6.0,7.0,10.0,11.0,13.0,13.0,True,instance_9813_valuation_matrix.csv,2,4,8.0,56.0,7.0
multiplicative,302,2.0,0.5039999999999999,11.0,12.0,14.0,16.0,18.0,18.0,True,instance_20362_valuation_matrix.csv,3,4,3.22581,62.6866,19.432824623892913
multiplicative,303,2.0,0.6479999999999999,6.0,6.0,8.0,9.0,10.0,10.0,True,instance_18917_valuation_matrix.csv,2,4,5.04202,70.5882,13.999984133343382
multiplicative,304,2.0,0.2835,9.0,11.0,16.0,19.0,25.0,25.0,True,instance_20991_valuation_matrix.csv,2,4,3.40136,47.619,13.99998823999812
multiplicative,305,2.0,0.9,3.0,3.0,4.0,4.0,5.0,5.0,True,instance_10916_valuation_matrix.csv,2,4,12.2137,44.3038,3.627385640714935
multiplicative,306,2.0,0.48,6.0,7.0,10.0,11.0,13.0,13.0,True,instance_9973_valuation_matrix.csv,2,4,8.0,56.0,7.0
multiplicative,307,2.0,0.36,10.0,11.0,15.0,16.0,20.0,20.0,True,instance_21232_valuation_matrix.csv,2,4,2.95858,82.8402,27.99998648000054
multiplicative,308,2.0,0.216,19.0,23.0,30.0,34.0,42.0,42.0,True,instance_20747_valuation_matrix.csv,2,4,1.92926,67.5241,35.0
multiplicative,309,2.0,1.35,2.0,2.0,3.0,4.0,6.0,6.0,True,instance_10357_valuation_matrix.csv,3,4,8.33333,50.0,6.00000240000096
multiplicative,310,2.0,0.48,6.0,7.0,10.0,11.0,13.0,13.0,True,instance_10733_valuation_matrix.csv,2,4,8.0,56.0,7.0
multiplicative,311,2.0,0.063,51.0,61.0,85.0,96.0,120.0,120.0,True,instance_9521_valuation_matrix.csv,2,3,1.31919,96.5472,73.1867282195893
multiplicative,312,2.0,1.08,3.0,3.0,4.0,4.0,5.0,5.0,True,instance_14096_valuation_matrix.csv,2,3,12.5,50.0,4.0
multiplicative,313,2.0,0.6479999999999999,6.0,7.0,9.0,9.0,11.0,11.0,True,instance_9565_valuation_matrix.csv,2,4,4.87805,68.2927,14.0
multiplicative,314,2.0,0.36,12.0,14.0,21.0,24.0,32.0,32.0,True,instance_9712_valuation_matrix.csv,4,6,1.96078,70.5882,36.00006120013464
multiplicative,315,2.0,0.18,19.0,24.0,34.0,39.0,49.0,49.0,True,instance_18578_valuation_matrix.csv,2,4,2.12766,59.5745,28.00000939999812
multiplicative,316,2.0,0.48,8.0,9.0,11.0,13.0,15.0,15.0,True,instance_10784_valuation_matrix.csv,2,4,5.12821,71.7949,13.999992200007409
multiplicative,317,2.0,0.5399999999999999,6.0,7.0,9.0,10.0,12.0,12.0,True,instance_16168_valuation_matrix.csv,2,4,4.44444,56.0,12.6000126000126
multiplicative,318,2.0,0.567,5.0,6.0,9.0,10.0,12.0,12.0,True,instance_13376_valuation_matrix.csv,2,4,8.86076,53.1646,6.000004514285456
multiplicative,319,2.0,0.1344,31.0,36.0,47.0,51.0,63.0,63.0,True,instance_14333_valuation_matrix.csv,2,5,0.208106,89.1884,428.57197774211215
multiplicative,320,2.0,0.4049999999999999,7.0,9.0,12.0,13.0,16.0,16.0,True,instance_23795_valuation_matrix.csv,2,4,6.8918,49.359,7.161989610841871
multiplicative,321,2.0,0.72,4.0,4.0,6.0,6.0,8.0,8.0,True,instance_18953_valuation_matrix.csv,2,4,8.21918,57.5342,6.9999927000017035
multiplicative,322,2.0,0.36,10.0,11.0,15.0,17.0,21.0,21.0,True,instance_14439_valuation_matrix.csv,2,4,1.92308,67.3077,34.9999480000832
multiplicative,323,2.0,0.0648,68.0,78.0,101.0,112.0,136.0,136.0,True,instance_14440_valuation_matrix.csv,2,5,0.250627,95.1173,379.51737043494916
multiplicative,324,2.0,0.5399999999999999,5.0,6.0,8.0,9.0,11.0,11.0,True,instance_19626_valuation_matrix.csv,2,4,3.83019,61.6661,16.100010704429806
multiplicative,325,2.0,0.63,3.0,3.0,5.0,6.0,7.0,7.0,True,instance_15822_valuation_matrix.csv,3,3,18.1818,45.4545,2.5000000000000004
multiplicative,326,2.0,0.4859999999999999,6.0,7.0,10.0,11.0,13.0,13.0,True,instance_19035_valuation_matrix.csv,2,4,7.45712,58.3333,7.822497157079409
multiplicative,327,2.0,0.4859999999999999,9.0,10.0,14.0,15.0,18.0,18.0,True,instance_14898_valuation_matrix.csv,4,6,1.36986,57.5342,42.000058400128474
multiplicative,328,2.0,0.00504,845.0,977.0,1292.0,1429.0,1747.0,1747.0,True,instance_20414_valuation_matrix.csv,2,4,0.00845952,71.06,8400.003782720532
multiplicative,329,2.0,0.4049999999999999,8.0,9.0,13.0,14.0,17.0,17.0,True,instance_14381_valuation_matrix.csv,2,4,4.06504,57.5342,14.153415464546475
multiplicative,330,2.0,0.0018,3225.0,3737.0,4940.0,5463.0,6680.0,6680.0,True,instance_14372_valuation_matrix.csv,5,4,0.0086949,71.7949,8257.127741549644
multiplicative,331,2.0,0.144,55.0,60.0,71.0,76.0,87.0,87.0,True,instance_14982_valuation_matrix.csv,2,4,1.26582,62.6866,49.52252294955049
multiplicative,332,2.0,0.64,5.0,5.0,7.0,8.0,9.0,9.0,True,instance_10787_valuation_matrix.csv,2,4,6.67037,53.9794,8.09241466365434
multiplicative,333,2.0,1.0,0.0,0.0,0.0,0.0,0.0,0.0,True,instance_19413_valuation_matrix.csv,2,3,33.3333,33.3333,1.0
multiplicative,334,2.0,0.63,3.0,3.0,5.0,6.0,7.0,7.0,True,instance_15819_valuation_matrix.csv,3,3,18.1818,45.4545,2.5000000000000004
multiplicative,335,2.0,0.2699999999999999,12.0,14.0,19.0,22.0,27.0,27.0,True,instance_16620_valuation_matrix.csv,2,4,2.8169,59.1549,21.0
multiplicative,336,2.0,0.288,16.0,18.0,24.0,27.0,35.0,35.0,True,instance_10589_valuation_matrix.csv,2,10,1.18343,50.0,42.25006971261503
multiplicative,337,2.0,0.4049999999999999,9.0,11.0,14.0,16.0,19.0,19.0,True,instance_19084_valuation_matrix.csv,3,4,3.09278,66.6667,21.55559076300287
multiplicative,338,2.0,1.0,0.0,0.0,0.0,0.0,0.0,0.0,True,instance_23057_valuation_matrix.csv,3,6,16.6667,16.6667,1.0
multiplicative,339,2.0,0.288,12.0,14.0,19.0,21.0,26.0,26.0,True,instance_15300_valuation_matrix.csv,2,4,3.125,56.0,17.92
multiplicative,340,2.0,0.2268,22.0,25.0,33.0,36.0,43.0,43.0,True,instance_18808_valuation_matrix.csv,2,4,2.77778,70.8861,25.518975584819533
multiplicative,341,2.0,0.000216,23401.0,26508.0,33867.0,37052.0,44367.0,44367.0,True,instance_14349_valuation_matrix.csv,2,6,0.000583281,99.9911,171428.69388853744
multiplicative,342,2.0,0.972,3.0,3.0,4.0,4.0,4.0,4.0,True,instance_12297_valuation_matrix.csv,2,4,8.51064,59.5745,7.00000234999953
multiplicative,343,2.0,0.5399999999999999,12.0,13.0,17.0,18.0,22.0,22.0,True,instance_17914_valuation_matrix.csv,2,9,1.78571,37.5,21.000050400120962
multiplicative,344,2.0,0.96,3.0,3.0,3.0,4.0,4.0,4.0,True,instance_13386_valuation_matrix.csv,3,3,9.09091,66.6667,7.333336266666374
multiplicative,345,2.0,0.2699999999999999,14.0,16.0,21.0,23.0,29.0,29.0,True,instance_19321_valuation_matrix.csv,2,4,1.02041,71.4286,69.9999020001764
multiplicative,346,2.0,0.3239999999999999,10.0,12.0,16.0,17.0,21.0,21.0,True,instance_21354_valuation_matrix.csv,4,4,3.65217,78.9474,21.616573160614102
multiplicative,347,2.0,0.0027,1712.0,1958.0,2547.0,2803.0,3401.0,3401.0,True,instance_21629_valuation_matrix.csv,2,4,0.00520806,91.1411,17500.009600503836
multiplicative,348,2.0,0.63,3.0,3.0,5.0,6.0,7.0,7.0,True,instance_15821_valuation_matrix.csv,3,3,18.1818,45.4545,2.5000000000000004
multiplicative,349,2.0,0.5599999999999999,8.0,8.0,11.0,11.0,13.0,13.0,True,instance_15136_valuation_matrix.csv,5,6,4.54545,50.0,11.000011000011
multiplicative,350,2.0,0.36,9.0,10.0,14.0,16.0,19.0,19.0,True,instance_14443_valuation_matrix.csv,2,4,2.72374,54.4747,19.999963285776175
multiplicative,351,2.0,0.288,9.0,11.0,15.0,17.0,22.0,22.0,True,instance_15473_valuation_matrix.csv,2,4,3.31492,46.4088,13.999975866687583
multiplicative,352,2.0,0.63,5.0,6.0,7.0,8.0,9.0,9.0,True,instance_17462_valuation_matrix.csv,2,4,5.31915,74.4681,14.000000000000002
multiplicative,353,2.0,0.48,6.0,7.0,10.0,11.0,13.0,13.0,True,instance_19739_valuation_matrix.csv,2,4,8.0,56.0,7.0
multiplicative,354,2.0,0.1457999999999999,30.0,34.0,44.0,49.0,59.0,59.0,True,instance_14335_valuation_matrix.csv,2,5,0.220751,88.3002,399.9990940018392
multiplicative,355,2.0,0.1152,34.0,39.0,52.0,58.0,71.0,71.0,True,instance_14142_valuation_matrix.csv,2,4,0.300752,91.1162,302.9612438155025
multiplicative,356,2.0,0.45,7.0,8.0,11.0,12.0,15.0,15.0,True,instance_14751_valuation_matrix.csv,2,4,4.16667,58.3333,13.999980800015361
multiplicative,357,2.0,0.189,22.0,25.0,34.0,37.0,46.0,46.0,True,instance_15639_valuation_matrix.csv,2,4,0.55666,71.5706,128.57147989796283
multiplicative,358,2.0,0.72,4.0,4.0,6.0,6.0,7.0,7.0,True,instance_15305_valuation_matrix.csv,2,4,7.40741,65.1163,8.790697423255901
multiplicative,359,2.0,0.4319999999999999,6.0,7.0,10.0,11.0,14.0,14.0,True,instance_11964_valuation_matrix.csv,3,8,6.06061,20.2247,3.337073330902335
multiplicative,360,2.0,0.63,5.0,6.0,8.0,9.0,10.0,10.0,True,instance_18874_valuation_matrix.csv,2,4,4.61538,64.6154,14.000017333350666
multiplicative,361,2.0,0.1944,17.0,20.0,27.0,30.0,38.0,38.0,True,instance_20801_valuation_matrix.csv,2,4,0.0988631,98.8631,1000.0000000000001
multiplicative,362,2.0,0.4859999999999999,6.0,7.0,10.0,11.0,13.0,13.0,True,instance_19072_valuation_matrix.csv,2,4,4.44444,62.2222,14.000009000009
multiplicative,363,2.0,0.09,48.0,55.0,73.0,80.0,98.0,98.0,True,instance_19198_valuation_matrix.csv,2,4,0.542495,75.9494,140.00018433349618
multiplicative,364,2.0,1.008,4.0,4.0,5.0,5.0,6.0,6.0,True,instance_17249_valuation_matrix.csv,2,4,8.23529,49.4118,6.000007285717928
multiplicative,365,2.0,0.00315,1315.0,1525.0,2026.0,2244.0,2753.0,2753.0,True,instance_15098_valuation_matrix.csv,3,4,0.00603412,86.2017,14285.711918225028
multiplicative,366,2.0,0.036,164.0,182.0,226.0,245.0,289.0,289.0,True,instance_14189_valuation_matrix.csv,2,9,0.0159473,55.8154,3499.9905940190497
multiplicative,367,2.0,0.4859999999999999,8.0,10.0,14.0,15.0,19.0,19.0,True,instance_19805_valuation_matrix.csv,2,4,4.4586,44.586,10.0
multiplicative,368,2.0,0.5399999999999999,9.0,10.0,13.0,15.0,18.0,18.0,True,instance_20918_valuation_matrix.csv,2,4,5.55556,54.902,9.882352094118325
multiplicative,369,2.0,0.45,7.0,8.0,11.0,12.0,14.0,14.0,True,instance_9522_valuation_matrix.csv,2,4,4.16667,58.3333,13.999980800015361
multiplicative,370,2.0,0.63,8.0,9.0,10.0,11.0,13.0,13.0,True,instance_13489_valuation_matrix.csv,2,4,4.3956,67.7419,15.411297661297661
multiplicative,371,2.0,0.189,14.0,17.0,27.0,35.0,51.0,51.0,True,instance_17808_valuation_matrix.csv,2,4,1.0989,57.6923,52.5000455000455
multiplicative,372,2.0,0.63,3.0,3.0,5.0,6.0,7.0,7.0,True,instance_15824_valuation_matrix.csv,3,3,18.1818,45.4545,2.5000000000000004
multiplicative,373,2.0,0.18,13.0,17.0,25.0,28.0,36.0,36.0,True,instance_20744_valuation_matrix.csv,2,4,4.60829,38.7097,8.40001388801486
multiplicative,374,2.0,0.2699999999999999,16.0,18.0,24.0,26.0,31.0,31.0,True,instance_16544_valuation_matrix.csv,2,4,3.0581,77.4908,25.339524541381902
multiplicative,375,2.0,0.00324,989.0,1190.0,4291.0,4504.0,5000.0,5000.0,True,instance_11312_valuation_matrix.csv,2,4,0.000560213,98.0373,175000.04462588337
multiplicative,376,2.0,0.4049999999999999,8.0,9.0,12.0,13.0,17.0,17.0,True,instance_19777_valuation_matrix.csv,2,4,2.94118,61.7647,20.999972800032637
multiplicative,377,2.0,0.63,8.0,9.0,12.0,14.0,17.0,17.0,True,instance_19873_valuation_matrix.csv,5,8,1.0989,43.956,40.0
multiplicative,378,2.0,0.054,77.0,89.0,117.0,130.0,159.0,159.0,True,instance_14795_valuation_matrix.csv,2,2,1.17647,98.8235,84.0000170000085
multiplicative,379,2.0,0.72,5.0,6.0,7.0,8.0,9.0,9.0,True,instance_14302_valuation_matrix.csv,2,4,5.88235,71.1864,12.101694050847026
multiplicative,380,2.0,0.4859999999999999,14.0,17.0,23.0,26.0,32.0,32.0,True,instance_11881_valuation_matrix.csv,2,5,4.34783,52.6316,12.105257105268604
multiplicative,381,2.0,0.1134,32.0,37.0,50.0,56.0,69.0,69.0,True,instance_15677_valuation_matrix.csv,3,3,1.28205,94.7368,73.8947778947779
multiplicative,382,2.0,0.18,41.0,47.0,59.0,65.0,77.0,77.0,True,instance_15756_valuation_matrix.csv,2,4,1.0929,74.8555,68.4925427761003
multiplicative,383,2.0,0.4049999999999999,8.0,10.0,13.0,14.0,17.0,17.0,True,instance_12799_valuation_matrix.csv,2,4,3.00752,63.1579,20.999993350002658
multiplicative,384,2.0,0.4859999999999999,7.0,8.0,11.0,12.0,14.0,14.0,True,instance_21623_valuation_matrix.csv,2,6,3.2967,46.1538,14.0
multiplicative,385,2.0,0.5599999999999999,10.0,11.0,14.0,15.0,17.0,17.0,True,instance_16496_valuation_matrix.csv,2,6,1.92308,42.0,21.839965056055913
multiplicative,386,2.0,0.5399999999999999,7.0,7.0,10.0,11.0,13.0,13.0,True,instance_19045_valuation_matrix.csv,2,4,5.45455,76.3636,13.999981666681945
multiplicative,387,2.0,0.288,11.0,13.0,18.0,20.0,25.0,25.0,True,instance_23898_valuation_matrix.csv,2,4,1.15607,72.8324,62.99999135000477
multiplicative,388,2.0,0.48,6.0,7.0,10.0,11.0,13.0,13.0,True,instance_14134_valuation_matrix.csv,2,4,8.0,56.0,7.0
multiplicative,389,2.0,0.0432,112.0,127.0,163.0,179.0,215.0,215.0,True,instance_14343_valuation_matrix.csv,2,6,0.0655523,98.3284,1499.9992372502568
multiplicative,390,2.0,0.4859999999999999,7.0,8.0,11.0,12.0,14.0,14.0,True,instance_18923_valuation_matrix.csv,2,4,5.88235,57.1429,9.714297857148928
multiplicative,391,2.0,0.63,4.0,5.0,6.0,7.0,9.0,9.0,True,instance_14482_valuation_matrix.csv,2,3,7.69231,61.5385,8.00000259999922
multiplicative,392,2.0,0.36,10.0,12.0,15.0,17.0,21.0,21.0,True,instance_13434_valuation_matrix.csv,2,4,1.72414,72.4138,41.999953600055676
multiplicative,393,2.0,1.12,5.0,6.0,6.0,7.0,7.0,7.0,True,instance_20193_valuation_matrix.csv,2,4,7.69231,56.0,7.279997816000655
multiplicative,394,2.0,0.6479999999999999,7.0,9.0,13.0,15.0,19.0,19.0,True,instance_19419_valuation_matrix.csv,2,5,5.88235,47.0588,8.0
multiplicative,395,2.0,0.1619999999999999,21.0,25.0,34.0,38.0,47.0,47.0,True,instance_16460_valuation_matrix.csv,2,4,0.914634,64.0244,70.00002186667017
multiplicative,396,2.0,0.045,82.0,97.0,131.0,146.0,181.0,181.0,True,instance_21626_valuation_matrix.csv,2,4,0.540541,62.2222,115.11097215567366
multiplicative,397,2.0,0.4049999999999999,8.0,10.0,13.0,14.0,17.0,17.0,True,instance_14435_valuation_matrix.csv,2,4,2.5,70.0,28.0
multiplicative,398,2.0,0.48,6.0,7.0,10.0,11.0,13.0,13.0,True,instance_19772_valuation_matrix.csv,2,4,8.0,56.0,7.0
multiplicative,399,2.0,0.9,6.0,6.0,7.0,8.0,9.0,9.0,True,instance_18690_valuation_matrix.csv,2,4,7.05882,56.0,7.933337300001983
multiplicative,400,2.0,0.5399999999999999,6.0,7.0,9.0,10.0,12.0,12.0,True,instance_9989_valuation_matrix.csv,2,4,6.01915,63.2011,10.500004153410366
multiplicative,401,2.0,0.63,5.0,5.0,7.0,8.0,9.0,9.0,True,instance_11504_valuation_matrix.csv,2,4,4.87805,68.2927,14.0
multiplicative,402,2.0,0.48,6.0,7.0,10.0,11.0,13.0,13.0,True,instance_11613_valuation_matrix.csv,2,4,8.0,56.0,7.0
multiplicative,403,2.0,0.64,6.0,7.0,9.0,10.0,13.0,13.0,True,instance_20398_valuation_matrix.csv,3,5,3.84615,50.0,13.000013000012999
multiplicative,404,2.0,0.8,5.0,6.0,7.0,7.0,8.0,8.0,True,instance_16458_valuation_matrix.csv,2,6,5.55556,47.4576,8.542361166111068
multiplicative,405,2.0,0.4859999999999999,6.0,7.0,10.0,11.0,13.0,13.0,True,instance_21963_valuation_matrix.csv,2,4,4.16667,58.3333,13.999980800015361
multiplicative,406,2.0,0.189,12.0,15.0,23.0,26.0,34.0,34.0,True,instance_22130_valuation_matrix.csv,2,4,2.3753,49.8812,20.999957900054728
multiplicative,407,2.0,0.5399999999999999,6.0,7.0,9.0,10.0,13.0,13.0,True,instance_14131_valuation_matrix.csv,2,4,4.6729,56.0,11.983992809604313
multiplicative,408,2.0,0.0243,201.0,228.0,293.0,321.0,386.0,386.0,True,instance_14346_valuation_matrix.csv,2,6,0.0578178,99.1162,1714.2852201225228
multiplicative,409,2.0,0.576,5.0,6.0,8.0,8.0,10.0,10.0,True,instance_10927_valuation_matrix.csv,2,4,8.86076,70.8861,8.000002257142727
multiplicative,410,2.0,0.48,6.0,7.0,10.0,11.0,13.0,13.0,True,instance_17666_valuation_matrix.csv,2,4,8.0,56.0,7.0
multiplicative,411,2.0,0.48,6.0,7.0,10.0,11.0,13.0,13.0,True,instance_17695_valuation_matrix.csv,4,4,8.0,56.0,7.0
multiplicative,412,2.0,0.18,21.0,25.0,33.0,37.0,45.0,45.0,True,instance_17288_valuation_matrix.csv,2,4,1.27226,74.8663,58.84512599625862
multiplicative,413,2.0,0.00972,811.0,881.0,1046.0,1117.0,1282.0,1282.0,True,instance_10247_valuation_matrix.csv,2,4,0.0041012,97.5225,23779.015897786012
multiplicative,414,2.0,1.134,5.0,5.0,6.0,6.0,6.0,6.0,True,instance_23324_valuation_matrix.csv,2,4,10.7143,52.8302,4.930812092250544
multiplicative,415,2.0,0.126,31.0,36.0,48.0,53.0,65.0,65.0,True,instance_15660_valuation_matrix.csv,2,4,1.002,88.8889,88.7114770459082
multiplicative,416,2.0,0.45,6.0,7.0,10.0,12.0,15.0,15.0,True,instance_14162_valuation_matrix.csv,2,4,3.63636,55.5556,15.277805277805278
multiplicative,417,2.0,0.18,16.0,20.0,42.0,55.0,86.0,86.0,True,instance_12238_valuation_matrix.csv,2,4,1.49254,62.6866,41.999946400096476
multiplicative,418,2.0,0.64,4.0,5.0,7.0,7.0,9.0,9.0,True,instance_18682_valuation_matrix.csv,2,4,8.95522,62.6866,7.000006700002903
multiplicative,419,2.0,0.48,6.0,7.0,10.0,11.0,13.0,13.0,True,instance_11792_valuation_matrix.csv,2,4,8.0,56.0,7.0
multiplicative,420,2.0,0.4859999999999999,8.0,9.0,13.0,14.0,18.0,18.0,True,instance_19719_valuation_matrix.csv,2,4,5.55556,58.3333,10.49998560001152
multiplicative,421,2.0,1.008,1.0,2.0,2.0,2.0,3.0,3.0,True,instance_11761_valuation_matrix.csv,2,2,25.0,75.0,3.0
multiplicative,422,2.0,0.5399999999999999,10.0,11.0,13.0,14.0,16.0,16.0,True,instance_19760_valuation_matrix.csv,2,4,0.817439,95.3678,116.66656472226062
multiplicative,423,2.0,0.3239999999999999,8.0,17.0,31.0,37.0,49.0,49.0,True,instance_14886_valuation_matrix.csv,2,4,3.27869,57.377,17.499977125010293
multiplicative,424,2.0,0.45,7.0,8.0,11.0,12.0,15.0,15.0,True,instance_20136_valuation_matrix.csv,2,4,5.7377,57.377,10.0
multiplicative,425,2.0,0.48,6.0,7.0,10.0,11.0,13.0,13.0,True,instance_9830_valuation_matrix.csv,2,4,8.0,56.0,7.0
multiplicative,426,2.0,0.48,6.0,7.0,10.0,11.0,13.0,13.0,True,instance_19052_valuation_matrix.csv,2,4,8.0,56.0,7.0
multiplicative,427,2.0,0.48,6.0,7.0,10.0,11.0,13.0,13.0,True,instance_18750_valuation_matrix.csv,2,4,8.0,56.0,7.0
multiplicative,428,2.0,0.45,10.0,11.0,15.0,16.0,19.0,19.0,True,instance_17383_valuation_matrix.csv,2,4,3.0303,50.9091,16.8000198000198
multiplicative,429,2.0,0.972,4.0,5.0,6.0,6.0,7.0,7.0,True,instance_15152_valuation_matrix.csv,5,4,4.18118,62.7178,15.000023916693372
multiplicative,430,2.0,0.48,6.0,7.0,9.0,10.0,13.0,13.0,True,instance_9543_valuation_matrix.csv,3,3,9.85915,78.8732,8.0
multiplicative,431,2.0,0.2429999999999999,11.0,13.0,23.0,28.0,38.0,38.0,True,instance_22610_valuation_matrix.csv,2,4,1.99005,55.2632,27.76975452878068
multiplicative,432,2.0,0.288,10.0,12.0,18.0,21.0,28.0,28.0,True,instance_12499_valuation_matrix.csv,2,4,2.17391,56.0,25.760036064050492
multiplicative,433,2.0,0.882,3.0,3.0,4.0,5.0,5.0,5.0,True,instance_15658_valuation_matrix.csv,2,4,7.84314,54.902,7.000002549999108
multiplicative,434,2.0,0.5599999999999999,4.0,5.0,7.0,7.0,9.0,9.0,True,instance_15245_valuation_matrix.csv,2,4,8.04598,64.3678,7.9999950285732755
multiplicative,435,2.0,0.0404999999999999,116.0,132.0,170.0,187.0,226.0,226.0,True,instance_14354_valuation_matrix.csv,2,6,0.0655523,98.3284,1499.9992372502568
multiplicative,436,2.0,0.4899999999999999,6.0,7.0,9.0,10.0,12.0,12.0,True,instance_13166_valuation_matrix.csv,2,4,5.17241,72.4138,14.000011600008506
multiplicative,437,2.0,0.1619999999999999,25.0,29.0,40.0,45.0,55.0,55.0,True,instance_11344_valuation_matrix.csv,2,4,2.39726,71.9178,29.999999999999996
multiplicative,438,2.0,0.48,10.0,11.0,14.0,15.0,18.0,18.0,True,instance_13882_valuation_matrix.csv,2,4,3.82514,77.7778,20.33332113334414
multiplicative,439,2.0,0.4049999999999999,8.0,9.0,12.0,14.0,17.0,17.0,True,instance_10103_valuation_matrix.csv,2,4,3.26531,68.5714,20.999966312540003
multiplicative,440,2.0,0.288,17.0,19.0,24.0,26.0,31.0,31.0,True,instance_19264_valuation_matrix.csv,3,8,0.211454,67.4157,318.81969600953397
multiplicative,441,2.0,0.00486,778.0,921.0,1261.0,1410.0,1759.0,1759.0,True,instance_15700_valuation_matrix.csv,2,4,0.00904895,90.4895,10000.0
multiplicative,442,2.0,0.5399999999999999,8.0,9.0,11.0,12.0,14.0,14.0,True,instance_15113_valuation_matrix.csv,2,4,2.65487,74.3363,27.999977400023354
multiplicative,443,2.0,0.63,4.0,5.0,7.0,8.0,9.0,9.0,True,instance_9731_valuation_matrix.csv,2,4,7.69231,50.0,6.499998050000585
multiplicative,444,2.0,0.48,6.0,7.0,9.0,10.0,13.0,13.0,True,instance_9546_valuation_matrix.csv,3,3,9.85915,78.8732,8.0
multiplicative,445,2.0,0.6912,4.0,5.0,6.0,7.0,8.0,8.0,True,instance_9748_valuation_matrix.csv,2,4,6.25,62.5,10.0
multiplicative,446,2.0,0.063,61.0,71.0,96.0,106.0,131.0,131.0,True,instance_14046_valuation_matrix.csv,2,4,1.25673,62.8366,50.00007957158658
multiplicative,447,2.0,0.63,7.0,8.0,10.0,10.0,13.0,13.0,True,instance_21648_valuation_matrix.csv,2,4,5.40541,68.8525,12.73770167295358
multiplicative,448,2.0,0.48,6.0,7.0,10.0,11.0,13.0,13.0,True,instance_17386_valuation_matrix.csv,2,4,8.0,56.0,7.0
multiplicative,449,2.0,0.4049999999999999,9.0,11.0,14.0,15.0,19.0,19.0,True,instance_21255_valuation_matrix.csv,2,4,2.02703,70.9459,34.99992600010853
multiplicative,450,2.0,0.4049999999999999,8.0,10.0,14.0,16.0,21.0,21.0,True,instance_16099_valuation_matrix.csv,2,4,4.44444,48.8889,11.0000135000135
multiplicative,451,2.0,0.567,5.0,6.0,8.0,9.0,11.0,11.0,True,instance_18755_valuation_matrix.csv,2,4,6.10687,64.1221,10.499994268749786
multiplicative,452,2.0,0.4859999999999999,7.0,8.0,10.0,11.0,14.0,14.0,True,instance_17566_valuation_matrix.csv,2,4,4.90196,68.6274,13.999991839998694
multiplicative,453,2.0,0.108,34.0,40.0,54.0,60.0,74.0,74.0,True,instance_20344_valuation_matrix.csv,2,4,0.886382,62.0467,69.99995487272982
multiplicative,454,2.0,0.72,4.0,4.0,6.0,6.0,7.0,7.0,True,instance_19796_valuation_matrix.csv,2,4,7.40741,65.1163,8.790697423255901
multiplicative,455,2.0,0.48,6.0,7.0,10.0,11.0,13.0,13.0,True,instance_10066_valuation_matrix.csv,2,4,8.0,56.0,7.0
multiplicative,456,2.0,0.45,6.0,7.0,11.0,13.0,17.0,17.0,True,instance_20601_valuation_matrix.csv,2,4,4.16667,58.3333,13.999980800015361
multiplicative,457,2.0,0.567,5.0,6.0,8.0,9.0,11.0,11.0,True,instance_14589_valuation_matrix.csv,2,4,5.26316,73.6842,13.999992400003041
multiplicative,458,2.0,0.48,6.0,7.0,10.0,11.0,13.0,13.0,True,instance_12620_valuation_matrix.csv,2,4,8.0,56.0,7.0
multiplicative,459,2.0,0.7,3.0,4.0,5.0,6.0,7.0,7.0,True,instance_19818_valuation_matrix.csv,2,5,8.33333,36.3636,4.363633745453498
multiplicative,460,2.0,0.98,2.0,2.0,3.0,3.0,4.0,4.0,True,instance_14774_valuation_matrix.csv,3,3,14.2857,50.0,3.5000035000035
multiplicative,461,2.0,0.45,8.0,9.0,11.0,13.0,15.0,15.0,True,instance_17854_valuation_matrix.csv,2,4,3.7037,77.7778,21.000027000027
multiplicative,462,2.0,0.576,5.0,6.0,8.0,9.0,11.0,11.0,True,instance_14463_valuation_matrix.csv,2,4,6.77966,56.0,8.260001239000186
multiplicative,463,2.0,0.45,7.0,8.0,12.0,13.0,16.0,16.0,True,instance_15878_valuation_matrix.csv,2,4,4.34783,62.2222,14.311093120016192
multiplicative,464,2.0,0.48,6.0,7.0,10.0,11.0,13.0,13.0,True,instance_10229_valuation_matrix.csv,2,4,8.0,56.0,7.0
multiplicative,465,2.0,0.48,6.0,7.0,10.0,11.0,13.0,13.0,True,instance_22968_valuation_matrix.csv,2,4,8.0,56.0,7.0
multiplicative,466,2.0,0.1296,40.0,45.0,59.0,64.0,78.0,78.0,True,instance_14351_valuation_matrix.csv,2,6,0.253936,76.1808,300.0
multiplicative,467,2.0,0.8639999999999999,6.0,6.0,7.0,8.0,8.0,8.0,True,instance_15624_valuation_matrix.csv,3,3,3.25203,79.6748,24.500019987515493
multiplicative,468,2.0,0.5399999999999999,8.0,10.0,21.0,25.0,35.0,35.0,True,instance_14735_valuation_matrix.csv,2,4,7.01754,61.4035,8.75000356250196
multiplicative,469,2.0,0.45,6.0,8.0,10.0,12.0,15.0,15.0,True,instance_9571_valuation_matrix.csv,2,4,5.27903,59.1252,11.200012123439345
multiplicative,470,2.0,7.000000000000001e-07,,,,,,60000.0,False,instance_21291_valuation_matrix.csv,2,3,0.000126728,57.4657,453457.0102897544
multiplicative,471,2.0,0.2429999999999999,36.0,40.0,47.0,50.0,58.0,58.0,True,instance_21529_valuation_matrix.csv,2,4,1.26582,79.7468,63.00011060024332
multiplicative,472,2.0,0.045,95.0,110.0,144.0,159.0,194.0,194.0,True,instance_20025_valuation_matrix.csv,2,4,0.0279252,97.7381,3499.9964190050564
multiplicative,473,2.0,0.72,6.0,7.0,8.0,9.0,10.0,10.0,True,instance_10642_valuation_matrix.csv,2,4,5.12821,68.8525,13.426224745086493
multiplicative,474,2.0,0.189,17.0,20.0,27.0,31.0,38.0,38.0,True,instance_9923_valuation_matrix.csv,2,4,1.96078,56.0224,28.571486857271086
multiplicative,475,2.0,0.5599999999999999,6.0,7.0,9.0,9.0,11.0,11.0,True,instance_14129_valuation_matrix.csv,2,4,4.90196,68.6274,13.999991839998694
multiplicative,476,2.0,0.288,7.0,9.0,15.0,17.0,24.0,24.0,True,instance_15652_valuation_matrix.csv,3,3,6.66667,58.3333,8.749990625004688
multiplicative,477,2.0,1.2600000000000002,6.0,6.0,7.0,7.0,7.0,7.0,True,instance_14150_valuation_matrix.csv,4,4,7.69231,54.5455,7.090912872726138
multiplicative,478,2.0,0.96,5.0,6.0,6.0,7.0,7.0,7.0,True,instance_18947_valuation_matrix.csv,2,4,9.83607,68.8525,7.00000101666621
multiplicative,479,2.0,0.45,12.0,14.0,18.0,20.0,24.0,24.0,True,instance_9549_valuation_matrix.csv,3,7,0.628968,66.0417,105.0000953943603
multiplicative,480,2.0,0.48,6.0,7.0,10.0,11.0,13.0,13.0,True,instance_16981_valuation_matrix.csv,2,4,8.0,56.0,7.0
multiplicative,481,2.0,0.64,5.0,5.0,7.0,8.0,10.0,10.0,True,instance_13202_valuation_matrix.csv,3,4,5.7971,68.8525,11.877059219264805
multiplicative,482,2.0,0.8400000000000001,4.0,5.0,6.0,6.0,7.0,7.0,True,instance_14247_valuation_matrix.csv,2,4,8.95522,62.6866,7.000006700002903
multiplicative,483,2.0,0.144,30.0,34.0,44.0,49.0,59.0,59.0,True,instance_17863_valuation_matrix.csv,4,4,0.0848794,97.005,1142.856806245096
multiplicative,484,2.0,0.4859999999999999,7.0,8.0,11.0,12.0,15.0,15.0,True,instance_12873_valuation_matrix.csv,2,4,2.62172,56.0,21.360023190882323
multiplicative,485,2.0,0.48,6.0,7.0,10.0,11.0,13.0,13.0,True,instance_9666_valuation_matrix.csv,2,4,8.0,56.0,7.0
multiplicative,486,2.0,0.2429999999999999,16.0,19.0,25.0,28.0,34.0,34.0,True,instance_18906_valuation_matrix.csv,2,4,1.7094,75.0,43.87504387504387
multiplicative,487,2.0,0.48,6.0,7.0,10.0,11.0,13.0,13.0,True,instance_12656_valuation_matrix.csv,2,4,8.0,56.0,7.0
multiplicative,488,2.0,0.4859999999999999,6.0,7.0,10.0,11.0,13.0,13.0,True,instance_14155_valuation_matrix.csv,2,4,5.71874,54.1936,9.47649307364909
multiplicative,489,2.0,0.5599999999999999,5.0,6.0,8.0,9.0,11.0,11.0,True,instance_15657_valuation_matrix.csv,2,9,3.33333,23.3333,6.999996999997
multiplicative,490,2.0,0.3239999999999999,14.0,16.0,22.0,24.0,30.0,30.0,True,instance_11299_valuation_matrix.csv,2,4,3.72093,60.0,16.125001007812564
multiplicative,491,2.0,0.5599999999999999,2.0,3.0,5.0,5.0,7.0,7.0,True,instance_14963_valuation_matrix.csv,2,3,14.2857,42.8571,3.0
multiplicative,492,2.0,0.5399999999999999,5.0,6.0,8.0,9.0,11.0,11.0,True,instance_10388_valuation_matrix.csv,2,4,7.40741,56.0,7.559997354000926
multiplicative,493,2.0,0.63,4.0,5.0,6.0,7.0,9.0,9.0,True,instance_17827_valuation_matrix.csv,2,4,8.04598,65.1163,8.09302285116294
multiplicative,494,2.0,0.972,5.0,6.0,6.0,7.0,7.0,7.0,True,instance_11973_valuation_matrix.csv,5,7,3.22581,58.0645,17.99997520002728
multiplicative,495,2.0,0.36,9.0,10.0,14.0,15.0,19.0,19.0,True,instance_17434_valuation_matrix.csv,2,4,3.57143,50.0,13.99999440000224
multiplicative,496,2.0,0.45,7.0,8.0,10.0,12.0,14.0,14.0,True,instance_9994_valuation_matrix.csv,2,4,4.28571,60.0,14.000014000014
multiplicative,497,2.0,0.2429999999999999,12.0,14.0,20.0,22.0,28.0,28.0,True,instance_20753_valuation_matrix.csv,5,7,2.77778,25.0,8.99999280000576
multiplicative,498,2.0,0.48,8.0,9.0,11.0,13.0,15.0,15.0,True,instance_18551_valuation_matrix.csv,2,4,5.12821,71.7949,13.999992200007409
multiplicative,499,2.0,0.64,4.0,5.0,7.0,8.0,9.0,9.0,True,instance_12876_valuation_matrix.csv,2,4,6.54206,65.4206,9.999999999999998
multiplicative,500,2.0,0.4049999999999999,11.0,12.0,16.0,17.0,20.0,20.0,True,instance_16673_valuation_matrix.csv,2,6,2.51256,61.2755,24.38767631419747
multiplicative,501,2.0,0.45,7.0,8.0,11.0,12.0,14.0,14.0,True,instance_17515_valuation_matrix.csv,2,4,5.47945,57.5342,10.499995437498288
multiplicative,502,2.0,0.48,6.0,7.0,10.0,11.0,13.0,13.0,True,instance_14242_valuation_matrix.csv,2,4,8.0,56.0,7.0
multiplicative,503,2.0,0.5599999999999999,5.0,6.0,8.0,9.0,11.0,11.0,True,instance_20505_valuation_matrix.csv,2,4,5.47945,62.6866,11.440308790115797
multiplicative,504,2.0,0.0324,126.0,235.0,408.0,476.0,629.0,629.0,True,instance_23636_valuation_matrix.csv,2,4,0.390625,68.3594,175.00006399999998
multiplicative,505,2.0,0.4899999999999999,6.0,7.0,9.0,10.0,12.0,12.0,True,instance_9642_valuation_matrix.csv,2,4,5.17241,72.4138,14.000011600008506
multiplicative,506,2.0,0.18,22.0,26.0,34.0,37.0,45.0,45.0,True,instance_20039_valuation_matrix.csv,2,4,0.476758,83.4327,175.00010487500995
multiplicative,507,2.0,0.63,7.0,8.0,10.0,11.0,12.0,12.0,True,instance_10243_valuation_matrix.csv,2,4,4.0747,71.3073,17.500012270842024
multiplicative,508,2.0,0.48,7.0,8.0,11.0,12.0,15.0,15.0,True,instance_16277_valuation_matrix.csv,2,4,2.40964,75.9036,31.49997510001494
multiplicative,509,2.0,0.48,6.0,7.0,10.0,11.0,13.0,13.0,True,instance_12816_valuation_matrix.csv,2,4,8.0,56.0,7.0
multiplicative,510,2.0,0.0809999999999999,49.0,57.0,75.0,84.0,103.0,103.0,True,instance_10549_valuation_matrix.csv,2,4,0.462453,93.6455,202.49733486429972
multiplicative,511,2.0,0.5399999999999999,7.0,7.0,10.0,11.0,13.0,13.0,True,instance_19044_valuation_matrix.csv,2,4,5.45455,76.3636,13.999981666681945
multiplicative,512,2.0,0.96,4.0,5.0,5.0,5.0,6.0,6.0,True,instance_18746_valuation_matrix.csv,2,4,8.0,61.7647,7.7205875
multiplicative,513,2.0,0.18,41.0,47.0,59.0,65.0,77.0,77.0,True,instance_15757_valuation_matrix.csv,2,4,1.0929,74.8555,68.4925427761003
multiplicative,514,2.0,0.8099999999999999,8.0,9.0,10.0,11.0,12.0,12.0,True,instance_15559_valuation_matrix.csv,3,3,2.63158,92.1053,35.0
multiplicative,515,2.0,0.10206,38.0,44.0,59.0,66.0,81.0,81.0,True,instance_14389_valuation_matrix.csv,2,4,0.283554,79.3951,279.9999294666977
multiplicative,516,2.0,1.0,0.0,0.0,0.0,0.0,0.0,0.0,True,instance_23145_valuation_matrix.csv,2,3,33.3333,33.3333,1.0
multiplicative,517,2.0,0.48,6.0,7.0,10.0,11.0,13.0,13.0,True,instance_12937_valuation_matrix.csv,2,4,8.0,56.0,7.0
multiplicative,518,2.0,0.2699999999999999,17.0,19.0,25.0,27.0,32.0,32.0,True,instance_16545_valuation_matrix.csv,2,4,3.0581,76.087,24.88048134462575
multiplicative,519,2.0,0.2429999999999999,13.0,15.0,21.0,38.0,79.0,79.0,True,instance_15972_valuation_matrix.csv,3,4,2.5974,54.5455,21.0000385000385
multiplicative,520,2.0,0.98,3.0,3.0,4.0,4.0,5.0,5.0,True,instance_10202_valuation_matrix.csv,2,4,13.6364,40.9091,2.9999926666862224
multiplicative,521,2.0,0.63,5.0,5.0,7.0,7.0,9.0,9.0,True,instance_10075_valuation_matrix.csv,2,4,7.36842,62.6866,8.507468358209765
multiplicative,522,2.0,0.3779999999999999,4.0,5.0,8.0,10.0,13.0,13.0,True,instance_18667_valuation_matrix.csv,2,4,5.55556,38.8889,6.99999640000288
multiplicative,523,2.0,0.48,7.0,8.0,11.0,12.0,15.0,15.0,True,instance_9907_valuation_matrix.csv,3,4,4.28571,62.2222,14.518527851861185
multiplicative,524,2.0,1.08,1.0,2.0,2.0,3.0,4.0,4.0,True,instance_18087_valuation_matrix.csv,2,4,16.6667,33.3333,1.9999940000120002
multiplicative,525,2.0,0.054,89.0,101.0,129.0,142.0,171.0,171.0,True,instance_14347_valuation_matrix.csv,2,6,0.00574887,98.5521,17142.86459773834
multiplicative,526,2.0,0.2699999999999999,15.0,17.0,22.0,25.0,30.0,30.0,True,instance_15445_valuation_matrix.csv,2,4,1.85701,90.9935,49.00000538500062
multiplicative,527,2.0,0.5399999999999999,5.0,6.0,8.0,9.0,11.0,11.0,True,instance_10926_valuation_matrix.csv,2,4,7.40741,56.0,7.559997354000926
multiplicative,528,2.0,0.64,5.0,5.0,7.0,8.0,9.0,9.0,True,instance_15256_valuation_matrix.csv,2,4,8.0,68.8525,8.6065625
multiplicative,529,2.0,0.4859999999999999,6.0,7.0,10.0,11.0,13.0,13.0,True,instance_21962_valuation_matrix.csv,2,4,4.16667,58.3333,13.999980800015361
multiplicative,530,2.0,0.4049999999999999,8.0,9.0,12.0,13.0,17.0,17.0,True,instance_12145_valuation_matrix.csv,2,4,3.5533,79.096,22.2598711057327
multiplicative,531,2.0,0.0324,126.0,235.0,408.0,476.0,629.0,629.0,True,instance_23633_valuation_matrix.csv,2,4,0.390625,68.3594,175.00006399999998
multiplicative,532,2.0,0.5399999999999999,6.0,7.0,9.0,10.0,12.0,12.0,True,instance_17322_valuation_matrix.csv,2,4,3.78788,53.0303,13.99999472000169
multiplicative,533,2.0,0.63,3.0,3.0,5.0,6.0,7.0,7.0,True,instance_15817_valuation_matrix.csv,3,3,18.1818,45.4545,2.5000000000000004
multiplicative,534,2.0,0.72,6.0,7.0,12.0,14.0,19.0,19.0,True,instance_19284_valuation_matrix.csv,4,8,1.82927,51.2195,27.99996720003061
multiplicative,535,2.0,0.48,6.0,7.0,10.0,11.0,13.0,13.0,True,instance_17548_valuation_matrix.csv,2,4,8.0,56.0,7.0
multiplicative,536,2.0,0.2699999999999999,16.0,19.0,25.0,28.0,34.0,34.0,True,instance_13943_valuation_matrix.csv,2,4,1.89573,69.6682,36.7500646189067
multiplicative,537,2.0,0.2915999999999999,10.0,12.0,17.0,19.0,23.0,23.0,True,instance_19773_valuation_matrix.csv,2,3,6.66667,66.6667,10.000000000000002
multiplicative,538,2.0,0.2699999999999999,12.0,14.0,19.0,21.0,26.0,26.0,True,instance_12441_valuation_matrix.csv,2,4,1.28205,62.8205,49.000039000039
multiplicative,539,2.0,0.8639999999999999,3.0,3.0,4.0,4.0,6.0,6.0,True,instance_23753_valuation_matrix.csv,3,4,8.10811,48.6486,5.999992600001727
multiplicative,540,2.0,0.00162,2243.0,2653.0,3628.0,4056.0,5109.0,5109.0,True,instance_12104_valuation_matrix.csv,2,4,0.0111099,62.461,5622.102809206203
multiplicative,541,2.0,0.48,6.0,8.0,10.0,11.0,14.0,14.0,True,instance_12373_valuation_matrix.csv,2,4,4.81928,72.4138,15.025854484487308
multiplicative,542,2.0,0.45,12.0,14.0,18.0,20.0,24.0,24.0,True,instance_9550_valuation_matrix.csv,3,7,0.628968,66.0417,105.0000953943603
multiplicative,543,2.0,0.48,6.0,7.0,10.0,11.0,13.0,13.0,True,instance_20538_valuation_matrix.csv,2,4,8.0,56.0,7.0
multiplicative,544,2.0,0.45,15.0,17.0,21.0,23.0,28.0,28.0,True,instance_16741_valuation_matrix.csv,2,6,2.90698,50.6024,17.407206103929166
multiplicative,545,2.0,1.008,5.0,5.0,6.0,6.0,6.0,6.0,True,instance_20618_valuation_matrix.csv,2,4,13.7255,54.902,4.0
multiplicative,546,2.0,0.504,5.0,6.0,8.0,9.0,12.0,12.0,True,instance_11800_valuation_matrix.csv,2,37,1.0582,5.26316,4.973691173691174
multiplicative,547,2.0,0.63,5.0,6.0,8.0,9.0,10.0,10.0,True,instance_14026_valuation_matrix.csv,2,4,7.84314,54.902,7.000002549999108
multiplicative,548,2.0,0.018,286.0,323.0,411.0,449.0,539.0,539.0,True,instance_15553_valuation_matrix.csv,3,4,0.0234137,95.8957,4095.70892255389
multiplicative,549,2.0,0.144,30.0,35.0,45.0,49.0,60.0,60.0,True,instance_14442_valuation_matrix.csv,2,5,0.265604,92.9615,350.0003765003539
multiplicative,550,2.0,0.216,11.0,14.0,21.0,23.0,30.0,30.0,True,instance_18848_valuation_matrix.csv,2,4,2.85714,45.1613,15.806470806470807
multiplicative,551,2.0,0.5399999999999999,6.0,7.0,9.0,10.0,12.0,12.0,True,instance_19240_valuation_matrix.csv,2,4,5.7971,60.8696,10.500008625002156
multiplicative,552,2.0,0.63,3.0,3.0,5.0,6.0,7.0,7.0,True,instance_15820_valuation_matrix.csv,3,3,18.1818,45.4545,2.5000000000000004
multiplicative,553,2.0,0.63,5.0,5.0,7.0,8.0,9.0,9.0,True,instance_21628_valuation_matrix.csv,2,4,8.04598,64.3678,7.9999950285732755
multiplicative,554,2.0,0.6479999999999999,5.0,5.0,7.0,8.0,9.0,9.0,True,instance_21355_valuation_matrix.csv,2,4,7.84314,70.0,8.924996876251093
multiplicative,555,2.0,0.96,4.0,4.0,5.0,5.0,6.0,6.0,True,instance_23860_valuation_matrix.csv,2,4,8.0,65.1163,8.1395375
multiplicative,556,2.0,0.054,88.0,100.0,129.0,141.0,170.0,170.0,True,instance_14348_valuation_matrix.csv,2,6,0.00575227,98.6104,17142.867076823582
multiplicative,557,2.0,0.36,9.0,11.0,14.0,16.0,20.0,20.0,True,instance_10950_valuation_matrix.csv,2,4,1.94265,55.5042,28.57138444907729
multiplicative,558,2.0,0.3644999999999999,10.0,11.0,15.0,17.0,20.0,20.0,True,instance_9648_valuation_matrix.csv,2,4,2.09059,73.1707,35.00002391669337
multiplicative,559,2.0,0.1349999999999999,40.0,45.0,58.0,64.0,77.0,77.0,True,instance_22488_valuation_matrix.csv,2,4,0.769231,80.7692,104.99992850002145
multiplicative,560,2.0,0.4859999999999999,6.0,8.0,14.0,16.0,23.0,23.0,True,instance_15796_valuation_matrix.csv,3,4,5.88235,64.1221,10.900762450381226
multiplicative,561,2.0,0.48,6.0,7.0,10.0,11.0,13.0,13.0,True,instance_17547_valuation_matrix.csv,2,4,8.0,56.0,7.0
multiplicative,562,2.0,0.567,5.0,6.0,8.0,9.0,11.0,11.0,True,instance_11499_valuation_matrix.csv,2,4,6.89655,56.0,8.120002030000506
multiplicative,563,2.0,0.63,3.0,3.0,5.0,6.0,7.0,7.0,True,instance_15818_valuation_matrix.csv,3,3,18.1818,45.4545,2.5000000000000004
multiplicative,564,2.0,0.4859999999999999,5.0,7.0,9.0,11.0,13.0,13.0,True,instance_19076_valuation_matrix.csv,2,4,4.19162,47.9042,11.428564612250156
multiplicative,565,2.0,0.216,18.0,20.0,27.0,30.0,37.0,37.0,True,instance_12860_valuation_matrix.csv,2,4,1.15718,81.0029,70.00025925093762
multiplicative,566,2.0,0.18,13.0,17.0,25.0,28.0,36.0,36.0,True,instance_20745_valuation_matrix.csv,2,4,4.60829,38.7097,8.40001388801486
multiplicative,567,2.0,0.48,7.0,8.0,11.0,12.0,15.0,15.0,True,instance_16278_valuation_matrix.csv,2,4,2.40964,75.9036,31.49997510001494
multiplicative,568,2.0,0.2699999999999999,27.0,30.0,37.0,41.0,48.0,48.0,True,instance_11033_valuation_matrix.csv,2,6,2.63158,61.3139,23.299272680290926
multiplicative,569,2.0,1.08,3.0,3.0,4.0,4.0,4.0,4.0,True,instance_9850_valuation_matrix.csv,2,4,15.0,52.5,3.5
multiplicative,570,2.0,0.72,5.0,6.0,7.0,8.0,9.0,9.0,True,instance_20321_valuation_matrix.csv,2,5,5.26316,55.814,10.604655758137696
multiplicative,571,2.0,1.12,1.0,2.0,3.0,3.0,3.0,3.0,True,instance_9523_valuation_matrix.csv,2,2,16.6667,83.3333,4.999988000024
multiplicative,572,2.0,0.64,4.0,5.0,7.0,7.0,9.0,9.0,True,instance_14386_valuation_matrix.csv,2,4,8.88889,62.6866,7.052241618469798
multiplicative,573,2.0,0.2699999999999999,13.0,16.0,21.0,23.0,28.0,28.0,True,instance_13349_valuation_matrix.csv,2,4,2.01005,78.6517,39.129225641153205
multiplicative,574,2.0,0.5399999999999999,5.0,6.0,8.0,9.0,11.0,11.0,True,instance_17248_valuation_matrix.csv,2,4,3.30579,69.4215,20.999972775040156
multiplicative,575,2.0,0.9,5.0,6.0,7.0,8.0,10.0,10.0,True,instance_18466_valuation_matrix.csv,2,4,12.0,50.9091,4.242425
multiplicative,576,2.0,0.64,5.0,6.0,7.0,8.0,10.0,10.0,True,instance_9908_valuation_matrix.csv,2,4,4.44444,65.4206,14.719649719649718
multiplicative,577,2.0,0.72,5.0,6.0,7.0,8.0,9.0,9.0,True,instance_18782_valuation_matrix.csv,2,4,4.41176,61.7647,14.000013600014507
multiplicative,578,2.0,1.12,3.0,3.0,3.0,4.0,4.0,4.0,True,instance_21006_valuation_matrix.csv,2,3,20.0,50.0,2.5
multiplicative,579,2.0,1.0,0.0,0.0,0.0,0.0,0.0,0.0,True,instance_10709_valuation_matrix.csv,2,2,50.0,50.0,1.0
multiplicative,580,2.0,0.48,6.0,7.0,10.0,11.0,13.0,13.0,True,instance_17351_valuation_matrix.csv,2,4,8.0,56.0,7.0
multiplicative,581,2.0,0.48,6.0,7.0,10.0,11.0,13.0,13.0,True,instance_20360_valuation_matrix.csv,2,4,8.0,56.0,7.0
multiplicative,582,2.0,0.8,3.0,4.0,5.0,6.0,8.0,8.0,True,instance_10507_valuation_matrix.csv,2,4,9.09091,40.0,4.399999560000045
multiplicative,583,2.0,0.45,7.0,8.0,11.0,12.0,15.0,15.0,True,instance_18708_valuation_matrix.csv,2,4,4.91803,68.8525,14.000016266675885
multiplicative,584,2.0,1.008,2.0,2.0,3.0,3.0,4.0,4.0,True,instance_15719_valuation_matrix.csv,2,4,11.1111,44.6809,4.0212850212850215
multiplicative,585,2.0,0.45,10.0,12.0,15.0,16.0,20.0,20.0,True,instance_20800_valuation_matrix.csv,2,12,1.86916,25.8805,13.846059192364486
multiplicative,586,2.0,0.2699999999999999,17.0,20.0,25.0,27.0,33.0,33.0,True,instance_14334_valuation_matrix.csv,2,5,1.62162,81.0811,50.000061666728335
multiplicative,587,2.0,0.45,7.0,8.0,11.0,12.0,15.0,15.0,True,instance_13715_valuation_matrix.csv,2,4,4.79042,56.0,11.689997954250357
multiplicative,588,2.0,0.189,22.0,25.0,34.0,37.0,46.0,46.0,True,instance_15638_valuation_matrix.csv,2,4,0.55666,71.5706,128.57147989796283
multiplicative,589,2.0,0.72,4.0,5.0,6.0,7.0,8.0,8.0,True,instance_21830_valuation_matrix.csv,2,4,7.69231,66.1417,8.598418420474474
multiplicative,590,2.0,0.4049999999999999,6.0,7.0,10.0,11.0,14.0,14.0,True,instance_19741_valuation_matrix.csv,2,4,3.0303,44.6809,14.744711744711745
multiplicative,591,2.0,0.72,6.0,6.0,8.0,8.0,9.0,9.0,True,instance_20625_valuation_matrix.csv,2,3,13.3333,71.4286,5.3571583928959825
multiplicative,592,2.0,1.0,0.0,0.0,0.0,0.0,0.0,0.0,True,instance_20238_valuation_matrix.csv,3,4,25.0,25.0,1.0
multiplicative,593,2.0,0.48,6.0,7.0,10.0,11.0,13.0,13.0,True,instance_11564_valuation_matrix.csv,2,4,8.0,56.0,7.0
multiplicative,594,2.0,0.63,4.0,5.0,7.0,7.0,9.0,9.0,True,instance_10295_valuation_matrix.csv,2,4,7.2165,72.1649,9.99998614286704
multiplicative,595,2.0,0.8099999999999999,4.0,4.0,5.0,6.0,7.0,7.0,True,instance_11100_valuation_matrix.csv,2,4,6.15385,49.4118,8.029412481617198
multiplicative,596,2.0,0.5399999999999999,6.0,6.0,9.0,9.0,12.0,12.0,True,instance_16332_valuation_matrix.csv,2,4,6.639,58.0913,8.750007531254706
multiplicative,597,2.0,0.45,8.0,10.0,13.0,14.0,17.0,17.0,True,instance_10068_valuation_matrix.csv,2,4,5.26316,44.6809,8.489367604252958
multiplicative,598,2.0,0.4859999999999999,7.0,8.0,11.0,12.0,15.0,15.0,True,instance_12872_valuation_matrix.csv,2,4,2.62172,56.0,21.360023190882323
multiplicative,599,2.0,0.5399999999999999,10.0,14.0,24.0,28.0,38.0,38.0,True,instance_21448_valuation_matrix.csv,2,4,3.46535,49.505,14.285714285714286
multiplicative,600,2.0,0.45,9.0,10.0,13.0,15.0,18.0,18.0,True,instance_19020_valuation_matrix.csv,2,4,1.4862,84.9257,57.14284753061499
multiplicative,601,2.0,0.48,6.0,7.0,9.0,10.0,13.0,13.0,True,instance_9548_valuation_matrix.csv,3,3,9.85915,78.8732,8.0
multiplicative,602,2.0,1.28,5.0,5.0,6.0,6.0,7.0,7.0,True,instance_15237_valuation_matrix.csv,2,4,6.77966,47.4576,6.999997049999558
multiplicative,603,2.0,0.4,10.0,11.0,15.0,16.0,19.0,19.0,True,instance_12461_valuation_matrix.csv,2,4,1.46879,71.9706,48.99992510842258
multiplicative,604,2.0,0.64,6.0,7.0,9.0,10.0,13.0,13.0,True,instance_12998_valuation_matrix.csv,2,4,8.4507,59.1549,7.0
multiplicative,605,2.0,0.252,15.0,17.0,23.0,25.0,31.0,31.0,True,instance_22966_valuation_matrix.csv,2,4,1.30152,64.6154,49.646106091339355
multiplicative,606,2.0,0.96,4.0,4.0,5.0,5.0,5.0,5.0,True,instance_10171_valuation_matrix.csv,2,4,14.4928,50.7246,3.4999862000441597
multiplicative,607,2.0,0.8099999999999999,3.0,4.0,5.0,5.0,6.0,6.0,True,instance_11984_valuation_matrix.csv,2,3,12.0,56.0,4.666666666666667
multiplicative,608,2.0,0.72,5.0,5.0,7.0,7.0,8.0,8.0,True,instance_18867_valuation_matrix.csv,2,4,7.2165,72.1649,9.99998614286704
multiplicative,609,2.0,0.288,13.0,15.0,21.0,23.0,29.0,29.0,True,instance_18894_valuation_matrix.csv,2,4,2.58065,63.2258,24.49995156259082
multiplicative,610,2.0,0.2915999999999999,10.0,12.0,17.0,19.0,25.0,25.0,True,instance_22129_valuation_matrix.csv,2,4,2.3753,53.1646,22.382267503052244
multiplicative,611,2.0,0.5831999999999999,7.0,8.0,11.0,12.0,15.0,15.0,True,instance_14627_valuation_matrix.csv,2,4,6.15385,50.9091,8.272723579547764
multiplicative,612,2.0,1.0,0.0,0.0,0.0,0.0,0.0,0.0,True,instance_17867_valuation_matrix.csv,3,3,33.3333,33.3333,1.0
multiplicative,613,2.0,1.12,4.0,5.0,5.0,6.0,6.0,6.0,True,instance_12780_valuation_matrix.csv,2,4,12.0,60.0,5.0
multiplicative,614,2.0,0.48,6.0,7.0,10.0,11.0,13.0,13.0,True,instance_14243_valuation_matrix.csv,2,4,8.0,56.0,7.0
multiplicative,615,2.0,0.216,18.0,21.0,28.0,30.0,37.0,37.0,True,instance_18550_valuation_matrix.csv,2,4,0.75188,63.1579,83.99997340001063
multiplicative,616,2.0,0.7,4.0,4.0,5.0,6.0,7.0,7.0,True,instance_19025_valuation_matrix.csv,2,4,8.51064,59.5745,7.00000234999953
multiplicative,617,2.0,0.4479999999999999,7.0,8.0,11.0,12.0,15.0,15.0,True,instance_16672_valuation_matrix.csv,2,4,4.7619,66.6667,14.000021000021002
multiplicative,618,2.0,0.567,6.0,7.0,8.0,9.0,11.0,11.0,True,instance_12884_valuation_matrix.csv,2,4,4.28571,60.0,14.000014000014
multiplicative,619,2.0,0.189,27.0,32.0,42.0,47.0,57.0,57.0,True,instance_21029_valuation_matrix.csv,2,4,1.26582,70.8861,56.000142200312844
multiplicative,620,2.0,0.3779999999999999,9.0,10.0,13.0,15.0,18.0,18.0,True,instance_16524_valuation_matrix.csv,2,4,2.7027,56.7568,21.000037000036997
multiplicative,621,2.0,0.5399999999999999,6.0,7.0,9.0,10.0,12.0,12.0,True,instance_10014_valuation_matrix.csv,2,4,4.44444,56.0,12.6000126000126
multiplicative,622,2.0,0.96,4.0,4.0,5.0,5.0,5.0,5.0,True,instance_23737_valuation_matrix.csv,2,4,14.4928,50.7246,3.4999862000441597
multiplicative,623,2.0,0.63,4.0,5.0,6.0,7.0,9.0,9.0,True,instance_12236_valuation_matrix.csv,2,6,6.03448,31.0345,5.142862351022789
multiplicative,624,2.0,0.7559999999999999,4.0,4.0,5.0,6.0,7.0,7.0,True,instance_12041_valuation_matrix.csv,2,4,6.54206,65.4206,9.999999999999998
multiplicative,625,2.0,0.0045,993.0,1140.0,1492.0,1645.0,2002.0,2002.0,True,instance_15197_valuation_matrix.csv,2,4,0.0278629,98.385,3531.0394826094916
multiplicative,626,2.0,0.3239999999999999,9.0,11.0,15.0,16.0,21.0,21.0,True,instance_13454_valuation_matrix.csv,2,4,5.6338,59.1549,10.5
multiplicative,627,2.0,0.567,5.0,6.0,9.0,9.0,11.0,11.0,True,instance_10890_valuation_matrix.csv,2,4,5.55556,44.4444,7.99998560001152
multiplicative,628,2.0,0.288,13.0,15.0,19.0,21.0,26.0,26.0,True,instance_18891_valuation_matrix.csv,2,4,2.02703,70.9459,34.99992600010853
multiplicative,629,2.0,0.48,6.0,7.0,10.0,11.0,13.0,13.0,True,instance_14086_valuation_matrix.csv,2,4,8.0,56.0,7.0
multiplicative,630,2.0,0.4049999999999999,8.0,10.0,13.0,14.0,17.0,17.0,True,instance_16020_valuation_matrix.csv,2,4,2.67857,58.3333,21.777776948147704
multiplicative,631,2.0,0.45,10.0,12.0,15.0,16.0,20.0,20.0,True,instance_20799_valuation_matrix.csv,2,12,1.86916,25.8805,13.846059192364486
multiplicative,632,2.0,0.36,9.0,11.0,14.0,16.0,20.0,20.0,True,instance_17474_valuation_matrix.csv,2,4,2.94118,68.5714,23.31424802290237
multiplicative,633,2.0,0.1296,30.0,35.0,47.0,52.0,63.0,63.0,True,instance_17069_valuation_matrix.csv,2,4,0.694786,69.4786,100.0
multiplicative,634,2.0,0.48,6.0,7.0,10.0,11.0,13.0,13.0,True,instance_18814_valuation_matrix.csv,2,4,8.0,56.0,7.0
multiplicative,635,2.0,0.126,35.0,41.0,56.0,63.0,78.0,78.0,True,instance_14610_valuation_matrix.csv,2,12,0.636943,17.5055,27.483620983353298
multiplicative,636,2.0,0.216,18.0,20.0,27.0,30.0,37.0,37.0,True,instance_9787_valuation_matrix.csv,4,4,0.51458,84.9057,164.99999999999997
multiplicative,637,2.0,0.8099999999999999,9.0,11.0,14.0,15.0,18.0,18.0,True,instance_10102_valuation_matrix.csv,2,4,2.83401,80.9717,28.57142353061563
multiplicative,638,2.0,0.8099999999999999,4.0,4.0,5.0,6.0,7.0,7.0,True,instance_11099_valuation_matrix.csv,2,4,6.15385,49.4118,8.029412481617198
multiplicative,639,2.0,0.96,3.0,3.0,4.0,4.0,5.0,5.0,True,instance_17211_valuation_matrix.csv,2,4,9.6538,46.6045,4.827580848992107
multiplicative,640,2.0,1.8,1.0,9.0,10.0,11.0,12.0,12.0,True,instance_12961_valuation_matrix.csv,3,3,11.1111,66.6667,6.000009000009
multiplicative,641,2.0,0.2699999999999999,13.0,15.0,20.0,23.0,28.0,28.0,True,instance_17675_valuation_matrix.csv,2,4,2.54237,71.1864,28.000015733351166
multiplicative,642,2.0,0.5399999999999999,6.0,7.0,9.0,10.0,12.0,12.0,True,instance_20939_valuation_matrix.csv,2,4,5.7971,60.8696,10.500008625002156
multiplicative,643,2.0,0.5399999999999999,6.0,7.0,9.0,10.0,12.0,12.0,True,instance_20940_valuation_matrix.csv,2,4,5.7971,60.8696,10.500008625002156
multiplicative,644,2.0,0.48,6.0,7.0,10.0,11.0,13.0,13.0,True,instance_14122_valuation_matrix.csv,2,4,8.0,56.0,7.0
multiplicative,645,2.0,0.48,6.0,7.0,9.0,10.0,13.0,13.0,True,instance_9542_valuation_matrix.csv,3,3,9.85915,78.8732,8.0
multiplicative,646,2.0,0.0054,791.0,914.0,1207.0,1334.0,1631.0,1631.0,True,instance_20137_valuation_matrix.csv,2,4,0.0019723,98.6151,50000.050702225824
multiplicative,647,2.0,0.48,6.0,7.0,10.0,11.0,13.0,13.0,True,instance_18751_valuation_matrix.csv,2,4,8.0,56.0,7.0
multiplicative,648,2.0,1.0,0.0,0.0,0.0,0.0,0.0,0.0,True,instance_16480_valuation_matrix.csv,2,3,33.3333,33.3333,1.0
multiplicative,649,2.0,0.48,6.0,7.0,10.0,11.0,13.0,13.0,True,instance_19305_valuation_matrix.csv,2,4,8.0,56.0,7.0
multiplicative,650,2.0,1.12,1.0,2.0,2.0,2.0,3.0,3.0,True,instance_11760_valuation_matrix.csv,2,2,20.0,80.0,4.0
multiplicative,651,2.0,0.7,5.0,6.0,7.0,8.0,9.0,9.0,True,instance_15072_valuation_matrix.csv,2,4,8.86076,70.8861,8.000002257142727
multiplicative,652,2.0,0.8639999999999999,4.0,5.0,6.0,6.0,7.0,7.0,True,instance_16821_valuation_matrix.csv,2,4,9.83607,68.8525,7.00000101666621
multiplicative,653,2.0,0.189,23.0,26.0,33.0,37.0,44.0,44.0,True,instance_14350_valuation_matrix.csv,2,6,0.253936,77.1803,303.93603112595304
multiplicative,654,2.0,0.288,13.0,15.0,20.0,23.0,28.0,28.0,True,instance_13771_valuation_matrix.csv,2,4,1.92926,67.5241,35.0
multiplicative,655,2.0,0.48,6.0,7.0,10.0,11.0,13.0,13.0,True,instance_12619_valuation_matrix.csv,2,4,8.0,56.0,7.0
multiplicative,656,2.0,0.1701,22.0,26.0,34.0,38.0,47.0,47.0,True,instance_14329_valuation_matrix.csv,2,4,0.470219,82.2884,175.0001595001478
multiplicative,657,2.0,0.4049999999999999,8.0,10.0,13.0,14.0,17.0,17.0,True,instance_15921_valuation_matrix.csv,2,4,4.41176,61.7647,14.000013600014507
multiplicative,658,2.0,0.45,10.0,11.0,14.0,15.0,18.0,18.0,True,instance_20793_valuation_matrix.csv,3,4,5.55556,77.7778,13.99999280000576
multiplicative,659,2.0,0.216,11.0,13.0,20.0,23.0,30.0,30.0,True,instance_15800_valuation_matrix.csv,3,4,2.12766,63.8298,29.999999999999996
multiplicative,660,2.0,0.00504,845.0,977.0,1291.0,1428.0,1746.0,1746.0,True,instance_10563_valuation_matrix.csv,2,4,0.0010857,97.7132,90000.18421295017
multiplicative,661,2.0,1.08,1.0,1.0,2.0,2.0,3.0,3.0,True,instance_17526_valuation_matrix.csv,2,2,42.8571,57.1429,1.333335666669
multiplicative,662,2.0,0.45,7.0,8.0,11.0,12.0,14.0,14.0,True,instance_15573_valuation_matrix.csv,2,4,5.47945,57.5342,10.499995437498288
multiplicative,663,2.0,0.4859999999999999,6.0,8.0,13.0,15.0,21.0,21.0,True,instance_22231_valuation_matrix.csv,2,4,6.30631,50.4505,8.000003171426714
multiplicative,664,2.0,0.18,17.0,21.0,29.0,32.0,41.0,41.0,True,instance_14311_valuation_matrix.csv,2,4,2.17391,45.6522,21.000041400057963
multiplicative,665,2.0,0.4859999999999999,7.0,8.0,11.0,12.0,14.0,14.0,True,instance_20297_valuation_matrix.csv,2,4,4.87805,72.4138,14.844825288793677
multiplicative,666,2.0,0.567,5.0,6.0,8.0,9.0,11.0,11.0,True,instance_18754_valuation_matrix.csv,2,4,6.10687,64.1221,10.499994268749786
multiplicative,667,2.0,0.0054,704.0,826.0,1118.0,1246.0,1542.0,1542.0,True,instance_10755_valuation_matrix.csv,3,3,0.0547146,99.8541,1824.999177550416
multiplicative,668,2.0,0.45,14.0,15.0,18.0,20.0,23.0,23.0,True,instance_19645_valuation_matrix.csv,4,8,0.581395,69.7674,119.99999999999999
multiplicative,669,2.0,0.48,6.0,7.0,9.0,10.0,13.0,13.0,True,instance_9547_valuation_matrix.csv,3,3,9.85915,78.8732,8.0
multiplicative,0,5.0,0.4859999999999999,25.0,30.0,42.0,48.0,60.0,60.0,True,instance_24129_valuation_matrix.csv,2,4,5.12821,71.7949,13.999992200007409
multiplicative,1,5.0,0.45,23.0,28.0,41.0,47.0,61.0,61.0,True,instance_16895_valuation_matrix.csv,2,4,8.04598,70.8861,8.810126299095947
multiplicative,2,5.0,1.9200000000000003e-05,,,,,,60000.0,False,instance_14353_valuation_matrix.csv,2,6,0.0655523,98.3284,1499.9992372502568
multiplicative,3,5.0,0.45,23.0,29.0,42.0,48.0,61.0,61.0,True,instance_15114_valuation_matrix.csv,2,4,8.0,56.0,7.0
multiplicative,4,5.0,0.036,350.0,424.0,599.0,675.0,853.0,853.0,True,instance_18898_valuation_matrix.csv,2,4,0.469484,72.5953,154.62784674238097
multiplicative,5,5.0,0.18,65.0,79.0,114.0,129.0,164.0,164.0,True,instance_20867_valuation_matrix.csv,2,4,1.5887,78.5047,49.41442688990999
multiplicative,6,5.0,0.9,11.0,13.0,19.0,22.0,29.0,29.0,True,instance_13237_valuation_matrix.csv,2,4,9.83607,56.7568,5.770272070044236
multiplicative,7,5.0,0.288,40.0,49.0,70.0,80.0,101.0,101.0,True,instance_9885_valuation_matrix.csv,2,4,1.49254,71.1864,47.694802149356136
multiplicative,8,5.0,0.45,23.0,29.0,42.0,48.0,61.0,61.0,True,instance_19470_valuation_matrix.csv,2,4,8.0,56.0,7.0
multiplicative,9,5.0,1.0,0.0,0.0,0.0,0.0,0.0,0.0,True,instance_16130_valuation_matrix.csv,5,7,14.2857,14.2857,1.0
multiplicative,10,5.0,0.72,13.0,16.0,24.0,27.0,35.0,35.0,True,instance_18685_valuation_matrix.csv,2,4,8.95522,62.6866,7.000006700002903
multiplicative,11,5.0,0.8099999999999999,12.0,15.0,22.0,25.0,32.0,32.0,True,instance_21385_valuation_matrix.csv,2,4,6.73401,47.138,6.999989605005042
multiplicative,12,5.0,0.2429999999999999,53.0,64.0,90.0,101.0,127.0,127.0,True,instance_14312_valuation_matrix.csv,5,6,0.398918,55.0508,138.0002907865777
multiplicative,13,5.0,0.36,38.0,47.0,67.0,76.0,97.0,97.0,True,instance_12048_valuation_matrix.csv,2,4,3.8961,58.3333,14.972228638895306
multiplicative,14,5.0,0.7289999999999999,12.0,16.0,25.0,29.0,39.0,39.0,True,instance_22232_valuation_matrix.csv,2,4,7.69231,44.4444,5.77777026666892
multiplicative,15,5.0,0.45,20.0,25.0,39.0,44.0,58.0,58.0,True,instance_9544_valuation_matrix.csv,3,3,9.85915,78.8732,8.0
multiplicative,16,5.0,5.400000000000001e-06,,,,,,60000.0,False,instance_15322_valuation_matrix.csv,2,4,0.0142745,99.9215,6999.999999999999
multiplicative,17,5.0,0.63,15.0,18.0,28.0,32.0,41.0,41.0,True,instance_9733_valuation_matrix.csv,2,4,8.51064,65.1163,7.651163719767255
multiplicative,18,5.0,0.5399999999999999,19.0,24.0,36.0,41.0,53.0,53.0,True,instance_13078_valuation_matrix.csv,2,4,8.0,56.0,7.0
multiplicative,19,5.0,0.3239999999999999,33.0,41.0,60.0,68.0,87.0,87.0,True,instance_16068_valuation_matrix.csv,2,4,4.16667,58.3333,13.999980800015361
multiplicative,20,5.0,0.0009072,17040.0,20105.0,28125.0,32334.0,39567.0,39567.0,True,instance_11689_valuation_matrix.csv,2,8,0.0649808,53.8531,828.7540319602097
multiplicative,21,5.0,0.3239999999999999,34.0,42.0,61.0,69.0,88.0,88.0,True,instance_16448_valuation_matrix.csv,2,4,3.30579,69.4215,20.999972775040156
multiplicative,22,5.0,0.36,38.0,45.0,62.0,69.0,86.0,86.0,True,instance_19266_valuation_matrix.csv,3,8,0.934579,74.7664,80.00008560004024
multiplicative,23,5.0,0.63,15.0,19.0,28.0,32.0,42.0,42.0,True,instance_19011_valuation_matrix.csv,2,4,8.0,62.7291,7.8411375
multiplicative,24,5.0,0.8099999999999999,12.0,15.0,22.0,25.0,32.0,32.0,True,instance_10101_valuation_matrix.csv,2,4,5.37634,47.4576,8.827120308611434
multiplicative,25,5.0,0.3239999999999999,34.0,42.0,61.0,69.0,88.0,88.0,True,instance_14277_valuation_matrix.csv,2,4,2.5,78.5047,31.40188
multiplicative,26,5.0,0.2699999999999999,40.0,50.0,72.0,82.0,105.0,105.0,True,instance_15454_valuation_matrix.csv,2,4,3.32226,75.0,22.574994130501526
multiplicative,27,5.0,0.3239999999999999,37.0,45.0,64.0,72.0,91.0,91.0,True,instance_12288_valuation_matrix.csv,2,5,2.12766,74.4681,35.0
multiplicative,28,5.0,0.1619999999999999,86.0,103.0,144.0,162.0,204.0,204.0,True,instance_18141_valuation_matrix.csv,2,4,1.6129,64.5161,40.000062000124
multiplicative,29,5.0,0.18,81.0,97.0,133.0,149.0,186.0,186.0,True,instance_19050_valuation_matrix.csv,2,4,1.66667,61.3139,36.78826642346715
multiplicative,30,5.0,0.8099999999999999,11.0,14.0,21.0,24.0,31.0,31.0,True,instance_21252_valuation_matrix.csv,2,4,7.36842,58.9474,8.000005428572203
multiplicative,31,5.0,2.1599999999999997,3.0,4.0,6.0,7.0,9.0,9.0,True,instance_21380_valuation_matrix.csv,2,5,8.69565,26.087,3.000005750001437
multiplicative,32,5.0,0.0404999999999999,314.0,379.0,535.0,603.0,761.0,761.0,True,instance_10018_valuation_matrix.csv,4,4,0.192678,79.3651,411.905355048319
multiplicative,33,5.0,0.1296,93.0,113.0,161.0,182.0,231.0,231.0,True,instance_9844_valuation_matrix.csv,2,4,2.537,88.7949,34.99996058336618
multiplicative,34,5.0,0.45,23.0,29.0,42.0,48.0,61.0,61.0,True,instance_14239_valuation_matrix.csv,2,4,8.0,56.0,7.0
multiplicative,35,5.0,0.288,39.0,48.0,69.0,79.0,100.0,100.0,True,instance_13205_valuation_matrix.csv,3,4,2.36686,67.2,28.3920468468773
multiplicative,36,5.0,0.45,23.0,29.0,42.0,48.0,61.0,61.0,True,instance_14240_valuation_matrix.csv,2,4,8.0,56.0,7.0
multiplicative,37,5.0,0.5039999999999999,21.0,25.0,37.0,42.0,54.0,54.0,True,instance_20974_valuation_matrix.csv,2,4,4.08163,59.5745,14.595761987245293
multiplicative,38,5.0,1.44,4.0,6.0,10.0,12.0,17.0,17.0,True,instance_11868_valuation_matrix.csv,6,28,0.157853,78.9266,500.0006335007887
multiplicative,39,5.0,0.3239999999999999,34.0,42.0,61.0,69.0,88.0,88.0,True,instance_12235_valuation_matrix.csv,2,4,3.77358,61.3139,16.24820462266601
multiplicative,40,5.0,0.5399999999999999,19.0,24.0,35.0,39.0,50.0,50.0,True,instance_14581_valuation_matrix.csv,2,4,8.08625,62.2642,7.700009275003866
multiplicative,41,5.0,0.72,14.0,17.0,25.0,29.0,37.0,37.0,True,instance_18016_valuation_matrix.csv,2,4,6.89655,66.6667,9.66667391666848
multiplicative,42,5.0,1.8,4.0,5.0,8.0,9.0,12.0,12.0,True,instance_10300_valuation_matrix.csv,2,4,12.5,40.0,3.2
multiplicative,43,5.0,0.45,23.0,29.0,42.0,48.0,61.0,61.0,True,instance_15870_valuation_matrix.csv,2,4,8.0,56.0,7.0
multiplicative,44,5.0,0.1619999999999999,73.0,89.0,127.0,144.0,183.0,183.0,True,instance_10177_valuation_matrix.csv,2,4,3.8674,85.5397,22.11814138697833
multiplicative,45,5.0,0.4859999999999999,19.0,24.0,37.0,42.0,55.0,55.0,True,instance_17132_valuation_matrix.csv,2,4,6.25,50.0,8.0
multiplicative,46,5.0,0.36,26.0,34.0,52.0,61.0,83.0,83.0,True,instance_19269_valuation_matrix.csv,3,5,2.04082,40.0,19.599964720063504
multiplicative,47,5.0,0.5399999999999999,27.0,31.0,42.0,47.0,58.0,58.0,True,instance_10513_valuation_matrix.csv,2,13,0.0392619,98.1547,2499.9987265007553
multiplicative,48,5.0,0.3239999999999999,34.0,42.0,61.0,69.0,88.0,88.0,True,instance_14278_valuation_matrix.csv,2,4,2.5,78.5047,31.40188
multiplicative,49,5.0,0.45,25.0,30.0,44.0,49.0,63.0,63.0,True,instance_15774_valuation_matrix.csv,2,4,4.44444,62.2222,14.000009000009
multiplicative,50,5.0,0.9,10.0,13.0,20.0,23.0,30.0,30.0,True,instance_10941_valuation_matrix.csv,2,4,6.97674,48.8372,7.000002866668387
multiplicative,51,5.0,0.1152,118.0,141.0,196.0,219.0,274.0,274.0,True,instance_14359_valuation_matrix.csv,2,6,0.388457,83.2408,214.28575106125
multiplicative,52,5.0,0.1312199999999999,80.0,99.0,148.0,170.0,229.0,229.0,True,instance_18644_valuation_matrix.csv,2,4,2.25564,63.1579,27.999991133336877
multiplicative,53,5.0,0.36,30.0,37.0,54.0,61.0,78.0,78.0,True,instance_23882_valuation_matrix.csv,2,4,2.8169,59.1549,21.0
multiplicative,54,5.0,0.18,60.0,74.0,109.0,124.0,159.0,159.0,True,instance_17220_valuation_matrix.csv,3,3,1.49254,89.5522,59.9998660002412
multiplicative,55,5.0,0.45,23.0,28.0,42.0,47.0,61.0,61.0,True,instance_10265_valuation_matrix.csv,2,4,5.43478,76.087,14.000014720007066
multiplicative,56,5.0,0.18,62.0,81.0,129.0,151.0,204.0,204.0,True,instance_11710_valuation_matrix.csv,2,4,1.7094,59.8291,35.0000585000585
multiplicative,57,5.0,0.009,1599.0,1897.0,2600.0,2909.0,3688.0,3688.0,True,instance_16146_valuation_matrix.csv,3,6,0.131156,92.7272,706.9992985452438
multiplicative,58,5.0,0.5399999999999999,19.0,24.0,34.0,39.0,50.0,50.0,True,instance_17644_valuation_matrix.csv,2,4,6.97674,69.7674,9.999999999999998
multiplicative,59,5.0,2.1870000000000003,5.0,6.0,8.0,9.0,12.0,12.0,True,instance_20908_valuation_matrix.csv,4,5,3.46021,62.2837,17.999976880015954
multiplicative,60,5.0,1.62,6.0,7.0,10.0,11.0,15.0,15.0,True,instance_23731_valuation_matrix.csv,2,6,8.73362,33.2103,3.802581289316457
multiplicative,61,5.0,0.45,24.0,30.0,43.0,49.0,62.0,62.0,True,instance_12786_valuation_matrix.csv,2,4,3.30579,69.4215,20.999972775040156
multiplicative,62,5.0,0.072,165.0,202.0,289.0,327.0,416.0,416.0,True,instance_18132_valuation_matrix.csv,2,4,0.862069,60.3448,69.9999652000014
multiplicative,63,5.0,0.36,31.0,38.0,55.0,62.0,79.0,79.0,True,instance_16094_valuation_matrix.csv,2,4,3.50877,73.6842,21.000008550004704
multiplicative,64,5.0,0.0809999999999999,136.0,171.0,260.0,303.0,415.0,415.0,True,instance_10557_valuation_matrix.csv,2,4,0.766284,60.3448,78.74991517505259
multiplicative,65,5.0,0.2699999999999999,51.0,60.0,83.0,93.0,116.0,116.0,True,instance_18758_valuation_matrix.csv,2,4,1.62602,81.3008,49.99987700028289
multiplicative,66,5.0,0.09,133.0,162.0,232.0,262.0,333.0,333.0,True,instance_9838_valuation_matrix.csv,2,4,0.925926,64.8148,69.99997840000174
multiplicative,67,5.0,0.288,39.0,48.0,69.0,78.0,100.0,100.0,True,instance_12871_valuation_matrix.csv,2,4,2.62172,56.0,21.360023190882323
multiplicative,68,5.0,0.45,23.0,29.0,42.0,48.0,61.0,61.0,True,instance_10224_valuation_matrix.csv,2,4,8.0,56.0,7.0
multiplicative,69,5.0,0.036,350.0,424.0,599.0,675.0,853.0,853.0,True,instance_18897_valuation_matrix.csv,2,4,0.469484,72.5953,154.62784674238097
multiplicative,70,5.0,0.5399999999999999,19.0,23.0,34.0,39.0,50.0,50.0,True,instance_14080_valuation_matrix.csv,2,4,7.40741,56.0,7.559997354000926
multiplicative,71,5.0,0.1944,60.0,73.0,105.0,119.0,151.0,151.0,True,instance_12350_valuation_matrix.csv,2,4,1.47059,76.3636,51.927185687377175
multiplicative,72,5.0,0.5399999999999999,21.0,25.0,36.0,41.0,52.0,52.0,True,instance_14417_valuation_matrix.csv,2,6,4.34783,45.6522,10.499996550003106
multiplicative,73,5.0,0.45,23.0,29.0,42.0,48.0,61.0,61.0,True,instance_9580_valuation_matrix.csv,2,4,8.0,56.0,7.0
multiplicative,74,5.0,0.72,16.0,19.0,27.0,31.0,39.0,39.0,True,instance_14997_valuation_matrix.csv,2,6,3.92157,48.3871,12.338706181452835
multiplicative,75,5.0,0.00018,,,,,,60000.0,False,instance_15875_valuation_matrix.csv,2,2,0.0999001,99.9001,999.9999999999999
multiplicative,76,5.0,0.3280499999999999,50.0,58.0,78.0,86.0,106.0,106.0,True,instance_9879_valuation_matrix.csv,2,4,1.52091,74.5247,49.000072325121145
multiplicative,77,5.0,0.4859999999999999,21.0,26.0,38.0,43.0,56.0,56.0,True,instance_23011_valuation_matrix.csv,2,4,2.37288,59.5745,25.106410775091874
multiplicative,78,5.0,0.2429999999999999,36.0,46.0,72.0,83.0,108.0,108.0,True,instance_20746_valuation_matrix.csv,2,4,4.60829,38.7097,8.40001388801486
multiplicative,79,5.0,0.2429999999999999,46.0,57.0,82.0,93.0,119.0,119.0,True,instance_15826_valuation_matrix.csv,4,4,2.4948,61.1227,24.500040083373417
multiplicative,80,5.0,1.0799999999999998,5.0,7.0,13.0,15.0,20.0,20.0,True,instance_16323_valuation_matrix.csv,2,3,14.2857,50.0,3.5000035000035
multiplicative,81,5.0,0.144,71.0,168.0,238.0,266.0,331.0,331.0,True,instance_20410_valuation_matrix.csv,3,4,0.00989022,98.9022,10000.0
multiplicative,82,5.0,1.0,0.0,0.0,0.0,0.0,0.0,0.0,True,instance_15474_valuation_matrix.csv,3,3,33.3333,33.3333,1.0
multiplicative,83,5.0,0.252,47.0,57.0,82.0,92.0,117.0,117.0,True,instance_14101_valuation_matrix.csv,2,4,1.31579,52.6316,40.0
multiplicative,84,5.0,0.45,27.0,32.0,46.0,51.0,65.0,65.0,True,instance_12222_valuation_matrix.csv,2,4,1.89573,81.5166,43.00011077526863
multiplicative,85,5.0,0.567,17.0,21.0,31.0,36.0,46.0,46.0,True,instance_14178_valuation_matrix.csv,2,4,4.65116,65.1163,14.00001290000774
multiplicative,86,5.0,0.45,23.0,29.0,42.0,48.0,61.0,61.0,True,instance_15514_valuation_matrix.csv,2,4,8.0,56.0,7.0
multiplicative,87,5.0,0.4859999999999999,21.0,26.0,38.0,44.0,56.0,56.0,True,instance_15790_valuation_matrix.csv,3,4,6.06061,53.8462,8.884617224998804
multiplicative,88,5.0,0.45,23.0,29.0,42.0,48.0,61.0,61.0,True,instance_10317_valuation_matrix.csv,2,4,5.17241,72.4138,14.000011600008506
multiplicative,89,5.0,0.36,30.0,37.0,54.0,61.0,78.0,78.0,True,instance_19083_valuation_matrix.csv,2,4,4.28571,60.0,14.000014000014
multiplicative,90,5.0,0.4859999999999999,22.0,27.0,39.0,45.0,57.0,57.0,True,instance_11206_valuation_matrix.csv,2,4,4.87805,68.2927,14.0
multiplicative,91,5.0,0.36,31.0,38.0,55.0,62.0,79.0,79.0,True,instance_20363_valuation_matrix.csv,3,4,3.22581,62.6866,19.432824623892913
multiplicative,92,5.0,0.3888,28.0,36.0,53.0,60.0,77.0,77.0,True,instance_19128_valuation_matrix.csv,2,4,4.16667,58.3333,13.999980800015361
multiplicative,93,5.0,0.9,8.0,10.0,20.0,25.0,36.0,36.0,True,instance_14140_valuation_matrix.csv,2,4,7.14286,50.0,6.99999720000112
multiplicative,94,5.0,0.09,149.0,179.0,249.0,279.0,350.0,350.0,True,instance_14337_valuation_matrix.csv,2,6,0.776915,57.1429,73.5510319661739
multiplicative,95,5.0,0.45,18.0,24.0,38.0,44.0,57.0,57.0,True,instance_23171_valuation_matrix.csv,2,4,6.16967,42.6396,6.911163806167915
multiplicative,96,5.0,0.45,19.0,25.0,38.0,44.0,57.0,57.0,True,instance_9637_valuation_matrix.csv,2,4,5.55556,38.8889,6.99999640000288
multiplicative,97,5.0,0.5399999999999999,19.0,24.0,35.0,40.0,51.0,51.0,True,instance_10998_valuation_matrix.csv,2,4,5.51181,60.0,10.885716307347314
multiplicative,98,5.0,8.000000000000001e-06,,,,,,60000.0,False,instance_20415_valuation_matrix.csv,2,4,0.00845952,71.06,8400.003782720532
multiplicative,99,5.0,0.4049999999999999,24.0,31.0,46.0,53.0,68.0,68.0,True,instance_10461_valuation_matrix.csv,2,4,6.25,56.0,8.96
multiplicative,100,5.0,1.2959999999999998,10.0,12.0,17.0,19.0,24.0,24.0,True,instance_14813_valuation_matrix.csv,2,5,9.23077,45.4545,4.92423708964691
multiplicative,101,5.0,0.252,54.0,64.0,88.0,99.0,124.0,124.0,True,instance_10737_valuation_matrix.csv,4,5,0.763359,83.3333,109.1665913416885
multiplicative,102,5.0,1.26,4.0,6.0,10.0,12.0,16.0,16.0,True,instance_15823_valuation_matrix.csv,3,3,18.1818,45.4545,2.5000000000000004
multiplicative,103,5.0,0.45,23.0,29.0,42.0,48.0,61.0,61.0,True,instance_19034_valuation_matrix.csv,2,4,7.45712,58.3333,7.822497157079409
multiplicative,104,5.0,0.2429999999999999,36.0,46.0,72.0,83.0,108.0,108.0,True,instance_20743_valuation_matrix.csv,2,4,4.60829,38.7097,8.40001388801486
multiplicative,105,5.0,0.126,104.0,125.0,174.0,196.0,246.0,246.0,True,instance_14441_valuation_matrix.csv,2,5,0.265604,92.9615,350.0003765003539
multiplicative,106,5.0,4.800000000000001e-06,,,,,,60000.0,False,instance_12688_valuation_matrix.csv,2,4,0.00185934,99.6845,53612.8411156647
multiplicative,107,5.0,0.0567,243.0,290.0,401.0,449.0,556.0,556.0,True,instance_14332_valuation_matrix.csv,2,5,0.208106,89.1884,428.57197774211215
multiplicative,108,5.0,0.45,23.0,29.0,42.0,48.0,61.0,61.0,True,instance_11842_valuation_matrix.csv,2,4,8.0,56.0,7.0
multiplicative,109,5.0,0.18,65.0,79.0,115.0,130.0,166.0,166.0,True,instance_18656_valuation_matrix.csv,2,4,1.49254,62.6866,41.999946400096476
multiplicative,110,5.0,0.45,23.0,29.0,42.0,48.0,61.0,61.0,True,instance_19411_valuation_matrix.csv,2,4,8.0,56.0,7.0
multiplicative,111,5.0,0.972,10.0,13.0,18.0,21.0,27.0,27.0,True,instance_19468_valuation_matrix.csv,2,5,4.34783,34.7826,7.9999908000082804
multiplicative,112,5.0,2e-05,,,,,,60000.0,False,instance_14344_valuation_matrix.csv,2,6,0.0470921,75.9494,1612.7843098948656
multiplicative,113,5.0,0.288,38.0,47.0,69.0,78.0,100.0,100.0,True,instance_14133_valuation_matrix.csv,2,4,3.125,43.75,14.0
multiplicative,114,5.0,0.3239999999999999,35.0,44.0,65.0,74.0,95.0,95.0,True,instance_18924_valuation_matrix.csv,2,4,4.34783,60.8696,13.99999540000414
multiplicative,115,5.0,0.5399999999999999,18.0,23.0,34.0,38.0,49.0,49.0,True,instance_16808_valuation_matrix.csv,2,4,6.57895,50.9091,7.738180104727959
multiplicative,116,5.0,0.45,23.0,29.0,42.0,48.0,61.0,61.0,True,instance_17413_valuation_matrix.csv,2,4,3.94737,55.2632,14.00000506666464
multiplicative,117,5.0,0.36,31.0,38.0,55.0,62.0,79.0,79.0,True,instance_19748_valuation_matrix.csv,2,4,1.34048,75.067,56.000089520171876
multiplicative,118,5.0,0.8099999999999999,11.0,15.0,23.0,27.0,38.0,38.0,True,instance_23934_valuation_matrix.csv,2,5,6.3745,39.8406,6.2499960781237744
multiplicative,119,5.0,0.45,24.0,29.0,42.0,48.0,62.0,62.0,True,instance_21085_valuation_matrix.csv,2,4,4.44444,62.543,14.072189072189072
multiplicative,120,5.0,0.4859999999999999,22.0,27.0,39.0,44.0,57.0,57.0,True,instance_21961_valuation_matrix.csv,2,4,4.16667,58.3333,13.999980800015361
multiplicative,121,5.0,0.63,16.0,20.0,29.0,33.0,42.0,42.0,True,instance_18805_valuation_matrix.csv,2,4,6.54206,65.4206,9.999999999999998
multiplicative,122,5.0,0.0486,258.0,312.0,442.0,499.0,630.0,630.0,True,instance_14181_valuation_matrix.csv,2,4,0.22792,69.4215,304.5871358371358
multiplicative,123,5.0,0.45,23.0,29.0,42.0,48.0,61.0,61.0,True,instance_11875_valuation_matrix.csv,2,4,8.0,56.0,7.0
multiplicative,124,5.0,0.45,23.0,29.0,42.0,48.0,61.0,61.0,True,instance_22641_valuation_matrix.csv,2,4,4.87805,68.2927,14.0
multiplicative,125,5.0,0.315,35.0,43.0,62.0,70.0,90.0,90.0,True,instance_13553_valuation_matrix.csv,2,4,5.47945,57.5342,10.499995437498288
multiplicative,126,5.0,1.44,4.0,5.0,8.0,10.0,13.0,13.0,True,instance_14761_valuation_matrix.csv,2,4,14.2857,33.3333,2.3333333333333335
multiplicative,127,5.0,0.45,24.0,30.0,43.0,49.0,63.0,63.0,True,instance_10693_valuation_matrix.csv,2,4,6.82594,63.0485,9.236603310313305
multiplicative,128,5.0,0.18,65.0,79.0,114.0,129.0,164.0,164.0,True,instance_21318_valuation_matrix.csv,2,4,3.26531,82.0312,25.122025167595112
multiplicative,129,5.0,0.1134,109.0,132.0,186.0,210.0,265.0,265.0,True,instance_16462_valuation_matrix.csv,2,6,1.10254,55.2632,50.12353293304551
multiplicative,130,5.0,0.2429999999999999,41.0,51.0,75.0,86.0,112.0,112.0,True,instance_10325_valuation_matrix.csv,2,4,3.2967,51.8519,15.728425395092062
multiplicative,131,5.0,0.6479999999999999,16.0,20.0,29.0,33.0,42.0,42.0,True,instance_21624_valuation_matrix.csv,2,6,3.2967,46.1538,14.0
multiplicative,132,5.0,1.5309000000000002e-06,,,,,,60000.0,False,instance_15728_valuation_matrix.csv,2,4,0.000232249,67.2172,289418.6842569828
multiplicative,133,5.0,0.63,15.0,19.0,28.0,32.0,42.0,42.0,True,instance_20831_valuation_matrix.csv,2,4,7.84314,62.6866,7.992538702611454
multiplicative,134,5.0,0.4859999999999999,22.0,27.0,39.0,44.0,57.0,57.0,True,instance_21959_valuation_matrix.csv,2,4,4.16667,58.3333,13.999980800015361
multiplicative,135,5.0,0.0324,493.0,644.0,963.0,1096.0,1403.0,1403.0,True,instance_23635_valuation_matrix.csv,2,4,0.390625,68.3594,175.00006399999998
multiplicative,136,5.0,0.0756,157.0,192.0,276.0,312.0,398.0,398.0,True,instance_14219_valuation_matrix.csv,2,4,0.816327,52.4345,64.23222556647029
multiplicative,137,5.0,0.1944,64.0,77.0,109.0,123.0,155.0,155.0,True,instance_13945_valuation_matrix.csv,3,5,1.13895,74.1811,65.13112954914615
multiplicative,138,5.0,0.72,13.0,17.0,25.0,28.0,36.0,36.0,True,instance_18580_valuation_matrix.csv,2,4,7.69231,53.8462,7.0000038999988305
multiplicative,139,5.0,0.567,17.0,21.0,32.0,36.0,47.0,47.0,True,instance_21152_valuation_matrix.csv,2,4,5.47945,57.5342,10.499995437498288
multiplicative,140,5.0,0.9,24.0,28.0,37.0,41.0,50.0,50.0,True,instance_17692_valuation_matrix.csv,2,4,4.72441,60.6299,12.833327336111811
multiplicative,141,5.0,1.0,0.0,0.0,0.0,0.0,0.0,0.0,True,instance_14725_valuation_matrix.csv,2,4,25.0,25.0,1.0
multiplicative,142,5.0,0.5399999999999999,19.0,24.0,36.0,41.0,53.0,53.0,True,instance_18958_valuation_matrix.csv,2,4,8.0,56.0,7.0
multiplicative,143,5.0,0.45,23.0,29.0,42.0,48.0,61.0,61.0,True,instance_9638_valuation_matrix.csv,2,4,8.0,56.0,7.0
multiplicative,144,5.0,0.09,152.0,181.0,251.0,282.0,352.0,352.0,True,instance_14341_valuation_matrix.csv,2,6,0.32543,92.98,285.7142857142857
multiplicative,145,5.0,0.252,67.0,78.0,104.0,116.0,142.0,142.0,True,instance_19423_valuation_matrix.csv,4,5,0.696864,69.6864,100.0
multiplicative,146,5.0,3.5,2.0,2.0,2.0,2.0,3.0,3.0,True,instance_15829_valuation_matrix.csv,3,3,28.5714,42.8571,1.5
multiplicative,147,5.0,5.599999999999999e-05,,,,,,60000.0,False,instance_23909_valuation_matrix.csv,2,4,0.049975,56.0,1120.56028014007
multiplicative,148,5.0,0.0809999999999999,167.0,209.0,309.0,352.0,455.0,455.0,True,instance_21032_valuation_matrix.csv,2,4,0.928793,65.0155,69.99998923333833
multiplicative,149,5.0,0.288,41.0,50.0,71.0,80.0,102.0,102.0,True,instance_16546_valuation_matrix.csv,2,4,3.0581,72.1649,23.59795297733887
multiplicative,150,5.0,0.2699999999999999,41.0,51.0,73.0,83.0,106.0,106.0,True,instance_11774_valuation_matrix.csv,2,4,3.9548,79.096,20.0
multiplicative,151,5.0,0.63,16.0,20.0,29.0,33.0,43.0,43.0,True,instance_19882_valuation_matrix.csv,2,4,6.66667,66.6667,10.000000000000002
multiplicative,152,5.0,0.18,65.0,79.0,114.0,129.0,164.0,164.0,True,instance_21556_valuation_matrix.csv,2,4,2.32558,65.1163,28.00002580001548
multiplicative,153,5.0,6.400000000000001e-06,,,,,,60000.0,False,instance_20023_valuation_matrix.csv,2,4,0.0279252,97.7381,3499.9964190050564
multiplicative,154,5.0,0.36,30.0,37.0,54.0,61.0,78.0,78.0,True,instance_21132_valuation_matrix.csv,2,4,4.0,72.4138,18.10345
multiplicative,155,5.0,0.5039999999999999,31.0,38.0,54.0,61.0,77.0,77.0,True,instance_20447_valuation_matrix.csv,3,5,3.0303,44.4444,14.666666666666668
multiplicative,156,5.0,0.0162,802.0,965.0,1356.0,1526.0,1919.0,1919.0,True,instance_18432_valuation_matrix.csv,2,4,0.264725,92.6539,350.00056662574366
multiplicative,157,5.0,0.8099999999999999,9.0,12.0,19.0,23.0,33.0,33.0,True,instance_11851_valuation_matrix.csv,2,4,7.40741,51.8519,7.000004049998583
multiplicative,158,5.0,0.972,11.0,13.0,19.0,22.0,28.0,28.0,True,instance_9658_valuation_matrix.csv,2,4,9.52381,52.8302,5.547170722641464
multiplicative,159,5.0,0.216,60.0,72.0,101.0,113.0,142.0,142.0,True,instance_14358_valuation_matrix.csv,2,6,0.388457,83.2408,214.28575106125
multiplicative,160,5.0,0.36,33.0,40.0,58.0,66.0,83.0,83.0,True,instance_17824_valuation_matrix.csv,2,4,3.14961,57.6923,18.317283727191622
multiplicative,161,5.0,0.18,63.0,79.0,116.0,132.0,170.0,170.0,True,instance_15786_valuation_matrix.csv,2,4,2.98507,62.6866,21.000043550067502
multiplicative,162,5.0,0.18,63.0,77.0,112.0,127.0,161.0,161.0,True,instance_15871_valuation_matrix.csv,2,4,0.77821,64.1221,82.39691085953663
multiplicative,163,5.0,1.0799999999999998,7.0,9.0,14.0,16.0,21.0,21.0,True,instance_10301_valuation_matrix.csv,2,4,12.5,37.5,3.0
multiplicative,164,5.0,0.4859999999999999,25.0,30.0,43.0,49.0,66.0,66.0,True,instance_19268_valuation_matrix.csv,2,8,2.0,32.0,16.0
multiplicative,165,5.0,0.8099999999999999,9.0,12.0,19.0,22.0,29.0,29.0,True,instance_16022_valuation_matrix.csv,2,3,11.1111,55.5556,5.000009000008999
multiplicative,166,5.0,0.72,22.0,26.0,36.0,40.0,50.0,50.0,True,instance_9997_valuation_matrix.csv,2,4,6.06061,53.8462,8.884617224998804
multiplicative,167,5.0,0.6479999999999999,15.0,19.0,28.0,32.0,41.0,41.0,True,instance_10481_valuation_matrix.csv,2,4,7.84314,54.902,7.000002549999108
multiplicative,168,5.0,0.1944,68.0,81.0,113.0,127.0,159.0,159.0,True,instance_14360_valuation_matrix.csv,2,6,0.388457,83.2408,214.28575106125
multiplicative,169,5.0,0.045,319.0,377.0,516.0,577.0,717.0,717.0,True,instance_18979_valuation_matrix.csv,2,4,0.0465333,97.7199,2099.999355300398
multiplicative,170,5.0,0.45,23.0,29.0,42.0,48.0,61.0,61.0,True,instance_9741_valuation_matrix.csv,2,4,8.0,56.0,7.0
multiplicative,171,5.0,0.45,23.0,29.0,42.0,48.0,61.0,61.0,True,instance_14241_valuation_matrix.csv,2,4,8.0,56.0,7.0
multiplicative,172,5.0,0.054,253.0,302.0,418.0,469.0,587.0,587.0,True,instance_12506_valuation_matrix.csv,2,4,0.516796,59.6899,115.49992647001912
multiplicative,173,5.0,0.72,14.0,17.0,25.0,29.0,37.0,37.0,True,instance_15543_valuation_matrix.csv,2,4,7.53425,54.902,7.286989415004811
multiplicative,174,5.0,0.36,37.0,44.0,61.0,68.0,86.0,86.0,True,instance_16670_valuation_matrix.csv,3,6,0.403226,79.0323,196.00000991999528
multiplicative,175,5.0,0.3644999999999999,31.0,38.0,54.0,61.0,78.0,78.0,True,instance_11026_valuation_matrix.csv,2,4,3.84615,74.6667,19.413361413361415
multiplicative,176,5.0,0.45,30.0,35.0,49.0,54.0,68.0,68.0,True,instance_19609_valuation_matrix.csv,5,8,1.38889,55.5556,40.0
multiplicative,177,5.0,1.152,15.0,18.0,27.0,30.0,38.0,38.0,True,instance_20309_valuation_matrix.csv,2,5,4.54545,54.5455,12.000022000022
multiplicative,178,5.0,1.0,0.0,0.0,0.0,0.0,0.0,0.0,True,instance_15874_valuation_matrix.csv,2,2,50.0,50.0,1.0
multiplicative,179,5.0,0.216,52.0,64.0,93.0,105.0,134.0,134.0,True,instance_18792_valuation_matrix.csv,2,4,2.94118,61.7647,20.999972800032637
multiplicative,180,5.0,0.2429999999999999,47.0,58.0,83.0,94.0,119.0,119.0,True,instance_22152_valuation_matrix.csv,2,4,0.800641,56.0448,69.99991257005324
multiplicative,181,5.0,0.1619999999999999,73.0,89.0,127.0,144.0,183.0,183.0,True,instance_11975_valuation_matrix.csv,2,4,0.900901,63.0631,70.00003329999635
multiplicative,182,5.0,0.45,23.0,29.0,42.0,48.0,61.0,61.0,True,instance_9581_valuation_matrix.csv,2,4,8.0,56.0,7.0
multiplicative,183,5.0,0.288,38.0,47.0,68.0,77.0,99.0,99.0,True,instance_9572_valuation_matrix.csv,2,4,5.27903,59.1252,11.200012123439345
multiplicative,184,5.0,0.567,20.0,25.0,35.0,39.0,50.0,50.0,True,instance_24127_valuation_matrix.csv,2,6,4.16667,58.3333,13.999980800015361
multiplicative,185,5.0,0.216,53.0,65.0,93.0,106.0,135.0,135.0,True,instance_15235_valuation_matrix.csv,2,4,2.17391,50.9091,23.4182187855063
multiplicative,186,5.0,5.0,1.0,1.0,2.0,2.0,2.0,2.0,True,instance_14324_valuation_matrix.csv,5,4,14.2857,33.3333,2.3333333333333335
multiplicative,187,5.0,0.4859999999999999,21.0,26.0,38.0,44.0,56.0,56.0,True,instance_10052_valuation_matrix.csv,2,4,3.82775,55.2632,14.437515511723596
multiplicative,188,5.0,0.2429999999999999,44.0,57.0,93.0,110.0,150.0,150.0,True,instance_18639_valuation_matrix.csv,2,4,2.40964,50.6024,20.99998340000996
multiplicative,189,5.0,0.2699999999999999,42.0,51.0,74.0,84.0,107.0,107.0,True,instance_17473_valuation_matrix.csv,2,4,2.94118,68.5714,23.31424802290237
multiplicative,190,5.0,0.63,16.0,19.0,29.0,33.0,42.0,42.0,True,instance_17379_valuation_matrix.csv,2,4,8.0,68.8525,8.6065625
multiplicative,191,5.0,0.288,38.0,47.0,68.0,78.0,99.0,99.0,True,instance_18720_valuation_matrix.csv,2,4,1.55039,62.2222,40.13325679345197
multiplicative,192,5.0,0.216,39.0,51.0,79.0,92.0,121.0,121.0,True,instance_10758_valuation_matrix.csv,2,2,9.09091,90.9091,10.0
multiplicative,193,5.0,3.5,2.0,2.0,2.0,2.0,3.0,3.0,True,instance_15835_valuation_matrix.csv,3,3,28.5714,42.8571,1.5
multiplicative,194,5.0,0.45,26.0,33.0,48.0,55.0,70.0,70.0,True,instance_12046_valuation_matrix.csv,2,4,3.61446,51.2195,14.170719830901435
multiplicative,195,5.0,0.4859999999999999,21.0,26.0,38.0,43.0,56.0,56.0,True,instance_15003_valuation_matrix.csv,2,4,4.7619,47.619,10.0
multiplicative,196,5.0,1.0799999999999998,8.0,10.0,15.0,17.0,22.0,22.0,True,instance_15669_valuation_matrix.csv,2,4,8.23529,50.9091,6.181822376625473
multiplicative,197,5.0,1.44,0.0,0.0,13.0,15.0,18.0,18.0,True,instance_11711_valuation_matrix.csv,2,2,16.6667,83.3333,4.999988000024
multiplicative,198,5.0,0.5399999999999999,19.0,24.0,36.0,41.0,53.0,53.0,True,instance_10099_valuation_matrix.csv,2,4,8.0,56.0,7.0
multiplicative,199,5.0,0.45,23.0,29.0,42.0,48.0,61.0,61.0,True,instance_21378_valuation_matrix.csv,2,4,8.0,56.0,7.0
multiplicative,200,5.0,0.36,32.0,40.0,58.0,67.0,85.0,85.0,True,instance_20554_valuation_matrix.csv,2,5,2.6087,41.7391,15.999961666730558
multiplicative,201,5.0,0.3239999999999999,34.0,42.0,61.0,69.0,88.0,88.0,True,instance_18756_valuation_matrix.csv,2,4,5.10949,77.4194,15.1520797574709
multiplicative,202,5.0,0.5399999999999999,19.0,23.0,34.0,39.0,50.0,50.0,True,instance_19054_valuation_matrix.csv,2,4,7.87402,66.1417,8.399991364004663
multiplicative,203,5.0,0.126,90.0,111.0,160.0,182.0,232.0,232.0,True,instance_14232_valuation_matrix.csv,2,4,1.55642,54.4747,35.0
multiplicative,204,5.0,0.4859999999999999,22.0,27.0,39.0,45.0,57.0,57.0,True,instance_9613_valuation_matrix.csv,2,4,4.87805,68.2927,14.0
multiplicative,205,5.0,0.45,23.0,29.0,42.0,48.0,61.0,61.0,True,instance_14873_valuation_matrix.csv,2,4,8.0,56.0,7.0
multiplicative,206,5.0,0.2915999999999999,35.0,44.0,65.0,75.0,97.0,97.0,True,instance_11303_valuation_matrix.csv,2,4,4.25532,53.1646,12.493678501264299
multiplicative,207,5.0,0.72,13.0,16.0,24.0,27.0,35.0,35.0,True,instance_18684_valuation_matrix.csv,2,4,8.95522,62.6866,7.000006700002903
multiplicative,208,5.0,0.2699999999999999,41.0,50.0,73.0,83.0,106.0,106.0,True,instance_21377_valuation_matrix.csv,2,4,2.13523,80.1527,37.53820431522599
multiplicative,209,5.0,0.2429999999999999,40.0,52.0,80.0,93.0,122.0,122.0,True,instance_11767_valuation_matrix.csv,2,31,0.775194,9.30233,12.000002579999327
multiplicative,210,5.0,1.0799999999999998,8.0,11.0,16.0,18.0,23.0,23.0,True,instance_17524_valuation_matrix.csv,2,4,11.3208,52.8302,4.666649000070666
multiplicative,211,5.0,0.108,98.0,122.0,183.0,211.0,297.0,297.0,True,instance_14460_valuation_matrix.csv,2,4,0.921659,64.5161,69.99996745000048
multiplicative,212,5.0,0.45,23.0,29.0,42.0,48.0,61.0,61.0,True,instance_22124_valuation_matrix.csv,2,4,8.0,56.0,7.0
multiplicative,213,5.0,2.3040000000000003e-05,,,,,,60000.0,False,instance_14352_valuation_matrix.csv,2,6,0.0655523,98.3284,1499.9992372502568
multiplicative,214,5.0,0.36,31.0,38.0,54.0,62.0,79.0,79.0,True,instance_14125_valuation_matrix.csv,2,4,4.0,61.3139,15.328475
multiplicative,215,5.0,0.4859999999999999,25.0,30.0,42.0,48.0,60.0,60.0,True,instance_24128_valuation_matrix.csv,2,4,5.12821,71.7949,13.999992200007409
multiplicative,216,5.0,0.5399999999999999,18.0,22.0,34.0,39.0,51.0,51.0,True,instance_17018_valuation_matrix.csv,2,4,5.55556,48.2759,8.689655048275961
multiplicative,217,5.0,0.3644999999999999,37.0,44.0,61.0,68.0,85.0,85.0,True,instance_19529_valuation_matrix.csv,4,8,1.16279,59.7015,51.343320805992484
multiplicative,218,5.0,6.0,1.0,1.0,2.0,2.0,2.0,2.0,True,instance_11762_valuation_matrix.csv,2,2,33.3333,66.6667,2.0000030000030002
multiplicative,219,5.0,0.5399999999999999,19.0,24.0,39.0,46.0,64.0,64.0,True,instance_20483_valuation_matrix.csv,3,5,2.85714,36.3636,12.727272727272728
multiplicative,220,5.0,0.72,13.0,16.0,24.0,27.0,35.0,35.0,True,instance_18681_valuation_matrix.csv,2,4,8.95522,62.6866,7.000006700002903
multiplicative,221,5.0,0.4049999999999999,27.0,33.0,48.0,54.0,69.0,69.0,True,instance_10673_valuation_matrix.csv,2,4,4.61538,64.6154,14.000017333350666
multiplicative,222,5.0,0.4859999999999999,22.0,27.0,40.0,45.0,57.0,57.0,True,instance_19763_valuation_matrix.csv,2,4,5.12821,71.7949,13.999992200007409
multiplicative,223,5.0,0.6479999999999999,15.0,19.0,28.0,32.0,41.0,41.0,True,instance_23150_valuation_matrix.csv,2,4,6.25,62.5,10.0
multiplicative,224,5.0,1.0,0.0,0.0,0.0,0.0,0.0,0.0,True,instance_13540_valuation_matrix.csv,2,2,50.0,50.0,1.0
multiplicative,225,5.0,0.72,17.0,20.0,28.0,32.0,40.0,40.0,True,instance_10984_valuation_matrix.csv,4,7,4.34783,38.8889,8.944438950004944
multiplicative,226,5.0,1.134,9.0,11.0,17.0,19.0,24.0,24.0,True,instance_11866_valuation_matrix.csv,4,4,4.47761,54.5455,12.181833612127898
multiplicative,227,5.0,0.288,40.0,49.0,71.0,80.0,102.0,102.0,True,instance_16823_valuation_matrix.csv,2,4,2.63158,65.1163,24.744184102326358
multiplicative,228,5.0,0.45,23.0,29.0,42.0,48.0,61.0,61.0,True,instance_21637_valuation_matrix.csv,2,4,8.0,56.0,7.0
multiplicative,229,5.0,0.63,17.0,21.0,30.0,34.0,43.0,43.0,True,instance_15846_valuation_matrix.csv,2,4,3.61991,76.0181,20.99999723750038
multiplicative,230,5.0,0.288,40.0,49.0,70.0,79.0,101.0,101.0,True,instance_21253_valuation_matrix.csv,2,4,2.02703,70.9459,34.99992600010853
multiplicative,231,5.0,0.4859999999999999,22.0,27.0,39.0,44.0,57.0,57.0,True,instance_17519_valuation_matrix.csv,2,4,6.25,65.625,10.5
multiplicative,232,5.0,1.26,6.0,8.0,12.0,14.0,18.0,18.0,True,instance_19051_valuation_matrix.csv,2,4,14.4928,50.7246,3.4999862000441597
multiplicative,233,5.0,0.2699999999999999,40.0,50.0,72.0,82.0,105.0,105.0,True,instance_15455_valuation_matrix.csv,2,4,3.32226,75.0,22.574994130501526
multiplicative,234,5.0,4.000000000000001e-06,,,,,,60000.0,False,instance_14357_valuation_matrix.csv,2,6,0.00232785,99.7649,42857.09989904848
multiplicative,235,5.0,0.3239999999999999,37.0,45.0,64.0,72.0,91.0,91.0,True,instance_12289_valuation_matrix.csv,2,5,2.12766,74.4681,35.0
multiplicative,236,5.0,0.72,14.0,17.0,25.0,29.0,37.0,37.0,True,instance_20942_valuation_matrix.csv,2,4,7.40741,65.1163,8.790697423255901
multiplicative,237,5.0,0.972,9.0,11.0,17.0,19.0,25.0,25.0,True,instance_14285_valuation_matrix.csv,2,4,11.2903,56.4516,5.000008857160571
multiplicative,238,5.0,0.4049999999999999,26.0,32.0,47.0,54.0,69.0,69.0,True,instance_15574_valuation_matrix.csv,2,4,5.47945,57.5342,10.499995437498288
multiplicative,239,5.0,0.4859999999999999,19.0,24.0,35.0,41.0,53.0,53.0,True,instance_16449_valuation_matrix.csv,2,4,5.88235,44.6809,7.5957567978783995
multiplicative,240,5.0,0.0009072,17040.0,20105.0,28125.0,32334.0,39567.0,39567.0,True,instance_11688_valuation_matrix.csv,2,8,0.0649808,53.8531,828.7540319602097
multiplicative,241,5.0,0.1943999999999999,139.0,158.0,201.0,220.0,262.0,262.0,True,instance_19267_valuation_matrix.csv,5,8,0.497512,63.0032,126.63654344015822
multiplicative,242,5.0,0.09,121.0,151.0,222.0,253.0,325.0,325.0,True,instance_10100_valuation_matrix.csv,2,4,1.81818,57.2727,31.500016500016503
multiplicative,243,5.0,0.4859999999999999,23.0,28.0,40.0,46.0,59.0,59.0,True,instance_18845_valuation_matrix.csv,2,4,4.51128,63.1579,13.999995566668439
multiplicative,244,5.0,0.45,23.0,29.0,42.0,48.0,61.0,61.0,True,instance_22181_valuation_matrix.csv,2,4,8.0,56.0,7.0
multiplicative,245,5.0,0.0972,150.0,178.0,245.0,274.0,341.0,341.0,True,instance_17705_valuation_matrix.csv,2,6,0.552486,57.9882,104.9586776859504
multiplicative,246,5.0,0.5399999999999999,19.0,24.0,35.0,40.0,51.0,51.0,True,instance_17318_valuation_matrix.csv,2,4,7.87402,66.1417,8.399991364004663
multiplicative,247,5.0,0.36,30.0,37.0,54.0,61.0,78.0,78.0,True,instance_21625_valuation_matrix.csv,2,4,3.14961,66.1417,20.999965075041036
multiplicative,248,5.0,0.288,36.0,45.0,68.0,77.0,101.0,101.0,True,instance_14897_valuation_matrix.csv,2,4,2.72374,54.4747,19.999963285776175
multiplicative,249,5.0,0.4859999999999999,23.0,28.0,41.0,46.0,58.0,58.0,True,instance_21393_valuation_matrix.csv,2,4,3.22581,64.5161,19.9999690000341
multiplicative,250,5.0,2.1599999999999997,3.0,4.0,6.0,7.0,9.0,9.0,True,instance_23526_valuation_matrix.csv,2,4,11.5942,40.5797,3.5
multiplicative,251,5.0,0.45,23.0,29.0,42.0,48.0,61.0,61.0,True,instance_22640_valuation_matrix.csv,2,4,4.87805,68.2927,14.0
multiplicative,252,5.0,0.9,8.0,10.0,17.0,19.0,26.0,26.0,True,instance_20968_valuation_matrix.csv,2,4,10.5263,36.8421,3.500004750007125
multiplicative,253,5.0,0.45,23.0,29.0,42.0,48.0,61.0,61.0,True,instance_10805_valuation_matrix.csv,2,4,8.0,56.0,7.0
multiplicative,254,5.0,0.11664,94.0,116.0,170.0,193.0,247.0,247.0,True,instance_9513_valuation_matrix.csv,2,4,0.986842,48.3553,49.00004256000454
multiplicative,255,5.0,0.3239999999999999,36.0,44.0,63.0,71.0,90.0,90.0,True,instance_13258_valuation_matrix.csv,2,4,4.25532,63.1579,14.842103531579292
multiplicative,256,5.0,0.4859999999999999,22.0,27.0,39.0,44.0,57.0,57.0,True,instance_21960_valuation_matrix.csv,2,4,4.16667,58.3333,13.999980800015361
multiplicative,257,5.0,0.36,30.0,37.0,54.0,61.0,78.0,78.0,True,instance_21200_valuation_matrix.csv,2,4,4.16667,58.3333,13.999980800015361
multiplicative,258,5.0,0.18,61.0,77.0,113.0,129.0,167.0,167.0,True,instance_18577_valuation_matrix.csv,2,4,2.12766,59.5745,28.00000939999812
multiplicative,259,5.0,0.2268,51.0,62.0,90.0,101.0,129.0,129.0,True,instance_12850_valuation_matrix.csv,2,4,1.67364,58.5774,35.0
multiplicative,260,5.0,0.72,12.0,16.0,24.0,27.0,35.0,35.0,True,instance_9860_valuation_matrix.csv,2,4,7.59494,53.1646,7.000002633332192
multiplicative,261,5.0,0.5399999999999999,19.0,24.0,36.0,41.0,53.0,53.0,True,instance_11003_valuation_matrix.csv,2,4,8.0,56.0,7.0
multiplicative,262,5.0,0.972,10.0,12.0,18.0,21.0,26.0,26.0,True,instance_11748_valuation_matrix.csv,2,4,7.84314,54.902,7.000002549999108
multiplicative,263,5.0,0.45,23.0,29.0,42.0,48.0,61.0,61.0,True,instance_16589_valuation_matrix.csv,2,4,8.0,56.0,7.0
multiplicative,264,5.0,1.0,0.0,0.0,0.0,0.0,0.0,0.0,True,instance_16787_valuation_matrix.csv,3,6,16.6667,16.6667,1.0
multiplicative,265,5.0,0.288,39.0,48.0,69.0,78.0,100.0,100.0,True,instance_17201_valuation_matrix.csv,2,4,5.26316,73.6842,13.999992400003041
multiplicative,266,5.0,0.36,37.0,44.0,61.0,68.0,85.0,85.0,True,instance_14132_valuation_matrix.csv,2,8,0.793651,47.619,59.99992440001966
multiplicative,267,5.0,3.2000000000000007e-06,,,,,,60000.0,False,instance_14345_valuation_matrix.csv,2,5,0.000666562,99.9843,150000.0
multiplicative,268,5.0,0.45,24.0,30.0,43.0,49.0,62.0,62.0,True,instance_24146_valuation_matrix.csv,2,4,2.46914,86.4198,34.99995950006885
multiplicative,269,5.0,0.45,23.0,29.0,42.0,48.0,61.0,61.0,True,instance_16809_valuation_matrix.csv,2,4,4.44444,71.7949,16.153868653868653
multiplicative,270,5.0,0.5399999999999999,20.0,25.0,36.0,40.0,52.0,52.0,True,instance_15687_valuation_matrix.csv,2,4,4.08163,57.1429,14.00001960001274
multiplicative,271,5.0,0.4049999999999999,26.0,32.0,47.0,54.0,69.0,69.0,True,instance_18992_valuation_matrix.csv,2,4,3.125,43.75,14.0
multiplicative,272,5.0,0.3239999999999999,49.0,57.0,76.0,84.0,103.0,103.0,True,instance_19310_valuation_matrix.csv,5,8,0.862069,68.9655,79.99997680000094
multiplicative,273,5.0,0.288,41.0,50.0,71.0,80.0,102.0,102.0,True,instance_16547_valuation_matrix.csv,2,4,3.0581,71.4286,23.357182564337336
multiplicative,274,5.0,1.134,10.0,12.0,20.0,28.0,51.0,51.0,True,instance_19787_valuation_matrix.csv,2,8,4.7619,38.0952,8.0
multiplicative,275,5.0,0.45,23.0,29.0,42.0,48.0,61.0,61.0,True,instance_9905_valuation_matrix.csv,2,4,8.0,56.0,7.0
multiplicative,276,5.0,0.5399999999999999,40.0,45.0,58.0,63.0,76.0,76.0,True,instance_11166_valuation_matrix.csv,5,8,0.426743,49.5868,116.19827390255962
multiplicative,277,5.0,0.9,11.0,13.0,19.0,22.0,28.0,28.0,True,instance_21033_valuation_matrix.csv,2,4,7.69231,60.0,7.799997660000702
multiplicative,278,5.0,0.72,14.0,17.0,25.0,28.0,37.0,37.0,True,instance_12814_valuation_matrix.csv,2,4,7.40741,54.902,7.411767405881409
multiplicative,279,5.0,0.0144,858.0,1043.0,1487.0,1681.0,2110.0,2110.0,True,instance_18840_valuation_matrix.csv,2,4,0.253899,63.4748,250.0001969287
multiplicative,280,5.0,0.45,23.0,29.0,42.0,48.0,61.0,61.0,True,instance_18839_valuation_matrix.csv,2,4,8.0,56.0,7.0
multiplicative,281,5.0,0.3239999999999999,36.0,43.0,62.0,70.0,89.0,89.0,True,instance_11929_valuation_matrix.csv,2,4,2.85714,80.0,28.000028000028003
multiplicative,282,5.0,0.1619999999999999,75.0,91.0,130.0,147.0,185.0,185.0,True,instance_14339_valuation_matrix.csv,2,5,0.629496,89.9281,142.85730171438738
multiplicative,283,5.0,0.45,23.0,29.0,42.0,48.0,61.0,61.0,True,instance_11849_valuation_matrix.csv,2,4,8.0,56.0,7.0
multiplicative,284,5.0,0.45,19.0,25.0,38.0,44.0,57.0,57.0,True,instance_15228_valuation_matrix.csv,2,4,5.55556,38.8889,6.99999640000288
multiplicative,285,5.0,0.2429999999999999,52.0,63.0,88.0,100.0,125.0,125.0,True,instance_14340_valuation_matrix.csv,2,6,0.568182,81.1688,142.85704228574647
multiplicative,286,5.0,0.36,30.0,37.0,54.0,61.0,78.0,78.0,True,instance_19735_valuation_matrix.csv,2,4,4.0,73.0435,18.260875
multiplicative,287,5.0,0.0243,467.0,575.0,832.0,945.0,1206.0,1206.0,True,instance_11006_valuation_matrix.csv,2,4,0.279664,64.9485,232.23761370787798
multiplicative,288,5.0,0.0324,493.0,644.0,963.0,1096.0,1403.0,1403.0,True,instance_23634_valuation_matrix.csv,2,4,0.390625,68.3594,175.00006399999998
multiplicative,289,5.0,0.5399999999999999,25.0,30.0,41.0,45.0,57.0,57.0,True,instance_22338_valuation_matrix.csv,2,7,2.43902,60.9756,25.000041000073796
multiplicative,290,5.0,0.0864,156.0,187.0,260.0,292.0,365.0,365.0,True,instance_14336_valuation_matrix.csv,2,6,0.8,60.024,75.03
multiplicative,291,5.0,0.126,94.0,115.0,165.0,186.0,236.0,236.0,True,instance_14141_valuation_matrix.csv,2,4,0.896861,91.1162,101.59456147608158
multiplicative,292,5.0,0.36,30.0,37.0,54.0,61.0,78.0,78.0,True,instance_24135_valuation_matrix.csv,2,4,2.25564,63.1579,27.999991133336877
multiplicative,293,5.0,2.1599999999999997,3.0,5.0,8.0,9.0,12.0,12.0,True,instance_19534_valuation_matrix.csv,2,5,10.0,40.0,4.0
multiplicative,294,5.0,0.45,19.0,25.0,38.0,44.0,57.0,57.0,True,instance_11742_valuation_matrix.csv,3,3,4.34783,71.4286,16.428563214293106
multiplicative,295,5.0,0.45,26.0,32.0,45.0,51.0,65.0,65.0,True,instance_19150_valuation_matrix.csv,2,4,4.87805,68.2927,14.0
multiplicative,296,5.0,0.72,13.0,17.0,25.0,28.0,36.0,36.0,True,instance_13899_valuation_matrix.csv,2,4,6.52174,62.6866,9.611944051740792
multiplicative,297,5.0,0.4049999999999999,27.0,33.0,48.0,54.0,69.0,69.0,True,instance_18119_valuation_matrix.csv,2,4,4.16667,61.3139,14.715324227740618
multiplicative,298,5.0,0.36,30.0,37.0,54.0,61.0,78.0,78.0,True,instance_19071_valuation_matrix.csv,2,4,4.44444,62.2222,14.000009000009
multiplicative,299,5.0,0.63,16.0,20.0,29.0,33.0,42.0,42.0,True,instance_20582_valuation_matrix.csv,2,4,8.0,62.2222,7.777775
multiplicative,300,5.0,0.4535999999999999,24.0,29.0,42.0,48.0,61.0,61.0,True,instance_10772_valuation_matrix.csv,2,4,3.84615,55.1181,14.330720330720329
multiplicative,301,5.0,0.45,23.0,29.0,42.0,48.0,61.0,61.0,True,instance_9813_valuation_matrix.csv,2,4,8.0,56.0,7.0
multiplicative,302,5.0,0.36,31.0,38.0,55.0,62.0,79.0,79.0,True,instance_20362_valuation_matrix.csv,3,4,3.22581,62.6866,19.432824623892913
multiplicative,303,5.0,0.4049999999999999,26.0,33.0,47.0,54.0,69.0,69.0,True,instance_18917_valuation_matrix.csv,2,4,5.04202,70.5882,13.999984133343382
multiplicative,304,5.0,0.3239999999999999,30.0,39.0,58.0,67.0,88.0,88.0,True,instance_20991_valuation_matrix.csv,2,4,3.40136,47.619,13.99998823999812
multiplicative,305,5.0,1.6,5.0,6.0,9.0,11.0,14.0,14.0,True,instance_10916_valuation_matrix.csv,2,4,12.2137,44.3038,3.627385640714935
multiplicative,306,5.0,0.45,23.0,29.0,42.0,48.0,61.0,61.0,True,instance_9973_valuation_matrix.csv,2,4,8.0,56.0,7.0
multiplicative,307,5.0,0.2429999999999999,47.0,58.0,83.0,94.0,119.0,119.0,True,instance_21232_valuation_matrix.csv,2,4,2.95858,82.8402,27.99998648000054
multiplicative,308,5.0,0.216,56.0,68.0,98.0,110.0,140.0,140.0,True,instance_20747_valuation_matrix.csv,2,4,1.92926,67.5241,35.0
multiplicative,309,5.0,3.15,1.0,1.0,2.0,2.0,3.0,3.0,True,instance_10357_valuation_matrix.csv,3,4,8.33333,50.0,6.00000240000096
multiplicative,310,5.0,0.45,23.0,29.0,42.0,48.0,61.0,61.0,True,instance_10733_valuation_matrix.csv,2,4,8.0,56.0,7.0
multiplicative,311,5.0,0.0404999999999999,283.0,347.0,503.0,570.0,728.0,728.0,True,instance_9521_valuation_matrix.csv,2,3,1.31919,96.5472,73.1867282195893
multiplicative,312,5.0,1.35,5.0,6.0,10.0,12.0,16.0,16.0,True,instance_14096_valuation_matrix.csv,2,3,12.5,50.0,4.0
multiplicative,313,5.0,0.45,23.0,29.0,42.0,48.0,61.0,61.0,True,instance_9565_valuation_matrix.csv,2,4,4.87805,68.2927,14.0
multiplicative,314,5.0,0.5399999999999999,70.0,79.0,100.0,109.0,128.0,128.0,True,instance_9712_valuation_matrix.csv,4,6,1.96078,70.5882,36.00006120013464
multiplicative,315,5.0,0.18,61.0,77.0,113.0,129.0,167.0,167.0,True,instance_18578_valuation_matrix.csv,2,4,2.12766,59.5745,28.00000939999812
multiplicative,316,5.0,0.4049999999999999,27.0,33.0,48.0,55.0,70.0,70.0,True,instance_10784_valuation_matrix.csv,2,4,5.12821,71.7949,13.999992200007409
multiplicative,317,5.0,0.45,24.0,29.0,43.0,49.0,62.0,62.0,True,instance_16168_valuation_matrix.csv,2,4,4.44444,56.0,12.6000126000126
multiplicative,318,5.0,0.9,11.0,13.0,20.0,22.0,29.0,29.0,True,instance_13376_valuation_matrix.csv,2,4,8.86076,53.1646,6.000004514285456
multiplicative,319,5.0,0.0972,133.0,160.0,225.0,253.0,320.0,320.0,True,instance_14333_valuation_matrix.csv,2,5,0.208106,89.1884,428.57197774211215
multiplicative,320,5.0,0.45,23.0,28.0,42.0,48.0,61.0,61.0,True,instance_23795_valuation_matrix.csv,2,4,6.8918,49.359,7.161989610841871
multiplicative,321,5.0,0.756,13.0,16.0,24.0,27.0,35.0,35.0,True,instance_18953_valuation_matrix.csv,2,4,8.21918,57.5342,6.9999927000017035
multiplicative,322,5.0,0.3239999999999999,34.0,42.0,61.0,69.0,88.0,88.0,True,instance_14439_valuation_matrix.csv,2,4,1.92308,67.3077,34.9999480000832
multiplicative,323,5.0,0.045,295.0,355.0,497.0,560.0,756.0,756.0,True,instance_14440_valuation_matrix.csv,2,5,0.250627,95.1173,379.51737043494916
multiplicative,324,5.0,0.36,30.0,37.0,54.0,61.0,78.0,78.0,True,instance_19626_valuation_matrix.csv,2,4,3.83019,61.6661,16.100010704429806
multiplicative,325,5.0,1.26,4.0,6.0,10.0,12.0,16.0,16.0,True,instance_15822_valuation_matrix.csv,3,3,18.1818,45.4545,2.5000000000000004
multiplicative,326,5.0,0.45,23.0,29.0,42.0,48.0,61.0,61.0,True,instance_19035_valuation_matrix.csv,2,4,7.45712,58.3333,7.822497157079409
multiplicative,327,5.0,0.4049999999999999,32.0,38.0,53.0,60.0,75.0,75.0,True,instance_14898_valuation_matrix.csv,4,6,1.36986,57.5342,42.000058400128474
multiplicative,328,5.0,8.000000000000001e-06,,,,,,60000.0,False,instance_20414_valuation_matrix.csv,2,4,0.00845952,71.06,8400.003782720532
multiplicative,329,5.0,0.3239999999999999,33.0,41.0,60.0,68.0,87.0,87.0,True,instance_14381_valuation_matrix.csv,2,4,4.06504,57.5342,14.153415464546475
multiplicative,330,5.0,9.8e-06,,,,,,60000.0,False,instance_14372_valuation_matrix.csv,5,4,0.0086949,71.7949,8257.127741549644
multiplicative,331,5.0,0.1296,96.0,117.0,166.0,187.0,237.0,237.0,True,instance_14982_valuation_matrix.csv,2,4,1.26582,62.6866,49.52252294955049
multiplicative,332,5.0,0.63,15.0,19.0,28.0,32.0,42.0,42.0,True,instance_10787_valuation_matrix.csv,2,4,6.67037,53.9794,8.09241466365434
multiplicative,333,5.0,1.0,0.0,0.0,0.0,0.0,0.0,0.0,True,instance_19413_valuation_matrix.csv,2,3,33.3333,33.3333,1.0
multiplicative,334,5.0,1.26,4.0,6.0,10.0,12.0,16.0,16.0,True,instance_15819_valuation_matrix.csv,3,3,18.1818,45.4545,2.5000000000000004
multiplicative,335,5.0,0.2429999999999999,45.0,56.0,81.0,92.0,118.0,118.0,True,instance_16620_valuation_matrix.csv,2,4,2.8169,59.1549,21.0
multiplicative,336,5.0,0.3239999999999999,125.0,133.0,153.0,161.0,181.0,181.0,True,instance_10589_valuation_matrix.csv,2,10,1.18343,50.0,42.25006971261503
multiplicative,337,5.0,0.3239999999999999,35.0,43.0,62.0,70.0,89.0,89.0,True,instance_19084_valuation_matrix.csv,3,4,3.09278,66.6667,21.55559076300287
multiplicative,338,5.0,1.0,0.0,0.0,0.0,0.0,0.0,0.0,True,instance_23057_valuation_matrix.csv,3,6,16.6667,16.6667,1.0
multiplicative,339,5.0,0.2699999999999999,41.0,51.0,73.0,83.0,106.0,106.0,True,instance_15300_valuation_matrix.csv,2,4,3.125,56.0,17.92
multiplicative,340,5.0,0.2699999999999999,44.0,54.0,76.0,86.0,109.0,109.0,True,instance_18808_valuation_matrix.csv,2,4,2.77778,70.8861,25.518975584819533
multiplicative,341,5.0,3.780000000000001e-06,,,,,,60000.0,False,instance_14349_valuation_matrix.csv,2,6,0.000583281,99.9911,171428.69388853744
multiplicative,342,5.0,1.0799999999999998,8.0,10.0,15.0,17.0,22.0,22.0,True,instance_12297_valuation_matrix.csv,2,4,8.51064,59.5745,7.00000234999953
multiplicative,343,5.0,0.45,33.0,39.0,54.0,60.0,75.0,75.0,True,instance_17914_valuation_matrix.csv,2,9,1.78571,37.5,21.000050400120962
multiplicative,344,5.0,0.9,9.0,12.0,18.0,21.0,27.0,27.0,True,instance_13386_valuation_matrix.csv,3,3,9.09091,66.6667,7.333336266666374
multiplicative,345,5.0,0.18,66.0,81.0,115.0,130.0,165.0,165.0,True,instance_19321_valuation_matrix.csv,2,4,1.02041,71.4286,69.9999020001764
multiplicative,346,5.0,0.216,52.0,64.0,92.0,105.0,134.0,134.0,True,instance_21354_valuation_matrix.csv,4,4,3.65217,78.9474,21.616573160614102
multiplicative,347,5.0,3.8400000000000005e-06,,,,,,60000.0,False,instance_21629_valuation_matrix.csv,2,4,0.00520806,91.1411,17500.009600503836
multiplicative,348,5.0,1.26,4.0,6.0,10.0,12.0,16.0,16.0,True,instance_15821_valuation_matrix.csv,3,3,18.1818,45.4545,2.5000000000000004
multiplicative,349,5.0,0.5399999999999999,22.0,27.0,38.0,43.0,54.0,54.0,True,instance_15136_valuation_matrix.csv,5,6,4.54545,50.0,11.000011000011
multiplicative,350,5.0,0.2699999999999999,41.0,51.0,73.0,83.0,106.0,106.0,True,instance_14443_valuation_matrix.csv,2,4,2.72374,54.4747,19.999963285776175
multiplicative,351,5.0,0.216,46.0,57.0,86.0,98.0,127.0,127.0,True,instance_15473_valuation_matrix.csv,2,4,3.31492,46.4088,13.999975866687583
multiplicative,352,5.0,0.36,30.0,37.0,54.0,61.0,79.0,79.0,True,instance_17462_valuation_matrix.csv,2,4,5.31915,74.4681,14.000000000000002
multiplicative,353,5.0,0.45,23.0,29.0,42.0,48.0,61.0,61.0,True,instance_19739_valuation_matrix.csv,2,4,8.0,56.0,7.0
multiplicative,354,5.0,0.144,88.0,107.0,150.0,169.0,212.0,212.0,True,instance_14335_valuation_matrix.csv,2,5,0.220751,88.3002,399.9990940018392
multiplicative,355,5.0,0.108,112.0,136.0,194.0,219.0,278.0,278.0,True,instance_14142_valuation_matrix.csv,2,4,0.300752,91.1162,302.9612438155025
multiplicative,356,5.0,0.4049999999999999,26.0,32.0,47.0,53.0,68.0,68.0,True,instance_14751_valuation_matrix.csv,2,4,4.16667,58.3333,13.999980800015361
multiplicative,357,5.0,0.1457999999999999,82.0,99.0,142.0,161.0,204.0,204.0,True,instance_15639_valuation_matrix.csv,2,4,0.55666,71.5706,128.57147989796283
multiplicative,358,5.0,0.72,14.0,17.0,25.0,29.0,37.0,37.0,True,instance_15305_valuation_matrix.csv,2,4,7.40741,65.1163,8.790697423255901
multiplicative,359,5.0,0.9,10.0,13.0,19.0,22.0,29.0,29.0,True,instance_11964_valuation_matrix.csv,3,8,6.06061,20.2247,3.337073330902335
multiplicative,360,5.0,0.4049999999999999,27.0,33.0,48.0,54.0,69.0,69.0,True,instance_18874_valuation_matrix.csv,2,4,4.61538,64.6154,14.000017333350666
multiplicative,361,5.0,0.1619999999999999,72.0,88.0,127.0,143.0,182.0,182.0,True,instance_20801_valuation_matrix.csv,2,4,0.0988631,98.8631,1000.0000000000001
multiplicative,362,5.0,0.36,30.0,37.0,54.0,61.0,78.0,78.0,True,instance_19072_valuation_matrix.csv,2,4,4.44444,62.2222,14.000009000009
multiplicative,363,5.0,0.0809999999999999,154.0,186.0,264.0,298.0,376.0,376.0,True,instance_19198_valuation_matrix.csv,2,4,0.542495,75.9494,140.00018433349618
multiplicative,364,5.0,1.0799999999999998,8.0,10.0,15.0,17.0,22.0,22.0,True,instance_17249_valuation_matrix.csv,2,4,8.23529,49.4118,6.000007285717928
multiplicative,365,5.0,1.3999999999999998e-05,,,,,,60000.0,False,instance_15098_valuation_matrix.csv,3,4,0.00603412,86.2017,14285.711918225028
multiplicative,366,5.0,1.44e-05,,,,,,60000.0,False,instance_14189_valuation_matrix.csv,2,9,0.0159473,55.8154,3499.9905940190497
multiplicative,367,5.0,0.5399999999999999,20.0,25.0,37.0,42.0,55.0,55.0,True,instance_19805_valuation_matrix.csv,2,4,4.4586,44.586,10.0
multiplicative,368,5.0,0.576,19.0,23.0,33.0,38.0,48.0,48.0,True,instance_20918_valuation_matrix.csv,2,4,5.55556,54.902,9.882352094118325
multiplicative,369,5.0,0.36,30.0,37.0,54.0,61.0,78.0,78.0,True,instance_9522_valuation_matrix.csv,2,4,4.16667,58.3333,13.999980800015361
multiplicative,370,5.0,0.36,29.0,36.0,52.0,60.0,77.0,77.0,True,instance_13489_valuation_matrix.csv,2,4,4.3956,67.7419,15.411297661297661
multiplicative,371,5.0,0.1296,77.0,95.0,147.0,183.0,273.0,273.0,True,instance_17808_valuation_matrix.csv,2,4,1.0989,57.6923,52.5000455000455
multiplicative,372,5.0,1.26,4.0,6.0,10.0,12.0,16.0,16.0,True,instance_15824_valuation_matrix.csv,3,3,18.1818,45.4545,2.5000000000000004
multiplicative,373,5.0,0.2429999999999999,36.0,46.0,72.0,83.0,108.0,108.0,True,instance_20744_valuation_matrix.csv,2,4,4.60829,38.7097,8.40001388801486
multiplicative,374,5.0,0.288,40.0,49.0,70.0,79.0,101.0,101.0,True,instance_16544_valuation_matrix.csv,2,4,3.0581,77.4908,25.339524541381902
multiplicative,375,5.0,1.2599999999999998e-05,,,,,,60000.0,False,instance_11312_valuation_matrix.csv,2,4,0.000560213,98.0373,175000.04462588337
multiplicative,376,5.0,0.2699999999999999,41.0,51.0,73.0,83.0,106.0,106.0,True,instance_19777_valuation_matrix.csv,2,4,2.94118,61.7647,20.999972800032637
multiplicative,377,5.0,0.6479999999999999,22.0,26.0,36.0,40.0,50.0,50.0,True,instance_19873_valuation_matrix.csv,5,8,1.0989,43.956,40.0
multiplicative,378,5.0,0.03888,279.0,345.0,506.0,576.0,740.0,740.0,True,instance_14795_valuation_matrix.csv,2,2,1.17647,98.8235,84.0000170000085
multiplicative,379,5.0,0.5399999999999999,20.0,25.0,36.0,40.0,52.0,52.0,True,instance_14302_valuation_matrix.csv,2,4,5.88235,71.1864,12.101694050847026
multiplicative,380,5.0,0.4859999999999999,28.0,34.0,47.0,53.0,66.0,66.0,True,instance_11881_valuation_matrix.csv,2,5,4.34783,52.6316,12.105257105268604
multiplicative,381,5.0,0.0809999999999999,141.0,173.0,250.0,284.0,363.0,363.0,True,instance_15677_valuation_matrix.csv,3,3,1.28205,94.7368,73.8947778947779
multiplicative,382,5.0,0.126,133.0,156.0,210.0,233.0,288.0,288.0,True,instance_15756_valuation_matrix.csv,2,4,1.0929,74.8555,68.4925427761003
multiplicative,383,5.0,0.36,31.0,38.0,54.0,62.0,79.0,79.0,True,instance_12799_valuation_matrix.csv,2,4,3.00752,63.1579,20.999993350002658
multiplicative,384,5.0,0.6479999999999999,16.0,20.0,29.0,33.0,42.0,42.0,True,instance_21623_valuation_matrix.csv,2,6,3.2967,46.1538,14.0
multiplicative,385,5.0,0.5399999999999999,22.0,27.0,38.0,43.0,54.0,54.0,True,instance_16496_valuation_matrix.csv,2,6,1.92308,42.0,21.839965056055913
multiplicative,386,5.0,0.4049999999999999,27.0,33.0,48.0,54.0,69.0,69.0,True,instance_19045_valuation_matrix.csv,2,4,5.45455,76.3636,13.999981666681945
multiplicative,387,5.0,0.2429999999999999,46.0,56.0,82.0,93.0,118.0,118.0,True,instance_23898_valuation_matrix.csv,2,4,1.15607,72.8324,62.99999135000477
multiplicative,388,5.0,0.45,23.0,29.0,42.0,48.0,61.0,61.0,True,instance_14134_valuation_matrix.csv,2,4,8.0,56.0,7.0
multiplicative,389,5.0,3.5e-05,,,,,,60000.0,False,instance_14343_valuation_matrix.csv,2,6,0.0655523,98.3284,1499.9992372502568
multiplicative,390,5.0,0.4859999999999999,22.0,27.0,39.0,45.0,57.0,57.0,True,instance_18923_valuation_matrix.csv,2,4,5.88235,57.1429,9.714297857148928
multiplicative,391,5.0,0.4859999999999999,19.0,24.0,36.0,41.0,54.0,54.0,True,instance_14482_valuation_matrix.csv,2,3,7.69231,61.5385,8.00000259999922
multiplicative,392,5.0,0.216,54.0,66.0,94.0,107.0,136.0,136.0,True,instance_13434_valuation_matrix.csv,2,4,1.72414,72.4138,41.999953600055676
multiplicative,393,5.0,0.72,13.0,16.0,24.0,27.0,36.0,36.0,True,instance_20193_valuation_matrix.csv,2,4,7.69231,56.0,7.279997816000655
multiplicative,394,5.0,1.0799999999999998,12.0,15.0,21.0,24.0,30.0,30.0,True,instance_19419_valuation_matrix.csv,2,5,5.88235,47.0588,8.0
multiplicative,395,5.0,0.108,109.0,133.0,191.0,216.0,275.0,275.0,True,instance_16460_valuation_matrix.csv,2,4,0.914634,64.0244,70.00002186667017
multiplicative,396,5.0,0.0504,239.0,291.0,416.0,471.0,598.0,598.0,True,instance_21626_valuation_matrix.csv,2,4,0.540541,62.2222,115.11097215567366
multiplicative,397,5.0,0.2915999999999999,39.0,47.0,68.0,77.0,99.0,99.0,True,instance_14435_valuation_matrix.csv,2,4,2.5,70.0,28.0
multiplicative,398,5.0,0.45,23.0,29.0,42.0,48.0,61.0,61.0,True,instance_19772_valuation_matrix.csv,2,4,8.0,56.0,7.0
multiplicative,399,5.0,0.63,16.0,19.0,29.0,33.0,42.0,42.0,True,instance_18690_valuation_matrix.csv,2,4,7.05882,56.0,7.933337300001983
multiplicative,400,5.0,0.5399999999999999,19.0,24.0,35.0,39.0,51.0,51.0,True,instance_9989_valuation_matrix.csv,2,4,6.01915,63.2011,10.500004153410366
multiplicative,401,5.0,0.45,22.0,28.0,41.0,47.0,60.0,60.0,True,instance_11504_valuation_matrix.csv,2,4,4.87805,68.2927,14.0
multiplicative,402,5.0,0.45,23.0,29.0,42.0,48.0,61.0,61.0,True,instance_11613_valuation_matrix.csv,2,4,8.0,56.0,7.0
multiplicative,403,5.0,0.72,16.0,19.0,27.0,31.0,39.0,39.0,True,instance_20398_valuation_matrix.csv,3,5,3.84615,50.0,13.000013000012999
multiplicative,404,5.0,0.63,17.0,21.0,30.0,34.0,44.0,44.0,True,instance_16458_valuation_matrix.csv,2,6,5.55556,47.4576,8.542361166111068
multiplicative,405,5.0,0.4859999999999999,22.0,27.0,39.0,44.0,57.0,57.0,True,instance_21963_valuation_matrix.csv,2,4,4.16667,58.3333,13.999980800015361
multiplicative,406,5.0,0.1619999999999999,64.0,80.0,118.0,135.0,173.0,173.0,True,instance_22130_valuation_matrix.csv,2,4,2.3753,49.8812,20.999957900054728
multiplicative,407,5.0,0.4049999999999999,26.0,33.0,49.0,56.0,72.0,72.0,True,instance_14131_valuation_matrix.csv,2,4,4.6729,56.0,11.983992809604313
multiplicative,408,5.0,1.6000000000000003e-05,,,,,,60000.0,False,instance_14346_valuation_matrix.csv,2,6,0.0578178,99.1162,1714.2852201225228
multiplicative,409,5.0,0.36,30.0,37.0,54.0,61.0,78.0,78.0,True,instance_10927_valuation_matrix.csv,2,4,8.86076,70.8861,8.000002257142727
multiplicative,410,5.0,0.45,23.0,29.0,42.0,48.0,61.0,61.0,True,instance_17666_valuation_matrix.csv,2,4,8.0,56.0,7.0
multiplicative,411,5.0,0.45,23.0,29.0,42.0,48.0,61.0,61.0,True,instance_17695_valuation_matrix.csv,4,4,8.0,56.0,7.0
multiplicative,412,5.0,0.1457999999999999,82.0,100.0,143.0,161.0,204.0,204.0,True,instance_17288_valuation_matrix.csv,2,4,1.27226,74.8663,58.84512599625862
multiplicative,413,5.0,6.3e-05,,,,,,60000.0,False,instance_10247_valuation_matrix.csv,2,4,0.0041012,97.5225,23779.015897786012
multiplicative,414,5.0,0.96,9.0,12.0,17.0,20.0,26.0,26.0,True,instance_23324_valuation_matrix.csv,2,4,10.7143,52.8302,4.930812092250544
multiplicative,415,5.0,0.0972,126.0,153.0,217.0,245.0,310.0,310.0,True,instance_15660_valuation_matrix.csv,2,4,1.002,88.8889,88.7114770459082
multiplicative,416,5.0,0.288,36.0,45.0,66.0,76.0,97.0,97.0,True,instance_14162_valuation_matrix.csv,2,4,3.63636,55.5556,15.277805277805278
multiplicative,417,5.0,0.18,57.0,72.0,116.0,148.0,330.0,330.0,True,instance_12238_valuation_matrix.csv,2,4,1.49254,62.6866,41.999946400096476
multiplicative,418,5.0,0.72,13.0,16.0,24.0,27.0,35.0,35.0,True,instance_18682_valuation_matrix.csv,2,4,8.95522,62.6866,7.000006700002903
multiplicative,419,5.0,0.45,23.0,29.0,42.0,48.0,61.0,61.0,True,instance_11792_valuation_matrix.csv,2,4,8.0,56.0,7.0
multiplicative,420,5.0,0.4859999999999999,23.0,28.0,41.0,47.0,59.0,59.0,True,instance_19719_valuation_matrix.csv,2,4,5.55556,58.3333,10.49998560001152
multiplicative,421,5.0,1.26,3.0,5.0,9.0,11.0,16.0,16.0,True,instance_11761_valuation_matrix.csv,2,2,25.0,75.0,3.0
multiplicative,422,5.0,0.3644999999999999,35.0,42.0,59.0,66.0,83.0,83.0,True,instance_19760_valuation_matrix.csv,2,4,0.817439,95.3678,116.66656472226062
multiplicative,423,5.0,0.3239999999999999,41.0,57.0,88.0,101.0,131.0,131.0,True,instance_14886_valuation_matrix.csv,2,4,3.27869,57.377,17.499977125010293
multiplicative,424,5.0,0.45,24.0,30.0,43.0,49.0,62.0,62.0,True,instance_20136_valuation_matrix.csv,2,4,5.7377,57.377,10.0
multiplicative,425,5.0,0.45,23.0,29.0,42.0,48.0,61.0,61.0,True,instance_9830_valuation_matrix.csv,2,4,8.0,56.0,7.0
multiplicative,426,5.0,0.45,23.0,29.0,42.0,48.0,61.0,61.0,True,instance_19052_valuation_matrix.csv,2,4,8.0,56.0,7.0
multiplicative,427,5.0,0.45,23.0,29.0,42.0,48.0,61.0,61.0,True,instance_18750_valuation_matrix.csv,2,4,8.0,56.0,7.0
multiplicative,428,5.0,0.4049999999999999,26.0,32.0,47.0,54.0,69.0,69.0,True,instance_17383_valuation_matrix.csv,2,4,3.0303,50.9091,16.8000198000198
multiplicative,429,5.0,0.63,16.0,20.0,29.0,33.0,42.0,42.0,True,instance_15152_valuation_matrix.csv,5,4,4.18118,62.7178,15.000023916693372
multiplicative,430,5.0,0.45,20.0,25.0,39.0,44.0,58.0,58.0,True,instance_9543_valuation_matrix.csv,3,3,9.85915,78.8732,8.0
multiplicative,431,5.0,0.2429999999999999,39.0,49.0,73.0,86.0,120.0,120.0,True,instance_22610_valuation_matrix.csv,2,4,1.99005,55.2632,27.76975452878068
multiplicative,432,5.0,0.216,48.0,60.0,88.0,100.0,130.0,130.0,True,instance_12499_valuation_matrix.csv,2,4,2.17391,56.0,25.760036064050492
multiplicative,433,5.0,0.9,11.0,13.0,19.0,22.0,28.0,28.0,True,instance_15658_valuation_matrix.csv,2,4,7.84314,54.902,7.000002549999108
multiplicative,434,5.0,0.45,23.0,29.0,42.0,48.0,61.0,61.0,True,instance_15245_valuation_matrix.csv,2,4,8.04598,64.3678,7.9999950285732755
multiplicative,435,5.0,1.6000000000000003e-05,,,,,,60000.0,False,instance_14354_valuation_matrix.csv,2,6,0.0655523,98.3284,1499.9992372502568
multiplicative,436,5.0,0.45,23.0,28.0,42.0,47.0,61.0,61.0,True,instance_13166_valuation_matrix.csv,2,4,5.17241,72.4138,14.000011600008506
multiplicative,437,5.0,0.1619999999999999,73.0,90.0,128.0,145.0,184.0,184.0,True,instance_11344_valuation_matrix.csv,2,4,2.39726,71.9178,29.999999999999996
multiplicative,438,5.0,0.3239999999999999,38.0,46.0,64.0,72.0,92.0,92.0,True,instance_13882_valuation_matrix.csv,2,4,3.82514,77.7778,20.33332113334414
multiplicative,439,5.0,0.3644999999999999,30.0,37.0,53.0,60.0,77.0,77.0,True,instance_10103_valuation_matrix.csv,2,4,3.26531,68.5714,20.999966312540003
multiplicative,440,5.0,0.2699999999999999,51.0,60.0,83.0,93.0,116.0,116.0,True,instance_19264_valuation_matrix.csv,3,8,0.211454,67.4157,318.81969600953397
multiplicative,441,5.0,0.001944,6225.0,7575.0,10623.0,11994.0,16233.0,16233.0,True,instance_15700_valuation_matrix.csv,2,4,0.00904895,90.4895,10000.0
multiplicative,442,5.0,0.4049999999999999,27.0,33.0,48.0,55.0,70.0,70.0,True,instance_15113_valuation_matrix.csv,2,4,2.65487,74.3363,27.999977400023354
multiplicative,443,5.0,0.9,11.0,13.0,19.0,22.0,28.0,28.0,True,instance_9731_valuation_matrix.csv,2,4,7.69231,50.0,6.499998050000585
multiplicative,444,5.0,0.45,20.0,25.0,39.0,44.0,58.0,58.0,True,instance_9546_valuation_matrix.csv,3,3,9.85915,78.8732,8.0
multiplicative,445,5.0,0.567,18.0,22.0,33.0,37.0,48.0,48.0,True,instance_9748_valuation_matrix.csv,2,4,6.25,62.5,10.0
multiplicative,446,5.0,0.0809999999999999,149.0,181.0,259.0,293.0,371.0,371.0,True,instance_14046_valuation_matrix.csv,2,4,1.25673,62.8366,50.00007957158658
multiplicative,447,5.0,0.5399999999999999,20.0,25.0,36.0,41.0,52.0,52.0,True,instance_21648_valuation_matrix.csv,2,4,5.40541,68.8525,12.73770167295358
multiplicative,448,5.0,0.45,23.0,29.0,42.0,48.0,61.0,61.0,True,instance_17386_valuation_matrix.csv,2,4,8.0,56.0,7.0
multiplicative,449,5.0,0.288,40.0,49.0,70.0,79.0,101.0,101.0,True,instance_21255_valuation_matrix.csv,2,4,2.02703,70.9459,34.99992600010853
multiplicative,450,5.0,0.36,28.0,35.0,51.0,59.0,75.0,75.0,True,instance_16099_valuation_matrix.csv,2,4,4.44444,48.8889,11.0000135000135
multiplicative,451,5.0,0.63,16.0,19.0,29.0,33.0,42.0,42.0,True,instance_18755_valuation_matrix.csv,2,4,6.10687,64.1221,10.499994268749786
multiplicative,452,5.0,0.4049999999999999,27.0,33.0,48.0,54.0,69.0,69.0,True,instance_17566_valuation_matrix.csv,2,4,4.90196,68.6274,13.999991839998694
multiplicative,453,5.0,0.108,110.0,134.0,192.0,217.0,276.0,276.0,True,instance_20344_valuation_matrix.csv,2,4,0.886382,62.0467,69.99995487272982
multiplicative,454,5.0,0.72,14.0,17.0,25.0,29.0,37.0,37.0,True,instance_19796_valuation_matrix.csv,2,4,7.40741,65.1163,8.790697423255901
multiplicative,455,5.0,0.45,23.0,29.0,42.0,48.0,61.0,61.0,True,instance_10066_valuation_matrix.csv,2,4,8.0,56.0,7.0
multiplicative,456,5.0,0.288,38.0,47.0,70.0,80.0,103.0,103.0,True,instance_20601_valuation_matrix.csv,2,4,4.16667,58.3333,13.999980800015361
multiplicative,457,5.0,0.4859999999999999,21.0,26.0,39.0,44.0,56.0,56.0,True,instance_14589_valuation_matrix.csv,2,4,5.26316,73.6842,13.999992400003041
multiplicative,458,5.0,0.45,23.0,29.0,42.0,48.0,61.0,61.0,True,instance_12620_valuation_matrix.csv,2,4,8.0,56.0,7.0
multiplicative,459,5.0,0.8099999999999999,10.0,13.0,20.0,23.0,30.0,30.0,True,instance_19818_valuation_matrix.csv,2,5,8.33333,36.3636,4.363633745453498
multiplicative,460,5.0,1.8,1.0,1.0,3.0,5.0,8.0,8.0,True,instance_14774_valuation_matrix.csv,3,3,14.2857,50.0,3.5000035000035
multiplicative,461,5.0,0.36,30.0,37.0,54.0,62.0,79.0,79.0,True,instance_17854_valuation_matrix.csv,2,4,3.7037,77.7778,21.000027000027
multiplicative,462,5.0,0.6479999999999999,15.0,19.0,28.0,32.0,41.0,41.0,True,instance_14463_valuation_matrix.csv,2,4,6.77966,56.0,8.260001239000186
multiplicative,463,5.0,0.36,28.0,35.0,52.0,59.0,76.0,76.0,True,instance_15878_valuation_matrix.csv,2,4,4.34783,62.2222,14.311093120016192
multiplicative,464,5.0,0.45,23.0,29.0,42.0,48.0,61.0,61.0,True,instance_10229_valuation_matrix.csv,2,4,8.0,56.0,7.0
multiplicative,465,5.0,0.45,23.0,29.0,42.0,48.0,61.0,61.0,True,instance_22968_valuation_matrix.csv,2,4,8.0,56.0,7.0
multiplicative,466,5.0,0.126,110.0,131.0,182.0,203.0,254.0,254.0,True,instance_14351_valuation_matrix.csv,2,6,0.253936,76.1808,300.0
multiplicative,467,5.0,0.5399999999999999,21.0,25.0,36.0,41.0,52.0,52.0,True,instance_15624_valuation_matrix.csv,3,3,3.25203,79.6748,24.500019987515493
multiplicative,468,5.0,0.45,30.0,42.0,65.0,74.0,95.0,95.0,True,instance_14735_valuation_matrix.csv,2,4,7.01754,61.4035,8.75000356250196
multiplicative,469,5.0,0.288,37.0,47.0,68.0,77.0,99.0,99.0,True,instance_9571_valuation_matrix.csv,2,4,5.27903,59.1252,11.200012123439345
multiplicative,470,5.0,7.000000000000001e-07,,,,,,60000.0,False,instance_21291_valuation_matrix.csv,2,3,0.000126728,57.4657,453457.0102897544
multiplicative,471,5.0,0.18,89.0,104.0,140.0,155.0,191.0,191.0,True,instance_21529_valuation_matrix.csv,2,4,1.26582,79.7468,63.00011060024332
multiplicative,472,5.0,6.400000000000001e-06,,,,,,60000.0,False,instance_20025_valuation_matrix.csv,2,4,0.0279252,97.7381,3499.9964190050564
multiplicative,473,5.0,0.432,26.0,32.0,45.0,52.0,66.0,66.0,True,instance_10642_valuation_matrix.csv,2,4,5.12821,68.8525,13.426224745086493
multiplicative,474,5.0,0.189,57.0,71.0,104.0,118.0,151.0,151.0,True,instance_9923_valuation_matrix.csv,2,4,1.96078,56.0224,28.571486857271086
multiplicative,475,5.0,0.432,25.0,31.0,45.0,51.0,65.0,65.0,True,instance_14129_valuation_matrix.csv,2,4,4.90196,68.6274,13.999991839998694
multiplicative,476,5.0,0.315,23.0,31.0,51.0,60.0,81.0,81.0,True,instance_15652_valuation_matrix.csv,3,3,6.66667,58.3333,8.749990625004688
multiplicative,477,5.0,2.1599999999999997,4.0,4.0,5.0,6.0,8.0,8.0,True,instance_14150_valuation_matrix.csv,4,4,7.69231,54.5455,7.090912872726138
multiplicative,478,5.0,0.72,12.0,16.0,24.0,27.0,35.0,35.0,True,instance_18947_valuation_matrix.csv,2,4,9.83607,68.8525,7.00000101666621
multiplicative,479,5.0,0.3239999999999999,41.0,49.0,68.0,76.0,96.0,96.0,True,instance_9549_valuation_matrix.csv,3,7,0.628968,66.0417,105.0000953943603
multiplicative,480,5.0,0.45,23.0,29.0,42.0,48.0,61.0,61.0,True,instance_16981_valuation_matrix.csv,2,4,8.0,56.0,7.0
multiplicative,481,5.0,0.63,16.0,20.0,29.0,33.0,42.0,42.0,True,instance_13202_valuation_matrix.csv,3,4,5.7971,68.8525,11.877059219264805
multiplicative,482,5.0,0.972,9.0,12.0,17.0,20.0,25.0,25.0,True,instance_14247_valuation_matrix.csv,2,4,8.95522,62.6866,7.000006700002903
multiplicative,483,5.0,0.11664,107.0,129.0,183.0,206.0,260.0,260.0,True,instance_17863_valuation_matrix.csv,4,4,0.0848794,97.005,1142.856806245096
multiplicative,484,5.0,0.288,39.0,48.0,69.0,78.0,100.0,100.0,True,instance_12873_valuation_matrix.csv,2,4,2.62172,56.0,21.360023190882323
multiplicative,485,5.0,0.45,23.0,29.0,42.0,48.0,61.0,61.0,True,instance_9666_valuation_matrix.csv,2,4,8.0,56.0,7.0
multiplicative,486,5.0,0.18,66.0,80.0,115.0,130.0,165.0,165.0,True,instance_18906_valuation_matrix.csv,2,4,1.7094,75.0,43.87504387504387
multiplicative,487,5.0,0.45,23.0,29.0,42.0,48.0,61.0,61.0,True,instance_12656_valuation_matrix.csv,2,4,8.0,56.0,7.0
multiplicative,488,5.0,0.4859999999999999,22.0,27.0,39.0,44.0,57.0,57.0,True,instance_14155_valuation_matrix.csv,2,4,5.71874,54.1936,9.47649307364909
multiplicative,489,5.0,0.5399999999999999,21.0,26.0,37.0,42.0,53.0,53.0,True,instance_15657_valuation_matrix.csv,2,9,3.33333,23.3333,6.999996999997
multiplicative,490,5.0,0.3239999999999999,36.0,44.0,63.0,71.0,90.0,90.0,True,instance_11299_valuation_matrix.csv,2,4,3.72093,60.0,16.125001007812564
multiplicative,491,5.0,0.8639999999999999,2.0,2.0,8.0,10.0,17.0,17.0,True,instance_14963_valuation_matrix.csv,2,3,14.2857,42.8571,3.0
multiplicative,492,5.0,0.5399999999999999,19.0,23.0,34.0,39.0,50.0,50.0,True,instance_10388_valuation_matrix.csv,2,4,7.40741,56.0,7.559997354000926
multiplicative,493,5.0,0.45,23.0,29.0,42.0,48.0,61.0,61.0,True,instance_17827_valuation_matrix.csv,2,4,8.04598,65.1163,8.09302285116294
multiplicative,494,5.0,0.972,12.0,14.0,20.0,22.0,28.0,28.0,True,instance_11973_valuation_matrix.csv,5,7,3.22581,58.0645,17.99997520002728
multiplicative,495,5.0,0.36,30.0,37.0,53.0,61.0,78.0,78.0,True,instance_17434_valuation_matrix.csv,2,4,3.57143,50.0,13.99999440000224
multiplicative,496,5.0,0.288,38.0,47.0,68.0,77.0,99.0,99.0,True,instance_9994_valuation_matrix.csv,2,4,4.28571,60.0,14.000014000014
multiplicative,497,5.0,0.3644999999999999,28.0,35.0,52.0,59.0,76.0,76.0,True,instance_20753_valuation_matrix.csv,5,7,2.77778,25.0,8.99999280000576
multiplicative,498,5.0,0.4049999999999999,27.0,33.0,48.0,55.0,70.0,70.0,True,instance_18551_valuation_matrix.csv,2,4,5.12821,71.7949,13.999992200007409
multiplicative,499,5.0,0.567,18.0,22.0,32.0,37.0,47.0,47.0,True,instance_12876_valuation_matrix.csv,2,4,6.54206,65.4206,9.999999999999998
multiplicative,500,5.0,0.45,27.0,33.0,46.0,52.0,65.0,65.0,True,instance_16673_valuation_matrix.csv,2,6,2.51256,61.2755,24.38767631419747
multiplicative,501,5.0,0.4049999999999999,26.0,32.0,47.0,54.0,69.0,69.0,True,instance_17515_valuation_matrix.csv,2,4,5.47945,57.5342,10.499995437498288
multiplicative,502,5.0,0.45,23.0,29.0,42.0,48.0,61.0,61.0,True,instance_14242_valuation_matrix.csv,2,4,8.0,56.0,7.0
multiplicative,503,5.0,0.45,23.0,29.0,42.0,48.0,61.0,61.0,True,instance_20505_valuation_matrix.csv,2,4,5.47945,62.6866,11.440308790115797
multiplicative,504,5.0,0.0324,493.0,644.0,963.0,1096.0,1403.0,1403.0,True,instance_23636_valuation_matrix.csv,2,4,0.390625,68.3594,175.00006399999998
multiplicative,505,5.0,0.45,23.0,28.0,42.0,47.0,61.0,61.0,True,instance_9642_valuation_matrix.csv,2,4,5.17241,72.4138,14.000011600008506
multiplicative,506,5.0,0.144,84.0,102.0,145.0,164.0,208.0,208.0,True,instance_20039_valuation_matrix.csv,2,4,0.476758,83.4327,175.00010487500995
multiplicative,507,5.0,0.4049999999999999,27.0,33.0,47.0,54.0,69.0,69.0,True,instance_10243_valuation_matrix.csv,2,4,4.0747,71.3073,17.500012270842024
multiplicative,508,5.0,0.45,24.0,29.0,43.0,48.0,62.0,62.0,True,instance_16277_valuation_matrix.csv,2,4,2.40964,75.9036,31.49997510001494
multiplicative,509,5.0,0.45,23.0,29.0,42.0,48.0,61.0,61.0,True,instance_12816_valuation_matrix.csv,2,4,8.0,56.0,7.0
multiplicative,510,5.0,0.0567,219.0,266.0,377.0,425.0,538.0,538.0,True,instance_10549_valuation_matrix.csv,2,4,0.462453,93.6455,202.49733486429972
multiplicative,511,5.0,0.4049999999999999,27.0,33.0,48.0,54.0,69.0,69.0,True,instance_19044_valuation_matrix.csv,2,4,5.45455,76.3636,13.999981666681945
multiplicative,512,5.0,0.5399999999999999,18.0,23.0,34.0,38.0,50.0,50.0,True,instance_18746_valuation_matrix.csv,2,4,8.0,61.7647,7.7205875
multiplicative,513,5.0,0.126,133.0,156.0,210.0,233.0,288.0,288.0,True,instance_15757_valuation_matrix.csv,2,4,1.0929,74.8555,68.4925427761003
multiplicative,514,5.0,0.5399999999999999,21.0,26.0,36.0,41.0,52.0,52.0,True,instance_15559_valuation_matrix.csv,3,3,2.63158,92.1053,35.0
multiplicative,515,5.0,0.063,194.0,236.0,336.0,380.0,481.0,481.0,True,instance_14389_valuation_matrix.csv,2,4,0.283554,79.3951,279.9999294666977
multiplicative,516,5.0,1.0,0.0,0.0,0.0,0.0,0.0,0.0,True,instance_23145_valuation_matrix.csv,2,3,33.3333,33.3333,1.0
multiplicative,517,5.0,0.45,23.0,29.0,42.0,48.0,61.0,61.0,True,instance_12937_valuation_matrix.csv,2,4,8.0,56.0,7.0
multiplicative,518,5.0,0.3239999999999999,35.0,43.0,62.0,70.0,89.0,89.0,True,instance_16545_valuation_matrix.csv,2,4,3.0581,76.087,24.88048134462575
multiplicative,519,5.0,0.2186999999999999,63.0,87.0,134.0,153.0,196.0,196.0,True,instance_15972_valuation_matrix.csv,3,4,2.5974,54.5455,21.0000385000385
multiplicative,520,5.0,1.9439999999999995,3.0,5.0,7.0,9.0,11.0,11.0,True,instance_10202_valuation_matrix.csv,2,4,13.6364,40.9091,2.9999926666862224
multiplicative,521,5.0,0.72,13.0,16.0,24.0,27.0,35.0,35.0,True,instance_10075_valuation_matrix.csv,2,4,7.36842,62.6866,8.507468358209765
multiplicative,522,5.0,0.45,19.0,25.0,38.0,44.0,57.0,57.0,True,instance_18667_valuation_matrix.csv,2,4,5.55556,38.8889,6.99999640000288
multiplicative,523,5.0,0.45,23.0,29.0,42.0,48.0,61.0,61.0,True,instance_9907_valuation_matrix.csv,3,4,4.28571,62.2222,14.518527851861185
multiplicative,524,5.0,3.5,1.0,2.0,2.0,3.0,4.0,4.0,True,instance_18087_valuation_matrix.csv,2,4,16.6667,33.3333,1.9999940000120002
multiplicative,525,5.0,4.5e-06,,,,,,60000.0,False,instance_14347_valuation_matrix.csv,2,6,0.00574887,98.5521,17142.86459773834
multiplicative,526,5.0,0.18,68.0,83.0,117.0,132.0,167.0,167.0,True,instance_15445_valuation_matrix.csv,2,4,1.85701,90.9935,49.00000538500062
multiplicative,527,5.0,0.5399999999999999,19.0,23.0,34.0,39.0,50.0,50.0,True,instance_10926_valuation_matrix.csv,2,4,7.40741,56.0,7.559997354000926
multiplicative,528,5.0,0.63,16.0,19.0,29.0,33.0,42.0,42.0,True,instance_15256_valuation_matrix.csv,2,4,8.0,68.8525,8.6065625
multiplicative,529,5.0,0.4859999999999999,22.0,27.0,39.0,44.0,57.0,57.0,True,instance_21962_valuation_matrix.csv,2,4,4.16667,58.3333,13.999980800015361
multiplicative,530,5.0,0.3239999999999999,34.0,42.0,61.0,69.0,88.0,88.0,True,instance_12145_valuation_matrix.csv,2,4,3.5533,79.096,22.2598711057327
multiplicative,531,5.0,0.0324,493.0,644.0,963.0,1096.0,1403.0,1403.0,True,instance_23633_valuation_matrix.csv,2,4,0.390625,68.3594,175.00006399999998
multiplicative,532,5.0,0.432,24.0,30.0,43.0,49.0,62.0,62.0,True,instance_17322_valuation_matrix.csv,2,4,3.78788,53.0303,13.99999472000169
multiplicative,533,5.0,1.26,4.0,6.0,10.0,12.0,16.0,16.0,True,instance_15817_valuation_matrix.csv,3,3,18.1818,45.4545,2.5000000000000004
multiplicative,534,5.0,0.5399999999999999,25.0,38.0,70.0,82.0,108.0,108.0,True,instance_19284_valuation_matrix.csv,4,8,1.82927,51.2195,27.99996720003061
multiplicative,535,5.0,0.45,23.0,29.0,42.0,48.0,61.0,61.0,True,instance_17548_valuation_matrix.csv,2,4,8.0,56.0,7.0
multiplicative,536,5.0,0.2429999999999999,50.0,61.0,86.0,98.0,124.0,124.0,True,instance_13943_valuation_matrix.csv,2,4,1.89573,69.6682,36.7500646189067
multiplicative,537,5.0,0.36,26.0,33.0,50.0,57.0,74.0,74.0,True,instance_19773_valuation_matrix.csv,2,3,6.66667,66.6667,10.000000000000002
multiplicative,538,5.0,0.18,63.0,78.0,112.0,127.0,162.0,162.0,True,instance_12441_valuation_matrix.csv,2,4,1.28205,62.8205,49.000039000039
multiplicative,539,5.0,1.44,5.0,6.0,11.0,14.0,22.0,22.0,True,instance_23753_valuation_matrix.csv,3,4,8.10811,48.6486,5.999992600001727
multiplicative,540,5.0,1.3999999999999998e-05,,,,,,60000.0,False,instance_12104_valuation_matrix.csv,2,4,0.0111099,62.461,5622.102809206203
multiplicative,541,5.0,0.4049999999999999,26.0,32.0,47.0,53.0,68.0,68.0,True,instance_12373_valuation_matrix.csv,2,4,4.81928,72.4138,15.025854484487308
multiplicative,542,5.0,0.3239999999999999,41.0,49.0,68.0,76.0,96.0,96.0,True,instance_9550_valuation_matrix.csv,3,7,0.628968,66.0417,105.0000953943603
multiplicative,543,5.0,0.45,23.0,29.0,42.0,48.0,61.0,61.0,True,instance_20538_valuation_matrix.csv,2,4,8.0,56.0,7.0
multiplicative,544,5.0,0.567,25.0,29.0,40.0,45.0,56.0,56.0,True,instance_16741_valuation_matrix.csv,2,6,2.90698,50.6024,17.407206103929166
multiplicative,545,5.0,0.972,9.0,11.0,17.0,20.0,25.0,25.0,True,instance_20618_valuation_matrix.csv,2,4,13.7255,54.902,4.0
multiplicative,546,5.0,1.44,5.0,7.0,11.0,13.0,16.0,16.0,True,instance_11800_valuation_matrix.csv,2,37,1.0582,5.26316,4.973691173691174
multiplicative,547,5.0,0.9,10.0,13.0,19.0,22.0,28.0,28.0,True,instance_14026_valuation_matrix.csv,2,4,7.84314,54.902,7.000002549999108
multiplicative,548,5.0,1.728e-05,,,,,,60000.0,False,instance_15553_valuation_matrix.csv,3,4,0.0234137,95.8957,4095.70892255389
multiplicative,549,5.0,0.09,147.0,176.0,246.0,276.0,348.0,348.0,True,instance_14442_valuation_matrix.csv,2,5,0.265604,92.9615,350.0003765003539
multiplicative,550,5.0,0.216,45.0,57.0,86.0,98.0,127.0,127.0,True,instance_18848_valuation_matrix.csv,2,4,2.85714,45.1613,15.806470806470807
multiplicative,551,5.0,0.5399999999999999,19.0,24.0,35.0,39.0,51.0,51.0,True,instance_19240_valuation_matrix.csv,2,4,5.7971,60.8696,10.500008625002156
multiplicative,552,5.0,1.26,4.0,6.0,10.0,12.0,16.0,16.0,True,instance_15820_valuation_matrix.csv,3,3,18.1818,45.4545,2.5000000000000004
multiplicative,553,5.0,0.72,13.0,16.0,24.0,27.0,35.0,35.0,True,instance_21628_valuation_matrix.csv,2,4,8.04598,64.3678,7.9999950285732755
multiplicative,554,5.0,0.5039999999999999,20.0,25.0,37.0,42.0,54.0,54.0,True,instance_21355_valuation_matrix.csv,2,4,7.84314,70.0,8.924996876251093
multiplicative,555,5.0,0.5399999999999999,19.0,24.0,35.0,39.0,51.0,51.0,True,instance_23860_valuation_matrix.csv,2,4,8.0,65.1163,8.1395375
multiplicative,556,5.0,4.2e-06,,,,,,60000.0,False,instance_14348_valuation_matrix.csv,2,6,0.00575227,98.6104,17142.867076823582
multiplicative,557,5.0,0.1944,60.0,73.0,105.0,119.0,151.0,151.0,True,instance_10950_valuation_matrix.csv,2,4,1.94265,55.5042,28.57138444907729
multiplicative,558,5.0,0.3239999999999999,35.0,43.0,61.0,69.0,88.0,88.0,True,instance_9648_valuation_matrix.csv,2,4,2.09059,73.1707,35.00002391669337
multiplicative,559,5.0,0.1133999999999999,117.0,141.0,196.0,220.0,277.0,277.0,True,instance_22488_valuation_matrix.csv,2,4,0.769231,80.7692,104.99992850002145
multiplicative,560,5.0,0.45,21.0,28.0,58.0,71.0,102.0,102.0,True,instance_15796_valuation_matrix.csv,3,4,5.88235,64.1221,10.900762450381226
multiplicative,561,5.0,0.45,23.0,29.0,42.0,48.0,61.0,61.0,True,instance_17547_valuation_matrix.csv,2,4,8.0,56.0,7.0
multiplicative,562,5.0,0.567,18.0,22.0,33.0,37.0,48.0,48.0,True,instance_11499_valuation_matrix.csv,2,4,6.89655,56.0,8.120002030000506
multiplicative,563,5.0,1.26,4.0,6.0,10.0,12.0,16.0,16.0,True,instance_15818_valuation_matrix.csv,3,3,18.1818,45.4545,2.5000000000000004
multiplicative,564,5.0,0.4859999999999999,20.0,25.0,38.0,44.0,57.0,57.0,True,instance_19076_valuation_matrix.csv,2,4,4.19162,47.9042,11.428564612250156
multiplicative,565,5.0,0.189,62.0,76.0,109.0,123.0,156.0,156.0,True,instance_12860_valuation_matrix.csv,2,4,1.15718,81.0029,70.00025925093762
multiplicative,566,5.0,0.2429999999999999,36.0,46.0,72.0,83.0,108.0,108.0,True,instance_20745_valuation_matrix.csv,2,4,4.60829,38.7097,8.40001388801486
multiplicative,567,5.0,0.45,24.0,29.0,43.0,48.0,62.0,62.0,True,instance_16278_valuation_matrix.csv,2,4,2.40964,75.9036,31.49997510001494
multiplicative,568,5.0,0.4049999999999999,35.0,41.0,56.0,63.0,78.0,78.0,True,instance_11033_valuation_matrix.csv,2,6,2.63158,61.3139,23.299272680290926
multiplicative,569,5.0,1.8,4.0,5.0,8.0,9.0,11.0,11.0,True,instance_9850_valuation_matrix.csv,2,4,15.0,52.5,3.5
multiplicative,570,5.0,0.4859999999999999,23.0,28.0,40.0,46.0,58.0,58.0,True,instance_20321_valuation_matrix.csv,2,5,5.26316,55.814,10.604655758137696
multiplicative,571,5.0,0.9,6.0,8.0,14.0,17.0,23.0,23.0,True,instance_9523_valuation_matrix.csv,2,2,16.6667,83.3333,4.999988000024
multiplicative,572,5.0,0.567,17.0,21.0,31.0,36.0,46.0,46.0,True,instance_14386_valuation_matrix.csv,2,4,8.88889,62.6866,7.052241618469798
multiplicative,573,5.0,0.216,53.0,65.0,94.0,106.0,135.0,135.0,True,instance_13349_valuation_matrix.csv,2,4,2.01005,78.6517,39.129225641153205
multiplicative,574,5.0,0.36,30.0,37.0,54.0,62.0,79.0,79.0,True,instance_17248_valuation_matrix.csv,2,4,3.30579,69.4215,20.999972775040156
multiplicative,575,5.0,1.44,7.0,9.0,14.0,15.0,20.0,20.0,True,instance_18466_valuation_matrix.csv,2,4,12.0,50.9091,4.242425
multiplicative,576,5.0,0.5399999999999999,19.0,23.0,34.0,39.0,50.0,50.0,True,instance_9908_valuation_matrix.csv,2,4,4.44444,65.4206,14.719649719649718
multiplicative,577,5.0,0.5399999999999999,20.0,24.0,35.0,40.0,51.0,51.0,True,instance_18782_valuation_matrix.csv,2,4,4.41176,61.7647,14.000013600014507
multiplicative,578,5.0,2.1599999999999997,3.0,4.0,6.0,7.0,9.0,9.0,True,instance_21006_valuation_matrix.csv,2,3,20.0,50.0,2.5
multiplicative,579,5.0,1.0,0.0,0.0,0.0,0.0,0.0,0.0,True,instance_10709_valuation_matrix.csv,2,2,50.0,50.0,1.0
multiplicative,580,5.0,0.45,23.0,29.0,42.0,48.0,61.0,61.0,True,instance_17351_valuation_matrix.csv,2,4,8.0,56.0,7.0
multiplicative,581,5.0,0.45,23.0,29.0,42.0,48.0,61.0,61.0,True,instance_20360_valuation_matrix.csv,2,4,8.0,56.0,7.0
multiplicative,582,5.0,1.2959999999999998,6.0,8.0,12.0,14.0,18.0,18.0,True,instance_10507_valuation_matrix.csv,2,4,9.09091,40.0,4.399999560000045
multiplicative,583,5.0,0.45,23.0,29.0,42.0,48.0,61.0,61.0,True,instance_18708_valuation_matrix.csv,2,4,4.91803,68.8525,14.000016266675885
multiplicative,584,5.0,0.9,5.0,8.0,15.0,18.0,24.0,24.0,True,instance_15719_valuation_matrix.csv,2,4,11.1111,44.6809,4.0212850212850215
multiplicative,585,5.0,0.8099999999999999,16.0,19.0,26.0,29.0,36.0,36.0,True,instance_20800_valuation_matrix.csv,2,12,1.86916,25.8805,13.846059192364486
multiplicative,586,5.0,0.1944,66.0,80.0,112.0,125.0,158.0,158.0,True,instance_14334_valuation_matrix.csv,2,5,1.62162,81.0811,50.000061666728335
multiplicative,587,5.0,0.36,25.0,32.0,49.0,57.0,74.0,74.0,True,instance_13715_valuation_matrix.csv,2,4,4.79042,56.0,11.689997954250357
multiplicative,588,5.0,0.1457999999999999,82.0,99.0,142.0,161.0,204.0,204.0,True,instance_15638_valuation_matrix.csv,2,4,0.55666,71.5706,128.57147989796283
multiplicative,589,5.0,0.5399999999999999,19.0,24.0,35.0,39.0,50.0,50.0,True,instance_21830_valuation_matrix.csv,2,4,7.69231,66.1417,8.598418420474474
multiplicative,590,5.0,0.3239999999999999,29.0,37.0,55.0,63.0,81.0,81.0,True,instance_19741_valuation_matrix.csv,2,4,3.0303,44.6809,14.744711744711745
multiplicative,591,5.0,0.63,12.0,15.0,24.0,28.0,38.0,38.0,True,instance_20625_valuation_matrix.csv,2,3,13.3333,71.4286,5.3571583928959825
multiplicative,592,5.0,1.0,0.0,0.0,0.0,0.0,0.0,0.0,True,instance_20238_valuation_matrix.csv,3,4,25.0,25.0,1.0
multiplicative,593,5.0,0.45,23.0,29.0,42.0,48.0,61.0,61.0,True,instance_11564_valuation_matrix.csv,2,4,8.0,56.0,7.0
multiplicative,594,5.0,0.4049999999999999,27.0,33.0,48.0,54.0,69.0,69.0,True,instance_10295_valuation_matrix.csv,2,4,7.2165,72.1649,9.99998614286704
multiplicative,595,5.0,0.72,14.0,17.0,25.0,28.0,36.0,36.0,True,instance_11100_valuation_matrix.csv,2,4,6.15385,49.4118,8.029412481617198
multiplicative,596,5.0,0.8099999999999999,12.0,15.0,22.0,25.0,32.0,32.0,True,instance_16332_valuation_matrix.csv,2,4,6.639,58.0913,8.750007531254706
multiplicative,597,5.0,0.5399999999999999,16.0,21.0,32.0,37.0,49.0,49.0,True,instance_10068_valuation_matrix.csv,2,4,5.26316,44.6809,8.489367604252958
multiplicative,598,5.0,0.288,39.0,48.0,69.0,78.0,100.0,100.0,True,instance_12872_valuation_matrix.csv,2,4,2.62172,56.0,21.360023190882323
multiplicative,599,5.0,0.6479999999999999,22.0,29.0,45.0,51.0,66.0,66.0,True,instance_21448_valuation_matrix.csv,2,4,3.46535,49.505,14.285714285714286
multiplicative,600,5.0,0.36,33.0,40.0,57.0,64.0,81.0,81.0,True,instance_19020_valuation_matrix.csv,2,4,1.4862,84.9257,57.14284753061499
multiplicative,601,5.0,0.45,20.0,25.0,39.0,44.0,58.0,58.0,True,instance_9548_valuation_matrix.csv,3,3,9.85915,78.8732,8.0
multiplicative,602,5.0,1.2959999999999998,8.0,9.0,14.0,15.0,20.0,20.0,True,instance_15237_valuation_matrix.csv,2,4,6.77966,47.4576,6.999997049999558
multiplicative,603,5.0,0.3239999999999999,34.0,42.0,60.0,69.0,88.0,88.0,True,instance_12461_valuation_matrix.csv,2,4,1.46879,71.9706,48.99992510842258
multiplicative,604,5.0,0.8099999999999999,13.0,16.0,23.0,27.0,34.0,34.0,True,instance_12998_valuation_matrix.csv,2,4,8.4507,59.1549,7.0
multiplicative,605,5.0,0.18,65.0,79.0,114.0,129.0,164.0,164.0,True,instance_22966_valuation_matrix.csv,2,4,1.30152,64.6154,49.646106091339355
multiplicative,606,5.0,1.26,6.0,8.0,12.0,14.0,18.0,18.0,True,instance_10171_valuation_matrix.csv,2,4,14.4928,50.7246,3.4999862000441597
multiplicative,607,5.0,1.26,6.0,8.0,12.0,13.0,18.0,18.0,True,instance_11984_valuation_matrix.csv,2,3,12.0,56.0,4.666666666666667
multiplicative,608,5.0,0.5399999999999999,19.0,24.0,35.0,39.0,51.0,51.0,True,instance_18867_valuation_matrix.csv,2,4,7.2165,72.1649,9.99998614286704
multiplicative,609,5.0,0.1944,62.0,76.0,109.0,124.0,157.0,157.0,True,instance_18894_valuation_matrix.csv,2,4,2.58065,63.2258,24.49995156259082
multiplicative,610,5.0,0.2429999999999999,42.0,52.0,76.0,87.0,112.0,112.0,True,instance_22129_valuation_matrix.csv,2,4,2.3753,53.1646,22.382267503052244
multiplicative,611,5.0,0.6479999999999999,16.0,20.0,29.0,33.0,42.0,42.0,True,instance_14627_valuation_matrix.csv,2,4,6.15385,50.9091,8.272723579547764
multiplicative,612,5.0,1.0,0.0,0.0,0.0,0.0,0.0,0.0,True,instance_17867_valuation_matrix.csv,3,3,33.3333,33.3333,1.0
multiplicative,613,5.0,1.62,6.0,7.0,11.0,12.0,15.0,15.0,True,instance_12780_valuation_matrix.csv,2,4,12.0,60.0,5.0
multiplicative,614,5.0,0.45,23.0,29.0,42.0,48.0,61.0,61.0,True,instance_14243_valuation_matrix.csv,2,4,8.0,56.0,7.0
multiplicative,615,5.0,0.18,64.0,79.0,113.0,128.0,163.0,163.0,True,instance_18550_valuation_matrix.csv,2,4,0.75188,63.1579,83.99997340001063
multiplicative,616,5.0,0.9,10.0,12.0,18.0,21.0,27.0,27.0,True,instance_19025_valuation_matrix.csv,2,4,8.51064,59.5745,7.00000234999953
multiplicative,617,5.0,0.3239999999999999,34.0,41.0,60.0,68.0,87.0,87.0,True,instance_16672_valuation_matrix.csv,2,4,4.7619,66.6667,14.000021000021002
multiplicative,618,5.0,0.5399999999999999,19.0,23.0,34.0,39.0,50.0,50.0,True,instance_12884_valuation_matrix.csv,2,4,4.28571,60.0,14.000014000014
multiplicative,619,5.0,0.144,86.0,105.0,149.0,168.0,213.0,213.0,True,instance_21029_valuation_matrix.csv,2,4,1.26582,70.8861,56.000142200312844
multiplicative,620,5.0,0.288,46.0,56.0,78.0,87.0,109.0,109.0,True,instance_16524_valuation_matrix.csv,2,4,2.7027,56.7568,21.000037000036997
multiplicative,621,5.0,0.45,24.0,29.0,43.0,49.0,62.0,62.0,True,instance_10014_valuation_matrix.csv,2,4,4.44444,56.0,12.6000126000126
multiplicative,622,5.0,1.26,6.0,8.0,12.0,14.0,18.0,18.0,True,instance_23737_valuation_matrix.csv,2,4,14.4928,50.7246,3.4999862000441597
multiplicative,623,5.0,1.0799999999999998,8.0,10.0,15.0,17.0,22.0,22.0,True,instance_12236_valuation_matrix.csv,2,6,6.03448,31.0345,5.142862351022789
multiplicative,624,5.0,0.72,14.0,17.0,25.0,29.0,37.0,37.0,True,instance_12041_valuation_matrix.csv,2,4,6.54206,65.4206,9.999999999999998
multiplicative,625,5.0,5.184000000000001e-06,,,,,,60000.0,False,instance_15197_valuation_matrix.csv,2,4,0.0278629,98.385,3531.0394826094916
multiplicative,626,5.0,0.2699999999999999,41.0,50.0,73.0,83.0,106.0,106.0,True,instance_13454_valuation_matrix.csv,2,4,5.6338,59.1549,10.5
multiplicative,627,5.0,0.5399999999999999,16.0,21.0,31.0,36.0,47.0,47.0,True,instance_10890_valuation_matrix.csv,2,4,5.55556,44.4444,7.99998560001152
multiplicative,628,5.0,0.2699999999999999,42.0,52.0,74.0,84.0,107.0,107.0,True,instance_18891_valuation_matrix.csv,2,4,2.02703,70.9459,34.99992600010853
multiplicative,629,5.0,0.45,23.0,29.0,42.0,48.0,61.0,61.0,True,instance_14086_valuation_matrix.csv,2,4,8.0,56.0,7.0
multiplicative,630,5.0,0.36,31.0,38.0,55.0,62.0,79.0,79.0,True,instance_16020_valuation_matrix.csv,2,4,2.67857,58.3333,21.777776948147704
multiplicative,631,5.0,0.8099999999999999,16.0,19.0,26.0,29.0,36.0,36.0,True,instance_20799_valuation_matrix.csv,2,12,1.86916,25.8805,13.846059192364486
multiplicative,632,5.0,0.2699999999999999,42.0,51.0,74.0,84.0,107.0,107.0,True,instance_17474_valuation_matrix.csv,2,4,2.94118,68.5714,23.31424802290237
multiplicative,633,5.0,0.1134,107.0,130.0,185.0,209.0,265.0,265.0,True,instance_17069_valuation_matrix.csv,2,4,0.694786,69.4786,100.0
multiplicative,634,5.0,0.45,23.0,29.0,42.0,48.0,61.0,61.0,True,instance_18814_valuation_matrix.csv,2,4,8.0,56.0,7.0
multiplicative,635,5.0,0.126,110.0,131.0,181.0,202.0,252.0,252.0,True,instance_14610_valuation_matrix.csv,2,12,0.636943,17.5055,27.483620983353298
multiplicative,636,5.0,0.18,65.0,80.0,114.0,129.0,164.0,164.0,True,instance_9787_valuation_matrix.csv,4,4,0.51458,84.9057,164.99999999999997
multiplicative,637,5.0,0.756,10.0,34.0,44.0,48.0,57.0,57.0,True,instance_10102_valuation_matrix.csv,2,4,2.83401,80.9717,28.57142353061563
multiplicative,638,5.0,0.72,14.0,17.0,25.0,28.0,36.0,36.0,True,instance_11099_valuation_matrix.csv,2,4,6.15385,49.4118,8.029412481617198
multiplicative,639,5.0,0.9,10.0,12.0,19.0,21.0,28.0,28.0,True,instance_17211_valuation_matrix.csv,2,4,9.6538,46.6045,4.827580848992107
multiplicative,640,5.0,3.5,5.0,5.0,6.0,6.0,7.0,7.0,True,instance_12961_valuation_matrix.csv,3,3,11.1111,66.6667,6.000009000009
multiplicative,641,5.0,0.2186999999999999,53.0,65.0,93.0,105.0,134.0,134.0,True,instance_17675_valuation_matrix.csv,2,4,2.54237,71.1864,28.000015733351166
multiplicative,642,5.0,0.5399999999999999,19.0,24.0,35.0,39.0,51.0,51.0,True,instance_20939_valuation_matrix.csv,2,4,5.7971,60.8696,10.500008625002156
multiplicative,643,5.0,0.5399999999999999,19.0,24.0,35.0,39.0,51.0,51.0,True,instance_20940_valuation_matrix.csv,2,4,5.7971,60.8696,10.500008625002156
multiplicative,644,5.0,0.45,23.0,29.0,42.0,48.0,61.0,61.0,True,instance_14122_valuation_matrix.csv,2,4,8.0,56.0,7.0
multiplicative,645,5.0,0.45,20.0,25.0,39.0,44.0,58.0,58.0,True,instance_9542_valuation_matrix.csv,3,3,9.85915,78.8732,8.0
multiplicative,646,5.0,8.000000000000001e-06,,,,,,60000.0,False,instance_20137_valuation_matrix.csv,2,4,0.0019723,98.6151,50000.050702225824
multiplicative,647,5.0,0.45,23.0,29.0,42.0,48.0,61.0,61.0,True,instance_18751_valuation_matrix.csv,2,4,8.0,56.0,7.0
multiplicative,648,5.0,1.0,0.0,0.0,0.0,0.0,0.0,0.0,True,instance_16480_valuation_matrix.csv,2,3,33.3333,33.3333,1.0
multiplicative,649,5.0,0.45,23.0,29.0,42.0,48.0,61.0,61.0,True,instance_19305_valuation_matrix.csv,2,4,8.0,56.0,7.0
multiplicative,650,5.0,0.972,6.0,8.0,14.0,16.0,22.0,22.0,True,instance_11760_valuation_matrix.csv,2,2,20.0,80.0,4.0
multiplicative,651,5.0,0.576,18.0,22.0,32.0,37.0,47.0,47.0,True,instance_15072_valuation_matrix.csv,2,4,8.86076,70.8861,8.000002257142727
multiplicative,652,5.0,0.72,14.0,17.0,25.0,28.0,36.0,36.0,True,instance_16821_valuation_matrix.csv,2,4,9.83607,68.8525,7.00000101666621
multiplicative,653,5.0,0.144,92.0,111.0,154.0,173.0,217.0,217.0,True,instance_14350_valuation_matrix.csv,2,6,0.253936,77.1803,303.93603112595304
multiplicative,654,5.0,0.2699999999999999,43.0,52.0,75.0,85.0,108.0,108.0,True,instance_13771_valuation_matrix.csv,2,4,1.92926,67.5241,35.0
multiplicative,655,5.0,0.45,23.0,29.0,42.0,48.0,61.0,61.0,True,instance_12619_valuation_matrix.csv,2,4,8.0,56.0,7.0
multiplicative,656,5.0,0.10206,119.0,144.0,206.0,232.0,295.0,295.0,True,instance_14329_valuation_matrix.csv,2,4,0.470219,82.2884,175.0001595001478
multiplicative,657,5.0,0.36,31.0,38.0,54.0,62.0,79.0,79.0,True,instance_15921_valuation_matrix.csv,2,4,4.41176,61.7647,14.000013600014507
multiplicative,658,5.0,0.2699999999999999,41.0,51.0,73.0,83.0,106.0,106.0,True,instance_20793_valuation_matrix.csv,3,4,5.55556,77.7778,13.99999280000576
multiplicative,659,5.0,0.18,54.0,69.0,106.0,123.0,169.0,169.0,True,instance_15800_valuation_matrix.csv,3,4,2.12766,63.8298,29.999999999999996
multiplicative,660,5.0,5e-06,,,,,,60000.0,False,instance_10563_valuation_matrix.csv,2,4,0.0010857,97.7132,90000.18421295017
multiplicative,661,5.0,4.0,1.0,1.0,2.0,2.0,2.0,2.0,True,instance_17526_valuation_matrix.csv,2,2,42.8571,57.1429,1.333335666669
multiplicative,662,5.0,0.4049999999999999,26.0,32.0,47.0,54.0,69.0,69.0,True,instance_15573_valuation_matrix.csv,2,4,5.47945,57.5342,10.499995437498288
multiplicative,663,5.0,0.72,10.0,16.0,33.0,40.0,55.0,55.0,True,instance_22231_valuation_matrix.csv,2,4,6.30631,50.4505,8.000003171426714
multiplicative,664,5.0,0.18,60.0,74.0,109.0,124.0,158.0,158.0,True,instance_14311_valuation_matrix.csv,2,4,2.17391,45.6522,21.000041400057963
multiplicative,665,5.0,0.4049999999999999,26.0,32.0,47.0,53.0,69.0,69.0,True,instance_20297_valuation_matrix.csv,2,4,4.87805,72.4138,14.844825288793677
multiplicative,666,5.0,0.63,16.0,19.0,29.0,33.0,42.0,42.0,True,instance_18754_valuation_matrix.csv,2,4,6.10687,64.1221,10.499994268749786
multiplicative,667,5.0,3.6e-05,,,,,,60000.0,False,instance_10755_valuation_matrix.csv,3,3,0.0547146,99.8541,1824.999177550416
multiplicative,668,5.0,0.45,31.0,36.0,50.0,55.0,69.0,69.0,True,instance_19645_valuation_matrix.csv,4,8,0.581395,69.7674,119.99999999999999
multiplicative,669,5.0,0.45,20.0,25.0,39.0,44.0,58.0,58.0,True,instance_9547_valuation_matrix.csv,3,3,9.85915,78.8732,8.0
