rho,instance_idx,method,initial_eta,backoff_factor,epsilon,target_epsilon,iteration_budget,status,final_norm,final_eta,min_accepted_eta,max_accepted_eta,mean_accepted_eta,mean_admissible_eta_bound,total_backoffs,max_backoffs_single_step,terminal_status,iterations_to_epsilon
1.2,0,additive,10.0,0.99,0.1,0.001,20000,converged,0.0009819657224918307,0.023335781103498335,0.023335781103498335,0.11535233798383826,0.02356242286921345,778.2587229765651,603,444,converged,178.0
1.2,0,additive,10.0,0.99,0.05,0.001,20000,converged,0.0009819657224918307,0.023335781103498335,0.023335781103498335,0.11535233798383826,0.02356242286921345,778.2587229765651,603,444,converged,217.0
1.2,0,additive,10.0,0.99,0.01,0.001,20000,converged,0.0009819657224918307,0.023335781103498335,0.023335781103498335,0.11535233798383826,0.02356242286921345,778.2587229765651,603,444,converged,296.0
1.2,0,additive,10.0,0.99,0.005,0.001,20000,converged,0.0009819657224918307,0.023335781103498335,0.023335781103498335,0.11535233798383826,0.02356242286921345,778.2587229765651,603,444,converged,329.0
1.2,0,additive,10.0,0.99,0.001,0.001,20000,converged,0.0009819657224918307,0.023335781103498335,0.023335781103498335,0.11535233798383826,0.02356242286921345,778.2587229765651,603,444,converged,406.0
1.2,1,additive,10.0,0.99,0.1,0.001,20000,budget_exhausted,0.6503631341950028,0.03896075980801894,0.03896075980801894,0.09723546814439864,0.03896367354343576,2.973127694423389,552,461,budget_exhausted,
1.2,1,additive,10.0,0.99,0.05,0.001,20000,budget_exhausted,0.6503631341950028,0.03896075980801894,0.03896075980801894,0.09723546814439864,0.03896367354343576,2.973127694423389,552,461,budget_exhausted,
1.2,1,additive,10.0,0.99,0.01,0.001,20000,budget_exhausted,0.6503631341950028,0.03896075980801894,0.03896075980801894,0.09723546814439864,0.03896367354343576,2.973127694423389,552,461,budget_exhausted,
1.2,1,additive,10.0,0.99,0.005,0.001,20000,budget_exhausted,0.6503631341950028,0.03896075980801894,0.03896075980801894,0.09723546814439864,0.03896367354343576,2.973127694423389,552,461,budget_exhausted,
1.2,1,additive,10.0,0.99,0.001,0.001,20000,budget_exhausted,0.6503631341950028,0.03896075980801894,0.03896075980801894,0.09723546814439864,0.03896367354343576,2.973127694423389,552,461,budget_exhausted,
1.2,2,additive,10.0,0.99,0.1,0.001,20000,budget_exhausted,0.7292600458700755,0.0505955543144036,0.0505955543144036,0.057080796309672555,0.05059587857650338,1.4609338941811767,526,514,budget_exhausted,
1.2,2,additive,10.0,0.99,0.05,0.001,20000,budget_exhausted,0.7292600458700755,0.0505955543144036,0.0505955543144036,0.057080796309672555,0.05059587857650338,1.4609338941811767,526,514,budget_exhausted,
1.2,2,additive,10.0,0.99,0.01,0.001,20000,budget_exhausted,0.7292600458700755,0.0505955543144036,0.0505955543144036,0.057080796309672555,0.05059587857650338,1.4609338941811767,526,514,budget_exhausted,
1.2,2,additive,10.0,0.99,0.005,0.001,20000,budget_exhausted,0.7292600458700755,0.0505955543144036,0.0505955543144036,0.057080796309672555,0.05059587857650338,1.4609338941811767,526,514,budget_exhausted,
1.2,2,additive,10.0,0.99,0.001,0.001,20000,budget_exhausted,0.7292600458700755,0.0505955543144036,0.0505955543144036,0.057080796309672555,0.05059587857650338,1.4609338941811767,526,514,budget_exhausted,
1.2,3,additive,10.0,0.99,0.1,0.001,20000,budget_exhausted,0.7768340545046787,0.03384699694551435,0.03384699694551435,0.109698925655332,0.033853494092824815,0.1509415290112221,566,449,budget_exhausted,
1.2,3,additive,10.0,0.99,0.05,0.001,20000,budget_exhausted,0.7768340545046787,0.03384699694551435,0.03384699694551435,0.109698925655332,0.033853494092824815,0.1509415290112221,566,449,budget_exhausted,
1.2,3,additive,10.0,0.99,0.01,0.001,20000,budget_exhausted,0.7768340545046787,0.03384699694551435,0.03384699694551435,0.109698925655332,0.033853494092824815,0.1509415290112221,566,449,budget_exhausted,
1.2,3,additive,10.0,0.99,0.005,0.001,20000,budget_exhausted,0.7768340545046787,0.03384699694551435,0.03384699694551435,0.109698925655332,0.033853494092824815,0.1509415290112221,566,449,budget_exhausted,
1.2,3,additive,10.0,0.99,0.001,0.001,20000,budget_exhausted,0.7768340545046787,0.03384699694551435,0.03384699694551435,0.109698925655332,0.033853494092824815,0.1509415290112221,566,449,budget_exhausted,
1.2,4,additive,10.0,0.99,0.1,0.001,20000,budget_exhausted,0.7876916032300302,0.03218815731417984,0.03218815731417984,0.14103357323598384,0.03220387427798758,4.988172548363962,571,424,budget_exhausted,
1.2,4,additive,10.0,0.99,0.05,0.001,20000,budget_exhausted,0.7876916032300302,0.03218815731417984,0.03218815731417984,0.14103357323598384,0.03220387427798758,4.988172548363962,571,424,budget_exhausted,
1.2,4,additive,10.0,0.99,0.01,0.001,20000,budget_exhausted,0.7876916032300302,0.03218815731417984,0.03218815731417984,0.14103357323598384,0.03220387427798758,4.988172548363962,571,424,budget_exhausted,
1.2,4,additive,10.0,0.99,0.005,0.001,20000,budget_exhausted,0.7876916032300302,0.03218815731417984,0.03218815731417984,0.14103357323598384,0.03220387427798758,4.988172548363962,571,424,budget_exhausted,
1.2,4,additive,10.0,0.99,0.001,0.001,20000,budget_exhausted,0.7876916032300302,0.03218815731417984,0.03218815731417984,0.14103357323598384,0.03220387427798758,4.988172548363962,571,424,budget_exhausted,
1.2,5,additive,10.0,0.99,0.1,0.001,20000,budget_exhausted,0.7289409180481573,0.031547612983627654,0.031547612983627654,0.09626311346295464,0.03155768020213971,7.194239957772204,573,462,budget_exhausted,
1.2,5,additive,10.0,0.99,0.05,0.001,20000,budget_exhausted,0.7289409180481573,0.031547612983627654,0.031547612983627654,0.09626311346295464,0.03155768020213971,7.194239957772204,573,462,budget_exhausted,
1.2,5,additive,10.0,0.99,0.01,0.001,20000,budget_exhausted,0.7289409180481573,0.031547612983627654,0.031547612983627654,0.09626311346295464,0.03155768020213971,7.194239957772204,573,462,budget_exhausted,
1.2,5,additive,10.0,0.99,0.005,0.001,20000,budget_exhausted,0.7289409180481573,0.031547612983627654,0.031547612983627654,0.09626311346295464,0.03155768020213971,7.194239957772204,573,462,budget_exhausted,
1.2,5,additive,10.0,0.99,0.001,0.001,20000,budget_exhausted,0.7289409180481573,0.031547612983627654,0.031547612983627654,0.09626311346295464,0.03155768020213971,7.194239957772204,573,462,budget_exhausted,
1.2,6,additive,10.0,0.99,0.1,0.001,20000,budget_exhausted,0.9574138360867305,0.06703890462620747,0.06703890462620747,0.11888329059788608,0.06705784529021619,0.8443725858982112,498,441,budget_exhausted,
1.2,6,additive,10.0,0.99,0.05,0.001,20000,budget_exhausted,0.9574138360867305,0.06703890462620747,0.06703890462620747,0.11888329059788608,0.06705784529021619,0.8443725858982112,498,441,budget_exhausted,
1.2,6,additive,10.0,0.99,0.01,0.001,20000,budget_exhausted,0.9574138360867305,0.06703890462620747,0.06703890462620747,0.11888329059788608,0.06705784529021619,0.8443725858982112,498,441,budget_exhausted,
1.2,6,additive,10.0,0.99,0.005,0.001,20000,budget_exhausted,0.9574138360867305,0.06703890462620747,0.06703890462620747,0.11888329059788608,0.06705784529021619,0.8443725858982112,498,441,budget_exhausted,
1.2,6,additive,10.0,0.99,0.001,0.001,20000,budget_exhausted,0.9574138360867305,0.06703890462620747,0.06703890462620747,0.11888329059788608,0.06705784529021619,0.8443725858982112,498,441,budget_exhausted,
1.2,7,additive,10.0,0.99,0.1,0.001,20000,budget_exhausted,1.5613279962212947,0.0511066205195996,0.0511066205195996,0.08033289290486684,0.05110988320983238,0.11422304569818002,525,480,budget_exhausted,
1.2,7,additive,10.0,0.99,0.05,0.001,20000,budget_exhausted,1.5613279962212947,0.0511066205195996,0.0511066205195996,0.08033289290486684,0.05110988320983238,0.11422304569818002,525,480,budget_exhausted,
1.2,7,additive,10.0,0.99,0.01,0.001,20000,budget_exhausted,1.5613279962212947,0.0511066205195996,0.0511066205195996,0.08033289290486684,0.05110988320983238,0.11422304569818002,525,480,budget_exhausted,
1.2,7,additive,10.0,0.99,0.005,0.001,20000,budget_exhausted,1.5613279962212947,0.0511066205195996,0.0511066205195996,0.08033289290486684,0.05110988320983238,0.11422304569818002,525,480,budget_exhausted,
1.2,7,additive,10.0,0.99,0.001,0.001,20000,budget_exhausted,1.5613279962212947,0.0511066205195996,0.0511066205195996,0.08033289290486684,0.05110988320983238,0.11422304569818002,525,480,budget_exhausted,
1.2,8,additive,10.0,0.99,0.1,0.001,20000,budget_exhausted,1.3055565491737386,0.0631157979431612,0.0631157979431612,0.1275482356090652,0.06311901956504451,0.29380118407139216,504,434,budget_exhausted,
1.2,8,additive,10.0,0.99,0.05,0.001,20000,budget_exhausted,1.3055565491737386,0.0631157979431612,0.0631157979431612,0.1275482356090652,0.06311901956504451,0.29380118407139216,504,434,budget_exhausted,
1.2,8,additive,10.0,0.99,0.01,0.001,20000,budget_exhausted,1.3055565491737386,0.0631157979431612,0.0631157979431612,0.1275482356090652,0.06311901956504451,0.29380118407139216,504,434,budget_exhausted,
1.2,8,additive,10.0,0.99,0.005,0.001,20000,budget_exhausted,1.3055565491737386,0.0631157979431612,0.0631157979431612,0.1275482356090652,0.06311901956504451,0.29380118407139216,504,434,budget_exhausted,
1.2,8,additive,10.0,0.99,0.001,0.001,20000,budget_exhausted,1.3055565491737386,0.0631157979431612,0.0631157979431612,0.1275482356090652,0.06311901956504451,0.29380118407139216,504,434,budget_exhausted,
1.2,9,additive,10.0,0.99,0.1,0.001,20000,budget_exhausted,0.3162031779884599,0.02796332688744289,0.02796332688744289,0.09062981044490795,0.02796646021162077,14.014033444028895,585,468,budget_exhausted,
1.2,9,additive,10.0,0.99,0.05,0.001,20000,budget_exhausted,0.3162031779884599,0.02796332688744289,0.02796332688744289,0.09062981044490795,0.02796646021162077,14.014033444028895,585,468,budget_exhausted,
1.2,9,additive,10.0,0.99,0.01,0.001,20000,budget_exhausted,0.3162031779884599,0.02796332688744289,0.02796332688744289,0.09062981044490795,0.02796646021162077,14.014033444028895,585,468,budget_exhausted,
1.2,9,additive,10.0,0.99,0.005,0.001,20000,budget_exhausted,0.3162031779884599,0.02796332688744289,0.02796332688744289,0.09062981044490795,0.02796646021162077,14.014033444028895,585,468,budget_exhausted,
1.2,9,additive,10.0,0.99,0.001,0.001,20000,budget_exhausted,0.3162031779884599,0.02796332688744289,0.02796332688744289,0.09062981044490795,0.02796646021162077,14.014033444028895,585,468,budget_exhausted,
1.2,0,multiplicative,10.0,0.99,0.1,0.001,20000,converged,0.0009301680872135093,0.12129710294652186,0.12129710294652186,0.2129509249963107,0.12222289912884302,772.1084221681593,439,383,converged,62.0
1.2,0,multiplicative,10.0,0.99,0.05,0.001,20000,converged,0.0009301680872135093,0.12129710294652186,0.12129710294652186,0.2129509249963107,0.12222289912884302,772.1084221681593,439,383,converged,63.0
1.2,0,multiplicative,10.0,0.99,0.01,0.001,20000,converged,0.0009301680872135093,0.12129710294652186,0.12129710294652186,0.2129509249963107,0.12222289912884302,772.1084221681593,439,383,converged,72.0
1.2,0,multiplicative,10.0,0.99,0.005,0.001,20000,converged,0.0009301680872135093,0.12129710294652186,0.12129710294652186,0.2129509249963107,0.12222289912884302,772.1084221681593,439,383,converged,80.0
1.2,0,multiplicative,10.0,0.99,0.001,0.001,20000,converged,0.0009301680872135093,0.12129710294652186,0.12129710294652186,0.2129509249963107,0.12222289912884302,772.1084221681593,439,383,converged,99.0
1.2,1,multiplicative,10.0,0.99,0.1,0.001,20000,converged,0.0009134012325395588,0.15284138081489734,0.15284138081489734,0.15751987873315065,0.15290821649944378,268.05195262094594,416,413,converged,41.0
1.2,1,multiplicative,10.0,0.99,0.05,0.001,20000,converged,0.0009134012325395588,0.15284138081489734,0.15284138081489734,0.15751987873315065,0.15290821649944378,268.05195262094594,416,413,converged,42.0
1.2,1,multiplicative,10.0,0.99,0.01,0.001,20000,converged,0.0009134012325395588,0.15284138081489734,0.15284138081489734,0.15751987873315065,0.15290821649944378,268.05195262094594,416,413,converged,49.0
1.2,1,multiplicative,10.0,0.99,0.005,0.001,20000,converged,0.0009134012325395588,0.15284138081489734,0.15284138081489734,0.15751987873315065,0.15290821649944378,268.05195262094594,416,413,converged,55.0
1.2,1,multiplicative,10.0,0.99,0.001,0.001,20000,converged,0.0009134012325395588,0.15284138081489734,0.15284138081489734,0.15751987873315065,0.15290821649944378,268.05195262094594,416,413,converged,70.0
1.2,2,multiplicative,10.0,0.99,0.1,0.001,20000,converged,0.0009814059825239124,0.0915452630756646,0.0915452630756646,0.0915452630756646,0.09154526307566457,2002.834815304002,467,467,converged,41.0
1.2,2,multiplicative,10.0,0.99,0.05,0.001,20000,converged,0.0009814059825239124,0.0915452630756646,0.0915452630756646,0.0915452630756646,0.09154526307566457,2002.834815304002,467,467,converged,55.0
1.2,2,multiplicative,10.0,0.99,0.01,0.001,20000,converged,0.0009814059825239124,0.0915452630756646,0.0915452630756646,0.0915452630756646,0.09154526307566457,2002.834815304002,467,467,converged,118.0
1.2,2,multiplicative,10.0,0.99,0.005,0.001,20000,converged,0.0009814059825239124,0.0915452630756646,0.0915452630756646,0.0915452630756646,0.09154526307566457,2002.834815304002,467,467,converged,137.0
1.2,2,multiplicative,10.0,0.99,0.001,0.001,20000,converged,0.0009814059825239124,0.0915452630756646,0.0915452630756646,0.0915452630756646,0.09154526307566457,2002.834815304002,467,467,converged,179.0
1.2,3,multiplicative,10.0,0.99,0.1,0.001,20000,converged,0.0009004913380985437,0.18315022217166738,0.18315022217166738,0.18315022217166738,0.18315022217166738,2198.944729241073,398,398,converged,26.0
1.2,3,multiplicative,10.0,0.99,0.05,0.001,20000,converged,0.0009004913380985437,0.18315022217166738,0.18315022217166738,0.18315022217166738,0.18315022217166738,2198.944729241073,398,398,converged,32.0
1.2,3,multiplicative,10.0,0.99,0.01,0.001,20000,converged,0.0009004913380985437,0.18315022217166738,0.18315022217166738,0.18315022217166738,0.18315022217166738,2198.944729241073,398,398,converged,48.0
1.2,3,multiplicative,10.0,0.99,0.005,0.001,20000,converged,0.0009004913380985437,0.18315022217166738,0.18315022217166738,0.18315022217166738,0.18315022217166738,2198.944729241073,398,398,converged,54.0
1.2,3,multiplicative,10.0,0.99,0.001,0.001,20000,converged,0.0009004913380985437,0.18315022217166738,0.18315022217166738,0.18315022217166738,0.18315022217166738,2198.944729241073,398,398,converged,69.0
1.2,4,multiplicative,10.0,0.99,0.1,0.001,20000,converged,0.0009113954915960271,0.23784410415102913,0.23784410415102913,0.24512454836192674,0.23816767944929135,643.2896400307169,372,369,converged,22.0
1.2,4,multiplicative,10.0,0.99,0.05,0.001,20000,converged,0.0009113954915960271,0.23784410415102913,0.23784410415102913,0.24512454836192674,0.23816767944929135,643.2896400307169,372,369,converged,23.0
1.2,4,multiplicative,10.0,0.99,0.01,0.001,20000,converged,0.0009113954915960271,0.23784410415102913,0.23784410415102913,0.24512454836192674,0.23816767944929135,643.2896400307169,372,369,converged,29.0
1.2,4,multiplicative,10.0,0.99,0.005,0.001,20000,converged,0.0009113954915960271,0.23784410415102913,0.23784410415102913,0.24512454836192674,0.23816767944929135,643.2896400307169,372,369,converged,34.0
1.2,4,multiplicative,10.0,0.99,0.001,0.001,20000,converged,0.0009113954915960271,0.23784410415102913,0.23784410415102913,0.24512454836192674,0.23816767944929135,643.2896400307169,372,369,converged,45.0
1.2,5,multiplicative,10.0,0.99,0.1,0.001,20000,converged,0.0009729069447165764,0.16398140018627672,0.16398140018627672,0.16398140018627672,0.16398140018627672,463.7693244307292,409,409,converged,29.0
1.2,5,multiplicative,10.0,0.99,0.05,0.001,20000,converged,0.0009729069447165764,0.16398140018627672,0.16398140018627672,0.16398140018627672,0.16398140018627672,463.7693244307292,409,409,converged,34.0
1.2,5,multiplicative,10.0,0.99,0.01,0.001,20000,converged,0.0009729069447165764,0.16398140018627672,0.16398140018627672,0.16398140018627672,0.16398140018627672,463.7693244307292,409,409,converged,50.0
1.2,5,multiplicative,10.0,0.99,0.005,0.001,20000,converged,0.0009729069447165764,0.16398140018627672,0.16398140018627672,0.16398140018627672,0.16398140018627672,463.7693244307292,409,409,converged,57.0
1.2,5,multiplicative,10.0,0.99,0.001,0.001,20000,converged,0.0009729069447165764,0.16398140018627672,0.16398140018627672,0.16398140018627672,0.16398140018627672,463.7693244307292,409,409,converged,74.0
1.2,6,multiplicative,10.0,0.99,0.1,0.001,20000,converged,0.0008943376537385597,0.19258899942320773,0.19258899942320773,0.19258899942320773,0.19258899942320773,145.3619552029385,393,393,converged,23.0
1.2,6,multiplicative,10.0,0.99,0.05,0.001,20000,converged,0.0008943376537385597,0.19258899942320773,0.19258899942320773,0.19258899942320773,0.19258899942320773,145.3619552029385,393,393,converged,25.0
1.2,6,multiplicative,10.0,0.99,0.01,0.001,20000,converged,0.0008943376537385597,0.19258899942320773,0.19258899942320773,0.19258899942320773,0.19258899942320773,145.3619552029385,393,393,converged,44.0
1.2,6,multiplicative,10.0,0.99,0.005,0.001,20000,converged,0.0008943376537385597,0.19258899942320773,0.19258899942320773,0.19258899942320773,0.19258899942320773,145.3619552029385,393,393,converged,166.0
1.2,6,multiplicative,10.0,0.99,0.001,0.001,20000,converged,0.0008943376537385597,0.19258899942320773,0.19258899942320773,0.19258899942320773,0.19258899942320773,145.3619552029385,393,393,converged,181.0
1.2,7,multiplicative,10.0,0.99,0.1,0.001,20000,converged,0.000970012980965171,0.13822700512858774,0.13822700512858774,0.13822700512858774,0.13822700512858777,360.2027561443152,426,426,converged,33.0
1.2,7,multiplicative,10.0,0.99,0.05,0.001,20000,converged,0.000970012980965171,0.13822700512858774,0.13822700512858774,0.13822700512858774,0.13822700512858777,360.2027561443152,426,426,converged,36.0
1.2,7,multiplicative,10.0,0.99,0.01,0.001,20000,converged,0.000970012980965171,0.13822700512858774,0.13822700512858774,0.13822700512858774,0.13822700512858777,360.2027561443152,426,426,converged,45.0
1.2,7,multiplicative,10.0,0.99,0.005,0.001,20000,converged,0.000970012980965171,0.13822700512858774,0.13822700512858774,0.13822700512858774,0.13822700512858777,360.2027561443152,426,426,converged,50.0
1.2,7,multiplicative,10.0,0.99,0.001,0.001,20000,converged,0.000970012980965171,0.13822700512858774,0.13822700512858774,0.13822700512858774,0.13822700512858777,360.2027561443152,426,426,converged,63.0
1.2,8,multiplicative,10.0,0.99,0.1,0.001,20000,converged,0.0009577338453653516,0.21946938520632372,0.21946938520632372,0.21946938520632372,0.21946938520632375,402.2742204902344,380,380,converged,22.0
1.2,8,multiplicative,10.0,0.99,0.05,0.001,20000,converged,0.0009577338453653516,0.21946938520632372,0.21946938520632372,0.21946938520632372,0.21946938520632375,402.2742204902344,380,380,converged,23.0
1.2,8,multiplicative,10.0,0.99,0.01,0.001,20000,converged,0.0009577338453653516,0.21946938520632372,0.21946938520632372,0.21946938520632372,0.21946938520632375,402.2742204902344,380,380,converged,30.0
1.2,8,multiplicative,10.0,0.99,0.005,0.001,20000,converged,0.0009577338453653516,0.21946938520632372,0.21946938520632372,0.21946938520632372,0.21946938520632375,402.2742204902344,380,380,converged,34.0
1.2,8,multiplicative,10.0,0.99,0.001,0.001,20000,converged,0.0009577338453653516,0.21946938520632372,0.21946938520632372,0.21946938520632372,0.21946938520632375,402.2742204902344,380,380,converged,44.0
1.2,9,multiplicative,10.0,0.99,0.1,0.001,20000,converged,0.0009709000027197193,0.1483018389633141,0.1483018389633141,0.1483018389633141,0.14830183896331411,293.0488462585146,419,419,converged,47.0
1.2,9,multiplicative,10.0,0.99,0.05,0.001,20000,converged,0.0009709000027197193,0.1483018389633141,0.1483018389633141,0.1483018389633141,0.14830183896331411,293.0488462585146,419,419,converged,50.0
1.2,9,multiplicative,10.0,0.99,0.01,0.001,20000,converged,0.0009709000027197193,0.1483018389633141,0.1483018389633141,0.1483018389633141,0.14830183896331411,293.0488462585146,419,419,converged,75.0
1.2,9,multiplicative,10.0,0.99,0.005,0.001,20000,converged,0.0009709000027197193,0.1483018389633141,0.1483018389633141,0.1483018389633141,0.14830183896331411,293.0488462585146,419,419,converged,92.0
1.2,9,multiplicative,10.0,0.99,0.001,0.001,20000,converged,0.0009709000027197193,0.1483018389633141,0.1483018389633141,0.1483018389633141,0.14830183896331411,293.0488462585146,419,419,converged,135.0
1.2,0,quadratic,10.0,0.99,0.1,0.001,20000,eta below minimum,12.993146382838217,9.900047486404983e-19,1.9218276360894043e-18,0.39709778612006713,0.05114807312836634,0.04613344879240433,4354,641,eta below minimum,
1.2,0,quadratic,10.0,0.99,0.05,0.001,20000,eta below minimum,12.993146382838217,9.900047486404983e-19,1.9218276360894043e-18,0.39709778612006713,0.05114807312836634,0.04613344879240433,4354,641,eta below minimum,
1.2,0,quadratic,10.0,0.99,0.01,0.001,20000,eta below minimum,12.993146382838217,9.900047486404983e-19,1.9218276360894043e-18,0.39709778612006713,0.05114807312836634,0.04613344879240433,4354,641,eta below minimum,
1.2,0,quadratic,10.0,0.99,0.005,0.001,20000,eta below minimum,12.993146382838217,9.900047486404983e-19,1.9218276360894043e-18,0.39709778612006713,0.05114807312836634,0.04613344879240433,4354,641,eta below minimum,
1.2,0,quadratic,10.0,0.99,0.001,0.001,20000,eta below minimum,12.993146382838217,9.900047486404983e-19,1.9218276360894043e-18,0.39709778612006713,0.05114807312836634,0.04613344879240433,4354,641,eta below minimum,
1.2,1,quadratic,10.0,0.99,0.1,0.001,20000,eta below minimum,9.92887739453065,9.900047486404983e-19,2.8440802400933262e-18,0.25262784807768196,0.04407913036325369,0.0398742125484796,4354,662,eta below minimum,
1.2,1,quadratic,10.0,0.99,0.05,0.001,20000,eta below minimum,9.92887739453065,9.900047486404983e-19,2.8440802400933262e-18,0.25262784807768196,0.04407913036325369,0.0398742125484796,4354,662,eta below minimum,
1.2,1,quadratic,10.0,0.99,0.01,0.001,20000,eta below minimum,9.92887739453065,9.900047486404983e-19,2.8440802400933262e-18,0.25262784807768196,0.04407913036325369,0.0398742125484796,4354,662,eta below minimum,
1.2,1,quadratic,10.0,0.99,0.005,0.001,20000,eta below minimum,9.92887739453065,9.900047486404983e-19,2.8440802400933262e-18,0.25262784807768196,0.04407913036325369,0.0398742125484796,4354,662,eta below minimum,
1.2,1,quadratic,10.0,0.99,0.001,0.001,20000,eta below minimum,9.92887739453065,9.900047486404983e-19,2.8440802400933262e-18,0.25262784807768196,0.04407913036325369,0.0398742125484796,4354,662,eta below minimum,
1.2,2,quadratic,10.0,0.99,0.1,0.001,20000,eta below minimum,14.38371576822478,9.900047486404983e-19,4.4258152683000876e-18,0.1483018389633141,0.02159554581222338,0.01950185212103724,4354,614,eta below minimum,
1.2,2,quadratic,10.0,0.99,0.05,0.001,20000,eta below minimum,14.38371576822478,9.900047486404983e-19,4.4258152683000876e-18,0.1483018389633141,0.02159554581222338,0.01950185212103724,4354,614,eta below minimum,
1.2,2,quadratic,10.0,0.99,0.01,0.001,20000,eta below minimum,14.38371576822478,9.900047486404983e-19,4.4258152683000876e-18,0.1483018389633141,0.02159554581222338,0.01950185212103724,4354,614,eta below minimum,
1.2,2,quadratic,10.0,0.99,0.005,0.001,20000,eta below minimum,14.38371576822478,9.900047486404983e-19,4.4258152683000876e-18,0.1483018389633141,0.02159554581222338,0.01950185212103724,4354,614,eta below minimum,
1.2,2,quadratic,10.0,0.99,0.001,0.001,20000,eta below minimum,14.38371576822478,9.900047486404983e-19,4.4258152683000876e-18,0.1483018389633141,0.02159554581222338,0.01950185212103724,4354,614,eta below minimum,
1.2,3,quadratic,10.0,0.99,0.1,0.001,20000,eta below minimum,9.933616221775594,9.900047486404983e-19,7.090544284326595e-17,0.3057824284161592,0.057163444023387654,0.05102350120066595,4354,702,eta below minimum,
1.2,3,quadratic,10.0,0.99,0.05,0.001,20000,eta below minimum,9.933616221775594,9.900047486404983e-19,7.090544284326595e-17,0.3057824284161592,0.057163444023387654,0.05102350120066595,4354,702,eta below minimum,
1.2,3,quadratic,10.0,0.99,0.01,0.001,20000,eta below minimum,9.933616221775594,9.900047486404983e-19,7.090544284326595e-17,0.3057824284161592,0.057163444023387654,0.05102350120066595,4354,702,eta below minimum,
1.2,3,quadratic,10.0,0.99,0.005,0.001,20000,eta below minimum,9.933616221775594,9.900047486404983e-19,7.090544284326595e-17,0.3057824284161592,0.057163444023387654,0.05102350120066595,4354,702,eta below minimum,
1.2,3,quadratic,10.0,0.99,0.001,0.001,20000,eta below minimum,9.933616221775594,9.900047486404983e-19,7.090544284326595e-17,0.3057824284161592,0.057163444023387654,0.05102350120066595,4354,702,eta below minimum,
1.2,4,quadratic,10.0,0.99,0.1,0.001,20000,eta below minimum,7.120486917684419,9.900047486404983e-19,9.125554679041396e-18,0.43034415534218645,0.09606157827888148,0.08576823014262479,4354,909,eta below minimum,
1.2,4,quadratic,10.0,0.99,0.05,0.001,20000,eta below minimum,7.120486917684419,9.900047486404983e-19,9.125554679041396e-18,0.43034415534218645,0.09606157827888148,0.08576823014262479,4354,909,eta below minimum,
1.2,4,quadratic,10.0,0.99,0.01,0.001,20000,eta below minimum,7.120486917684419,9.900047486404983e-19,9.125554679041396e-18,0.43034415534218645,0.09606157827888148,0.08576823014262479,4354,909,eta below minimum,
1.2,4,quadratic,10.0,0.99,0.005,0.001,20000,eta below minimum,7.120486917684419,9.900047486404983e-19,9.125554679041396e-18,0.43034415534218645,0.09606157827888148,0.08576823014262479,4354,909,eta below minimum,
1.2,4,quadratic,10.0,0.99,0.001,0.001,20000,eta below minimum,7.120486917684419,9.900047486404983e-19,9.125554679041396e-18,0.43034415534218645,0.09606157827888148,0.08576823014262479,4354,909,eta below minimum,
1.2,5,quadratic,10.0,0.99,0.1,0.001,20000,eta below minimum,8.715269435705704,9.900047486404983e-19,8.244259527347892e-17,0.27933752233559317,0.06027062432492315,0.053870685841331985,4354,776,eta below minimum,
1.2,5,quadratic,10.0,0.99,0.05,0.001,20000,eta below minimum,8.715269435705704,9.900047486404983e-19,8.244259527347892e-17,0.27933752233559317,0.06027062432492315,0.053870685841331985,4354,776,eta below minimum,
1.2,5,quadratic,10.0,0.99,0.01,0.001,20000,eta below minimum,8.715269435705704,9.900047486404983e-19,8.244259527347892e-17,0.27933752233559317,0.06027062432492315,0.053870685841331985,4354,776,eta below minimum,
1.2,5,quadratic,10.0,0.99,0.005,0.001,20000,eta below minimum,8.715269435705704,9.900047486404983e-19,8.244259527347892e-17,0.27933752233559317,0.06027062432492315,0.053870685841331985,4354,776,eta below minimum,
1.2,5,quadratic,10.0,0.99,0.001,0.001,20000,eta below minimum,8.715269435705704,9.900047486404983e-19,8.244259527347892e-17,0.27933752233559317,0.06027062432492315,0.053870685841331985,4354,776,eta below minimum,
1.2,6,quadratic,10.0,0.99,0.1,0.001,20000,eta below minimum,9.06913853924053,9.900047486404983e-19,2.5926236041994267e-16,0.3151424750681586,0.055088598810194886,0.04921284369136677,4354,624,eta below minimum,
1.2,6,quadratic,10.0,0.99,0.05,0.001,20000,eta below minimum,9.06913853924053,9.900047486404983e-19,2.5926236041994267e-16,0.3151424750681586,0.055088598810194886,0.04921284369136677,4354,624,eta below minimum,
1.2,6,quadratic,10.0,0.99,0.01,0.001,20000,eta below minimum,9.06913853924053,9.900047486404983e-19,2.5926236041994267e-16,0.3151424750681586,0.055088598810194886,0.04921284369136677,4354,624,eta below minimum,
1.2,6,quadratic,10.0,0.99,0.005,0.001,20000,eta below minimum,9.06913853924053,9.900047486404983e-19,2.5926236041994267e-16,0.3151424750681586,0.055088598810194886,0.04921284369136677,4354,624,eta below minimum,
1.2,6,quadratic,10.0,0.99,0.001,0.001,20000,eta below minimum,9.06913853924053,9.900047486404983e-19,2.5926236041994267e-16,0.3151424750681586,0.055088598810194886,0.04921284369136677,4354,624,eta below minimum,
1.2,7,quadratic,10.0,0.99,0.1,0.001,20000,eta below minimum,12.235284305539802,9.900047486404983e-19,6.166402385416261e-18,0.23784410415102913,0.03729080876132136,0.0337346140672066,4354,668,eta below minimum,
1.2,7,quadratic,10.0,0.99,0.05,0.001,20000,eta below minimum,12.235284305539802,9.900047486404983e-19,6.166402385416261e-18,0.23784410415102913,0.03729080876132136,0.0337346140672066,4354,668,eta below minimum,
1.2,7,quadratic,10.0,0.99,0.01,0.001,20000,eta below minimum,12.235284305539802,9.900047486404983e-19,6.166402385416261e-18,0.23784410415102913,0.03729080876132136,0.0337346140672066,4354,668,eta below minimum,
1.2,7,quadratic,10.0,0.99,0.005,0.001,20000,eta below minimum,12.235284305539802,9.900047486404983e-19,6.166402385416261e-18,0.23784410415102913,0.03729080876132136,0.0337346140672066,4354,668,eta below minimum,
1.2,7,quadratic,10.0,0.99,0.001,0.001,20000,eta below minimum,12.235284305539802,9.900047486404983e-19,6.166402385416261e-18,0.23784410415102913,0.03729080876132136,0.0337346140672066,4354,668,eta below minimum,
1.2,8,quadratic,10.0,0.99,0.1,0.001,20000,eta below minimum,8.887146622256614,9.900047486404983e-19,1.1838172099084186e-16,0.3814505489267699,0.06574934515267812,0.058738999311749834,4354,701,eta below minimum,
1.2,8,quadratic,10.0,0.99,0.05,0.001,20000,eta below minimum,8.887146622256614,9.900047486404983e-19,1.1838172099084186e-16,0.3814505489267699,0.06574934515267812,0.058738999311749834,4354,701,eta below minimum,
1.2,8,quadratic,10.0,0.99,0.01,0.001,20000,eta below minimum,8.887146622256614,9.900047486404983e-19,1.1838172099084186e-16,0.3814505489267699,0.06574934515267812,0.058738999311749834,4354,701,eta below minimum,
1.2,8,quadratic,10.0,0.99,0.005,0.001,20000,eta below minimum,8.887146622256614,9.900047486404983e-19,1.1838172099084186e-16,0.3814505489267699,0.06574934515267812,0.058738999311749834,4354,701,eta below minimum,
1.2,8,quadratic,10.0,0.99,0.001,0.001,20000,eta below minimum,8.887146622256614,9.900047486404983e-19,1.1838172099084186e-16,0.3814505489267699,0.06574934515267812,0.058738999311749834,4354,701,eta below minimum,
1.2,9,quadratic,10.0,0.99,0.1,0.001,20000,eta below minimum,9.90137506351876,9.900047486404983e-19,8.845151840330598e-17,0.24267330287830746,0.04906481699976432,0.04445140783777645,4354,612,eta below minimum,
1.2,9,quadratic,10.0,0.99,0.05,0.001,20000,eta below minimum,9.90137506351876,9.900047486404983e-19,8.845151840330598e-17,0.24267330287830746,0.04906481699976432,0.04445140783777645,4354,612,eta below minimum,
1.2,9,quadratic,10.0,0.99,0.01,0.001,20000,eta below minimum,9.90137506351876,9.900047486404983e-19,8.845151840330598e-17,0.24267330287830746,0.04906481699976432,0.04445140783777645,4354,612,eta below minimum,
1.2,9,quadratic,10.0,0.99,0.005,0.001,20000,eta below minimum,9.90137506351876,9.900047486404983e-19,8.845151840330598e-17,0.24267330287830746,0.04906481699976432,0.04445140783777645,4354,612,eta below minimum,
1.2,9,quadratic,10.0,0.99,0.001,0.001,20000,eta below minimum,9.90137506351876,9.900047486404983e-19,8.845151840330598e-17,0.24267330287830746,0.04906481699976432,0.04445140783777645,4354,612,eta below minimum,
1.5,0,additive,10.0,0.99,0.1,0.001,20000,budget_exhausted,1.3629120128397332,0.08447290580307767,0.08447290580307767,0.17950553275045117,0.08447765743442505,0.11854679922293469,475,400,budget_exhausted,
1.5,0,additive,10.0,0.99,0.05,0.001,20000,budget_exhausted,1.3629120128397332,0.08447290580307767,0.08447290580307767,0.17950553275045117,0.08447765743442505,0.11854679922293469,475,400,budget_exhausted,
1.5,0,additive,10.0,0.99,0.01,0.001,20000,budget_exhausted,1.3629120128397332,0.08447290580307767,0.08447290580307767,0.17950553275045117,0.08447765743442505,0.11854679922293469,475,400,budget_exhausted,
1.5,0,additive,10.0,0.99,0.005,0.001,20000,budget_exhausted,1.3629120128397332,0.08447290580307767,0.08447290580307767,0.17950553275045117,0.08447765743442505,0.11854679922293469,475,400,budget_exhausted,
1.5,0,additive,10.0,0.99,0.001,0.001,20000,budget_exhausted,1.3629120128397332,0.08447290580307767,0.08447290580307767,0.17950553275045117,0.08447765743442505,0.11854679922293469,475,400,budget_exhausted,
1.5,1,additive,10.0,0.99,0.1,0.001,20000,budget_exhausted,0.5820476823610388,0.07338548320885205,0.07338548320885205,0.1813187199499507,0.07340318379968366,3.8635407770693484,489,399,budget_exhausted,
1.5,1,additive,10.0,0.99,0.05,0.001,20000,budget_exhausted,0.5820476823610388,0.07338548320885205,0.07338548320885205,0.1813187199499507,0.07340318379968366,3.8635407770693484,489,399,budget_exhausted,
1.5,1,additive,10.0,0.99,0.01,0.001,20000,budget_exhausted,0.5820476823610388,0.07338548320885205,0.07338548320885205,0.1813187199499507,0.07340318379968366,3.8635407770693484,489,399,budget_exhausted,
1.5,1,additive,10.0,0.99,0.005,0.001,20000,budget_exhausted,0.5820476823610388,0.07338548320885205,0.07338548320885205,0.1813187199499507,0.07340318379968366,3.8635407770693484,489,399,budget_exhausted,
1.5,1,additive,10.0,0.99,0.001,0.001,20000,budget_exhausted,0.5820476823610388,0.07338548320885205,0.07338548320885205,0.1813187199499507,0.07340318379968366,3.8635407770693484,489,399,budget_exhausted,
1.5,2,additive,10.0,0.99,0.1,0.001,20000,budget_exhausted,1.1395775738580163,0.08532616747785624,0.08532616747785624,0.08532616747785624,0.08532616747785626,0.21361969117064142,474,474,budget_exhausted,
1.5,2,additive,10.0,0.99,0.05,0.001,20000,budget_exhausted,1.1395775738580163,0.08532616747785624,0.08532616747785624,0.08532616747785624,0.08532616747785626,0.21361969117064142,474,474,budget_exhausted,
1.5,2,additive,10.0,0.99,0.01,0.001,20000,budget_exhausted,1.1395775738580163,0.08532616747785624,0.08532616747785624,0.08532616747785624,0.08532616747785626,0.21361969117064142,474,474,budget_exhausted,
1.5,2,additive,10.0,0.99,0.005,0.001,20000,budget_exhausted,1.1395775738580163,0.08532616747785624,0.08532616747785624,0.08532616747785624,0.08532616747785626,0.21361969117064142,474,474,budget_exhausted,
1.5,2,additive,10.0,0.99,0.001,0.001,20000,budget_exhausted,1.1395775738580163,0.08532616747785624,0.08532616747785624,0.08532616747785624,0.08532616747785626,0.21361969117064142,474,474,budget_exhausted,
1.5,3,additive,10.0,0.99,0.1,0.001,20000,converged,0.0009781688182665404,0.05823976768663663,0.05823976768663663,0.14535063236794415,0.05906156829683764,957.3942472025103,512,421,converged,41.0
1.5,3,additive,10.0,0.99,0.05,0.001,20000,converged,0.0009781688182665404,0.05823976768663663,0.05823976768663663,0.14535063236794415,0.05906156829683764,957.3942472025103,512,421,converged,50.0
1.5,3,additive,10.0,0.99,0.01,0.001,20000,converged,0.0009781688182665404,0.05823976768663663,0.05823976768663663,0.14535063236794415,0.05906156829683764,957.3942472025103,512,421,converged,72.0
1.5,3,additive,10.0,0.99,0.005,0.001,20000,converged,0.0009781688182665404,0.05823976768663663,0.05823976768663663,0.14535063236794415,0.05906156829683764,957.3942472025103,512,421,converged,82.0
1.5,3,additive,10.0,0.99,0.001,0.001,20000,converged,0.0009781688182665404,0.05823976768663663,0.05823976768663663,0.14535063236794415,0.05906156829683764,957.3942472025103,512,421,converged,106.0
1.5,4,additive,10.0,0.99,0.1,0.001,20000,budget_exhausted,0.6789959731940202,0.0719251120929959,0.0719251120929959,0.22392550271025788,0.07193271211252678,9.449288317925426,491,378,budget_exhausted,
1.5,4,additive,10.0,0.99,0.05,0.001,20000,budget_exhausted,0.6789959731940202,0.0719251120929959,0.0719251120929959,0.22392550271025788,0.07193271211252678,9.449288317925426,491,378,budget_exhausted,
1.5,4,additive,10.0,0.99,0.01,0.001,20000,budget_exhausted,0.6789959731940202,0.0719251120929959,0.0719251120929959,0.22392550271025788,0.07193271211252678,9.449288317925426,491,378,budget_exhausted,
1.5,4,additive,10.0,0.99,0.005,0.001,20000,budget_exhausted,0.6789959731940202,0.0719251120929959,0.0719251120929959,0.22392550271025788,0.07193271211252678,9.449288317925426,491,378,budget_exhausted,
1.5,4,additive,10.0,0.99,0.001,0.001,20000,budget_exhausted,0.6789959731940202,0.0719251120929959,0.0719251120929959,0.22392550271025788,0.07193271211252678,9.449288317925426,491,378,budget_exhausted,
1.5,5,additive,10.0,0.99,0.1,0.001,20000,converged,0.0009993928013607208,0.06771606527899744,0.06771606527899744,0.15284138081489734,0.0679247057582521,951.81333144265,497,416,converged,91.0
1.5,5,additive,10.0,0.99,0.05,0.001,20000,converged,0.0009993928013607208,0.06771606527899744,0.06771606527899744,0.15284138081489734,0.0679247057582521,951.81333144265,497,416,converged,225.0
1.5,5,additive,10.0,0.99,0.01,0.001,20000,converged,0.0009993928013607208,0.06771606527899744,0.06771606527899744,0.15284138081489734,0.0679247057582521,951.81333144265,497,416,converged,625.0
1.5,5,additive,10.0,0.99,0.005,0.001,20000,converged,0.0009993928013607208,0.06771606527899744,0.06771606527899744,0.15284138081489734,0.0679247057582521,951.81333144265,497,416,converged,805.0
1.5,5,additive,10.0,0.99,0.001,0.001,20000,converged,0.0009993928013607208,0.06771606527899744,0.06771606527899744,0.15284138081489734,0.0679247057582521,951.81333144265,497,416,converged,1224.0
1.5,6,additive,10.0,0.99,0.1,0.001,20000,budget_exhausted,0.8321073308869591,0.13145250650476317,0.13145250650476317,0.17417403892223002,0.13146102355026124,1.1615341394353353,431,403,budget_exhausted,
1.5,6,additive,10.0,0.99,0.05,0.001,20000,budget_exhausted,0.8321073308869591,0.13145250650476317,0.13145250650476317,0.17417403892223002,0.13146102355026124,1.1615341394353353,431,403,budget_exhausted,
1.5,6,additive,10.0,0.99,0.01,0.001,20000,budget_exhausted,0.8321073308869591,0.13145250650476317,0.13145250650476317,0.17417403892223002,0.13146102355026124,1.1615341394353353,431,403,budget_exhausted,
1.5,6,additive,10.0,0.99,0.005,0.001,20000,budget_exhausted,0.8321073308869591,0.13145250650476317,0.13145250650476317,0.17417403892223002,0.13146102355026124,1.1615341394353353,431,403,budget_exhausted,
1.5,6,additive,10.0,0.99,0.001,0.001,20000,budget_exhausted,0.8321073308869591,0.13145250650476317,0.13145250650476317,0.17417403892223002,0.13146102355026124,1.1615341394353353,431,403,budget_exhausted,
1.5,7,additive,10.0,0.99,0.1,0.001,20000,budget_exhausted,0.9511310284022779,0.08882627721705429,0.08882627721705429,0.10432258678294055,0.08883362598969385,1.7046528950582172,470,454,budget_exhausted,
1.5,7,additive,10.0,0.99,0.05,0.001,20000,budget_exhausted,0.9511310284022779,0.08882627721705429,0.08882627721705429,0.10432258678294055,0.08883362598969385,1.7046528950582172,470,454,budget_exhausted,
1.5,7,additive,10.0,0.99,0.01,0.001,20000,budget_exhausted,0.9511310284022779,0.08882627721705429,0.08882627721705429,0.10432258678294055,0.08883362598969385,1.7046528950582172,470,454,budget_exhausted,
1.5,7,additive,10.0,0.99,0.005,0.001,20000,budget_exhausted,0.9511310284022779,0.08882627721705429,0.08882627721705429,0.10432258678294055,0.08883362598969385,1.7046528950582172,470,454,budget_exhausted,
1.5,7,additive,10.0,0.99,0.001,0.001,20000,budget_exhausted,0.9511310284022779,0.08882627721705429,0.08882627721705429,0.10432258678294055,0.08883362598969385,1.7046528950582172,470,454,budget_exhausted,
1.5,8,additive,10.0,0.99,0.1,0.001,20000,budget_exhausted,1.4813640275819986,0.1607181703225698,0.1607181703225698,0.20662606957299526,0.16073160649626894,0.20552465504884848,411,386,budget_exhausted,
1.5,8,additive,10.0,0.99,0.05,0.001,20000,budget_exhausted,1.4813640275819986,0.1607181703225698,0.1607181703225698,0.20662606957299526,0.16073160649626894,0.20552465504884848,411,386,budget_exhausted,
1.5,8,additive,10.0,0.99,0.01,0.001,20000,budget_exhausted,1.4813640275819986,0.1607181703225698,0.1607181703225698,0.20662606957299526,0.16073160649626894,0.20552465504884848,411,386,budget_exhausted,
1.5,8,additive,10.0,0.99,0.005,0.001,20000,budget_exhausted,1.4813640275819986,0.1607181703225698,0.1607181703225698,0.20662606957299526,0.16073160649626894,0.20552465504884848,411,386,budget_exhausted,
1.5,8,additive,10.0,0.99,0.001,0.001,20000,budget_exhausted,1.4813640275819986,0.1607181703225698,0.1607181703225698,0.20662606957299526,0.16073160649626894,0.20552465504884848,411,386,budget_exhausted,
1.5,9,additive,10.0,0.99,0.1,0.001,20000,converged,0.0009678502693772294,0.03896075980801894,0.03896075980801894,0.139623237503624,0.04011118812454015,1170.0021447304791,552,425,converged,60.0
1.5,9,additive,10.0,0.99,0.05,0.001,20000,converged,0.0009678502693772294,0.03896075980801894,0.03896075980801894,0.139623237503624,0.04011118812454015,1170.0021447304791,552,425,converged,75.0
1.5,9,additive,10.0,0.99,0.01,0.001,20000,converged,0.0009678502693772294,0.03896075980801894,0.03896075980801894,0.139623237503624,0.04011118812454015,1170.0021447304791,552,425,converged,114.0
1.5,9,additive,10.0,0.99,0.005,0.001,20000,converged,0.0009678502693772294,0.03896075980801894,0.03896075980801894,0.139623237503624,0.04011118812454015,1170.0021447304791,552,425,converged,132.0
1.5,9,additive,10.0,0.99,0.001,0.001,20000,converged,0.0009678502693772294,0.03896075980801894,0.03896075980801894,0.139623237503624,0.04011118812454015,1170.0021447304791,552,425,converged,175.0
1.5,0,multiplicative,10.0,0.99,0.1,0.001,20000,converged,0.0008770015237992247,0.33138356715855966,0.33138356715855966,0.33138356715855966,0.33138356715855954,766.7164250517419,339,339,converged,16.0
1.5,0,multiplicative,10.0,0.99,0.05,0.001,20000,converged,0.0008770015237992247,0.33138356715855966,0.33138356715855966,0.33138356715855966,0.33138356715855954,766.7164250517419,339,339,converged,16.0
1.5,0,multiplicative,10.0,0.99,0.01,0.001,20000,converged,0.0008770015237992247,0.33138356715855966,0.33138356715855966,0.33138356715855966,0.33138356715855954,766.7164250517419,339,339,converged,19.0
1.5,0,multiplicative,10.0,0.99,0.005,0.001,20000,converged,0.0008770015237992247,0.33138356715855966,0.33138356715855966,0.33138356715855966,0.33138356715855954,766.7164250517419,339,339,converged,22.0
1.5,0,multiplicative,10.0,0.99,0.001,0.001,20000,converged,0.0008770015237992247,0.33138356715855966,0.33138356715855966,0.33138356715855966,0.33138356715855954,766.7164250517419,339,339,converged,29.0
1.5,1,multiplicative,10.0,0.99,0.1,0.001,20000,converged,0.0007961217300784414,0.2907960468580264,0.2907960468580264,0.2907960468580264,0.29079604685802646,517.2875780965729,352,352,converged,20.0
1.5,1,multiplicative,10.0,0.99,0.05,0.001,20000,converged,0.0007961217300784414,0.2907960468580264,0.2907960468580264,0.2907960468580264,0.29079604685802646,517.2875780965729,352,352,converged,21.0
1.5,1,multiplicative,10.0,0.99,0.01,0.001,20000,converged,0.0007961217300784414,0.2907960468580264,0.2907960468580264,0.2907960468580264,0.29079604685802646,517.2875780965729,352,352,converged,23.0
1.5,1,multiplicative,10.0,0.99,0.005,0.001,20000,converged,0.0007961217300784414,0.2907960468580264,0.2907960468580264,0.2907960468580264,0.29079604685802646,517.2875780965729,352,352,converged,25.0
1.5,1,multiplicative,10.0,0.99,0.001,0.001,20000,converged,0.0007961217300784414,0.2907960468580264,0.2907960468580264,0.2907960468580264,0.29079604685802646,517.2875780965729,352,352,converged,31.0
1.5,2,multiplicative,10.0,0.99,0.1,0.001,20000,converged,0.0009250281915572722,0.13684473507730185,0.13684473507730185,0.13684473507730185,0.13684473507730185,540.9430170528897,427,427,converged,28.0
1.5,2,multiplicative,10.0,0.99,0.05,0.001,20000,converged,0.0009250281915572722,0.13684473507730185,0.13684473507730185,0.13684473507730185,0.13684473507730185,540.9430170528897,427,427,converged,32.0
1.5,2,multiplicative,10.0,0.99,0.01,0.001,20000,converged,0.0009250281915572722,0.13684473507730185,0.13684473507730185,0.13684473507730185,0.13684473507730185,540.9430170528897,427,427,converged,45.0
1.5,2,multiplicative,10.0,0.99,0.005,0.001,20000,converged,0.0009250281915572722,0.13684473507730185,0.13684473507730185,0.13684473507730185,0.13684473507730185,540.9430170528897,427,427,converged,51.0
1.5,2,multiplicative,10.0,0.99,0.001,0.001,20000,converged,0.0009250281915572722,0.13684473507730185,0.13684473507730185,0.13684473507730185,0.13684473507730185,540.9430170528897,427,427,converged,67.0
1.5,3,multiplicative,10.0,0.99,0.1,0.001,20000,converged,0.0008627102180814738,0.24267330287830746,0.24267330287830746,0.24267330287830746,0.24267330287830743,649.7921142008055,370,370,converged,25.0
1.5,3,multiplicative,10.0,0.99,0.05,0.001,20000,converged,0.0008627102180814738,0.24267330287830746,0.24267330287830746,0.24267330287830746,0.24267330287830743,649.7921142008055,370,370,converged,27.0
1.5,3,multiplicative,10.0,0.99,0.01,0.001,20000,converged,0.0008627102180814738,0.24267330287830746,0.24267330287830746,0.24267330287830746,0.24267330287830743,649.7921142008055,370,370,converged,30.0
1.5,3,multiplicative,10.0,0.99,0.005,0.001,20000,converged,0.0008627102180814738,0.24267330287830746,0.24267330287830746,0.24267330287830746,0.24267330287830743,649.7921142008055,370,370,converged,31.0
1.5,3,multiplicative,10.0,0.99,0.001,0.001,20000,converged,0.0008627102180814738,0.24267330287830746,0.24267330287830746,0.24267330287830746,0.24267330287830743,649.7921142008055,370,370,converged,36.0
1.5,4,multiplicative,10.0,0.99,0.1,0.001,20000,converged,0.0008702944750590877,0.34497703895163967,0.34497703895163967,0.3931268082588665,0.3468289531557638,581.1726728009742,335,322,converged,17.0
1.5,4,multiplicative,10.0,0.99,0.05,0.001,20000,converged,0.0008702944750590877,0.34497703895163967,0.34497703895163967,0.3931268082588665,0.3468289531557638,581.1726728009742,335,322,converged,18.0
1.5,4,multiplicative,10.0,0.99,0.01,0.001,20000,converged,0.0008702944750590877,0.34497703895163967,0.34497703895163967,0.3931268082588665,0.3468289531557638,581.1726728009742,335,322,converged,21.0
1.5,4,multiplicative,10.0,0.99,0.005,0.001,20000,converged,0.0008702944750590877,0.34497703895163967,0.34497703895163967,0.3931268082588665,0.3468289531557638,581.1726728009742,335,322,converged,22.0
1.5,4,multiplicative,10.0,0.99,0.001,0.001,20000,converged,0.0008702944750590877,0.34497703895163967,0.34497703895163967,0.3931268082588665,0.3468289531557638,581.1726728009742,335,322,converged,26.0
1.5,5,multiplicative,10.0,0.99,0.1,0.001,20000,converged,0.0009729169625531808,0.2603608249392012,0.2603608249392012,0.2603608249392012,0.2603608249392013,242.3315331347975,363,363,converged,27.0
1.5,5,multiplicative,10.0,0.99,0.05,0.001,20000,converged,0.0009729169625531808,0.2603608249392012,0.2603608249392012,0.2603608249392012,0.2603608249392013,242.3315331347975,363,363,converged,28.0
1.5,5,multiplicative,10.0,0.99,0.01,0.001,20000,converged,0.0009729169625531808,0.2603608249392012,0.2603608249392012,0.2603608249392012,0.2603608249392013,242.3315331347975,363,363,converged,31.0
1.5,5,multiplicative,10.0,0.99,0.005,0.001,20000,converged,0.0009729169625531808,0.2603608249392012,0.2603608249392012,0.2603608249392012,0.2603608249392013,242.3315331347975,363,363,converged,33.0
1.5,5,multiplicative,10.0,0.99,0.001,0.001,20000,converged,0.0009729169625531808,0.2603608249392012,0.2603608249392012,0.2603608249392012,0.2603608249392013,242.3315331347975,363,363,converged,39.0
1.5,6,multiplicative,10.0,0.99,0.1,0.001,20000,converged,0.0008549348883027099,0.28500920552555165,0.28500920552555165,0.28500920552555165,0.28500920552555165,343.1773274234325,354,354,converged,21.0
1.5,6,multiplicative,10.0,0.99,0.05,0.001,20000,converged,0.0008549348883027099,0.28500920552555165,0.28500920552555165,0.28500920552555165,0.28500920552555165,343.1773274234325,354,354,converged,22.0
1.5,6,multiplicative,10.0,0.99,0.01,0.001,20000,converged,0.0008549348883027099,0.28500920552555165,0.28500920552555165,0.28500920552555165,0.28500920552555165,343.1773274234325,354,354,converged,26.0
1.5,6,multiplicative,10.0,0.99,0.005,0.001,20000,converged,0.0008549348883027099,0.28500920552555165,0.28500920552555165,0.28500920552555165,0.28500920552555165,343.1773274234325,354,354,converged,27.0
1.5,6,multiplicative,10.0,0.99,0.001,0.001,20000,converged,0.0008549348883027099,0.28500920552555165,0.28500920552555165,0.28500920552555165,0.28500920552555165,343.1773274234325,354,354,converged,33.0
1.5,7,multiplicative,10.0,0.99,0.1,0.001,20000,converged,0.0009823321051628075,0.17950553275045117,0.17950553275045117,0.17950553275045117,0.17950553275045114,444.8418549224937,400,400,converged,25.0
1.5,7,multiplicative,10.0,0.99,0.05,0.001,20000,converged,0.0009823321051628075,0.17950553275045117,0.17950553275045117,0.17950553275045117,0.17950553275045114,444.8418549224937,400,400,converged,27.0
1.5,7,multiplicative,10.0,0.99,0.01,0.001,20000,converged,0.0009823321051628075,0.17950553275045117,0.17950553275045117,0.17950553275045117,0.17950553275045114,444.8418549224937,400,400,converged,34.0
1.5,7,multiplicative,10.0,0.99,0.005,0.001,20000,converged,0.0009823321051628075,0.17950553275045117,0.17950553275045117,0.17950553275045117,0.17950553275045114,444.8418549224937,400,400,converged,38.0
1.5,7,multiplicative,10.0,0.99,0.001,0.001,20000,converged,0.0009823321051628075,0.17950553275045117,0.17950553275045117,0.17950553275045117,0.17950553275045114,444.8418549224937,400,400,converged,49.0
1.5,8,multiplicative,10.0,0.99,0.1,0.001,20000,converged,0.0009193736474037226,0.3555368385947421,0.3555368385947421,0.3555368385947421,0.35553683859474206,485.7871018944411,332,332,converged,15.0
1.5,8,multiplicative,10.0,0.99,0.05,0.001,20000,converged,0.0009193736474037226,0.3555368385947421,0.3555368385947421,0.3555368385947421,0.35553683859474206,485.7871018944411,332,332,converged,16.0
1.5,8,multiplicative,10.0,0.99,0.01,0.001,20000,converged,0.0009193736474037226,0.3555368385947421,0.3555368385947421,0.3555368385947421,0.35553683859474206,485.7871018944411,332,332,converged,18.0
1.5,8,multiplicative,10.0,0.99,0.005,0.001,20000,converged,0.0009193736474037226,0.3555368385947421,0.3555368385947421,0.3555368385947421,0.35553683859474206,485.7871018944411,332,332,converged,19.0
1.5,8,multiplicative,10.0,0.99,0.001,0.001,20000,converged,0.0009193736474037226,0.3555368385947421,0.3555368385947421,0.3555368385947421,0.35553683859474206,485.7871018944411,332,332,converged,23.0
1.5,9,multiplicative,10.0,0.99,0.1,0.001,20000,converged,0.0009218225184488952,0.228472097449503,0.228472097449503,0.228472097449503,0.22847209744950298,151.9360590855576,376,376,converged,21.0
1.5,9,multiplicative,10.0,0.99,0.05,0.001,20000,converged,0.0009218225184488952,0.228472097449503,0.228472097449503,0.228472097449503,0.22847209744950298,151.9360590855576,376,376,converged,23.0
1.5,9,multiplicative,10.0,0.99,0.01,0.001,20000,converged,0.0009218225184488952,0.228472097449503,0.228472097449503,0.228472097449503,0.22847209744950298,151.9360590855576,376,376,converged,31.0
1.5,9,multiplicative,10.0,0.99,0.005,0.001,20000,converged,0.0009218225184488952,0.228472097449503,0.228472097449503,0.228472097449503,0.22847209744950298,151.9360590855576,376,376,converged,35.0
1.5,9,multiplicative,10.0,0.99,0.001,0.001,20000,converged,0.0009218225184488952,0.228472097449503,0.228472097449503,0.228472097449503,0.22847209744950298,151.9360590855576,376,376,converged,46.0
1.5,0,quadratic,10.0,0.99,0.1,0.001,20000,eta below minimum,3.924894814705649,9.900047486404983e-19,5.2448782546425196e-17,0.6117642553970553,0.13044118709498656,0.116783397923615,4354,693,eta below minimum,
1.5,0,quadratic,10.0,0.99,0.05,0.001,20000,eta below minimum,3.924894814705649,9.900047486404983e-19,5.2448782546425196e-17,0.6117642553970553,0.13044118709498656,0.116783397923615,4354,693,eta below minimum,
1.5,0,quadratic,10.0,0.99,0.01,0.001,20000,eta below minimum,3.924894814705649,9.900047486404983e-19,5.2448782546425196e-17,0.6117642553970553,0.13044118709498656,0.116783397923615,4354,693,eta below minimum,
1.5,0,quadratic,10.0,0.99,0.005,0.001,20000,eta below minimum,3.924894814705649,9.900047486404983e-19,5.2448782546425196e-17,0.6117642553970553,0.13044118709498656,0.116783397923615,4354,693,eta below minimum,
1.5,0,quadratic,10.0,0.99,0.001,0.001,20000,eta below minimum,3.924894814705649,9.900047486404983e-19,5.2448782546425196e-17,0.6117642553970553,0.13044118709498656,0.116783397923615,4354,693,eta below minimum,
1.5,1,quadratic,10.0,0.99,0.1,0.001,20000,eta below minimum,5.430923979429671,9.900047486404983e-19,6.284951185860364e-17,0.47108487171709695,0.06809224238031203,0.060660165769862155,4354,769,eta below minimum,
1.5,1,quadratic,10.0,0.99,0.05,0.001,20000,eta below minimum,5.430923979429671,9.900047486404983e-19,6.284951185860364e-17,0.47108487171709695,0.06809224238031203,0.060660165769862155,4354,769,eta below minimum,
1.5,1,quadratic,10.0,0.99,0.01,0.001,20000,eta below minimum,5.430923979429671,9.900047486404983e-19,6.284951185860364e-17,0.47108487171709695,0.06809224238031203,0.060660165769862155,4354,769,eta below minimum,
1.5,1,quadratic,10.0,0.99,0.005,0.001,20000,eta below minimum,5.430923979429671,9.900047486404983e-19,6.284951185860364e-17,0.47108487171709695,0.06809224238031203,0.060660165769862155,4354,769,eta below minimum,
1.5,1,quadratic,10.0,0.99,0.001,0.001,20000,eta below minimum,5.430923979429671,9.900047486404983e-19,6.284951185860364e-17,0.47108487171709695,0.06809224238031203,0.060660165769862155,4354,769,eta below minimum,
1.5,2,quadratic,10.0,0.99,0.1,0.001,20000,eta below minimum,7.212239273987414,9.900047486404983e-19,1.0923610496154566e-16,0.22168624768315529,0.049301545753153216,0.04398676064946338,4354,767,eta below minimum,
1.5,2,quadratic,10.0,0.99,0.05,0.001,20000,eta below minimum,7.212239273987414,9.900047486404983e-19,1.0923610496154566e-16,0.22168624768315529,0.049301545753153216,0.04398676064946338,4354,767,eta below minimum,
1.5,2,quadratic,10.0,0.99,0.01,0.001,20000,eta below minimum,7.212239273987414,9.900047486404983e-19,1.0923610496154566e-16,0.22168624768315529,0.049301545753153216,0.04398676064946338,4354,767,eta below minimum,
1.5,2,quadratic,10.0,0.99,0.005,0.001,20000,eta below minimum,7.212239273987414,9.900047486404983e-19,1.0923610496154566e-16,0.22168624768315529,0.049301545753153216,0.04398676064946338,4354,767,eta below minimum,
1.5,2,quadratic,10.0,0.99,0.001,0.001,20000,eta below minimum,7.212239273987414,9.900047486404983e-19,1.0923610496154566e-16,0.22168624768315529,0.049301545753153216,0.04398676064946338,4354,767,eta below minimum,
1.5,3,quadratic,10.0,0.99,0.1,0.001,20000,eta below minimum,5.148473919653405,9.900047486404983e-19,2.25710270236674e-18,0.4011088748687547,0.08195971901103044,0.07435951313838812,4354,739,eta below minimum,
1.5,3,quadratic,10.0,0.99,0.05,0.001,20000,eta below minimum,5.148473919653405,9.900047486404983e-19,2.25710270236674e-18,0.4011088748687547,0.08195971901103044,0.07435951313838812,4354,739,eta below minimum,
1.5,3,quadratic,10.0,0.99,0.01,0.001,20000,eta below minimum,5.148473919653405,9.900047486404983e-19,2.25710270236674e-18,0.4011088748687547,0.08195971901103044,0.07435951313838812,4354,739,eta below minimum,
1.5,3,quadratic,10.0,0.99,0.005,0.001,20000,eta below minimum,5.148473919653405,9.900047486404983e-19,2.25710270236674e-18,0.4011088748687547,0.08195971901103044,0.07435951313838812,4354,739,eta below minimum,
1.5,3,quadratic,10.0,0.99,0.001,0.001,20000,eta below minimum,5.148473919653405,9.900047486404983e-19,2.25710270236674e-18,0.4011088748687547,0.08195971901103044,0.07435951313838812,4354,739,eta below minimum,
1.5,4,quadratic,10.0,0.99,0.1,0.001,20000,eta below minimum,4.057088622702521,9.900047486404983e-19,1.6020954027756514e-17,0.6901790349970874,0.10898328880744192,0.09878199964780028,4354,711,eta below minimum,
1.5,4,quadratic,10.0,0.99,0.05,0.001,20000,eta below minimum,4.057088622702521,9.900047486404983e-19,1.6020954027756514e-17,0.6901790349970874,0.10898328880744192,0.09878199964780028,4354,711,eta below minimum,
1.5,4,quadratic,10.0,0.99,0.01,0.001,20000,eta below minimum,4.057088622702521,9.900047486404983e-19,1.6020954027756514e-17,0.6901790349970874,0.10898328880744192,0.09878199964780028,4354,711,eta below minimum,
1.5,4,quadratic,10.0,0.99,0.005,0.001,20000,eta below minimum,4.057088622702521,9.900047486404983e-19,1.6020954027756514e-17,0.6901790349970874,0.10898328880744192,0.09878199964780028,4354,711,eta below minimum,
1.5,4,quadratic,10.0,0.99,0.001,0.001,20000,eta below minimum,4.057088622702521,9.900047486404983e-19,1.6020954027756514e-17,0.6901790349970874,0.10898328880744192,0.09878199964780028,4354,711,eta below minimum,
1.5,5,quadratic,10.0,0.99,0.1,0.001,20000,eta below minimum,5.445264949776795,9.900047486404983e-19,2.9607454231392514e-18,0.4435170554047633,0.06193398985187199,0.055963623156636125,4354,685,eta below minimum,
1.5,5,quadratic,10.0,0.99,0.05,0.001,20000,eta below minimum,5.445264949776795,9.900047486404983e-19,2.9607454231392514e-18,0.4435170554047633,0.06193398985187199,0.055963623156636125,4354,685,eta below minimum,
1.5,5,quadratic,10.0,0.99,0.01,0.001,20000,eta below minimum,5.445264949776795,9.900047486404983e-19,2.9607454231392514e-18,0.4435170554047633,0.06193398985187199,0.055963623156636125,4354,685,eta below minimum,
1.5,5,quadratic,10.0,0.99,0.005,0.001,20000,eta below minimum,5.445264949776795,9.900047486404983e-19,2.9607454231392514e-18,0.4435170554047633,0.06193398985187199,0.055963623156636125,4354,685,eta below minimum,
1.5,5,quadratic,10.0,0.99,0.001,0.001,20000,eta below minimum,5.445264949776795,9.900047486404983e-19,2.9607454231392514e-18,0.4435170554047633,0.06193398985187199,0.055963623156636125,4354,685,eta below minimum,
1.5,6,quadratic,10.0,0.99,0.1,0.001,20000,eta below minimum,4.6989370939881185,9.900047486404983e-19,4.844807561643048e-18,0.4617102827699267,0.08565368452658821,0.07756459642726635,4354,690,eta below minimum,
1.5,6,quadratic,10.0,0.99,0.05,0.001,20000,eta below minimum,4.6989370939881185,9.900047486404983e-19,4.844807561643048e-18,0.4617102827699267,0.08565368452658821,0.07756459642726635,4354,690,eta below minimum,
1.5,6,quadratic,10.0,0.99,0.01,0.001,20000,eta below minimum,4.6989370939881185,9.900047486404983e-19,4.844807561643048e-18,0.4617102827699267,0.08565368452658821,0.07756459642726635,4354,690,eta below minimum,
1.5,6,quadratic,10.0,0.99,0.005,0.001,20000,eta below minimum,4.6989370939881185,9.900047486404983e-19,4.844807561643048e-18,0.4617102827699267,0.08565368452658821,0.07756459642726635,4354,690,eta below minimum,
1.5,6,quadratic,10.0,0.99,0.001,0.001,20000,eta below minimum,4.6989370939881185,9.900047486404983e-19,4.844807561643048e-18,0.4617102827699267,0.08565368452658821,0.07756459642726635,4354,690,eta below minimum,
1.5,7,quadratic,10.0,0.99,0.1,0.001,20000,eta below minimum,6.854693040255343,9.900047486404983e-19,7.01963884148333e-17,0.30887113981430225,0.06746579183961585,0.06021947455108285,4354,799,eta below minimum,
1.5,7,quadratic,10.0,0.99,0.05,0.001,20000,eta below minimum,6.854693040255343,9.900047486404983e-19,7.01963884148333e-17,0.30887113981430225,0.06746579183961585,0.06021947455108285,4354,799,eta below minimum,
1.5,7,quadratic,10.0,0.99,0.01,0.001,20000,eta below minimum,6.854693040255343,9.900047486404983e-19,7.01963884148333e-17,0.30887113981430225,0.06746579183961585,0.06021947455108285,4354,799,eta below minimum,
1.5,7,quadratic,10.0,0.99,0.005,0.001,20000,eta below minimum,6.854693040255343,9.900047486404983e-19,7.01963884148333e-17,0.30887113981430225,0.06746579183961585,0.06021947455108285,4354,799,eta below minimum,
1.5,7,quadratic,10.0,0.99,0.001,0.001,20000,eta below minimum,6.854693040255343,9.900047486404983e-19,7.01963884148333e-17,0.30887113981430225,0.06746579183961585,0.06021947455108285,4354,799,eta below minimum,
1.5,8,quadratic,10.0,0.99,0.1,0.001,20000,eta below minimum,4.20210920656541,9.900047486404983e-19,1.3519052207935623e-18,0.6179436923202578,0.11079834894989136,0.09891733837248785,4354,1011,eta below minimum,
1.5,8,quadratic,10.0,0.99,0.05,0.001,20000,eta below minimum,4.20210920656541,9.900047486404983e-19,1.3519052207935623e-18,0.6179436923202578,0.11079834894989136,0.09891733837248785,4354,1011,eta below minimum,
1.5,8,quadratic,10.0,0.99,0.01,0.001,20000,eta below minimum,4.20210920656541,9.900047486404983e-19,1.3519052207935623e-18,0.6179436923202578,0.11079834894989136,0.09891733837248785,4354,1011,eta below minimum,
1.5,8,quadratic,10.0,0.99,0.005,0.001,20000,eta below minimum,4.20210920656541,9.900047486404983e-19,1.3519052207935623e-18,0.6179436923202578,0.11079834894989136,0.09891733837248785,4354,1011,eta below minimum,
1.5,8,quadratic,10.0,0.99,0.001,0.001,20000,eta below minimum,4.20210920656541,9.900047486404983e-19,1.3519052207935623e-18,0.6179436923202578,0.11079834894989136,0.09891733837248785,4354,1011,eta below minimum,
1.5,9,quadratic,10.0,0.99,0.1,0.001,20000,eta below minimum,5.56236835121516,9.900047486404983e-19,7.6073467383471e-17,0.37385968300312716,0.06656377445925822,0.06031003327820419,4354,638,eta below minimum,
1.5,9,quadratic,10.0,0.99,0.05,0.001,20000,eta below minimum,5.56236835121516,9.900047486404983e-19,7.6073467383471e-17,0.37385968300312716,0.06656377445925822,0.06031003327820419,4354,638,eta below minimum,
1.5,9,quadratic,10.0,0.99,0.01,0.001,20000,eta below minimum,5.56236835121516,9.900047486404983e-19,7.6073467383471e-17,0.37385968300312716,0.06656377445925822,0.06031003327820419,4354,638,eta below minimum,
1.5,9,quadratic,10.0,0.99,0.005,0.001,20000,eta below minimum,5.56236835121516,9.900047486404983e-19,7.6073467383471e-17,0.37385968300312716,0.06656377445925822,0.06031003327820419,4354,638,eta below minimum,
1.5,9,quadratic,10.0,0.99,0.001,0.001,20000,eta below minimum,5.56236835121516,9.900047486404983e-19,7.6073467383471e-17,0.37385968300312716,0.06656377445925822,0.06031003327820419,4354,638,eta below minimum,
2.0,0,additive,10.0,0.99,0.1,0.001,20000,budget_exhausted,0.707261822738597,0.15131296700674837,0.15131296700674837,0.2629907322618194,0.15133682143785854,2.5557572107092894,417,362,budget_exhausted,
2.0,0,additive,10.0,0.99,0.05,0.001,20000,budget_exhausted,0.707261822738597,0.15131296700674837,0.15131296700674837,0.2629907322618194,0.15133682143785854,2.5557572107092894,417,362,budget_exhausted,
2.0,0,additive,10.0,0.99,0.01,0.001,20000,budget_exhausted,0.707261822738597,0.15131296700674837,0.15131296700674837,0.2629907322618194,0.15133682143785854,2.5557572107092894,417,362,budget_exhausted,
2.0,0,additive,10.0,0.99,0.005,0.001,20000,budget_exhausted,0.707261822738597,0.15131296700674837,0.15131296700674837,0.2629907322618194,0.15133682143785854,2.5557572107092894,417,362,budget_exhausted,
2.0,0,additive,10.0,0.99,0.001,0.001,20000,budget_exhausted,0.707261822738597,0.15131296700674837,0.15131296700674837,0.2629907322618194,0.15133682143785854,2.5557572107092894,417,362,budget_exhausted,
2.0,1,additive,10.0,0.99,0.1,0.001,20000,budget_exhausted,0.9862170533072548,0.1275482356090652,0.1275482356090652,0.3183257323920794,0.12757505174858108,2.7696498810345607,434,343,budget_exhausted,
2.0,1,additive,10.0,0.99,0.05,0.001,20000,budget_exhausted,0.9862170533072548,0.1275482356090652,0.1275482356090652,0.3183257323920794,0.12757505174858108,2.7696498810345607,434,343,budget_exhausted,
2.0,1,additive,10.0,0.99,0.01,0.001,20000,budget_exhausted,0.9862170533072548,0.1275482356090652,0.1275482356090652,0.3183257323920794,0.12757505174858108,2.7696498810345607,434,343,budget_exhausted,
2.0,1,additive,10.0,0.99,0.005,0.001,20000,budget_exhausted,0.9862170533072548,0.1275482356090652,0.1275482356090652,0.3183257323920794,0.12757505174858108,2.7696498810345607,434,343,budget_exhausted,
2.0,1,additive,10.0,0.99,0.001,0.001,20000,budget_exhausted,0.9862170533072548,0.1275482356090652,0.1275482356090652,0.3183257323920794,0.12757505174858108,2.7696498810345607,434,343,budget_exhausted,
2.0,2,additive,10.0,0.99,0.1,0.001,20000,converged,0.0009999231315377147,0.09340400272999143,0.09340400272999143,0.15751987873315065,0.09344983645443915,186.33083776598545,465,413,converged,1473.0
2.0,2,additive,10.0,0.99,0.05,0.001,20000,converged,0.0009999231315377147,0.09340400272999143,0.09340400272999143,0.15751987873315065,0.09344983645443915,186.33083776598545,465,413,converged,2602.0
2.0,2,additive,10.0,0.99,0.01,0.001,20000,converged,0.0009999231315377147,0.09340400272999143,0.09340400272999143,0.15751987873315065,0.09344983645443915,186.33083776598545,465,413,converged,5544.0
2.0,2,additive,10.0,0.99,0.005,0.001,20000,converged,0.0009999231315377147,0.09340400272999143,0.09340400272999143,0.15751987873315065,0.09344983645443915,186.33083776598545,465,413,converged,6835.0
2.0,2,additive,10.0,0.99,0.001,0.001,20000,converged,0.0009999231315377147,0.09340400272999143,0.09340400272999143,0.15751987873315065,0.09344983645443915,186.33083776598545,465,413,converged,9835.0
2.0,3,additive,10.0,0.99,0.1,0.001,20000,converged,0.0009867548114400491,0.13145250650476317,0.13145250650476317,0.2402465698495244,0.13243004104873618,362.2236603213149,431,371,converged,57.0
2.0,3,additive,10.0,0.99,0.05,0.001,20000,converged,0.0009867548114400491,0.13145250650476317,0.13145250650476317,0.2402465698495244,0.13243004104873618,362.2236603213149,431,371,converged,87.0
2.0,3,additive,10.0,0.99,0.01,0.001,20000,converged,0.0009867548114400491,0.13145250650476317,0.13145250650476317,0.2402465698495244,0.13243004104873618,362.2236603213149,431,371,converged,158.0
2.0,3,additive,10.0,0.99,0.005,0.001,20000,converged,0.0009867548114400491,0.13145250650476317,0.13145250650476317,0.2402465698495244,0.13243004104873618,362.2236603213149,431,371,converged,189.0
2.0,3,additive,10.0,0.99,0.001,0.001,20000,converged,0.0009867548114400491,0.13145250650476317,0.13145250650476317,0.2402465698495244,0.13243004104873618,362.2236603213149,431,371,converged,261.0
2.0,4,additive,10.0,0.99,0.1,0.001,20000,budget_exhausted,0.9588309805985303,0.16900089579220087,0.16900089579220087,0.3776360434375022,0.16902971188020033,8.709965299898007,406,326,budget_exhausted,
2.0,4,additive,10.0,0.99,0.05,0.001,20000,budget_exhausted,0.9588309805985303,0.16900089579220087,0.16900089579220087,0.3776360434375022,0.16902971188020033,8.709965299898007,406,326,budget_exhausted,
2.0,4,additive,10.0,0.99,0.01,0.001,20000,budget_exhausted,0.9588309805985303,0.16900089579220087,0.16900089579220087,0.3776360434375022,0.16902971188020033,8.709965299898007,406,326,budget_exhausted,
2.0,4,additive,10.0,0.99,0.005,0.001,20000,budget_exhausted,0.9588309805985303,0.16900089579220087,0.16900089579220087,0.3776360434375022,0.16902971188020033,8.709965299898007,406,326,budget_exhausted,
2.0,4,additive,10.0,0.99,0.001,0.001,20000,budget_exhausted,0.9588309805985303,0.16900089579220087,0.16900089579220087,0.3776360434375022,0.16902971188020033,8.709965299898007,406,326,budget_exhausted,
2.0,5,additive,10.0,0.99,0.1,0.001,20000,budget_exhausted,0.9960822668771264,0.18686891355133903,0.18686891355133903,0.27654414711223724,0.18687396548908317,0.599771265164798,396,357,budget_exhausted,
2.0,5,additive,10.0,0.99,0.05,0.001,20000,budget_exhausted,0.9960822668771264,0.18686891355133903,0.18686891355133903,0.27654414711223724,0.18687396548908317,0.599771265164798,396,357,budget_exhausted,
2.0,5,additive,10.0,0.99,0.01,0.001,20000,budget_exhausted,0.9960822668771264,0.18686891355133903,0.18686891355133903,0.27654414711223724,0.18687396548908317,0.599771265164798,396,357,budget_exhausted,
2.0,5,additive,10.0,0.99,0.005,0.001,20000,budget_exhausted,0.9960822668771264,0.18686891355133903,0.18686891355133903,0.27654414711223724,0.18687396548908317,0.599771265164798,396,357,budget_exhausted,
2.0,5,additive,10.0,0.99,0.001,0.001,20000,budget_exhausted,0.9960822668771264,0.18686891355133903,0.18686891355133903,0.27654414711223724,0.18687396548908317,0.599771265164798,396,357,budget_exhausted,
2.0,6,additive,10.0,0.99,0.1,0.001,20000,budget_exhausted,0.7164584648083474,0.228472097449503,0.228472097449503,0.2656472043048681,0.22847581496018857,0.3293869639031257,376,361,budget_exhausted,
2.0,6,additive,10.0,0.99,0.05,0.001,20000,budget_exhausted,0.7164584648083474,0.228472097449503,0.228472097449503,0.2656472043048681,0.22847581496018857,0.3293869639031257,376,361,budget_exhausted,
2.0,6,additive,10.0,0.99,0.01,0.001,20000,budget_exhausted,0.7164584648083474,0.228472097449503,0.228472097449503,0.2656472043048681,0.22847581496018857,0.3293869639031257,376,361,budget_exhausted,
2.0,6,additive,10.0,0.99,0.005,0.001,20000,budget_exhausted,0.7164584648083474,0.228472097449503,0.228472097449503,0.2656472043048681,0.22847581496018857,0.3293869639031257,376,361,budget_exhausted,
2.0,6,additive,10.0,0.99,0.001,0.001,20000,budget_exhausted,0.7164584648083474,0.228472097449503,0.228472097449503,0.2656472043048681,0.22847581496018857,0.3293869639031257,376,361,budget_exhausted,
2.0,7,additive,10.0,0.99,0.1,0.001,20000,budget_exhausted,0.7895405499299842,0.12375992546324036,0.12375992546324036,0.1813187199499507,0.12377980621272652,7.560019861826645,437,399,budget_exhausted,
2.0,7,additive,10.0,0.99,0.05,0.001,20000,budget_exhausted,0.7895405499299842,0.12375992546324036,0.12375992546324036,0.1813187199499507,0.12377980621272652,7.560019861826645,437,399,budget_exhausted,
2.0,7,additive,10.0,0.99,0.01,0.001,20000,budget_exhausted,0.7895405499299842,0.12375992546324036,0.12375992546324036,0.1813187199499507,0.12377980621272652,7.560019861826645,437,399,budget_exhausted,
2.0,7,additive,10.0,0.99,0.005,0.001,20000,budget_exhausted,0.7895405499299842,0.12375992546324036,0.12375992546324036,0.1813187199499507,0.12377980621272652,7.560019861826645,437,399,budget_exhausted,
2.0,7,additive,10.0,0.99,0.001,0.001,20000,budget_exhausted,0.7895405499299842,0.12375992546324036,0.12375992546324036,0.1813187199499507,0.12377980621272652,7.560019861826645,437,399,budget_exhausted,
2.0,8,additive,10.0,0.99,0.1,0.001,20000,budget_exhausted,0.7035716437677628,0.28500920552555165,0.28500920552555165,0.36641987531136494,0.2850173465925303,1.6543764478137015,354,329,budget_exhausted,
2.0,8,additive,10.0,0.99,0.05,0.001,20000,budget_exhausted,0.7035716437677628,0.28500920552555165,0.28500920552555165,0.36641987531136494,0.2850173465925303,1.6543764478137015,354,329,budget_exhausted,
2.0,8,additive,10.0,0.99,0.01,0.001,20000,budget_exhausted,0.7035716437677628,0.28500920552555165,0.28500920552555165,0.36641987531136494,0.2850173465925303,1.6543764478137015,354,329,budget_exhausted,
2.0,8,additive,10.0,0.99,0.005,0.001,20000,budget_exhausted,0.7035716437677628,0.28500920552555165,0.28500920552555165,0.36641987531136494,0.2850173465925303,1.6543764478137015,354,329,budget_exhausted,
2.0,8,additive,10.0,0.99,0.001,0.001,20000,budget_exhausted,0.7035716437677628,0.28500920552555165,0.28500920552555165,0.36641987531136494,0.2850173465925303,1.6543764478137015,354,329,budget_exhausted,
2.0,9,additive,10.0,0.99,0.1,0.001,20000,converged,0.0009737741727477848,0.0771674563961724,0.0771674563961724,0.18315022217166738,0.0785996559336791,1755.9118601635105,484,398,converged,46.0
2.0,9,additive,10.0,0.99,0.05,0.001,20000,converged,0.0009737741727477848,0.0771674563961724,0.0771674563961724,0.18315022217166738,0.0785996559336791,1755.9118601635105,484,398,converged,58.0
2.0,9,additive,10.0,0.99,0.01,0.001,20000,converged,0.0009737741727477848,0.0771674563961724,0.0771674563961724,0.18315022217166738,0.0785996559336791,1755.9118601635105,484,398,converged,93.0
2.0,9,additive,10.0,0.99,0.005,0.001,20000,converged,0.0009737741727477848,0.0771674563961724,0.0771674563961724,0.18315022217166738,0.0785996559336791,1755.9118601635105,484,398,converged,109.0
2.0,9,additive,10.0,0.99,0.001,0.001,20000,converged,0.0009737741727477848,0.0771674563961724,0.0771674563961724,0.18315022217166738,0.0785996559336791,1755.9118601635105,484,398,converged,148.0
2.0,0,multiplicative,10.0,0.99,0.1,0.001,20000,converged,0.000927702440242396,0.4855048513057284,0.4855048513057284,0.4855048513057284,0.48550485130572846,654.9392852218182,301,301,converged,12.0
2.0,0,multiplicative,10.0,0.99,0.05,0.001,20000,converged,0.000927702440242396,0.4855048513057284,0.4855048513057284,0.4855048513057284,0.48550485130572846,654.9392852218182,301,301,converged,13.0
2.0,0,multiplicative,10.0,0.99,0.01,0.001,20000,converged,0.000927702440242396,0.4855048513057284,0.4855048513057284,0.4855048513057284,0.48550485130572846,654.9392852218182,301,301,converged,16.0
2.0,0,multiplicative,10.0,0.99,0.005,0.001,20000,converged,0.000927702440242396,0.4855048513057284,0.4855048513057284,0.4855048513057284,0.48550485130572846,654.9392852218182,301,301,converged,18.0
2.0,0,multiplicative,10.0,0.99,0.001,0.001,20000,converged,0.000927702440242396,0.4855048513057284,0.4855048513057284,0.4855048513057284,0.48550485130572846,654.9392852218182,301,301,converged,21.0
2.0,1,multiplicative,10.0,0.99,0.1,0.001,20000,converged,0.0009365056827950337,0.515682515042534,0.515682515042534,0.515682515042534,0.5156825150425343,532.7917340087178,295,295,converged,13.0
2.0,1,multiplicative,10.0,0.99,0.05,0.001,20000,converged,0.0009365056827950337,0.515682515042534,0.515682515042534,0.515682515042534,0.5156825150425343,532.7917340087178,295,295,converged,14.0
2.0,1,multiplicative,10.0,0.99,0.01,0.001,20000,converged,0.0009365056827950337,0.515682515042534,0.515682515042534,0.515682515042534,0.5156825150425343,532.7917340087178,295,295,converged,17.0
2.0,1,multiplicative,10.0,0.99,0.005,0.001,20000,converged,0.0009365056827950337,0.515682515042534,0.515682515042534,0.515682515042534,0.5156825150425343,532.7917340087178,295,295,converged,18.0
2.0,1,multiplicative,10.0,0.99,0.001,0.001,20000,converged,0.0009365056827950337,0.515682515042534,0.515682515042534,0.515682515042534,0.5156825150425343,532.7917340087178,295,295,converged,22.0
2.0,2,multiplicative,10.0,0.99,0.1,0.001,20000,converged,0.000977800778161419,0.25262784807768196,0.25262784807768196,0.25262784807768196,0.2526278480776819,545.3239625303758,366,366,converged,19.0
2.0,2,multiplicative,10.0,0.99,0.05,0.001,20000,converged,0.000977800778161419,0.25262784807768196,0.25262784807768196,0.25262784807768196,0.2526278480776819,545.3239625303758,366,366,converged,22.0
2.0,2,multiplicative,10.0,0.99,0.01,0.001,20000,converged,0.000977800778161419,0.25262784807768196,0.25262784807768196,0.25262784807768196,0.2526278480776819,545.3239625303758,366,366,converged,31.0
2.0,2,multiplicative,10.0,0.99,0.005,0.001,20000,converged,0.000977800778161419,0.25262784807768196,0.25262784807768196,0.25262784807768196,0.2526278480776819,545.3239625303758,366,366,converged,35.0
2.0,2,multiplicative,10.0,0.99,0.001,0.001,20000,converged,0.000977800778161419,0.25262784807768196,0.25262784807768196,0.25262784807768196,0.2526278480776819,545.3239625303758,366,366,converged,45.0
2.0,3,multiplicative,10.0,0.99,0.1,0.001,20000,converged,0.00092610704716436,0.39709778612006713,0.39709778612006713,0.39709778612006713,0.3970977861200672,507.6118168761458,321,321,converged,14.0
2.0,3,multiplicative,10.0,0.99,0.05,0.001,20000,converged,0.00092610704716436,0.39709778612006713,0.39709778612006713,0.39709778612006713,0.3970977861200672,507.6118168761458,321,321,converged,16.0
2.0,3,multiplicative,10.0,0.99,0.01,0.001,20000,converged,0.00092610704716436,0.39709778612006713,0.39709778612006713,0.39709778612006713,0.3970977861200672,507.6118168761458,321,321,converged,20.0
2.0,3,multiplicative,10.0,0.99,0.005,0.001,20000,converged,0.00092610704716436,0.39709778612006713,0.39709778612006713,0.39709778612006713,0.3970977861200672,507.6118168761458,321,321,converged,21.0
2.0,3,multiplicative,10.0,0.99,0.001,0.001,20000,converged,0.00092610704716436,0.39709778612006713,0.39709778612006713,0.39709778612006713,0.3970977861200672,507.6118168761458,321,321,converged,26.0
2.0,4,multiplicative,10.0,0.99,0.1,0.001,20000,converged,0.0005098238811502672,0.6629832272038526,0.6629832272038526,0.6629832272038526,0.6629832272038526,2947.747298357424,270,270,converged,13.0
2.0,4,multiplicative,10.0,0.99,0.05,0.001,20000,converged,0.0005098238811502672,0.6629832272038526,0.6629832272038526,0.6629832272038526,0.6629832272038526,2947.747298357424,270,270,converged,14.0
2.0,4,multiplicative,10.0,0.99,0.01,0.001,20000,converged,0.0005098238811502672,0.6629832272038526,0.6629832272038526,0.6629832272038526,0.6629832272038526,2947.747298357424,270,270,converged,16.0
2.0,4,multiplicative,10.0,0.99,0.005,0.001,20000,converged,0.0005098238811502672,0.6629832272038526,0.6629832272038526,0.6629832272038526,0.6629832272038526,2947.747298357424,270,270,converged,17.0
2.0,4,multiplicative,10.0,0.99,0.001,0.001,20000,converged,0.0005098238811502672,0.6629832272038526,0.6629832272038526,0.6629832272038526,0.6629832272038526,2947.747298357424,270,270,converged,19.0
2.0,5,multiplicative,10.0,0.99,0.1,0.001,20000,converged,0.0007303285410220402,0.47108487171709695,0.47108487171709695,0.47108487171709695,0.47108487171709695,309.581841806109,304,304,converged,14.0
2.0,5,multiplicative,10.0,0.99,0.05,0.001,20000,converged,0.0007303285410220402,0.47108487171709695,0.47108487171709695,0.47108487171709695,0.47108487171709695,309.581841806109,304,304,converged,15.0
2.0,5,multiplicative,10.0,0.99,0.01,0.001,20000,converged,0.0007303285410220402,0.47108487171709695,0.47108487171709695,0.47108487171709695,0.47108487171709695,309.581841806109,304,304,converged,19.0
2.0,5,multiplicative,10.0,0.99,0.005,0.001,20000,converged,0.0007303285410220402,0.47108487171709695,0.47108487171709695,0.47108487171709695,0.47108487171709695,309.581841806109,304,304,converged,20.0
2.0,5,multiplicative,10.0,0.99,0.001,0.001,20000,converged,0.0007303285410220402,0.47108487171709695,0.47108487171709695,0.47108487171709695,0.47108487171709695,309.581841806109,304,304,converged,24.0
2.0,6,multiplicative,10.0,0.99,0.1,0.001,20000,converged,0.0008518220797903241,0.4346910660022085,0.4346910660022085,0.4346910660022085,0.4346910660022086,715.0218940630673,312,312,converged,16.0
2.0,6,multiplicative,10.0,0.99,0.05,0.001,20000,converged,0.0008518220797903241,0.4346910660022085,0.4346910660022085,0.4346910660022085,0.4346910660022086,715.0218940630673,312,312,converged,18.0
2.0,6,multiplicative,10.0,0.99,0.01,0.001,20000,converged,0.0008518220797903241,0.4346910660022085,0.4346910660022085,0.4346910660022085,0.4346910660022086,715.0218940630673,312,312,converged,21.0
2.0,6,multiplicative,10.0,0.99,0.005,0.001,20000,converged,0.0008518220797903241,0.4346910660022085,0.4346910660022085,0.4346910660022085,0.4346910660022086,715.0218940630673,312,312,converged,22.0
2.0,6,multiplicative,10.0,0.99,0.001,0.001,20000,converged,0.0008518220797903241,0.4346910660022085,0.4346910660022085,0.4346910660022085,0.4346910660022086,715.0218940630673,312,312,converged,26.0
2.0,7,multiplicative,10.0,0.99,0.1,0.001,20000,converged,0.0009696794932897626,0.3151424750681586,0.3151424750681586,0.3151424750681586,0.3151424750681587,853.1045561067298,344,344,converged,24.0
2.0,7,multiplicative,10.0,0.99,0.05,0.001,20000,converged,0.0009696794932897626,0.3151424750681586,0.3151424750681586,0.3151424750681586,0.3151424750681587,853.1045561067298,344,344,converged,26.0
2.0,7,multiplicative,10.0,0.99,0.01,0.001,20000,converged,0.0009696794932897626,0.3151424750681586,0.3151424750681586,0.3151424750681586,0.3151424750681587,853.1045561067298,344,344,converged,31.0
2.0,7,multiplicative,10.0,0.99,0.005,0.001,20000,converged,0.0009696794932897626,0.3151424750681586,0.3151424750681586,0.3151424750681586,0.3151424750681587,853.1045561067298,344,344,converged,33.0
2.0,7,multiplicative,10.0,0.99,0.001,0.001,20000,converged,0.0009696794932897626,0.3151424750681586,0.3151424750681586,0.3151424750681586,0.3151424750681587,853.1045561067298,344,344,converged,38.0
2.0,8,multiplicative,10.0,0.99,0.1,0.001,20000,converged,0.000763911916761448,0.6304904523214547,0.6304904523214547,0.6304904523214547,0.6304904523214547,625.9770163974163,275,275,converged,11.0
2.0,8,multiplicative,10.0,0.99,0.05,0.001,20000,converged,0.000763911916761448,0.6304904523214547,0.6304904523214547,0.6304904523214547,0.6304904523214547,625.9770163974163,275,275,converged,12.0
2.0,8,multiplicative,10.0,0.99,0.01,0.001,20000,converged,0.000763911916761448,0.6304904523214547,0.6304904523214547,0.6304904523214547,0.6304904523214547,625.9770163974163,275,275,converged,14.0
2.0,8,multiplicative,10.0,0.99,0.005,0.001,20000,converged,0.000763911916761448,0.6304904523214547,0.6304904523214547,0.6304904523214547,0.6304904523214547,625.9770163974163,275,275,converged,15.0
2.0,8,multiplicative,10.0,0.99,0.001,0.001,20000,converged,0.000763911916761448,0.6304904523214547,0.6304904523214547,0.6304904523214547,0.6304904523214547,625.9770163974163,275,275,converged,17.0
2.0,9,multiplicative,10.0,0.99,0.1,0.001,20000,converged,0.0009955385345824846,0.29969735809067766,0.29969735809067766,0.29969735809067766,0.2996973580906776,335.7470003701831,349,349,converged,17.0
2.0,9,multiplicative,10.0,0.99,0.05,0.001,20000,converged,0.0009955385345824846,0.29969735809067766,0.29969735809067766,0.29969735809067766,0.2996973580906776,335.7470003701831,349,349,converged,20.0
2.0,9,multiplicative,10.0,0.99,0.01,0.001,20000,converged,0.0009955385345824846,0.29969735809067766,0.29969735809067766,0.29969735809067766,0.2996973580906776,335.7470003701831,349,349,converged,26.0
2.0,9,multiplicative,10.0,0.99,0.005,0.001,20000,converged,0.0009955385345824846,0.29969735809067766,0.29969735809067766,0.29969735809067766,0.2996973580906776,335.7470003701831,349,349,converged,28.0
2.0,9,multiplicative,10.0,0.99,0.001,0.001,20000,converged,0.0009955385345824846,0.29969735809067766,0.29969735809067766,0.29969735809067766,0.2996973580906776,335.7470003701831,349,349,converged,35.0
2.0,0,quadratic,10.0,0.99,0.1,0.001,20000,eta below minimum,2.7345718464213515,9.900047486404983e-19,6.542762118968581e-17,0.9053395828517632,0.12715601695472287,0.11489682826591015,4354,562,eta below minimum,
2.0,0,quadratic,10.0,0.99,0.05,0.001,20000,eta below minimum,2.7345718464213515,9.900047486404983e-19,6.542762118968581e-17,0.9053395828517632,0.12715601695472287,0.11489682826591015,4354,562,eta below minimum,
2.0,0,quadratic,10.0,0.99,0.01,0.001,20000,eta below minimum,2.7345718464213515,9.900047486404983e-19,6.542762118968581e-17,0.9053395828517632,0.12715601695472287,0.11489682826591015,4354,562,eta below minimum,
2.0,0,quadratic,10.0,0.99,0.005,0.001,20000,eta below minimum,2.7345718464213515,9.900047486404983e-19,6.542762118968581e-17,0.9053395828517632,0.12715601695472287,0.11489682826591015,4354,562,eta below minimum,
2.0,0,quadratic,10.0,0.99,0.001,0.001,20000,eta below minimum,2.7345718464213515,9.900047486404983e-19,6.542762118968581e-17,0.9053395828517632,0.12715601695472287,0.11489682826591015,4354,562,eta below minimum,
2.0,1,quadratic,10.0,0.99,0.1,0.001,20000,eta below minimum,2.596170702330427,9.900047486404983e-19,1.1850705676367968e-17,0.8270433237647302,0.14661859189276819,0.13291174495381908,4354,676,eta below minimum,
2.0,1,quadratic,10.0,0.99,0.05,0.001,20000,eta below minimum,2.596170702330427,9.900047486404983e-19,1.1850705676367968e-17,0.8270433237647302,0.14661859189276819,0.13291174495381908,4354,676,eta below minimum,
2.0,1,quadratic,10.0,0.99,0.01,0.001,20000,eta below minimum,2.596170702330427,9.900047486404983e-19,1.1850705676367968e-17,0.8270433237647302,0.14661859189276819,0.13291174495381908,4354,676,eta below minimum,
2.0,1,quadratic,10.0,0.99,0.005,0.001,20000,eta below minimum,2.596170702330427,9.900047486404983e-19,1.1850705676367968e-17,0.8270433237647302,0.14661859189276819,0.13291174495381908,4354,676,eta below minimum,
2.0,1,quadratic,10.0,0.99,0.001,0.001,20000,eta below minimum,2.596170702330427,9.900047486404983e-19,1.1850705676367968e-17,0.8270433237647302,0.14661859189276819,0.13291174495381908,4354,676,eta below minimum,
2.0,2,quadratic,10.0,0.99,0.1,0.001,20000,eta below minimum,4.495013389960811,9.900047486404983e-19,6.043690977946478e-18,0.4092530097630392,0.06759062538962363,0.061060962378277205,4354,677,eta below minimum,
2.0,2,quadratic,10.0,0.99,0.05,0.001,20000,eta below minimum,4.495013389960811,9.900047486404983e-19,6.043690977946478e-18,0.4092530097630392,0.06759062538962363,0.061060962378277205,4354,677,eta below minimum,
2.0,2,quadratic,10.0,0.99,0.01,0.001,20000,eta below minimum,4.495013389960811,9.900047486404983e-19,6.043690977946478e-18,0.4092530097630392,0.06759062538962363,0.061060962378277205,4354,677,eta below minimum,
2.0,2,quadratic,10.0,0.99,0.005,0.001,20000,eta below minimum,4.495013389960811,9.900047486404983e-19,6.043690977946478e-18,0.4092530097630392,0.06759062538962363,0.061060962378277205,4354,677,eta below minimum,
2.0,2,quadratic,10.0,0.99,0.001,0.001,20000,eta below minimum,4.495013389960811,9.900047486404983e-19,6.043690977946478e-18,0.4092530097630392,0.06759062538962363,0.061060962378277205,4354,677,eta below minimum,
2.0,3,quadratic,10.0,0.99,0.1,0.001,20000,eta below minimum,2.9542808480239175,9.900047486404983e-19,5.683997194797441e-17,0.6629832272038526,0.11896243397360576,0.10784253933295573,4354,547,eta below minimum,
2.0,3,quadratic,10.0,0.99,0.05,0.001,20000,eta below minimum,2.9542808480239175,9.900047486404983e-19,5.683997194797441e-17,0.6629832272038526,0.11896243397360576,0.10784253933295573,4354,547,eta below minimum,
2.0,3,quadratic,10.0,0.99,0.01,0.001,20000,eta below minimum,2.9542808480239175,9.900047486404983e-19,5.683997194797441e-17,0.6629832272038526,0.11896243397360576,0.10784253933295573,4354,547,eta below minimum,
2.0,3,quadratic,10.0,0.99,0.005,0.001,20000,eta below minimum,2.9542808480239175,9.900047486404983e-19,5.683997194797441e-17,0.6629832272038526,0.11896243397360576,0.10784253933295573,4354,547,eta below minimum,
2.0,3,quadratic,10.0,0.99,0.001,0.001,20000,eta below minimum,2.9542808480239175,9.900047486404983e-19,5.683997194797441e-17,0.6629832272038526,0.11896243397360576,0.10784253933295573,4354,547,eta below minimum,
2.0,4,quadratic,10.0,0.99,0.1,0.001,20000,eta below minimum,1.608977690702154,9.900047486404983e-19,1.6511357867787672e-17,1.152303387137133,0.2135131694390463,0.19387737168879698,4354,685,eta below minimum,
2.0,4,quadratic,10.0,0.99,0.05,0.001,20000,eta below minimum,1.608977690702154,9.900047486404983e-19,1.6511357867787672e-17,1.152303387137133,0.2135131694390463,0.19387737168879698,4354,685,eta below minimum,
2.0,4,quadratic,10.0,0.99,0.01,0.001,20000,eta below minimum,1.608977690702154,9.900047486404983e-19,1.6511357867787672e-17,1.152303387137133,0.2135131694390463,0.19387737168879698,4354,685,eta below minimum,
2.0,4,quadratic,10.0,0.99,0.005,0.001,20000,eta below minimum,1.608977690702154,9.900047486404983e-19,1.6511357867787672e-17,1.152303387137133,0.2135131694390463,0.19387737168879698,4354,685,eta below minimum,
2.0,4,quadratic,10.0,0.99,0.001,0.001,20000,eta below minimum,1.608977690702154,9.900047486404983e-19,1.6511357867787672e-17,1.152303387137133,0.2135131694390463,0.19387737168879698,4354,685,eta below minimum,
2.0,5,quadratic,10.0,0.99,0.1,0.001,20000,eta below minimum,2.7995709416866372,9.900047486404983e-19,5.038209124345368e-17,0.8024793100055939,0.1462527781184312,0.13068162144267892,4354,665,eta below minimum,
2.0,5,quadratic,10.0,0.99,0.05,0.001,20000,eta below minimum,2.7995709416866372,9.900047486404983e-19,5.038209124345368e-17,0.8024793100055939,0.1462527781184312,0.13068162144267892,4354,665,eta below minimum,
2.0,5,quadratic,10.0,0.99,0.01,0.001,20000,eta below minimum,2.7995709416866372,9.900047486404983e-19,5.038209124345368e-17,0.8024793100055939,0.1462527781184312,0.13068162144267892,4354,665,eta below minimum,
2.0,5,quadratic,10.0,0.99,0.005,0.001,20000,eta below minimum,2.7995709416866372,9.900047486404983e-19,5.038209124345368e-17,0.8024793100055939,0.1462527781184312,0.13068162144267892,4354,665,eta below minimum,
2.0,5,quadratic,10.0,0.99,0.001,0.001,20000,eta below minimum,2.7995709416866372,9.900047486404983e-19,5.038209124345368e-17,0.8024793100055939,0.1462527781184312,0.13068162144267892,4354,665,eta below minimum,
2.0,6,quadratic,10.0,0.99,0.1,0.001,20000,eta below minimum,2.839817020945322,9.900047486404983e-19,2.9906519425649004e-18,0.7041924650516146,0.13155751548133654,0.11955276434493452,4354,735,eta below minimum,
2.0,6,quadratic,10.0,0.99,0.05,0.001,20000,eta below minimum,2.839817020945322,9.900047486404983e-19,2.9906519425649004e-18,0.7041924650516146,0.13155751548133654,0.11955276434493452,4354,735,eta below minimum,
2.0,6,quadratic,10.0,0.99,0.01,0.001,20000,eta below minimum,2.839817020945322,9.900047486404983e-19,2.9906519425649004e-18,0.7041924650516146,0.13155751548133654,0.11955276434493452,4354,735,eta below minimum,
2.0,6,quadratic,10.0,0.99,0.005,0.001,20000,eta below minimum,2.839817020945322,9.900047486404983e-19,2.9906519425649004e-18,0.7041924650516146,0.13155751548133654,0.11955276434493452,4354,735,eta below minimum,
2.0,6,quadratic,10.0,0.99,0.001,0.001,20000,eta below minimum,2.839817020945322,9.900047486404983e-19,2.9906519425649004e-18,0.7041924650516146,0.13155751548133654,0.11955276434493452,4354,735,eta below minimum,
2.0,7,quadratic,10.0,0.99,0.1,0.001,20000,eta below minimum,4.156309482406163,9.900047486404983e-19,4.0430585817685674e-18,0.5422585810406322,0.07310364348623177,0.06594452909707432,4354,673,eta below minimum,
2.0,7,quadratic,10.0,0.99,0.05,0.001,20000,eta below minimum,4.156309482406163,9.900047486404983e-19,4.0430585817685674e-18,0.5422585810406322,0.07310364348623177,0.06594452909707432,4354,673,eta below minimum,
2.0,7,quadratic,10.0,0.99,0.01,0.001,20000,eta below minimum,4.156309482406163,9.900047486404983e-19,4.0430585817685674e-18,0.5422585810406322,0.07310364348623177,0.06594452909707432,4354,673,eta below minimum,
2.0,7,quadratic,10.0,0.99,0.005,0.001,20000,eta below minimum,4.156309482406163,9.900047486404983e-19,4.0430585817685674e-18,0.5422585810406322,0.07310364348623177,0.06594452909707432,4354,673,eta below minimum,
2.0,7,quadratic,10.0,0.99,0.001,0.001,20000,eta below minimum,4.156309482406163,9.900047486404983e-19,4.0430585817685674e-18,0.5422585810406322,0.07310364348623177,0.06594452909707432,4354,673,eta below minimum,
2.0,8,quadratic,10.0,0.99,0.1,0.001,20000,eta below minimum,2.421131934516752,9.900047486404983e-19,1.0515407566164523e-18,1.0958290556334809,0.16127745932378057,0.14574578541776226,4354,787,eta below minimum,
2.0,8,quadratic,10.0,0.99,0.05,0.001,20000,eta below minimum,2.421131934516752,9.900047486404983e-19,1.0515407566164523e-18,1.0958290556334809,0.16127745932378057,0.14574578541776226,4354,787,eta below minimum,
2.0,8,quadratic,10.0,0.99,0.01,0.001,20000,eta below minimum,2.421131934516752,9.900047486404983e-19,1.0515407566164523e-18,1.0958290556334809,0.16127745932378057,0.14574578541776226,4354,787,eta below minimum,
2.0,8,quadratic,10.0,0.99,0.005,0.001,20000,eta below minimum,2.421131934516752,9.900047486404983e-19,1.0515407566164523e-18,1.0958290556334809,0.16127745932378057,0.14574578541776226,4354,787,eta below minimum,
2.0,8,quadratic,10.0,0.99,0.001,0.001,20000,eta below minimum,2.421131934516752,9.900047486404983e-19,1.0515407566164523e-18,1.0958290556334809,0.16127745932378057,0.14574578541776226,4354,787,eta below minimum,
2.0,9,quadratic,10.0,0.99,0.1,0.001,20000,eta below minimum,3.5121802803827578,9.900047486404983e-19,1.030615095559785e-18,0.49040894071285696,0.11959993201507539,0.10678606425989914,4354,1020,eta below minimum,
2.0,9,quadratic,10.0,0.99,0.05,0.001,20000,eta below minimum,3.5121802803827578,9.900047486404983e-19,1.030615095559785e-18,0.49040894071285696,0.11959993201507539,0.10678606425989914,4354,1020,eta below minimum,
2.0,9,quadratic,10.0,0.99,0.01,0.001,20000,eta below minimum,3.5121802803827578,9.900047486404983e-19,1.030615095559785e-18,0.49040894071285696,0.11959993201507539,0.10678606425989914,4354,1020,eta below minimum,
2.0,9,quadratic,10.0,0.99,0.005,0.001,20000,eta below minimum,3.5121802803827578,9.900047486404983e-19,1.030615095559785e-18,0.49040894071285696,0.11959993201507539,0.10678606425989914,4354,1020,eta below minimum,
2.0,9,quadratic,10.0,0.99,0.001,0.001,20000,eta below minimum,3.5121802803827578,9.900047486404983e-19,1.030615095559785e-18,0.49040894071285696,0.11959993201507539,0.10678606425989914,4354,1020,eta below minimum,
3.0,0,additive,10.0,0.99,0.1,0.001,20000,budget_exhausted,0.9004409912707254,0.3183257323920794,0.3183257323920794,0.5003662286632558,0.31835209691918653,0.3534687157787014,343,298,budget_exhausted,
3.0,0,additive,10.0,0.99,0.05,0.001,20000,budget_exhausted,0.9004409912707254,0.3183257323920794,0.3183257323920794,0.5003662286632558,0.31835209691918653,0.3534687157787014,343,298,budget_exhausted,
3.0,0,additive,10.0,0.99,0.01,0.001,20000,budget_exhausted,0.9004409912707254,0.3183257323920794,0.3183257323920794,0.5003662286632558,0.31835209691918653,0.3534687157787014,343,298,budget_exhausted,
3.0,0,additive,10.0,0.99,0.005,0.001,20000,budget_exhausted,0.9004409912707254,0.3183257323920794,0.3183257323920794,0.5003662286632558,0.31835209691918653,0.3534687157787014,343,298,budget_exhausted,
3.0,0,additive,10.0,0.99,0.001,0.001,20000,budget_exhausted,0.9004409912707254,0.3183257323920794,0.3183257323920794,0.5003662286632558,0.31835209691918653,0.3534687157787014,343,298,budget_exhausted,
3.0,1,additive,10.0,0.99,0.1,0.001,20000,budget_exhausted,0.7548324821997673,0.21510194444071787,0.21510194444071787,0.570204263543717,0.21518165830080999,3.8152644520200547,382,285,budget_exhausted,
3.0,1,additive,10.0,0.99,0.05,0.001,20000,budget_exhausted,0.7548324821997673,0.21510194444071787,0.21510194444071787,0.570204263543717,0.21518165830080999,3.8152644520200547,382,285,budget_exhausted,
3.0,1,additive,10.0,0.99,0.01,0.001,20000,budget_exhausted,0.7548324821997673,0.21510194444071787,0.21510194444071787,0.570204263543717,0.21518165830080999,3.8152644520200547,382,285,budget_exhausted,
3.0,1,additive,10.0,0.99,0.005,0.001,20000,budget_exhausted,0.7548324821997673,0.21510194444071787,0.21510194444071787,0.570204263543717,0.21518165830080999,3.8152644520200547,382,285,budget_exhausted,
3.0,1,additive,10.0,0.99,0.001,0.001,20000,budget_exhausted,0.7548324821997673,0.21510194444071787,0.21510194444071787,0.570204263543717,0.21518165830080999,3.8152644520200547,382,285,budget_exhausted,
3.0,2,additive,10.0,0.99,0.1,0.001,20000,budget_exhausted,0.684738316024238,0.08033289290486684,0.08033289290486684,0.28500920552555165,0.08040953311660391,1.4767072277432338,480,354,budget_exhausted,
3.0,2,additive,10.0,0.99,0.05,0.001,20000,budget_exhausted,0.684738316024238,0.08033289290486684,0.08033289290486684,0.28500920552555165,0.08040953311660391,1.4767072277432338,480,354,budget_exhausted,
3.0,2,additive,10.0,0.99,0.01,0.001,20000,budget_exhausted,0.684738316024238,0.08033289290486684,0.08033289290486684,0.28500920552555165,0.08040953311660391,1.4767072277432338,480,354,budget_exhausted,
3.0,2,additive,10.0,0.99,0.005,0.001,20000,budget_exhausted,0.684738316024238,0.08033289290486684,0.08033289290486684,0.28500920552555165,0.08040953311660391,1.4767072277432338,480,354,budget_exhausted,
3.0,2,additive,10.0,0.99,0.001,0.001,20000,budget_exhausted,0.684738316024238,0.08033289290486684,0.08033289290486684,0.28500920552555165,0.08040953311660391,1.4767072277432338,480,354,budget_exhausted,
3.0,3,additive,10.0,0.99,0.1,0.001,20000,budget_exhausted,0.8645823766564712,0.25010156959690516,0.25010156959690516,0.4570931799422274,0.25013460222026834,0.6760275569682345,367,307,budget_exhausted,
3.0,3,additive,10.0,0.99,0.05,0.001,20000,budget_exhausted,0.8645823766564712,0.25010156959690516,0.25010156959690516,0.4570931799422274,0.25013460222026834,0.6760275569682345,367,307,budget_exhausted,
3.0,3,additive,10.0,0.99,0.01,0.001,20000,budget_exhausted,0.8645823766564712,0.25010156959690516,0.25010156959690516,0.4570931799422274,0.25013460222026834,0.6760275569682345,367,307,budget_exhausted,
3.0,3,additive,10.0,0.99,0.005,0.001,20000,budget_exhausted,0.8645823766564712,0.25010156959690516,0.25010156959690516,0.4570931799422274,0.25013460222026834,0.6760275569682345,367,307,budget_exhausted,
3.0,3,additive,10.0,0.99,0.001,0.001,20000,budget_exhausted,0.8645823766564712,0.25010156959690516,0.25010156959690516,0.4570931799422274,0.25013460222026834,0.6760275569682345,367,307,budget_exhausted,
3.0,4,additive,10.0,0.99,0.1,0.001,20000,budget_exhausted,0.7519618032551003,0.37385968300312716,0.37385968300312716,0.5995901467146539,0.3739393735614437,7.066307879421206,327,280,budget_exhausted,
3.0,4,additive,10.0,0.99,0.05,0.001,20000,budget_exhausted,0.7519618032551003,0.37385968300312716,0.37385968300312716,0.5995901467146539,0.3739393735614437,7.066307879421206,327,280,budget_exhausted,
3.0,4,additive,10.0,0.99,0.01,0.001,20000,budget_exhausted,0.7519618032551003,0.37385968300312716,0.37385968300312716,0.5995901467146539,0.3739393735614437,7.066307879421206,327,280,budget_exhausted,
3.0,4,additive,10.0,0.99,0.005,0.001,20000,budget_exhausted,0.7519618032551003,0.37385968300312716,0.37385968300312716,0.5995901467146539,0.3739393735614437,7.066307879421206,327,280,budget_exhausted,
3.0,4,additive,10.0,0.99,0.001,0.001,20000,budget_exhausted,0.7519618032551003,0.37385968300312716,0.37385968300312716,0.5995901467146539,0.3739393735614437,7.066307879421206,327,280,budget_exhausted,
3.0,5,additive,10.0,0.99,0.1,0.001,20000,budget_exhausted,0.9197150524809291,0.29969735809067766,0.29969735809067766,0.4806498027926711,0.2997353710618479,1.265571207492409,349,302,budget_exhausted,
3.0,5,additive,10.0,0.99,0.05,0.001,20000,budget_exhausted,0.9197150524809291,0.29969735809067766,0.29969735809067766,0.4806498027926711,0.2997353710618479,1.265571207492409,349,302,budget_exhausted,
3.0,5,additive,10.0,0.99,0.01,0.001,20000,budget_exhausted,0.9197150524809291,0.29969735809067766,0.29969735809067766,0.4806498027926711,0.2997353710618479,1.265571207492409,349,302,budget_exhausted,
3.0,5,additive,10.0,0.99,0.005,0.001,20000,budget_exhausted,0.9197150524809291,0.29969735809067766,0.29969735809067766,0.4806498027926711,0.2997353710618479,1.265571207492409,349,302,budget_exhausted,
3.0,5,additive,10.0,0.99,0.001,0.001,20000,budget_exhausted,0.9197150524809291,0.29969735809067766,0.29969735809067766,0.4806498027926711,0.2997353710618479,1.265571207492409,349,302,budget_exhausted,
3.0,6,additive,10.0,0.99,0.1,0.001,20000,budget_exhausted,0.8392400210924978,0.28500920552555165,0.28500920552555165,0.43034415534218645,0.28503964693813794,5.663551086187954,354,313,budget_exhausted,
3.0,6,additive,10.0,0.99,0.05,0.001,20000,budget_exhausted,0.8392400210924978,0.28500920552555165,0.28500920552555165,0.43034415534218645,0.28503964693813794,5.663551086187954,354,313,budget_exhausted,
3.0,6,additive,10.0,0.99,0.01,0.001,20000,budget_exhausted,0.8392400210924978,0.28500920552555165,0.28500920552555165,0.43034415534218645,0.28503964693813794,5.663551086187954,354,313,budget_exhausted,
3.0,6,additive,10.0,0.99,0.005,0.001,20000,budget_exhausted,0.8392400210924978,0.28500920552555165,0.28500920552555165,0.43034415534218645,0.28503964693813794,5.663551086187954,354,313,budget_exhausted,
3.0,6,additive,10.0,0.99,0.001,0.001,20000,budget_exhausted,0.8392400210924978,0.28500920552555165,0.28500920552555165,0.43034415534218645,0.28503964693813794,5.663551086187954,354,313,budget_exhausted,
3.0,7,additive,10.0,0.99,0.1,0.001,20000,budget_exhausted,0.8878010849619143,0.14681882057368095,0.14681882057368095,0.33473087591773704,0.14686723628843548,7.927658682618715,420,338,budget_exhausted,
3.0,7,additive,10.0,0.99,0.05,0.001,20000,budget_exhausted,0.8878010849619143,0.14681882057368095,0.14681882057368095,0.33473087591773704,0.14686723628843548,7.927658682618715,420,338,budget_exhausted,
3.0,7,additive,10.0,0.99,0.01,0.001,20000,budget_exhausted,0.8878010849619143,0.14681882057368095,0.14681882057368095,0.33473087591773704,0.14686723628843548,7.927658682618715,420,338,budget_exhausted,
3.0,7,additive,10.0,0.99,0.005,0.001,20000,budget_exhausted,0.8878010849619143,0.14681882057368095,0.14681882057368095,0.33473087591773704,0.14686723628843548,7.927658682618715,420,338,budget_exhausted,
3.0,7,additive,10.0,0.99,0.001,0.001,20000,budget_exhausted,0.8878010849619143,0.14681882057368095,0.14681882057368095,0.33473087591773704,0.14686723628843548,7.927658682618715,420,338,budget_exhausted,
3.0,8,additive,10.0,0.99,0.1,0.001,20000,budget_exhausted,1.1555396159473406,0.4346910660022085,0.4346910660022085,0.6117642553970553,0.4347191446896979,2.402459748007397,312,278,budget_exhausted,
3.0,8,additive,10.0,0.99,0.05,0.001,20000,budget_exhausted,1.1555396159473406,0.4346910660022085,0.4346910660022085,0.6117642553970553,0.4347191446896979,2.402459748007397,312,278,budget_exhausted,
3.0,8,additive,10.0,0.99,0.01,0.001,20000,budget_exhausted,1.1555396159473406,0.4346910660022085,0.4346910660022085,0.6117642553970553,0.4347191446896979,2.402459748007397,312,278,budget_exhausted,
3.0,8,additive,10.0,0.99,0.005,0.001,20000,budget_exhausted,1.1555396159473406,0.4346910660022085,0.4346910660022085,0.6117642553970553,0.4347191446896979,2.402459748007397,312,278,budget_exhausted,
3.0,8,additive,10.0,0.99,0.001,0.001,20000,budget_exhausted,1.1555396159473406,0.4346910660022085,0.4346910660022085,0.6117642553970553,0.4347191446896979,2.402459748007397,312,278,budget_exhausted,
3.0,9,additive,10.0,0.99,0.1,0.001,20000,budget_exhausted,0.828791425611037,0.09246996270269152,0.09246996270269152,0.28788808638944613,0.09251370417855635,9.928904537805355,466,353,budget_exhausted,
3.0,9,additive,10.0,0.99,0.05,0.001,20000,budget_exhausted,0.828791425611037,0.09246996270269152,0.09246996270269152,0.28788808638944613,0.09251370417855635,9.928904537805355,466,353,budget_exhausted,
3.0,9,additive,10.0,0.99,0.01,0.001,20000,budget_exhausted,0.828791425611037,0.09246996270269152,0.09246996270269152,0.28788808638944613,0.09251370417855635,9.928904537805355,466,353,budget_exhausted,
3.0,9,additive,10.0,0.99,0.005,0.001,20000,budget_exhausted,0.828791425611037,0.09246996270269152,0.09246996270269152,0.28788808638944613,0.09251370417855635,9.928904537805355,466,353,budget_exhausted,
3.0,9,additive,10.0,0.99,0.001,0.001,20000,budget_exhausted,0.828791425611037,0.09246996270269152,0.09246996270269152,0.28788808638944613,0.09251370417855635,9.928904537805355,466,353,budget_exhausted,
3.0,0,multiplicative,10.0,0.99,0.1,0.001,20000,converged,0.0007451460852766894,0.923721643558579,0.923721643558579,0.923721643558579,0.923721643558579,656.8300349566521,237,237,converged,9.0
3.0,0,multiplicative,10.0,0.99,0.05,0.001,20000,converged,0.0007451460852766894,0.923721643558579,0.923721643558579,0.923721643558579,0.923721643558579,656.8300349566521,237,237,converged,11.0
3.0,0,multiplicative,10.0,0.99,0.01,0.001,20000,converged,0.0007451460852766894,0.923721643558579,0.923721643558579,0.923721643558579,0.923721643558579,656.8300349566521,237,237,converged,14.0
3.0,0,multiplicative,10.0,0.99,0.005,0.001,20000,converged,0.0007451460852766894,0.923721643558579,0.923721643558579,0.923721643558579,0.923721643558579,656.8300349566521,237,237,converged,15.0
3.0,0,multiplicative,10.0,0.99,0.001,0.001,20000,converged,0.0007451460852766894,0.923721643558579,0.923721643558579,0.923721643558579,0.923721643558579,656.8300349566521,237,237,converged,19.0
3.0,1,multiplicative,10.0,0.99,0.1,0.001,20000,converged,0.0008738737925449429,0.9144844271229932,0.9144844271229932,0.9144844271229932,0.9144844271229932,399.28546214065807,238,238,converged,9.0
3.0,1,multiplicative,10.0,0.99,0.05,0.001,20000,converged,0.0008738737925449429,0.9144844271229932,0.9144844271229932,0.9144844271229932,0.9144844271229932,399.28546214065807,238,238,converged,10.0
3.0,1,multiplicative,10.0,0.99,0.01,0.001,20000,converged,0.0008738737925449429,0.9144844271229932,0.9144844271229932,0.9144844271229932,0.9144844271229932,399.28546214065807,238,238,converged,14.0
3.0,1,multiplicative,10.0,0.99,0.005,0.001,20000,converged,0.0008738737925449429,0.9144844271229932,0.9144844271229932,0.9144844271229932,0.9144844271229932,399.28546214065807,238,238,converged,15.0
3.0,1,multiplicative,10.0,0.99,0.001,0.001,20000,converged,0.0008738737925449429,0.9144844271229932,0.9144844271229932,0.9144844271229932,0.9144844271229932,399.28546214065807,238,238,converged,19.0
3.0,2,multiplicative,10.0,0.99,0.1,0.001,20000,converged,0.0009366831295043064,0.4617102827699267,0.4617102827699267,0.4617102827699267,0.46171028276992687,527.5989631714923,306,306,converged,18.0
3.0,2,multiplicative,10.0,0.99,0.05,0.001,20000,converged,0.0009366831295043064,0.4617102827699267,0.4617102827699267,0.4617102827699267,0.46171028276992687,527.5989631714923,306,306,converged,21.0
3.0,2,multiplicative,10.0,0.99,0.01,0.001,20000,converged,0.0009366831295043064,0.4617102827699267,0.4617102827699267,0.4617102827699267,0.46171028276992687,527.5989631714923,306,306,converged,29.0
3.0,2,multiplicative,10.0,0.99,0.005,0.001,20000,converged,0.0009366831295043064,0.4617102827699267,0.4617102827699267,0.4617102827699267,0.46171028276992687,527.5989631714923,306,306,converged,33.0
3.0,2,multiplicative,10.0,0.99,0.001,0.001,20000,converged,0.0009366831295043064,0.4617102827699267,0.4617102827699267,0.4617102827699267,0.46171028276992687,527.5989631714923,306,306,converged,43.0
3.0,3,multiplicative,10.0,0.99,0.1,0.001,20000,converged,0.0008878022814205569,0.7631498390659373,0.7631498390659373,0.7631498390659373,0.7631498390659374,545.8892437580215,256,256,converged,12.0
3.0,3,multiplicative,10.0,0.99,0.05,0.001,20000,converged,0.0008878022814205569,0.7631498390659373,0.7631498390659373,0.7631498390659373,0.7631498390659374,545.8892437580215,256,256,converged,13.0
3.0,3,multiplicative,10.0,0.99,0.01,0.001,20000,converged,0.0008878022814205569,0.7631498390659373,0.7631498390659373,0.7631498390659373,0.7631498390659374,545.8892437580215,256,256,converged,17.0
3.0,3,multiplicative,10.0,0.99,0.005,0.001,20000,converged,0.0008878022814205569,0.7631498390659373,0.7631498390659373,0.7631498390659373,0.7631498390659374,545.8892437580215,256,256,converged,19.0
3.0,3,multiplicative,10.0,0.99,0.001,0.001,20000,converged,0.0008878022814205569,0.7631498390659373,0.7631498390659373,0.7631498390659373,0.7631498390659374,545.8892437580215,256,256,converged,23.0
3.0,4,multiplicative,10.0,0.99,0.1,0.001,20000,converged,0.0009899756547940006,1.0526490184835897,1.0526490184835897,1.0526490184835897,1.0526490184835895,2036.616450202852,224,224,converged,12.0
3.0,4,multiplicative,10.0,0.99,0.05,0.001,20000,converged,0.0009899756547940006,1.0526490184835897,1.0526490184835897,1.0526490184835897,1.0526490184835895,2036.616450202852,224,224,converged,13.0
3.0,4,multiplicative,10.0,0.99,0.01,0.001,20000,converged,0.0009899756547940006,1.0526490184835897,1.0526490184835897,1.0526490184835897,1.0526490184835895,2036.616450202852,224,224,converged,16.0
3.0,4,multiplicative,10.0,0.99,0.005,0.001,20000,converged,0.0009899756547940006,1.0526490184835897,1.0526490184835897,1.0526490184835897,1.0526490184835895,2036.616450202852,224,224,converged,17.0
3.0,4,multiplicative,10.0,0.99,0.001,0.001,20000,converged,0.0009899756547940006,1.0526490184835897,1.0526490184835897,1.0526490184835897,1.0526490184835895,2036.616450202852,224,224,converged,19.0
3.0,5,multiplicative,10.0,0.99,0.1,0.001,20000,converged,0.0009582881537888,0.8187728905270829,0.8187728905270829,0.8187728905270829,0.8187728905270829,595.6074136455934,249,249,converged,10.0
3.0,5,multiplicative,10.0,0.99,0.05,0.001,20000,converged,0.0009582881537888,0.8187728905270829,0.8187728905270829,0.8187728905270829,0.8187728905270829,595.6074136455934,249,249,converged,11.0
3.0,5,multiplicative,10.0,0.99,0.01,0.001,20000,converged,0.0009582881537888,0.8187728905270829,0.8187728905270829,0.8187728905270829,0.8187728905270829,595.6074136455934,249,249,converged,15.0
3.0,5,multiplicative,10.0,0.99,0.005,0.001,20000,converged,0.0009582881537888,0.8187728905270829,0.8187728905270829,0.8187728905270829,0.8187728905270829,595.6074136455934,249,249,converged,16.0
3.0,5,multiplicative,10.0,0.99,0.001,0.001,20000,converged,0.0009582881537888,0.8187728905270829,0.8187728905270829,0.8187728905270829,0.8187728905270829,595.6074136455934,249,249,converged,20.0
3.0,6,multiplicative,10.0,0.99,0.1,0.001,20000,converged,0.0009773575085250679,0.7041924650516146,0.7041924650516146,0.7041924650516146,0.7041924650516147,615.9193339929463,264,264,converged,15.0
3.0,6,multiplicative,10.0,0.99,0.05,0.001,20000,converged,0.0009773575085250679,0.7041924650516146,0.7041924650516146,0.7041924650516146,0.7041924650516147,615.9193339929463,264,264,converged,16.0
3.0,6,multiplicative,10.0,0.99,0.01,0.001,20000,converged,0.0009773575085250679,0.7041924650516146,0.7041924650516146,0.7041924650516146,0.7041924650516147,615.9193339929463,264,264,converged,20.0
3.0,6,multiplicative,10.0,0.99,0.005,0.001,20000,converged,0.0009773575085250679,0.7041924650516146,0.7041924650516146,0.7041924650516146,0.7041924650516147,615.9193339929463,264,264,converged,22.0
3.0,6,multiplicative,10.0,0.99,0.001,0.001,20000,converged,0.0009773575085250679,0.7041924650516146,0.7041924650516146,0.7041924650516146,0.7041924650516147,615.9193339929463,264,264,converged,26.0
3.0,7,multiplicative,10.0,0.99,0.1,0.001,20000,converged,0.0008228975604687072,0.5759639025694111,0.5759639025694111,0.5759639025694111,0.5759639025694111,557.6294163551889,284,284,converged,14.0
3.0,7,multiplicative,10.0,0.99,0.05,0.001,20000,converged,0.0008228975604687072,0.5759639025694111,0.5759639025694111,0.5759639025694111,0.5759639025694111,557.6294163551889,284,284,converged,16.0
3.0,7,multiplicative,10.0,0.99,0.01,0.001,20000,converged,0.0008228975604687072,0.5759639025694111,0.5759639025694111,0.5759639025694111,0.5759639025694111,557.6294163551889,284,284,converged,23.0
3.0,7,multiplicative,10.0,0.99,0.005,0.001,20000,converged,0.0008228975604687072,0.5759639025694111,0.5759639025694111,0.5759639025694111,0.5759639025694111,557.6294163551889,284,284,converged,26.0
3.0,7,multiplicative,10.0,0.99,0.001,0.001,20000,converged,0.0008228975604687072,0.5759639025694111,0.5759639025694111,0.5759639025694111,0.5759639025694111,557.6294163551889,284,284,converged,33.0
3.0,8,multiplicative,10.0,0.99,0.1,0.001,20000,converged,0.0007909765593304183,1.0526490184835897,1.0526490184835897,1.0526490184835897,1.0526490184835897,443.8687437068806,224,224,converged,9.0
3.0,8,multiplicative,10.0,0.99,0.05,0.001,20000,converged,0.0007909765593304183,1.0526490184835897,1.0526490184835897,1.0526490184835897,1.0526490184835897,443.8687437068806,224,224,converged,10.0
3.0,8,multiplicative,10.0,0.99,0.01,0.001,20000,converged,0.0007909765593304183,1.0526490184835897,1.0526490184835897,1.0526490184835897,1.0526490184835897,443.8687437068806,224,224,converged,12.0
3.0,8,multiplicative,10.0,0.99,0.005,0.001,20000,converged,0.0007909765593304183,1.0526490184835897,1.0526490184835897,1.0526490184835897,1.0526490184835897,443.8687437068806,224,224,converged,13.0
3.0,8,multiplicative,10.0,0.99,0.001,0.001,20000,converged,0.0007909765593304183,1.0526490184835897,1.0526490184835897,1.0526490184835897,1.0526490184835897,443.8687437068806,224,224,converged,16.0
3.0,9,multiplicative,10.0,0.99,0.1,0.001,20000,converged,0.0008751457568736251,0.47108487171709695,0.47108487171709695,0.47108487171709695,0.47108487171709684,595.4102100983965,304,304,converged,16.0
3.0,9,multiplicative,10.0,0.99,0.05,0.001,20000,converged,0.0008751457568736251,0.47108487171709695,0.47108487171709695,0.47108487171709695,0.47108487171709684,595.4102100983965,304,304,converged,19.0
3.0,9,multiplicative,10.0,0.99,0.01,0.001,20000,converged,0.0008751457568736251,0.47108487171709695,0.47108487171709695,0.47108487171709695,0.47108487171709684,595.4102100983965,304,304,converged,27.0
3.0,9,multiplicative,10.0,0.99,0.005,0.001,20000,converged,0.0008751457568736251,0.47108487171709695,0.47108487171709695,0.47108487171709695,0.47108487171709684,595.4102100983965,304,304,converged,31.0
3.0,9,multiplicative,10.0,0.99,0.001,0.001,20000,converged,0.0008751457568736251,0.47108487171709695,0.47108487171709695,0.47108487171709695,0.47108487171709684,595.4102100983965,304,304,converged,39.0
3.0,0,quadratic,10.0,0.99,0.1,0.001,20000,eta below minimum,1.982799930405745,9.900047486404983e-19,3.579915752976311e-17,1.7224993019150134,0.21490230372693023,0.19393961741530957,4354,555,eta below minimum,
3.0,0,quadratic,10.0,0.99,0.05,0.001,20000,eta below minimum,1.982799930405745,9.900047486404983e-19,3.579915752976311e-17,1.7224993019150134,0.21490230372693023,0.19393961741530957,4354,555,eta below minimum,
3.0,0,quadratic,10.0,0.99,0.01,0.001,20000,eta below minimum,1.982799930405745,9.900047486404983e-19,3.579915752976311e-17,1.7224993019150134,0.21490230372693023,0.19393961741530957,4354,555,eta below minimum,
3.0,0,quadratic,10.0,0.99,0.005,0.001,20000,eta below minimum,1.982799930405745,9.900047486404983e-19,3.579915752976311e-17,1.7224993019150134,0.21490230372693023,0.19393961741530957,4354,555,eta below minimum,
3.0,0,quadratic,10.0,0.99,0.001,0.001,20000,eta below minimum,1.982799930405745,9.900047486404983e-19,3.579915752976311e-17,1.7224993019150134,0.21490230372693023,0.19393961741530957,4354,555,eta below minimum,
3.0,1,quadratic,10.0,0.99,0.1,0.001,20000,eta below minimum,2.2046613798169044,9.900047486404983e-19,1.8460999591352134e-18,1.4814499154757945,0.19042940749949958,0.17209473299588166,4354,634,eta below minimum,
3.0,1,quadratic,10.0,0.99,0.05,0.001,20000,eta below minimum,2.2046613798169044,9.900047486404983e-19,1.8460999591352134e-18,1.4814499154757945,0.19042940749949958,0.17209473299588166,4354,634,eta below minimum,
3.0,1,quadratic,10.0,0.99,0.01,0.001,20000,eta below minimum,2.2046613798169044,9.900047486404983e-19,1.8460999591352134e-18,1.4814499154757945,0.19042940749949958,0.17209473299588166,4354,634,eta below minimum,
3.0,1,quadratic,10.0,0.99,0.005,0.001,20000,eta below minimum,2.2046613798169044,9.900047486404983e-19,1.8460999591352134e-18,1.4814499154757945,0.19042940749949958,0.17209473299588166,4354,634,eta below minimum,
3.0,1,quadratic,10.0,0.99,0.001,0.001,20000,eta below minimum,2.2046613798169044,9.900047486404983e-19,1.8460999591352134e-18,1.4814499154757945,0.19042940749949958,0.17209473299588166,4354,634,eta below minimum,
3.0,2,quadratic,10.0,0.99,0.1,0.001,20000,eta below minimum,3.088532898092614,9.900047486404983e-19,1.1257983875232857e-16,0.7404835256958399,0.1337430620177093,0.1211206883157343,4354,571,eta below minimum,
3.0,2,quadratic,10.0,0.99,0.05,0.001,20000,eta below minimum,3.088532898092614,9.900047486404983e-19,1.1257983875232857e-16,0.7404835256958399,0.1337430620177093,0.1211206883157343,4354,571,eta below minimum,
3.0,2,quadratic,10.0,0.99,0.01,0.001,20000,eta below minimum,3.088532898092614,9.900047486404983e-19,1.1257983875232857e-16,0.7404835256958399,0.1337430620177093,0.1211206883157343,4354,571,eta below minimum,
3.0,2,quadratic,10.0,0.99,0.005,0.001,20000,eta below minimum,3.088532898092614,9.900047486404983e-19,1.1257983875232857e-16,0.7404835256958399,0.1337430620177093,0.1211206883157343,4354,571,eta below minimum,
3.0,2,quadratic,10.0,0.99,0.001,0.001,20000,eta below minimum,3.088532898092614,9.900047486404983e-19,1.1257983875232857e-16,0.7404835256958399,0.1337430620177093,0.1211206883157343,4354,571,eta below minimum,
3.0,3,quadratic,10.0,0.99,0.1,0.001,20000,eta below minimum,2.399325271898363,9.900047486404983e-19,1.1257983875232857e-16,1.2741333767875875,0.1786251376095885,0.15916029328228304,4354,731,eta below minimum,
3.0,3,quadratic,10.0,0.99,0.05,0.001,20000,eta below minimum,2.399325271898363,9.900047486404983e-19,1.1257983875232857e-16,1.2741333767875875,0.1786251376095885,0.15916029328228304,4354,731,eta below minimum,
3.0,3,quadratic,10.0,0.99,0.01,0.001,20000,eta below minimum,2.399325271898363,9.900047486404983e-19,1.1257983875232857e-16,1.2741333767875875,0.1786251376095885,0.15916029328228304,4354,731,eta below minimum,
3.0,3,quadratic,10.0,0.99,0.005,0.001,20000,eta below minimum,2.399325271898363,9.900047486404983e-19,1.1257983875232857e-16,1.2741333767875875,0.1786251376095885,0.15916029328228304,4354,731,eta below minimum,
3.0,3,quadratic,10.0,0.99,0.001,0.001,20000,eta below minimum,2.399325271898363,9.900047486404983e-19,1.1257983875232857e-16,1.2741333767875875,0.1786251376095885,0.15916029328228304,4354,731,eta below minimum,
3.0,4,quadratic,10.0,0.99,0.1,0.001,20000,eta below minimum,1.6097198053529858,9.900047486404983e-19,2.7596082128823142e-18,1.829565183090608,0.2583116724006361,0.23691666812068918,4354,562,eta below minimum,
3.0,4,quadratic,10.0,0.99,0.05,0.001,20000,eta below minimum,1.6097198053529858,9.900047486404983e-19,2.7596082128823142e-18,1.829565183090608,0.2583116724006361,0.23691666812068918,4354,562,eta below minimum,
3.0,4,quadratic,10.0,0.99,0.01,0.001,20000,eta below minimum,1.6097198053529858,9.900047486404983e-19,2.7596082128823142e-18,1.829565183090608,0.2583116724006361,0.23691666812068918,4354,562,eta below minimum,
3.0,4,quadratic,10.0,0.99,0.005,0.001,20000,eta below minimum,1.6097198053529858,9.900047486404983e-19,2.7596082128823142e-18,1.829565183090608,0.2583116724006361,0.23691666812068918,4354,562,eta below minimum,
3.0,4,quadratic,10.0,0.99,0.001,0.001,20000,eta below minimum,1.6097198053529858,9.900047486404983e-19,2.7596082128823142e-18,1.829565183090608,0.2583116724006361,0.23691666812068918,4354,562,eta below minimum,
3.0,5,quadratic,10.0,0.99,0.1,0.001,20000,eta below minimum,1.9144748476409206,9.900047486404983e-19,3.8837459418431444e-18,1.3947556877522498,0.21319315716296253,0.1954737581453749,4354,532,eta below minimum,
3.0,5,quadratic,10.0,0.99,0.05,0.001,20000,eta below minimum,1.9144748476409206,9.900047486404983e-19,3.8837459418431444e-18,1.3947556877522498,0.21319315716296253,0.1954737581453749,4354,532,eta below minimum,
3.0,5,quadratic,10.0,0.99,0.01,0.001,20000,eta below minimum,1.9144748476409206,9.900047486404983e-19,3.8837459418431444e-18,1.3947556877522498,0.21319315716296253,0.1954737581453749,4354,532,eta below minimum,
3.0,5,quadratic,10.0,0.99,0.005,0.001,20000,eta below minimum,1.9144748476409206,9.900047486404983e-19,3.8837459418431444e-18,1.3947556877522498,0.21319315716296253,0.1954737581453749,4354,532,eta below minimum,
3.0,5,quadratic,10.0,0.99,0.001,0.001,20000,eta below minimum,1.9144748476409206,9.900047486404983e-19,3.8837459418431444e-18,1.3947556877522498,0.21319315716296253,0.1954737581453749,4354,532,eta below minimum,
3.0,6,quadratic,10.0,0.99,0.1,0.001,20000,eta below minimum,2.378639388136193,9.900047486404983e-19,4.421134424878281e-17,1.1407803532657617,0.17823790076349066,0.1614765441136567,4354,561,eta below minimum,
3.0,6,quadratic,10.0,0.99,0.05,0.001,20000,eta below minimum,2.378639388136193,9.900047486404983e-19,4.421134424878281e-17,1.1407803532657617,0.17823790076349066,0.1614765441136567,4354,561,eta below minimum,
3.0,6,quadratic,10.0,0.99,0.01,0.001,20000,eta below minimum,2.378639388136193,9.900047486404983e-19,4.421134424878281e-17,1.1407803532657617,0.17823790076349066,0.1614765441136567,4354,561,eta below minimum,
3.0,6,quadratic,10.0,0.99,0.005,0.001,20000,eta below minimum,2.378639388136193,9.900047486404983e-19,4.421134424878281e-17,1.1407803532657617,0.17823790076349066,0.1614765441136567,4354,561,eta below minimum,
3.0,6,quadratic,10.0,0.99,0.001,0.001,20000,eta below minimum,2.378639388136193,9.900047486404983e-19,4.421134424878281e-17,1.1407803532657617,0.17823790076349066,0.1614765441136567,4354,561,eta below minimum,
3.0,7,quadratic,10.0,0.99,0.1,0.001,20000,eta below minimum,2.527364314089214,9.900047486404983e-19,1.6493895078182768e-16,0.9910481551887458,0.19662068210012607,0.17570490921618417,4354,833,eta below minimum,
3.0,7,quadratic,10.0,0.99,0.05,0.001,20000,eta below minimum,2.527364314089214,9.900047486404983e-19,1.6493895078182768e-16,0.9910481551887458,0.19662068210012607,0.17570490921618417,4354,833,eta below minimum,
3.0,7,quadratic,10.0,0.99,0.01,0.001,20000,eta below minimum,2.527364314089214,9.900047486404983e-19,1.6493895078182768e-16,0.9910481551887458,0.19662068210012607,0.17570490921618417,4354,833,eta below minimum,
3.0,7,quadratic,10.0,0.99,0.005,0.001,20000,eta below minimum,2.527364314089214,9.900047486404983e-19,1.6493895078182768e-16,0.9910481551887458,0.19662068210012607,0.17570490921618417,4354,833,eta below minimum,
3.0,7,quadratic,10.0,0.99,0.001,0.001,20000,eta below minimum,2.527364314089214,9.900047486404983e-19,1.6493895078182768e-16,0.9910481551887458,0.19662068210012607,0.17570490921618417,4354,833,eta below minimum,
3.0,8,quadratic,10.0,0.99,0.1,0.001,20000,eta below minimum,1.9365613687006784,9.900047486404983e-19,1.552867480241193e-16,1.829565183090608,0.2661805309244824,0.23745215207971063,4354,738,eta below minimum,
3.0,8,quadratic,10.0,0.99,0.05,0.001,20000,eta below minimum,1.9365613687006784,9.900047486404983e-19,1.552867480241193e-16,1.829565183090608,0.2661805309244824,0.23745215207971063,4354,738,eta below minimum,
3.0,8,quadratic,10.0,0.99,0.01,0.001,20000,eta below minimum,1.9365613687006784,9.900047486404983e-19,1.552867480241193e-16,1.829565183090608,0.2661805309244824,0.23745215207971063,4354,738,eta below minimum,
3.0,8,quadratic,10.0,0.99,0.005,0.001,20000,eta below minimum,1.9365613687006784,9.900047486404983e-19,1.552867480241193e-16,1.829565183090608,0.2661805309244824,0.23745215207971063,4354,738,eta below minimum,
3.0,8,quadratic,10.0,0.99,0.001,0.001,20000,eta below minimum,1.9365613687006784,9.900047486404983e-19,1.552867480241193e-16,1.829565183090608,0.2661805309244824,0.23745215207971063,4354,738,eta below minimum,
3.0,9,quadratic,10.0,0.99,0.1,0.001,20000,eta below minimum,2.990252247032482,9.900047486404983e-19,1.61827818462187e-17,0.7786448720191177,0.1021040842009858,0.09211731792973299,4354,576,eta below minimum,
3.0,9,quadratic,10.0,0.99,0.05,0.001,20000,eta below minimum,2.990252247032482,9.900047486404983e-19,1.61827818462187e-17,0.7786448720191177,0.1021040842009858,0.09211731792973299,4354,576,eta below minimum,
3.0,9,quadratic,10.0,0.99,0.01,0.001,20000,eta below minimum,2.990252247032482,9.900047486404983e-19,1.61827818462187e-17,0.7786448720191177,0.1021040842009858,0.09211731792973299,4354,576,eta below minimum,
3.0,9,quadratic,10.0,0.99,0.005,0.001,20000,eta below minimum,2.990252247032482,9.900047486404983e-19,1.61827818462187e-17,0.7786448720191177,0.1021040842009858,0.09211731792973299,4354,576,eta below minimum,
3.0,9,quadratic,10.0,0.99,0.001,0.001,20000,eta below minimum,2.990252247032482,9.900047486404983e-19,1.61827818462187e-17,0.7786448720191177,0.1021040842009858,0.09211731792973299,4354,576,eta below minimum,
5.0,0,additive,10.0,0.99,0.1,0.001,20000,budget_exhausted,0.28525598272586306,0.34497703895163967,0.34497703895163967,0.8024793100055939,0.3455828472196472,0.47467196430379055,335,251,budget_exhausted,
5.0,0,additive,10.0,0.99,0.05,0.001,20000,budget_exhausted,0.28525598272586306,0.34497703895163967,0.34497703895163967,0.8024793100055939,0.3455828472196472,0.47467196430379055,335,251,budget_exhausted,
5.0,0,additive,10.0,0.99,0.01,0.001,20000,budget_exhausted,0.28525598272586306,0.34497703895163967,0.34497703895163967,0.8024793100055939,0.3455828472196472,0.47467196430379055,335,251,budget_exhausted,
5.0,0,additive,10.0,0.99,0.005,0.001,20000,budget_exhausted,0.28525598272586306,0.34497703895163967,0.34497703895163967,0.8024793100055939,0.3455828472196472,0.47467196430379055,335,251,budget_exhausted,
5.0,0,additive,10.0,0.99,0.001,0.001,20000,budget_exhausted,0.28525598272586306,0.34497703895163967,0.34497703895163967,0.8024793100055939,0.3455828472196472,0.47467196430379055,335,251,budget_exhausted,
5.0,1,additive,10.0,0.99,0.1,0.001,20000,budget_exhausted,0.3197433036601174,0.2129509249963107,0.2129509249963107,0.7865099717364825,0.2130749809060184,1.4007024825194307,383,253,budget_exhausted,
5.0,1,additive,10.0,0.99,0.05,0.001,20000,budget_exhausted,0.3197433036601174,0.2129509249963107,0.2129509249963107,0.7865099717364825,0.2130749809060184,1.4007024825194307,383,253,budget_exhausted,
5.0,1,additive,10.0,0.99,0.01,0.001,20000,budget_exhausted,0.3197433036601174,0.2129509249963107,0.2129509249963107,0.7865099717364825,0.2130749809060184,1.4007024825194307,383,253,budget_exhausted,
5.0,1,additive,10.0,0.99,0.005,0.001,20000,budget_exhausted,0.3197433036601174,0.2129509249963107,0.2129509249963107,0.7865099717364825,0.2130749809060184,1.4007024825194307,383,253,budget_exhausted,
5.0,1,additive,10.0,0.99,0.001,0.001,20000,budget_exhausted,0.3197433036601174,0.2129509249963107,0.2129509249963107,0.7865099717364825,0.2130749809060184,1.4007024825194307,383,253,budget_exhausted,
5.0,2,additive,10.0,0.99,0.1,0.001,20000,converged,0.2575460735484054,0.02264268506894333,0.02264268506894333,0.43034415534218645,0.023042684191094828,1.1724228604809264,606,313,budget_exhausted,803.0
5.0,2,additive,10.0,0.99,0.05,0.001,20000,converged,0.2575460735484054,0.02264268506894333,0.02264268506894333,0.43034415534218645,0.023042684191094828,1.1724228604809264,606,313,budget_exhausted,1500.0
5.0,2,additive,10.0,0.99,0.01,0.001,20000,converged,0.2575460735484054,0.02264268506894333,0.02264268506894333,0.43034415534218645,0.023042684191094828,1.1724228604809264,606,313,budget_exhausted,3860.0
5.0,2,additive,10.0,0.99,0.005,0.001,20000,budget_exhausted,0.2575460735484054,0.02264268506894333,0.02264268506894333,0.43034415534218645,0.023042684191094828,1.1724228604809264,606,313,budget_exhausted,
5.0,2,additive,10.0,0.99,0.001,0.001,20000,budget_exhausted,0.2575460735484054,0.02264268506894333,0.02264268506894333,0.43034415534218645,0.023042684191094828,1.1724228604809264,606,313,budget_exhausted,
5.0,3,additive,10.0,0.99,0.1,0.001,20000,budget_exhausted,0.5101897791056511,0.24512454836192674,0.24512454836192674,0.7330786904388814,0.2452708493688277,2.995343527959266,369,260,budget_exhausted,
5.0,3,additive,10.0,0.99,0.05,0.001,20000,budget_exhausted,0.5101897791056511,0.24512454836192674,0.24512454836192674,0.7330786904388814,0.2452708493688277,2.995343527959266,369,260,budget_exhausted,
5.0,3,additive,10.0,0.99,0.01,0.001,20000,budget_exhausted,0.5101897791056511,0.24512454836192674,0.24512454836192674,0.7330786904388814,0.2452708493688277,2.995343527959266,369,260,budget_exhausted,
5.0,3,additive,10.0,0.99,0.005,0.001,20000,budget_exhausted,0.5101897791056511,0.24512454836192674,0.24512454836192674,0.7330786904388814,0.2452708493688277,2.995343527959266,369,260,budget_exhausted,
5.0,3,additive,10.0,0.99,0.001,0.001,20000,budget_exhausted,0.5101897791056511,0.24512454836192674,0.24512454836192674,0.7330786904388814,0.2452708493688277,2.995343527959266,369,260,budget_exhausted,
5.0,4,additive,10.0,0.99,0.1,0.001,20000,converged,0.4162500291671591,0.466374022999926,0.466374022999926,0.9616130339314849,0.4664891635671189,18.37700576398331,305,233,budget_exhausted,30.0
5.0,4,additive,10.0,0.99,0.05,0.001,20000,converged,0.4162500291671591,0.466374022999926,0.466374022999926,0.9616130339314849,0.4664891635671189,18.37700576398331,305,233,budget_exhausted,63.0
5.0,4,additive,10.0,0.99,0.01,0.001,20000,converged,0.4162500291671591,0.466374022999926,0.466374022999926,0.9616130339314849,0.4664891635671189,18.37700576398331,305,233,budget_exhausted,130.0
5.0,4,additive,10.0,0.99,0.005,0.001,20000,converged,0.4162500291671591,0.466374022999926,0.466374022999926,0.9616130339314849,0.4664891635671189,18.37700576398331,305,233,budget_exhausted,3069.0
5.0,4,additive,10.0,0.99,0.001,0.001,20000,budget_exhausted,0.4162500291671591,0.466374022999926,0.466374022999926,0.9616130339314849,0.4664891635671189,18.37700576398331,305,233,budget_exhausted,
5.0,5,additive,10.0,0.99,0.1,0.001,20000,converged,0.2767021678899469,0.21946938520632372,0.21946938520632372,0.7257479035344926,0.21972912022270752,5.549333592729532,380,261,budget_exhausted,61.0
5.0,5,additive,10.0,0.99,0.05,0.001,20000,converged,0.2767021678899469,0.21946938520632372,0.21946938520632372,0.7257479035344926,0.21972912022270752,5.549333592729532,380,261,budget_exhausted,225.0
5.0,5,additive,10.0,0.99,0.01,0.001,20000,budget_exhausted,0.2767021678899469,0.21946938520632372,0.21946938520632372,0.7257479035344926,0.21972912022270752,5.549333592729532,380,261,budget_exhausted,
5.0,5,additive,10.0,0.99,0.005,0.001,20000,budget_exhausted,0.2767021678899469,0.21946938520632372,0.21946938520632372,0.7257479035344926,0.21972912022270752,5.549333592729532,380,261,budget_exhausted,
5.0,5,additive,10.0,0.99,0.001,0.001,20000,budget_exhausted,0.2767021678899469,0.21946938520632372,0.21946938520632372,0.7257479035344926,0.21972912022270752,5.549333592729532,380,261,budget_exhausted,
5.0,6,additive,10.0,0.99,0.1,0.001,20000,converged,0.5305028489309438,0.18500022441582564,0.18500022441582564,0.6179436923202578,0.1852057176421044,8.514490168960586,397,277,budget_exhausted,82.0
5.0,6,additive,10.0,0.99,0.05,0.001,20000,converged,0.5305028489309438,0.18500022441582564,0.18500022441582564,0.6179436923202578,0.1852057176421044,8.514490168960586,397,277,budget_exhausted,165.0
5.0,6,additive,10.0,0.99,0.01,0.001,20000,converged,0.5305028489309438,0.18500022441582564,0.18500022441582564,0.6179436923202578,0.1852057176421044,8.514490168960586,397,277,budget_exhausted,320.0
5.0,6,additive,10.0,0.99,0.005,0.001,20000,budget_exhausted,0.5305028489309438,0.18500022441582564,0.18500022441582564,0.6179436923202578,0.1852057176421044,8.514490168960586,397,277,budget_exhausted,
5.0,6,additive,10.0,0.99,0.001,0.001,20000,budget_exhausted,0.5305028489309438,0.18500022441582564,0.18500022441582564,0.6179436923202578,0.1852057176421044,8.514490168960586,397,277,budget_exhausted,
5.0,7,additive,10.0,0.99,0.1,0.001,20000,converged,0.29275257084603296,0.07563182401388856,0.07563182401388856,0.5105256898921087,0.07581172521973552,15.346270044791469,486,296,budget_exhausted,186.0
5.0,7,additive,10.0,0.99,0.05,0.001,20000,converged,0.29275257084603296,0.07563182401388856,0.07563182401388856,0.5105256898921087,0.07581172521973552,15.346270044791469,486,296,budget_exhausted,344.0
5.0,7,additive,10.0,0.99,0.01,0.001,20000,budget_exhausted,0.29275257084603296,0.07563182401388856,0.07563182401388856,0.5105256898921087,0.07581172521973552,15.346270044791469,486,296,budget_exhausted,
5.0,7,additive,10.0,0.99,0.005,0.001,20000,budget_exhausted,0.29275257084603296,0.07563182401388856,0.07563182401388856,0.5105256898921087,0.07581172521973552,15.346270044791469,486,296,budget_exhausted,
5.0,7,additive,10.0,0.99,0.001,0.001,20000,budget_exhausted,0.29275257084603296,0.07563182401388856,0.07563182401388856,0.5105256898921087,0.07581172521973552,15.346270044791469,486,296,budget_exhausted,
5.0,8,additive,10.0,0.99,0.1,0.001,20000,budget_exhausted,0.6498394471547321,0.35198147020879467,0.35198147020879467,0.8609689350726435,0.35210491986729464,2.900398878740711,333,244,budget_exhausted,
5.0,8,additive,10.0,0.99,0.05,0.001,20000,budget_exhausted,0.6498394471547321,0.35198147020879467,0.35198147020879467,0.8609689350726435,0.35210491986729464,2.900398878740711,333,244,budget_exhausted,
5.0,8,additive,10.0,0.99,0.01,0.001,20000,budget_exhausted,0.6498394471547321,0.35198147020879467,0.35198147020879467,0.8609689350726435,0.35210491986729464,2.900398878740711,333,244,budget_exhausted,
5.0,8,additive,10.0,0.99,0.005,0.001,20000,budget_exhausted,0.6498394471547321,0.35198147020879467,0.35198147020879467,0.8609689350726435,0.35210491986729464,2.900398878740711,333,244,budget_exhausted,
5.0,8,additive,10.0,0.99,0.001,0.001,20000,budget_exhausted,0.6498394471547321,0.35198147020879467,0.35198147020879467,0.8609689350726435,0.35210491986729464,2.900398878740711,333,244,budget_exhausted,
5.0,9,additive,10.0,0.99,0.1,0.001,20000,converged,0.0009583789478620091,0.04811586872217284,0.04811586872217284,0.43034415534218645,0.049103074274158644,21.328616029097745,531,313,converged,322.0
5.0,9,additive,10.0,0.99,0.05,0.001,20000,converged,0.0009583789478620091,0.04811586872217284,0.04811586872217284,0.43034415534218645,0.049103074274158644,21.328616029097745,531,313,converged,665.0
5.0,9,additive,10.0,0.99,0.01,0.001,20000,converged,0.0009583789478620091,0.04811586872217284,0.04811586872217284,0.43034415534218645,0.049103074274158644,21.328616029097745,531,313,converged,1309.0
5.0,9,additive,10.0,0.99,0.005,0.001,20000,converged,0.0009583789478620091,0.04811586872217284,0.04811586872217284,0.43034415534218645,0.049103074274158644,21.328616029097745,531,313,converged,1520.0
5.0,9,additive,10.0,0.99,0.001,0.001,20000,converged,0.0009583789478620091,0.04811586872217284,0.04811586872217284,0.43034415534218645,0.049103074274158644,21.328616029097745,531,313,converged,2464.0
5.0,0,multiplicative,10.0,0.99,0.1,0.001,20000,converged,0.0008840757445644888,1.496414056036156,1.496414056036156,1.496414056036156,1.4964140560361563,708.6195934102034,189,189,converged,10.0
5.0,0,multiplicative,10.0,0.99,0.05,0.001,20000,converged,0.0008840757445644888,1.496414056036156,1.496414056036156,1.496414056036156,1.4964140560361563,708.6195934102034,189,189,converged,12.0
5.0,0,multiplicative,10.0,0.99,0.01,0.001,20000,converged,0.0008840757445644888,1.496414056036156,1.496414056036156,1.496414056036156,1.4964140560361563,708.6195934102034,189,189,converged,17.0
5.0,0,multiplicative,10.0,0.99,0.005,0.001,20000,converged,0.0008840757445644888,1.496414056036156,1.496414056036156,1.496414056036156,1.4964140560361563,708.6195934102034,189,189,converged,20.0
5.0,0,multiplicative,10.0,0.99,0.001,0.001,20000,converged,0.0008840757445644888,1.496414056036156,1.496414056036156,1.496414056036156,1.4964140560361563,708.6195934102034,189,189,converged,26.0
5.0,1,multiplicative,10.0,0.99,0.1,0.001,20000,converged,0.0009853821126907473,1.2741333767875875,1.2741333767875875,1.2741333767875875,1.2741333767875878,544.7874503742042,205,205,converged,11.0
5.0,1,multiplicative,10.0,0.99,0.05,0.001,20000,converged,0.0009853821126907473,1.2741333767875875,1.2741333767875875,1.2741333767875875,1.2741333767875878,544.7874503742042,205,205,converged,14.0
5.0,1,multiplicative,10.0,0.99,0.01,0.001,20000,converged,0.0009853821126907473,1.2741333767875875,1.2741333767875875,1.2741333767875875,1.2741333767875878,544.7874503742042,205,205,converged,20.0
5.0,1,multiplicative,10.0,0.99,0.005,0.001,20000,converged,0.0009853821126907473,1.2741333767875875,1.2741333767875875,1.2741333767875875,1.2741333767875878,544.7874503742042,205,205,converged,23.0
5.0,1,multiplicative,10.0,0.99,0.001,0.001,20000,converged,0.0009853821126907473,1.2741333767875875,1.2741333767875875,1.2741333767875875,1.2741333767875878,544.7874503742042,205,205,converged,30.0
5.0,2,multiplicative,10.0,0.99,0.1,0.001,20000,converged,0.0009280630446443941,0.6901790349970874,0.6901790349970874,0.6901790349970874,0.6901790349970874,471.0581381281813,266,266,converged,24.0
5.0,2,multiplicative,10.0,0.99,0.05,0.001,20000,converged,0.0009280630446443941,0.6901790349970874,0.6901790349970874,0.6901790349970874,0.6901790349970874,471.0581381281813,266,266,converged,29.0
5.0,2,multiplicative,10.0,0.99,0.01,0.001,20000,converged,0.0009280630446443941,0.6901790349970874,0.6901790349970874,0.6901790349970874,0.6901790349970874,471.0581381281813,266,266,converged,43.0
5.0,2,multiplicative,10.0,0.99,0.005,0.001,20000,converged,0.0009280630446443941,0.6901790349970874,0.6901790349970874,0.6901790349970874,0.6901790349970874,471.0581381281813,266,266,converged,50.0
5.0,2,multiplicative,10.0,0.99,0.001,0.001,20000,converged,0.0009280630446443941,0.6901790349970874,0.6901790349970874,0.6901790349970874,0.6901790349970874,471.0581381281813,266,266,converged,65.0
5.0,3,multiplicative,10.0,0.99,0.1,0.001,20000,converged,0.0008317791759546271,1.2239274379499832,1.2239274379499832,1.2239274379499832,1.2239274379499832,591.5206627765651,209,209,converged,12.0
5.0,3,multiplicative,10.0,0.99,0.05,0.001,20000,converged,0.0008317791759546271,1.2239274379499832,1.2239274379499832,1.2239274379499832,1.2239274379499832,591.5206627765651,209,209,converged,14.0
5.0,3,multiplicative,10.0,0.99,0.01,0.001,20000,converged,0.0008317791759546271,1.2239274379499832,1.2239274379499832,1.2239274379499832,1.2239274379499832,591.5206627765651,209,209,converged,20.0
5.0,3,multiplicative,10.0,0.99,0.005,0.001,20000,converged,0.0008317791759546271,1.2239274379499832,1.2239274379499832,1.2239274379499832,1.2239274379499832,591.5206627765651,209,209,converged,22.0
5.0,3,multiplicative,10.0,0.99,0.001,0.001,20000,converged,0.0008317791759546271,1.2239274379499832,1.2239274379499832,1.2239274379499832,1.2239274379499832,591.5206627765651,209,209,converged,29.0
5.0,4,multiplicative,10.0,0.99,0.1,0.001,20000,converged,0.0007685979253618109,1.6713393501488356,1.6713393501488356,1.6713393501488356,1.6713393501488354,740.5991549976812,178,178,converged,8.0
5.0,4,multiplicative,10.0,0.99,0.05,0.001,20000,converged,0.0007685979253618109,1.6713393501488356,1.6713393501488356,1.6713393501488356,1.6713393501488354,740.5991549976812,178,178,converged,10.0
5.0,4,multiplicative,10.0,0.99,0.01,0.001,20000,converged,0.0007685979253618109,1.6713393501488356,1.6713393501488356,1.6713393501488356,1.6713393501488354,740.5991549976812,178,178,converged,14.0
5.0,4,multiplicative,10.0,0.99,0.005,0.001,20000,converged,0.0007685979253618109,1.6713393501488356,1.6713393501488356,1.6713393501488356,1.6713393501488354,740.5991549976812,178,178,converged,16.0
5.0,4,multiplicative,10.0,0.99,0.001,0.001,20000,converged,0.0007685979253618109,1.6713393501488356,1.6713393501488356,1.6713393501488356,1.6713393501488354,740.5991549976812,178,178,converged,21.0
5.0,5,multiplicative,10.0,0.99,0.1,0.001,20000,converged,0.0008743593004026186,1.2362903413636193,1.2362903413636193,1.2362903413636193,1.2362903413636195,789.8615758485514,208,208,converged,11.0
5.0,5,multiplicative,10.0,0.99,0.05,0.001,20000,converged,0.0008743593004026186,1.2362903413636193,1.2362903413636193,1.2362903413636193,1.2362903413636195,789.8615758485514,208,208,converged,14.0
5.0,5,multiplicative,10.0,0.99,0.01,0.001,20000,converged,0.0008743593004026186,1.2362903413636193,1.2362903413636193,1.2362903413636193,1.2362903413636195,789.8615758485514,208,208,converged,20.0
5.0,5,multiplicative,10.0,0.99,0.005,0.001,20000,converged,0.0008743593004026186,1.2362903413636193,1.2362903413636193,1.2362903413636193,1.2362903413636195,789.8615758485514,208,208,converged,22.0
5.0,5,multiplicative,10.0,0.99,0.001,0.001,20000,converged,0.0008743593004026186,1.2362903413636193,1.2362903413636193,1.2362903413636193,1.2362903413636195,789.8615758485514,208,208,converged,29.0
5.0,6,multiplicative,10.0,0.99,0.1,0.001,20000,converged,0.0008590718293768091,1.0111704470857523,1.0111704470857523,1.0111704470857523,1.0111704470857523,689.5574056289863,228,228,converged,17.0
5.0,6,multiplicative,10.0,0.99,0.05,0.001,20000,converged,0.0008590718293768091,1.0111704470857523,1.0111704470857523,1.0111704470857523,1.0111704470857523,689.5574056289863,228,228,converged,20.0
5.0,6,multiplicative,10.0,0.99,0.01,0.001,20000,converged,0.0008590718293768091,1.0111704470857523,1.0111704470857523,1.0111704470857523,1.0111704470857523,689.5574056289863,228,228,converged,27.0
5.0,6,multiplicative,10.0,0.99,0.005,0.001,20000,converged,0.0008590718293768091,1.0111704470857523,1.0111704470857523,1.0111704470857523,1.0111704470857523,689.5574056289863,228,228,converged,30.0
5.0,6,multiplicative,10.0,0.99,0.001,0.001,20000,converged,0.0008590718293768091,1.0111704470857523,1.0111704470857523,1.0111704470857523,1.0111704470857523,689.5574056289863,228,228,converged,40.0
5.0,7,multiplicative,10.0,0.99,0.1,0.001,20000,converged,0.0009226865685547644,0.878450091901483,0.878450091901483,0.878450091901483,0.8784500919014829,668.0509917240489,242,242,converged,17.0
5.0,7,multiplicative,10.0,0.99,0.05,0.001,20000,converged,0.0009226865685547644,0.878450091901483,0.878450091901483,0.878450091901483,0.8784500919014829,668.0509917240489,242,242,converged,21.0
5.0,7,multiplicative,10.0,0.99,0.01,0.001,20000,converged,0.0009226865685547644,0.878450091901483,0.878450091901483,0.878450091901483,0.8784500919014829,668.0509917240489,242,242,converged,32.0
5.0,7,multiplicative,10.0,0.99,0.005,0.001,20000,converged,0.0009226865685547644,0.878450091901483,0.878450091901483,0.878450091901483,0.8784500919014829,668.0509917240489,242,242,converged,36.0
5.0,7,multiplicative,10.0,0.99,0.001,0.001,20000,converged,0.0009226865685547644,0.878450091901483,0.878450091901483,0.878450091901483,0.8784500919014829,668.0509917240489,242,242,converged,48.0
5.0,8,multiplicative,10.0,0.99,0.1,0.001,20000,converged,0.0007512441447033473,1.4814499154757945,1.4814499154757945,1.4814499154757945,1.4814499154757945,570.7095435906277,190,190,converged,9.0
5.0,8,multiplicative,10.0,0.99,0.05,0.001,20000,converged,0.0007512441447033473,1.4814499154757945,1.4814499154757945,1.4814499154757945,1.4814499154757945,570.7095435906277,190,190,converged,11.0
5.0,8,multiplicative,10.0,0.99,0.01,0.001,20000,converged,0.0007512441447033473,1.4814499154757945,1.4814499154757945,1.4814499154757945,1.4814499154757945,570.7095435906277,190,190,converged,16.0
5.0,8,multiplicative,10.0,0.99,0.005,0.001,20000,converged,0.0007512441447033473,1.4814499154757945,1.4814499154757945,1.4814499154757945,1.4814499154757945,570.7095435906277,190,190,converged,18.0
5.0,8,multiplicative,10.0,0.99,0.001,0.001,20000,converged,0.0007512441447033473,1.4814499154757945,1.4814499154757945,1.4814499154757945,1.4814499154757945,570.7095435906277,190,190,converged,24.0
5.0,9,multiplicative,10.0,0.99,0.1,0.001,20000,converged,0.0008779440558536403,0.7113055202541562,0.7113055202541562,0.7113055202541562,0.7113055202541563,556.9539228757404,263,263,converged,21.0
5.0,9,multiplicative,10.0,0.99,0.05,0.001,20000,converged,0.0008779440558536403,0.7113055202541562,0.7113055202541562,0.7113055202541562,0.7113055202541563,556.9539228757404,263,263,converged,25.0
5.0,9,multiplicative,10.0,0.99,0.01,0.001,20000,converged,0.0008779440558536403,0.7113055202541562,0.7113055202541562,0.7113055202541562,0.7113055202541563,556.9539228757404,263,263,converged,36.0
5.0,9,multiplicative,10.0,0.99,0.005,0.001,20000,converged,0.0008779440558536403,0.7113055202541562,0.7113055202541562,0.7113055202541562,0.7113055202541563,556.9539228757404,263,263,converged,41.0
5.0,9,multiplicative,10.0,0.99,0.001,0.001,20000,converged,0.0008779440558536403,0.7113055202541562,0.7113055202541562,0.7113055202541562,0.7113055202541563,556.9539228757404,263,263,converged,53.0
5.0,0,quadratic,10.0,0.99,0.1,0.001,20000,eta below minimum,1.769277086664924,9.900047486404983e-19,2.4434879469440505e-17,2.7625166769920835,0.3832682124656934,0.3478622512228702,4354,660,eta below minimum,
5.0,0,quadratic,10.0,0.99,0.05,0.001,20000,eta below minimum,1.769277086664924,9.900047486404983e-19,2.4434879469440505e-17,2.7625166769920835,0.3832682124656934,0.3478622512228702,4354,660,eta below minimum,
5.0,0,quadratic,10.0,0.99,0.01,0.001,20000,eta below minimum,1.769277086664924,9.900047486404983e-19,2.4434879469440505e-17,2.7625166769920835,0.3832682124656934,0.3478622512228702,4354,660,eta below minimum,
5.0,0,quadratic,10.0,0.99,0.005,0.001,20000,eta below minimum,1.769277086664924,9.900047486404983e-19,2.4434879469440505e-17,2.7625166769920835,0.3832682124656934,0.3478622512228702,4354,660,eta below minimum,
5.0,0,quadratic,10.0,0.99,0.001,0.001,20000,eta below minimum,1.769277086664924,9.900047486404983e-19,2.4434879469440505e-17,2.7625166769920835,0.3832682124656934,0.3478622512228702,4354,660,eta below minimum,
5.0,1,quadratic,10.0,0.99,0.1,0.001,20000,eta below minimum,2.1240584143117442,9.900047486404983e-19,4.796359486026618e-18,2.0640753711741358,0.23748746456608874,0.2140586878370241,4354,620,eta below minimum,
5.0,1,quadratic,10.0,0.99,0.05,0.001,20000,eta below minimum,2.1240584143117442,9.900047486404983e-19,4.796359486026618e-18,2.0640753711741358,0.23748746456608874,0.2140586878370241,4354,620,eta below minimum,
5.0,1,quadratic,10.0,0.99,0.01,0.001,20000,eta below minimum,2.1240584143117442,9.900047486404983e-19,4.796359486026618e-18,2.0640753711741358,0.23748746456608874,0.2140586878370241,4354,620,eta below minimum,
5.0,1,quadratic,10.0,0.99,0.005,0.001,20000,eta below minimum,2.1240584143117442,9.900047486404983e-19,4.796359486026618e-18,2.0640753711741358,0.23748746456608874,0.2140586878370241,4354,620,eta below minimum,
5.0,1,quadratic,10.0,0.99,0.001,0.001,20000,eta below minimum,2.1240584143117442,9.900047486404983e-19,4.796359486026618e-18,2.0640753711741358,0.23748746456608874,0.2140586878370241,4354,620,eta below minimum,
5.0,2,quadratic,10.0,0.99,0.1,0.001,20000,eta below minimum,2.896126304918795,9.900047486404983e-19,5.683997194797441e-17,1.1180788242357729,0.15258819056283837,0.1358783926474026,4354,717,eta below minimum,
5.0,2,quadratic,10.0,0.99,0.05,0.001,20000,eta below minimum,2.896126304918795,9.900047486404983e-19,5.683997194797441e-17,1.1180788242357729,0.15258819056283837,0.1358783926474026,4354,717,eta below minimum,
5.0,2,quadratic,10.0,0.99,0.01,0.001,20000,eta below minimum,2.896126304918795,9.900047486404983e-19,5.683997194797441e-17,1.1180788242357729,0.15258819056283837,0.1358783926474026,4354,717,eta below minimum,
5.0,2,quadratic,10.0,0.99,0.005,0.001,20000,eta below minimum,2.896126304918795,9.900047486404983e-19,5.683997194797441e-17,1.1180788242357729,0.15258819056283837,0.1358783926474026,4354,717,eta below minimum,
5.0,2,quadratic,10.0,0.99,0.001,0.001,20000,eta below minimum,2.896126304918795,9.900047486404983e-19,5.683997194797441e-17,1.1180788242357729,0.15258819056283837,0.1358783926474026,4354,717,eta below minimum,
5.0,3,quadratic,10.0,0.99,0.1,0.001,20000,eta below minimum,2.0939567596172504,9.900047486404983e-19,2.2321683835517816e-17,2.0434346174623945,0.3037982010463058,0.27163272282833895,4354,882,eta below minimum,
5.0,3,quadratic,10.0,0.99,0.05,0.001,20000,eta below minimum,2.0939567596172504,9.900047486404983e-19,2.2321683835517816e-17,2.0434346174623945,0.3037982010463058,0.27163272282833895,4354,882,eta below minimum,
5.0,3,quadratic,10.0,0.99,0.01,0.001,20000,eta below minimum,2.0939567596172504,9.900047486404983e-19,2.2321683835517816e-17,2.0434346174623945,0.3037982010463058,0.27163272282833895,4354,882,eta below minimum,
5.0,3,quadratic,10.0,0.99,0.005,0.001,20000,eta below minimum,2.0939567596172504,9.900047486404983e-19,2.2321683835517816e-17,2.0434346174623945,0.3037982010463058,0.27163272282833895,4354,882,eta below minimum,
5.0,3,quadratic,10.0,0.99,0.001,0.001,20000,eta below minimum,2.0939567596172504,9.900047486404983e-19,2.2321683835517816e-17,2.0434346174623945,0.3037982010463058,0.27163272282833895,4354,882,eta below minimum,
5.0,4,quadratic,10.0,0.99,0.1,0.001,20000,eta below minimum,1.6760374167162326,9.900047486404983e-19,2.698973946601576e-16,2.93422721525216,0.4358623250973373,0.3905326637847409,4354,812,eta below minimum,
5.0,4,quadratic,10.0,0.99,0.05,0.001,20000,eta below minimum,1.6760374167162326,9.900047486404983e-19,2.698973946601576e-16,2.93422721525216,0.4358623250973373,0.3905326637847409,4354,812,eta below minimum,
5.0,4,quadratic,10.0,0.99,0.01,0.001,20000,eta below minimum,1.6760374167162326,9.900047486404983e-19,2.698973946601576e-16,2.93422721525216,0.4358623250973373,0.3905326637847409,4354,812,eta below minimum,
5.0,4,quadratic,10.0,0.99,0.005,0.001,20000,eta below minimum,1.6760374167162326,9.900047486404983e-19,2.698973946601576e-16,2.93422721525216,0.4358623250973373,0.3905326637847409,4354,812,eta below minimum,
5.0,4,quadratic,10.0,0.99,0.001,0.001,20000,eta below minimum,1.6760374167162326,9.900047486404983e-19,2.698973946601576e-16,2.93422721525216,0.4358623250973373,0.3905326637847409,4354,812,eta below minimum,
5.0,5,quadratic,10.0,0.99,0.1,0.001,20000,eta below minimum,1.972508959069305,9.900047486404983e-19,2.2774904433749433e-17,2.1059844619672847,0.2707818757721336,0.24495854545588752,4354,619,eta below minimum,
5.0,5,quadratic,10.0,0.99,0.05,0.001,20000,eta below minimum,1.972508959069305,9.900047486404983e-19,2.2774904433749433e-17,2.1059844619672847,0.2707818757721336,0.24495854545588752,4354,619,eta below minimum,
5.0,5,quadratic,10.0,0.99,0.01,0.001,20000,eta below minimum,1.972508959069305,9.900047486404983e-19,2.2774904433749433e-17,2.1059844619672847,0.2707818757721336,0.24495854545588752,4354,619,eta below minimum,
5.0,5,quadratic,10.0,0.99,0.005,0.001,20000,eta below minimum,1.972508959069305,9.900047486404983e-19,2.2774904433749433e-17,2.1059844619672847,0.2707818757721336,0.24495854545588752,4354,619,eta below minimum,
5.0,5,quadratic,10.0,0.99,0.001,0.001,20000,eta below minimum,1.972508959069305,9.900047486404983e-19,2.2774904433749433e-17,2.1059844619672847,0.2707818757721336,0.24495854545588752,4354,619,eta below minimum,
5.0,6,quadratic,10.0,0.99,0.1,0.001,20000,eta below minimum,2.2590057118054427,9.900047486404983e-19,3.173183165456457e-17,1.6380796970808738,0.25365152912925126,0.22684980494512968,4354,809,eta below minimum,
5.0,6,quadratic,10.0,0.99,0.05,0.001,20000,eta below minimum,2.2590057118054427,9.900047486404983e-19,3.173183165456457e-17,1.6380796970808738,0.25365152912925126,0.22684980494512968,4354,809,eta below minimum,
5.0,6,quadratic,10.0,0.99,0.01,0.001,20000,eta below minimum,2.2590057118054427,9.900047486404983e-19,3.173183165456457e-17,1.6380796970808738,0.25365152912925126,0.22684980494512968,4354,809,eta below minimum,
5.0,6,quadratic,10.0,0.99,0.005,0.001,20000,eta below minimum,2.2590057118054427,9.900047486404983e-19,3.173183165456457e-17,1.6380796970808738,0.25365152912925126,0.22684980494512968,4354,809,eta below minimum,
5.0,6,quadratic,10.0,0.99,0.001,0.001,20000,eta below minimum,2.2590057118054427,9.900047486404983e-19,3.173183165456457e-17,1.6380796970808738,0.25365152912925126,0.22684980494512968,4354,809,eta below minimum,
5.0,7,quadratic,10.0,0.99,0.1,0.001,20000,eta below minimum,2.2774479163967745,9.900047486404983e-19,2.0187330744856097e-17,1.5115293495314708,0.24663599504760272,0.22394499257708594,4354,644,eta below minimum,
5.0,7,quadratic,10.0,0.99,0.05,0.001,20000,eta below minimum,2.2774479163967745,9.900047486404983e-19,2.0187330744856097e-17,1.5115293495314708,0.24663599504760272,0.22394499257708594,4354,644,eta below minimum,
5.0,7,quadratic,10.0,0.99,0.01,0.001,20000,eta below minimum,2.2774479163967745,9.900047486404983e-19,2.0187330744856097e-17,1.5115293495314708,0.24663599504760272,0.22394499257708594,4354,644,eta below minimum,
5.0,7,quadratic,10.0,0.99,0.005,0.001,20000,eta below minimum,2.2774479163967745,9.900047486404983e-19,2.0187330744856097e-17,1.5115293495314708,0.24663599504760272,0.22394499257708594,4354,644,eta below minimum,
5.0,7,quadratic,10.0,0.99,0.001,0.001,20000,eta below minimum,2.2774479163967745,9.900047486404983e-19,2.0187330744856097e-17,1.5115293495314708,0.24663599504760272,0.22394499257708594,4354,644,eta below minimum,
5.0,8,quadratic,10.0,0.99,0.1,0.001,20000,eta below minimum,1.8805473915371844,9.900047486404983e-19,1.1257983875232857e-16,2.5748460676394878,0.35860021693611793,0.32003683529184945,4354,817,eta below minimum,
5.0,8,quadratic,10.0,0.99,0.05,0.001,20000,eta below minimum,1.8805473915371844,9.900047486404983e-19,1.1257983875232857e-16,2.5748460676394878,0.35860021693611793,0.32003683529184945,4354,817,eta below minimum,
5.0,8,quadratic,10.0,0.99,0.01,0.001,20000,eta below minimum,1.8805473915371844,9.900047486404983e-19,1.1257983875232857e-16,2.5748460676394878,0.35860021693611793,0.32003683529184945,4354,817,eta below minimum,
5.0,8,quadratic,10.0,0.99,0.005,0.001,20000,eta below minimum,1.8805473915371844,9.900047486404983e-19,1.1257983875232857e-16,2.5748460676394878,0.35860021693611793,0.32003683529184945,4354,817,eta below minimum,
5.0,8,quadratic,10.0,0.99,0.001,0.001,20000,eta below minimum,1.8805473915371844,9.900047486404983e-19,1.1257983875232857e-16,2.5748460676394878,0.35860021693611793,0.32003683529184945,4354,817,eta below minimum,
5.0,9,quadratic,10.0,0.99,0.1,0.001,20000,eta below minimum,2.508839645993745,9.900047486404983e-19,4.083897557341987e-18,1.1639428152900335,0.168958925436465,0.15273979753944059,4354,657,eta below minimum,
5.0,9,quadratic,10.0,0.99,0.05,0.001,20000,eta below minimum,2.508839645993745,9.900047486404983e-19,4.083897557341987e-18,1.1639428152900335,0.168958925436465,0.15273979753944059,4354,657,eta below minimum,
5.0,9,quadratic,10.0,0.99,0.01,0.001,20000,eta below minimum,2.508839645993745,9.900047486404983e-19,4.083897557341987e-18,1.1639428152900335,0.168958925436465,0.15273979753944059,4354,657,eta below minimum,
5.0,9,quadratic,10.0,0.99,0.005,0.001,20000,eta below minimum,2.508839645993745,9.900047486404983e-19,4.083897557341987e-18,1.1639428152900335,0.168958925436465,0.15273979753944059,4354,657,eta below minimum,
5.0,9,quadratic,10.0,0.99,0.001,0.001,20000,eta below minimum,2.508839645993745,9.900047486404983e-19,4.083897557341987e-18,1.1639428152900335,0.168958925436465,0.15273979753944059,4354,657,eta below minimum,
10.0,0,additive,10.0,0.99,0.1,0.001,20000,budget_exhausted,0.5143112296918163,0.010443303755126386,0.010443303755126386,1.0958290556334809,0.02029963169377954,0.9745287760537346,683,220,budget_exhausted,
10.0,0,additive,10.0,0.99,0.05,0.001,20000,budget_exhausted,0.5143112296918163,0.010443303755126386,0.010443303755126386,1.0958290556334809,0.02029963169377954,0.9745287760537346,683,220,budget_exhausted,
10.0,0,additive,10.0,0.99,0.01,0.001,20000,budget_exhausted,0.5143112296918163,0.010443303755126386,0.010443303755126386,1.0958290556334809,0.02029963169377954,0.9745287760537346,683,220,budget_exhausted,
10.0,0,additive,10.0,0.99,0.005,0.001,20000,budget_exhausted,0.5143112296918163,0.010443303755126386,0.010443303755126386,1.0958290556334809,0.02029963169377954,0.9745287760537346,683,220,budget_exhausted,
10.0,0,additive,10.0,0.99,0.001,0.001,20000,budget_exhausted,0.5143112296918163,0.010443303755126386,0.010443303755126386,1.0958290556334809,0.02029963169377954,0.9745287760537346,683,220,budget_exhausted,
10.0,1,additive,10.0,0.99,0.1,0.001,20000,budget_exhausted,0.3853785324806333,0.009444736720008439,0.009444736720008439,0.9713262969004898,0.014603717463477588,0.717325618937394,693,232,budget_exhausted,
10.0,1,additive,10.0,0.99,0.05,0.001,20000,budget_exhausted,0.3853785324806333,0.009444736720008439,0.009444736720008439,0.9713262969004898,0.014603717463477588,0.717325618937394,693,232,budget_exhausted,
10.0,1,additive,10.0,0.99,0.01,0.001,20000,budget_exhausted,0.3853785324806333,0.009444736720008439,0.009444736720008439,0.9713262969004898,0.014603717463477588,0.717325618937394,693,232,budget_exhausted,
10.0,1,additive,10.0,0.99,0.005,0.001,20000,budget_exhausted,0.3853785324806333,0.009444736720008439,0.009444736720008439,0.9713262969004898,0.014603717463477588,0.717325618937394,693,232,budget_exhausted,
10.0,1,additive,10.0,0.99,0.001,0.001,20000,budget_exhausted,0.3853785324806333,0.009444736720008439,0.009444736720008439,0.9713262969004898,0.014603717463477588,0.717325618937394,693,232,budget_exhausted,
10.0,2,additive,10.0,0.99,0.1,0.001,20000,budget_exhausted,0.635916237084197,0.00032256351342728695,0.00032256351342728695,0.558857198699197,0.000642912322468724,0.11173567145288461,1029,436,budget_exhausted,
10.0,2,additive,10.0,0.99,0.05,0.001,20000,budget_exhausted,0.635916237084197,0.00032256351342728695,0.00032256351342728695,0.558857198699197,0.000642912322468724,0.11173567145288461,1029,436,budget_exhausted,
10.0,2,additive,10.0,0.99,0.01,0.001,20000,budget_exhausted,0.635916237084197,0.00032256351342728695,0.00032256351342728695,0.558857198699197,0.000642912322468724,0.11173567145288461,1029,436,budget_exhausted,
10.0,2,additive,10.0,0.99,0.005,0.001,20000,budget_exhausted,0.635916237084197,0.00032256351342728695,0.00032256351342728695,0.558857198699197,0.000642912322468724,0.11173567145288461,1029,436,budget_exhausted,
10.0,2,additive,10.0,0.99,0.001,0.001,20000,budget_exhausted,0.635916237084197,0.00032256351342728695,0.00032256351342728695,0.558857198699197,0.000642912322468724,0.11173567145288461,1029,436,budget_exhausted,
10.0,3,additive,10.0,0.99,0.1,0.001,20000,converged,0.6543369870678386,0.01514731684931047,0.01514731684931047,1.0111704470857523,0.023950162937760193,0.8512600731233692,646,228,budget_exhausted,2758.0
10.0,3,additive,10.0,0.99,0.05,0.001,20000,budget_exhausted,0.6543369870678386,0.01514731684931047,0.01514731684931047,1.0111704470857523,0.023950162937760193,0.8512600731233692,646,228,budget_exhausted,
10.0,3,additive,10.0,0.99,0.01,0.001,20000,budget_exhausted,0.6543369870678386,0.01514731684931047,0.01514731684931047,1.0111704470857523,0.023950162937760193,0.8512600731233692,646,228,budget_exhausted,
10.0,3,additive,10.0,0.99,0.005,0.001,20000,budget_exhausted,0.6543369870678386,0.01514731684931047,0.01514731684931047,1.0111704470857523,0.023950162937760193,0.8512600731233692,646,228,budget_exhausted,
10.0,3,additive,10.0,0.99,0.001,0.001,20000,budget_exhausted,0.6543369870678386,0.01514731684931047,0.01514731684931047,1.0111704470857523,0.023950162937760193,0.8512600731233692,646,228,budget_exhausted,
10.0,4,additive,10.0,0.99,0.1,0.001,20000,budget_exhausted,3.840999554089202,0.0025063143632430814,0.0025063143632430814,1.339796748579617,0.034493396438578995,0.5152359128089915,825,200,budget_exhausted,
10.0,4,additive,10.0,0.99,0.05,0.001,20000,budget_exhausted,3.840999554089202,0.0025063143632430814,0.0025063143632430814,1.339796748579617,0.034493396438578995,0.5152359128089915,825,200,budget_exhausted,
10.0,4,additive,10.0,0.99,0.01,0.001,20000,budget_exhausted,3.840999554089202,0.0025063143632430814,0.0025063143632430814,1.339796748579617,0.034493396438578995,0.5152359128089915,825,200,budget_exhausted,
10.0,4,additive,10.0,0.99,0.005,0.001,20000,budget_exhausted,3.840999554089202,0.0025063143632430814,0.0025063143632430814,1.339796748579617,0.034493396438578995,0.5152359128089915,825,200,budget_exhausted,
10.0,4,additive,10.0,0.99,0.001,0.001,20000,budget_exhausted,3.840999554089202,0.0025063143632430814,0.0025063143632430814,1.339796748579617,0.034493396438578995,0.5152359128089915,825,200,budget_exhausted,
10.0,5,additive,10.0,0.99,0.1,0.001,20000,budget_exhausted,0.2592002823785832,0.0053259360588690146,0.0053259360588690146,0.9424769345562484,0.01019353924091315,2.4209554455161326,750,235,budget_exhausted,
10.0,5,additive,10.0,0.99,0.05,0.001,20000,budget_exhausted,0.2592002823785832,0.0053259360588690146,0.0053259360588690146,0.9424769345562484,0.01019353924091315,2.4209554455161326,750,235,budget_exhausted,
10.0,5,additive,10.0,0.99,0.01,0.001,20000,budget_exhausted,0.2592002823785832,0.0053259360588690146,0.0053259360588690146,0.9424769345562484,0.01019353924091315,2.4209554455161326,750,235,budget_exhausted,
10.0,5,additive,10.0,0.99,0.005,0.001,20000,budget_exhausted,0.2592002823785832,0.0053259360588690146,0.0053259360588690146,0.9424769345562484,0.01019353924091315,2.4209554455161326,750,235,budget_exhausted,
10.0,5,additive,10.0,0.99,0.001,0.001,20000,budget_exhausted,0.2592002823785832,0.0053259360588690146,0.0053259360588690146,0.9424769345562484,0.01019353924091315,2.4209554455161326,750,235,budget_exhausted,
10.0,6,additive,10.0,0.99,0.1,0.001,20000,budget_exhausted,0.4272382949576349,0.006130603429205039,0.006130603429205039,0.7865099717364825,0.00983884478386108,1.3211572347544278,736,253,budget_exhausted,
10.0,6,additive,10.0,0.99,0.05,0.001,20000,budget_exhausted,0.4272382949576349,0.006130603429205039,0.006130603429205039,0.7865099717364825,0.00983884478386108,1.3211572347544278,736,253,budget_exhausted,
10.0,6,additive,10.0,0.99,0.01,0.001,20000,budget_exhausted,0.4272382949576349,0.006130603429205039,0.006130603429205039,0.7865099717364825,0.00983884478386108,1.3211572347544278,736,253,budget_exhausted,
10.0,6,additive,10.0,0.99,0.005,0.001,20000,budget_exhausted,0.4272382949576349,0.006130603429205039,0.006130603429205039,0.7865099717364825,0.00983884478386108,1.3211572347544278,736,253,budget_exhausted,
10.0,6,additive,10.0,0.99,0.001,0.001,20000,budget_exhausted,0.4272382949576349,0.006130603429205039,0.006130603429205039,0.7865099717364825,0.00983884478386108,1.3211572347544278,736,253,budget_exhausted,
10.0,7,additive,10.0,0.99,0.1,0.001,20000,budget_exhausted,0.34656946845360165,0.0017454304511499816,0.0017454304511499816,0.669680027478639,0.0025113162692099013,3.1996078349146235,861,316,budget_exhausted,
10.0,7,additive,10.0,0.99,0.05,0.001,20000,budget_exhausted,0.34656946845360165,0.0017454304511499816,0.0017454304511499816,0.669680027478639,0.0025113162692099013,3.1996078349146235,861,316,budget_exhausted,
10.0,7,additive,10.0,0.99,0.01,0.001,20000,budget_exhausted,0.34656946845360165,0.0017454304511499816,0.0017454304511499816,0.669680027478639,0.0025113162692099013,3.1996078349146235,861,316,budget_exhausted,
10.0,7,additive,10.0,0.99,0.005,0.001,20000,budget_exhausted,0.34656946845360165,0.0017454304511499816,0.0017454304511499816,0.669680027478639,0.0025113162692099013,3.1996078349146235,861,316,budget_exhausted,
10.0,7,additive,10.0,0.99,0.001,0.001,20000,budget_exhausted,0.34656946845360165,0.0017454304511499816,0.0017454304511499816,0.669680027478639,0.0025113162692099013,3.1996078349146235,861,316,budget_exhausted,
10.0,8,additive,10.0,0.99,0.1,0.001,20000,converged,0.3921694180981048,0.018151068980563994,0.018151068980563994,1.0740220574263746,0.029701771088963824,0.5456084855643472,628,222,budget_exhausted,1647.0
10.0,8,additive,10.0,0.99,0.05,0.001,20000,budget_exhausted,0.3921694180981048,0.018151068980563994,0.018151068980563994,1.0740220574263746,0.029701771088963824,0.5456084855643472,628,222,budget_exhausted,
10.0,8,additive,10.0,0.99,0.01,0.001,20000,budget_exhausted,0.3921694180981048,0.018151068980563994,0.018151068980563994,1.0740220574263746,0.029701771088963824,0.5456084855643472,628,222,budget_exhausted,
10.0,8,additive,10.0,0.99,0.005,0.001,20000,budget_exhausted,0.3921694180981048,0.018151068980563994,0.018151068980563994,1.0740220574263746,0.029701771088963824,0.5456084855643472,628,222,budget_exhausted,
10.0,8,additive,10.0,0.99,0.001,0.001,20000,budget_exhausted,0.3921694180981048,0.018151068980563994,0.018151068980563994,1.0740220574263746,0.029701771088963824,0.5456084855643472,628,222,budget_exhausted,
10.0,9,additive,10.0,0.99,0.1,0.001,20000,budget_exhausted,0.2516856262943705,0.0014420198738273077,0.0014420198738273077,0.5759639025694111,0.0019317643130692082,1.2135669378437022,880,429,budget_exhausted,
10.0,9,additive,10.0,0.99,0.05,0.001,20000,budget_exhausted,0.2516856262943705,0.0014420198738273077,0.0014420198738273077,0.5759639025694111,0.0019317643130692082,1.2135669378437022,880,429,budget_exhausted,
10.0,9,additive,10.0,0.99,0.01,0.001,20000,budget_exhausted,0.2516856262943705,0.0014420198738273077,0.0014420198738273077,0.5759639025694111,0.0019317643130692082,1.2135669378437022,880,429,budget_exhausted,
10.0,9,additive,10.0,0.99,0.005,0.001,20000,budget_exhausted,0.2516856262943705,0.0014420198738273077,0.0014420198738273077,0.5759639025694111,0.0019317643130692082,1.2135669378437022,880,429,budget_exhausted,
10.0,9,additive,10.0,0.99,0.001,0.001,20000,budget_exhausted,0.2516856262943705,0.0014420198738273077,0.0014420198738273077,0.5759639025694111,0.0019317643130692082,1.2135669378437022,880,429,budget_exhausted,
10.0,0,multiplicative,10.0,0.99,0.1,0.001,20000,converged,0.0008611975049647299,1.5267973227590614,1.5267973227590614,2.0230002712877706,1.7201217091756948,874.5957906425341,187,159,converged,51.0
10.0,0,multiplicative,10.0,0.99,0.05,0.001,20000,converged,0.0008611975049647299,1.5267973227590614,1.5267973227590614,2.0230002712877706,1.7201217091756948,874.5957906425341,187,159,converged,54.0
10.0,0,multiplicative,10.0,0.99,0.01,0.001,20000,converged,0.0008611975049647299,1.5267973227590614,1.5267973227590614,2.0230002712877706,1.7201217091756948,874.5957906425341,187,159,converged,63.0
10.0,0,multiplicative,10.0,0.99,0.005,0.001,20000,converged,0.0008611975049647299,1.5267973227590614,1.5267973227590614,2.0230002712877706,1.7201217091756948,874.5957906425341,187,159,converged,67.0
10.0,0,multiplicative,10.0,0.99,0.001,0.001,20000,converged,0.0008611975049647299,1.5267973227590614,1.5267973227590614,2.0230002712877706,1.7201217091756948,874.5957906425341,187,159,converged,76.0
10.0,1,multiplicative,10.0,0.99,0.1,0.001,20000,converged,0.0008387832821576532,1.573532821077896,1.573532821077896,1.573532821077896,1.5735328210778956,402.1534173157286,184,184,converged,55.0
10.0,1,multiplicative,10.0,0.99,0.05,0.001,20000,converged,0.0008387832821576532,1.573532821077896,1.573532821077896,1.573532821077896,1.5735328210778956,402.1534173157286,184,184,converged,58.0
10.0,1,multiplicative,10.0,0.99,0.01,0.001,20000,converged,0.0008387832821576532,1.573532821077896,1.573532821077896,1.573532821077896,1.5735328210778956,402.1534173157286,184,184,converged,68.0
10.0,1,multiplicative,10.0,0.99,0.005,0.001,20000,converged,0.0008387832821576532,1.573532821077896,1.573532821077896,1.573532821077896,1.5735328210778956,402.1534173157286,184,184,converged,71.0
10.0,1,multiplicative,10.0,0.99,0.001,0.001,20000,converged,0.0008387832821576532,1.573532821077896,1.573532821077896,1.573532821077896,1.5735328210778956,402.1534173157286,184,184,converged,81.0
10.0,2,multiplicative,10.0,0.99,0.1,0.001,20000,converged,0.0009200588046533451,0.8962861870232456,0.8962861870232456,0.8962861870232456,0.8962861870232456,590.6564743296475,240,240,converged,83.0
10.0,2,multiplicative,10.0,0.99,0.05,0.001,20000,converged,0.0009200588046533451,0.8962861870232456,0.8962861870232456,0.8962861870232456,0.8962861870232456,590.6564743296475,240,240,converged,90.0
10.0,2,multiplicative,10.0,0.99,0.01,0.001,20000,converged,0.0009200588046533451,0.8962861870232456,0.8962861870232456,0.8962861870232456,0.8962861870232456,590.6564743296475,240,240,converged,106.0
10.0,2,multiplicative,10.0,0.99,0.005,0.001,20000,converged,0.0009200588046533451,0.8962861870232456,0.8962861870232456,0.8962861870232456,0.8962861870232456,590.6564743296475,240,240,converged,113.0
10.0,2,multiplicative,10.0,0.99,0.001,0.001,20000,converged,0.0009200588046533451,0.8962861870232456,0.8962861870232456,0.8962861870232456,0.8962861870232456,590.6564743296475,240,240,converged,129.0
10.0,3,multiplicative,10.0,0.99,0.1,0.001,20000,converged,0.0008349054314830079,1.6713393501488356,1.6713393501488356,1.6713393501488356,1.671339350148835,487.0198617638668,178,178,converged,76.0
10.0,3,multiplicative,10.0,0.99,0.05,0.001,20000,converged,0.0008349054314830079,1.6713393501488356,1.6713393501488356,1.6713393501488356,1.671339350148835,487.0198617638668,178,178,converged,80.0
10.0,3,multiplicative,10.0,0.99,0.01,0.001,20000,converged,0.0008349054314830079,1.6713393501488356,1.6713393501488356,1.6713393501488356,1.671339350148835,487.0198617638668,178,178,converged,88.0
10.0,3,multiplicative,10.0,0.99,0.005,0.001,20000,converged,0.0008349054314830079,1.6713393501488356,1.6713393501488356,1.6713393501488356,1.671339350148835,487.0198617638668,178,178,converged,91.0
10.0,3,multiplicative,10.0,0.99,0.001,0.001,20000,converged,0.0008349054314830079,1.6713393501488356,1.6713393501488356,1.6713393501488356,1.671339350148835,487.0198617638668,178,178,converged,100.0
10.0,4,multiplicative,10.0,0.99,0.1,0.001,20000,converged,0.0008390403516485315,1.829565183090608,1.829565183090608,2.352166292404101,2.0686713604517366,861.6684107056453,169,144,converged,48.0
10.0,4,multiplicative,10.0,0.99,0.05,0.001,20000,converged,0.0008390403516485315,1.829565183090608,1.829565183090608,2.352166292404101,2.0686713604517366,861.6684107056453,169,144,converged,51.0
10.0,4,multiplicative,10.0,0.99,0.01,0.001,20000,converged,0.0008390403516485315,1.829565183090608,1.829565183090608,2.352166292404101,2.0686713604517366,861.6684107056453,169,144,converged,58.0
10.0,4,multiplicative,10.0,0.99,0.005,0.001,20000,converged,0.0008390403516485315,1.829565183090608,1.829565183090608,2.352166292404101,2.0686713604517366,861.6684107056453,169,144,converged,62.0
10.0,4,multiplicative,10.0,0.99,0.001,0.001,20000,converged,0.0008390403516485315,1.829565183090608,1.829565183090608,2.352166292404101,2.0686713604517366,861.6684107056453,169,144,converged,69.0
10.0,5,multiplicative,10.0,0.99,0.1,0.001,20000,converged,0.0008448799022358046,1.6054819111089644,1.6054819111089644,1.6054819111089644,1.605481911108964,547.0908722309749,182,182,converged,62.0
10.0,5,multiplicative,10.0,0.99,0.05,0.001,20000,converged,0.0008448799022358046,1.6054819111089644,1.6054819111089644,1.6054819111089644,1.605481911108964,547.0908722309749,182,182,converged,66.0
10.0,5,multiplicative,10.0,0.99,0.01,0.001,20000,converged,0.0008448799022358046,1.6054819111089644,1.6054819111089644,1.6054819111089644,1.605481911108964,547.0908722309749,182,182,converged,75.0
10.0,5,multiplicative,10.0,0.99,0.005,0.001,20000,converged,0.0008448799022358046,1.6054819111089644,1.6054819111089644,1.6054819111089644,1.605481911108964,547.0908722309749,182,182,converged,79.0
10.0,5,multiplicative,10.0,0.99,0.001,0.001,20000,converged,0.0008448799022358046,1.6054819111089644,1.6054819111089644,1.6054819111089644,1.605481911108964,547.0908722309749,182,182,converged,89.0
10.0,6,multiplicative,10.0,0.99,0.1,0.001,20000,converged,0.0009079334057059544,1.2741333767875875,1.2741333767875875,1.2741333767875875,1.2741333767875873,764.5764719381459,205,205,converged,65.0
10.0,6,multiplicative,10.0,0.99,0.05,0.001,20000,converged,0.0009079334057059544,1.2741333767875875,1.2741333767875875,1.2741333767875875,1.2741333767875873,764.5764719381459,205,205,converged,70.0
10.0,6,multiplicative,10.0,0.99,0.01,0.001,20000,converged,0.0009079334057059544,1.2741333767875875,1.2741333767875875,1.2741333767875875,1.2741333767875873,764.5764719381459,205,205,converged,80.0
10.0,6,multiplicative,10.0,0.99,0.005,0.001,20000,converged,0.0009079334057059544,1.2741333767875875,1.2741333767875875,1.2741333767875875,1.2741333767875873,764.5764719381459,205,205,converged,85.0
10.0,6,multiplicative,10.0,0.99,0.001,0.001,20000,converged,0.0009079334057059544,1.2741333767875875,1.2741333767875875,1.2741333767875875,1.2741333767875873,764.5764719381459,205,205,converged,96.0
10.0,7,multiplicative,10.0,0.99,0.1,0.001,20000,converged,0.0009185490299104866,1.152303387137133,1.152303387137133,1.152303387137133,1.152303387137133,800.5046195324658,215,215,converged,63.0
10.0,7,multiplicative,10.0,0.99,0.05,0.001,20000,converged,0.0009185490299104866,1.152303387137133,1.152303387137133,1.152303387137133,1.152303387137133,800.5046195324658,215,215,converged,68.0
10.0,7,multiplicative,10.0,0.99,0.01,0.001,20000,converged,0.0009185490299104866,1.152303387137133,1.152303387137133,1.152303387137133,1.152303387137133,800.5046195324658,215,215,converged,80.0
10.0,7,multiplicative,10.0,0.99,0.005,0.001,20000,converged,0.0009185490299104866,1.152303387137133,1.152303387137133,1.152303387137133,1.152303387137133,800.5046195324658,215,215,converged,85.0
10.0,7,multiplicative,10.0,0.99,0.001,0.001,20000,converged,0.0009185490299104866,1.152303387137133,1.152303387137133,1.152303387137133,1.152303387137133,800.5046195324658,215,215,converged,97.0
10.0,8,multiplicative,10.0,0.99,0.1,0.001,20000,converged,0.0008304677824491164,1.8480456394854625,1.8480456394854625,1.8480456394854625,1.8480456394854625,406.70554876761713,168,168,converged,70.0
10.0,8,multiplicative,10.0,0.99,0.05,0.001,20000,converged,0.0008304677824491164,1.8480456394854625,1.8480456394854625,1.8480456394854625,1.8480456394854625,406.70554876761713,168,168,converged,74.0
10.0,8,multiplicative,10.0,0.99,0.01,0.001,20000,converged,0.0008304677824491164,1.8480456394854625,1.8480456394854625,1.8480456394854625,1.8480456394854625,406.70554876761713,168,168,converged,81.0
10.0,8,multiplicative,10.0,0.99,0.005,0.001,20000,converged,0.0008304677824491164,1.8480456394854625,1.8480456394854625,1.8480456394854625,1.8480456394854625,406.70554876761713,168,168,converged,84.0
10.0,8,multiplicative,10.0,0.99,0.001,0.001,20000,converged,0.0008304677824491164,1.8480456394854625,1.8480456394854625,1.8480456394854625,1.8480456394854625,406.70554876761713,168,168,converged,92.0
10.0,9,multiplicative,10.0,0.99,0.1,0.001,20000,converged,0.0009760563118110828,0.9424769345562484,0.9424769345562484,0.9424769345562484,0.9424769345562486,403.41284159810556,235,235,converged,106.0
10.0,9,multiplicative,10.0,0.99,0.05,0.001,20000,converged,0.0009760563118110828,0.9424769345562484,0.9424769345562484,0.9424769345562484,0.9424769345562486,403.41284159810556,235,235,converged,113.0
10.0,9,multiplicative,10.0,0.99,0.01,0.001,20000,converged,0.0009760563118110828,0.9424769345562484,0.9424769345562484,0.9424769345562484,0.9424769345562486,403.41284159810556,235,235,converged,129.0
10.0,9,multiplicative,10.0,0.99,0.005,0.001,20000,converged,0.0009760563118110828,0.9424769345562484,0.9424769345562484,0.9424769345562484,0.9424769345562486,403.41284159810556,235,235,converged,135.0
10.0,9,multiplicative,10.0,0.99,0.001,0.001,20000,converged,0.0009760563118110828,0.9424769345562484,0.9424769345562484,0.9424769345562484,0.9424769345562486,403.41284159810556,235,235,converged,151.0
10.0,0,quadratic,10.0,0.99,0.1,0.001,20000,eta below minimum,1.9479958722028314,9.900047486404983e-19,1.0192298425355209e-17,3.7723664692350414,0.4987061548133598,0.44470755459581224,4354,1015,eta below minimum,
10.0,0,quadratic,10.0,0.99,0.05,0.001,20000,eta below minimum,1.9479958722028314,9.900047486404983e-19,1.0192298425355209e-17,3.7723664692350414,0.4987061548133598,0.44470755459581224,4354,1015,eta below minimum,
10.0,0,quadratic,10.0,0.99,0.01,0.001,20000,eta below minimum,1.9479958722028314,9.900047486404983e-19,1.0192298425355209e-17,3.7723664692350414,0.4987061548133598,0.44470755459581224,4354,1015,eta below minimum,
10.0,0,quadratic,10.0,0.99,0.005,0.001,20000,eta below minimum,1.9479958722028314,9.900047486404983e-19,1.0192298425355209e-17,3.7723664692350414,0.4987061548133598,0.44470755459581224,4354,1015,eta below minimum,
10.0,0,quadratic,10.0,0.99,0.001,0.001,20000,eta below minimum,1.9479958722028314,9.900047486404983e-19,1.0192298425355209e-17,3.7723664692350414,0.4987061548133598,0.44470755459581224,4354,1015,eta below minimum,
10.0,1,quadratic,10.0,0.99,0.1,0.001,20000,eta below minimum,2.2134131750100816,9.900047486404983e-19,3.078936452259235e-17,2.523606630893462,0.32524519047970335,0.2948641370168297,4354,625,eta below minimum,
10.0,1,quadratic,10.0,0.99,0.05,0.001,20000,eta below minimum,2.2134131750100816,9.900047486404983e-19,3.078936452259235e-17,2.523606630893462,0.32524519047970335,0.2948641370168297,4354,625,eta below minimum,
10.0,1,quadratic,10.0,0.99,0.01,0.001,20000,eta below minimum,2.2134131750100816,9.900047486404983e-19,3.078936452259235e-17,2.523606630893462,0.32524519047970335,0.2948641370168297,4354,625,eta below minimum,
10.0,1,quadratic,10.0,0.99,0.005,0.001,20000,eta below minimum,2.2134131750100816,9.900047486404983e-19,3.078936452259235e-17,2.523606630893462,0.32524519047970335,0.2948641370168297,4354,625,eta below minimum,
10.0,1,quadratic,10.0,0.99,0.001,0.001,20000,eta below minimum,2.2134131750100816,9.900047486404983e-19,3.078936452259235e-17,2.523606630893462,0.32524519047970335,0.2948641370168297,4354,625,eta below minimum,
10.0,2,quadratic,10.0,0.99,0.1,0.001,20000,eta below minimum,2.7673635254685034,9.900047486404983e-19,1.364116580728703e-17,1.4519690621578263,0.17360265428859337,0.15658016263436708,4354,612,eta below minimum,
10.0,2,quadratic,10.0,0.99,0.05,0.001,20000,eta below minimum,2.7673635254685034,9.900047486404983e-19,1.364116580728703e-17,1.4519690621578263,0.17360265428859337,0.15658016263436708,4354,612,eta below minimum,
10.0,2,quadratic,10.0,0.99,0.01,0.001,20000,eta below minimum,2.7673635254685034,9.900047486404983e-19,1.364116580728703e-17,1.4519690621578263,0.17360265428859337,0.15658016263436708,4354,612,eta below minimum,
10.0,2,quadratic,10.0,0.99,0.005,0.001,20000,eta below minimum,2.7673635254685034,9.900047486404983e-19,1.364116580728703e-17,1.4519690621578263,0.17360265428859337,0.15658016263436708,4354,612,eta below minimum,
10.0,2,quadratic,10.0,0.99,0.001,0.001,20000,eta below minimum,2.7673635254685034,9.900047486404983e-19,1.364116580728703e-17,1.4519690621578263,0.17360265428859337,0.15658016263436708,4354,612,eta below minimum,
10.0,3,quadratic,10.0,0.99,0.1,0.001,20000,eta below minimum,2.1772166053296247,9.900047486404983e-19,2.6961194500449637e-15,2.7904208858505894,0.4022866261440348,0.3602273225902884,4354,787,eta below minimum,
10.0,3,quadratic,10.0,0.99,0.05,0.001,20000,eta below minimum,2.1772166053296247,9.900047486404983e-19,2.6961194500449637e-15,2.7904208858505894,0.4022866261440348,0.3602273225902884,4354,787,eta below minimum,
10.0,3,quadratic,10.0,0.99,0.01,0.001,20000,eta below minimum,2.1772166053296247,9.900047486404983e-19,2.6961194500449637e-15,2.7904208858505894,0.4022866261440348,0.3602273225902884,4354,787,eta below minimum,
10.0,3,quadratic,10.0,0.99,0.005,0.001,20000,eta below minimum,2.1772166053296247,9.900047486404983e-19,2.6961194500449637e-15,2.7904208858505894,0.4022866261440348,0.3602273225902884,4354,787,eta below minimum,
10.0,3,quadratic,10.0,0.99,0.001,0.001,20000,eta below minimum,2.1772166053296247,9.900047486404983e-19,2.6961194500449637e-15,2.7904208858505894,0.4022866261440348,0.3602273225902884,4354,787,eta below minimum,
10.0,4,quadratic,10.0,0.99,0.1,0.001,20000,eta below minimum,1.8532408292809905,9.900047486404983e-19,3.1447773222016133e-18,4.129496711338882,0.5046759121155913,0.4575167691969593,4354,676,eta below minimum,
10.0,4,quadratic,10.0,0.99,0.05,0.001,20000,eta below minimum,1.8532408292809905,9.900047486404983e-19,3.1447773222016133e-18,4.129496711338882,0.5046759121155913,0.4575167691969593,4354,676,eta below minimum,
10.0,4,quadratic,10.0,0.99,0.01,0.001,20000,eta below minimum,1.8532408292809905,9.900047486404983e-19,3.1447773222016133e-18,4.129496711338882,0.5046759121155913,0.4575167691969593,4354,676,eta below minimum,
10.0,4,quadratic,10.0,0.99,0.005,0.001,20000,eta below minimum,1.8532408292809905,9.900047486404983e-19,3.1447773222016133e-18,4.129496711338882,0.5046759121155913,0.4575167691969593,4354,676,eta below minimum,
10.0,4,quadratic,10.0,0.99,0.001,0.001,20000,eta below minimum,1.8532408292809905,9.900047486404983e-19,3.1447773222016133e-18,4.129496711338882,0.5046759121155913,0.4575167691969593,4354,676,eta below minimum,
10.0,5,quadratic,10.0,0.99,0.1,0.001,20000,eta below minimum,2.0698767633337254,9.900047486404983e-19,2.2799017195623636e-18,2.7348915102221625,0.326919263551541,0.29513393951615335,4354,857,eta below minimum,
10.0,5,quadratic,10.0,0.99,0.05,0.001,20000,eta below minimum,2.0698767633337254,9.900047486404983e-19,2.2799017195623636e-18,2.7348915102221625,0.326919263551541,0.29513393951615335,4354,857,eta below minimum,
10.0,5,quadratic,10.0,0.99,0.01,0.001,20000,eta below minimum,2.0698767633337254,9.900047486404983e-19,2.2799017195623636e-18,2.7348915102221625,0.326919263551541,0.29513393951615335,4354,857,eta below minimum,
10.0,5,quadratic,10.0,0.99,0.005,0.001,20000,eta below minimum,2.0698767633337254,9.900047486404983e-19,2.2799017195623636e-18,2.7348915102221625,0.326919263551541,0.29513393951615335,4354,857,eta below minimum,
10.0,5,quadratic,10.0,0.99,0.001,0.001,20000,eta below minimum,2.0698767633337254,9.900047486404983e-19,2.2799017195623636e-18,2.7348915102221625,0.326919263551541,0.29513393951615335,4354,857,eta below minimum,
10.0,6,quadratic,10.0,0.99,0.1,0.001,20000,eta below minimum,2.2667018789261393,9.900047486404983e-19,2.0369676931603156e-16,2.0849246173476117,0.28320255152793516,0.25257012140072843,4354,784,eta below minimum,
10.0,6,quadratic,10.0,0.99,0.05,0.001,20000,eta below minimum,2.2667018789261393,9.900047486404983e-19,2.0369676931603156e-16,2.0849246173476117,0.28320255152793516,0.25257012140072843,4354,784,eta below minimum,
10.0,6,quadratic,10.0,0.99,0.01,0.001,20000,eta below minimum,2.2667018789261393,9.900047486404983e-19,2.0369676931603156e-16,2.0849246173476117,0.28320255152793516,0.25257012140072843,4354,784,eta below minimum,
10.0,6,quadratic,10.0,0.99,0.005,0.001,20000,eta below minimum,2.2667018789261393,9.900047486404983e-19,2.0369676931603156e-16,2.0849246173476117,0.28320255152793516,0.25257012140072843,4354,784,eta below minimum,
10.0,6,quadratic,10.0,0.99,0.001,0.001,20000,eta below minimum,2.2667018789261393,9.900047486404983e-19,2.0369676931603156e-16,2.0849246173476117,0.28320255152793516,0.25257012140072843,4354,784,eta below minimum,
10.0,7,quadratic,10.0,0.99,0.1,0.001,20000,eta below minimum,2.3099931528135405,9.900047486404983e-19,3.962601715991373e-18,2.002770268574893,0.23025524208971607,0.20747314305616466,4354,658,eta below minimum,
10.0,7,quadratic,10.0,0.99,0.05,0.001,20000,eta below minimum,2.3099931528135405,9.900047486404983e-19,3.962601715991373e-18,2.002770268574893,0.23025524208971607,0.20747314305616466,4354,658,eta below minimum,
10.0,7,quadratic,10.0,0.99,0.01,0.001,20000,eta below minimum,2.3099931528135405,9.900047486404983e-19,3.962601715991373e-18,2.002770268574893,0.23025524208971607,0.20747314305616466,4354,658,eta below minimum,
10.0,7,quadratic,10.0,0.99,0.005,0.001,20000,eta below minimum,2.3099931528135405,9.900047486404983e-19,3.962601715991373e-18,2.002770268574893,0.23025524208971607,0.20747314305616466,4354,658,eta below minimum,
10.0,7,quadratic,10.0,0.99,0.001,0.001,20000,eta below minimum,2.3099931528135405,9.900047486404983e-19,3.962601715991373e-18,2.002770268574893,0.23025524208971607,0.20747314305616466,4354,658,eta below minimum,
10.0,8,quadratic,10.0,0.99,0.1,0.001,20000,eta below minimum,2.0251123187060296,9.900047486404983e-19,5.576783784662e-18,3.2120107456479143,0.3909852701644869,0.3536669098239928,4354,675,eta below minimum,
10.0,8,quadratic,10.0,0.99,0.05,0.001,20000,eta below minimum,2.0251123187060296,9.900047486404983e-19,5.576783784662e-18,3.2120107456479143,0.3909852701644869,0.3536669098239928,4354,675,eta below minimum,
10.0,8,quadratic,10.0,0.99,0.01,0.001,20000,eta below minimum,2.0251123187060296,9.900047486404983e-19,5.576783784662e-18,3.2120107456479143,0.3909852701644869,0.3536669098239928,4354,675,eta below minimum,
10.0,8,quadratic,10.0,0.99,0.005,0.001,20000,eta below minimum,2.0251123187060296,9.900047486404983e-19,5.576783784662e-18,3.2120107456479143,0.3909852701644869,0.3536669098239928,4354,675,eta below minimum,
10.0,8,quadratic,10.0,0.99,0.001,0.001,20000,eta below minimum,2.0251123187060296,9.900047486404983e-19,5.576783784662e-18,3.2120107456479143,0.3909852701644869,0.3536669098239928,4354,675,eta below minimum,
10.0,9,quadratic,10.0,0.99,0.1,0.001,20000,eta below minimum,2.3843264053274402,9.900047486404983e-19,1.0717565789912277e-17,1.542219517938446,0.2410971577041454,0.21875635034107166,4354,661,eta below minimum,
10.0,9,quadratic,10.0,0.99,0.05,0.001,20000,eta below minimum,2.3843264053274402,9.900047486404983e-19,1.0717565789912277e-17,1.542219517938446,0.2410971577041454,0.21875635034107166,4354,661,eta below minimum,
10.0,9,quadratic,10.0,0.99,0.01,0.001,20000,eta below minimum,2.3843264053274402,9.900047486404983e-19,1.0717565789912277e-17,1.542219517938446,0.2410971577041454,0.21875635034107166,4354,661,eta below minimum,
10.0,9,quadratic,10.0,0.99,0.005,0.001,20000,eta below minimum,2.3843264053274402,9.900047486404983e-19,1.0717565789912277e-17,1.542219517938446,0.2410971577041454,0.21875635034107166,4354,661,eta below minimum,
10.0,9,quadratic,10.0,0.99,0.001,0.001,20000,eta below minimum,2.3843264053274402,9.900047486404983e-19,1.0717565789912277e-17,1.542219517938446,0.2410971577041454,0.21875635034107166,4354,661,eta below minimum,
