rho,instance_idx,method,eta,epsilon,iteration_budget,status,iterations_to_epsilon,final_norm
1.2,0,additive,1e-05,0.001,20000,budget_exhausted,,3.256678866451743
1.2,1,additive,1e-05,0.001,20000,budget_exhausted,,3.431302136869862
1.2,2,additive,1e-05,0.001,20000,budget_exhausted,,3.6845573174863424
1.2,3,additive,1e-05,0.001,20000,budget_exhausted,,3.1381822196681446
1.2,4,additive,1e-05,0.001,20000,budget_exhausted,,3.283037231587157
1.2,5,additive,1e-05,0.001,20000,budget_exhausted,,3.939063131511036
1.2,6,additive,1e-05,0.001,20000,budget_exhausted,,3.94976709598521
1.2,7,additive,1e-05,0.001,20000,budget_exhausted,,3.4156323101193906
1.2,8,additive,1e-05,0.001,20000,budget_exhausted,,2.9078415713510917
1.2,9,additive,1e-05,0.001,20000,budget_exhausted,,3.519362078950262
1.2,10,additive,1e-05,0.001,20000,budget_exhausted,,3.3114057852125276
1.2,11,additive,1e-05,0.001,20000,budget_exhausted,,3.0169091486420925
1.2,12,additive,1e-05,0.001,20000,budget_exhausted,,3.0291406865505186
1.2,13,additive,1e-05,0.001,20000,budget_exhausted,,3.619295376095607
1.2,14,additive,1e-05,0.001,20000,budget_exhausted,,3.0652933729420195
1.2,15,additive,1e-05,0.001,20000,budget_exhausted,,4.00367572201797
1.2,16,additive,1e-05,0.001,20000,budget_exhausted,,3.7525538740116025
1.2,17,additive,1e-05,0.001,20000,budget_exhausted,,3.3393583087695182
1.2,18,additive,1e-05,0.001,20000,budget_exhausted,,3.976074273629817
1.2,19,additive,1e-05,0.001,20000,budget_exhausted,,3.533652994166749
1.2,0,additive,2.1544346900318823e-05,0.001,20000,budget_exhausted,,0.7310126878734651
1.2,1,additive,2.1544346900318823e-05,0.001,20000,budget_exhausted,,0.8813400216353023
1.2,2,additive,2.1544346900318823e-05,0.001,20000,budget_exhausted,,0.9675729455466817
1.2,3,additive,2.1544346900318823e-05,0.001,20000,budget_exhausted,,0.6360512360728554
1.2,4,additive,2.1544346900318823e-05,0.001,20000,budget_exhausted,,0.6884853399082028
1.2,5,additive,2.1544346900318823e-05,0.001,20000,budget_exhausted,,0.9682685007357306
1.2,6,additive,2.1544346900318823e-05,0.001,20000,budget_exhausted,,0.7888352296673091
1.2,7,additive,2.1544346900318823e-05,0.001,20000,budget_exhausted,,0.7418170060166216
1.2,8,additive,2.1544346900318823e-05,0.001,20000,budget_exhausted,,0.6721232811212705
1.2,9,additive,2.1544346900318823e-05,0.001,20000,budget_exhausted,,0.9041516798521697
1.2,10,additive,2.1544346900318823e-05,0.001,20000,budget_exhausted,,0.6588178065553232
1.2,11,additive,2.1544346900318823e-05,0.001,20000,budget_exhausted,,0.5142667156342055
1.2,12,additive,2.1544346900318823e-05,0.001,20000,budget_exhausted,,0.6766608932289544
1.2,13,additive,2.1544346900318823e-05,0.001,20000,budget_exhausted,,0.8298201363479548
1.2,14,additive,2.1544346900318823e-05,0.001,20000,budget_exhausted,,0.6009339798186685
1.2,15,additive,2.1544346900318823e-05,0.001,20000,budget_exhausted,,0.9143344579462217
1.2,16,additive,2.1544346900318823e-05,0.001,20000,budget_exhausted,,0.7695795973371111
1.2,17,additive,2.1544346900318823e-05,0.001,20000,budget_exhausted,,0.7892854931121417
1.2,18,additive,2.1544346900318823e-05,0.001,20000,budget_exhausted,,0.9908435937367273
1.2,19,additive,2.1544346900318823e-05,0.001,20000,budget_exhausted,,0.7354408470986142
1.2,0,additive,4.641588833612782e-05,0.001,20000,budget_exhausted,,0.08498959201587124
1.2,1,additive,4.641588833612782e-05,0.001,20000,budget_exhausted,,0.09290641198915751
1.2,2,additive,4.641588833612782e-05,0.001,20000,budget_exhausted,,0.10095227354114665
1.2,3,additive,4.641588833612782e-05,0.001,20000,budget_exhausted,,0.052162503494561
1.2,4,additive,4.641588833612782e-05,0.001,20000,budget_exhausted,,0.06441453002952292
1.2,5,additive,4.641588833612782e-05,0.001,20000,budget_exhausted,,0.10201276660447506
1.2,6,additive,4.641588833612782e-05,0.001,20000,budget_exhausted,,0.05968039974739626
1.2,7,additive,4.641588833612782e-05,0.001,20000,budget_exhausted,,0.08119873497091563
1.2,8,additive,4.641588833612782e-05,0.001,20000,budget_exhausted,,0.06331938817341735
1.2,9,additive,4.641588833612782e-05,0.001,20000,budget_exhausted,,0.08498584836892492
1.2,10,additive,4.641588833612782e-05,0.001,20000,budget_exhausted,,0.06217268984767741
1.2,11,additive,4.641588833612782e-05,0.001,20000,budget_exhausted,,0.03380726481449901
1.2,12,additive,4.641588833612782e-05,0.001,20000,budget_exhausted,,0.05847572037773135
1.2,13,additive,4.641588833612782e-05,0.001,20000,budget_exhausted,,0.08300516746758654
1.2,14,additive,4.641588833612782e-05,0.001,20000,budget_exhausted,,0.04649726088782086
1.2,15,additive,4.641588833612782e-05,0.001,20000,budget_exhausted,,0.0723277936120376
1.2,16,additive,4.641588833612782e-05,0.001,20000,budget_exhausted,,0.054812062079429395
1.2,17,additive,4.641588833612782e-05,0.001,20000,budget_exhausted,,0.056470293178871735
1.2,18,additive,4.641588833612782e-05,0.001,20000,budget_exhausted,,0.10864205629112546
1.2,19,additive,4.641588833612782e-05,0.001,20000,budget_exhausted,,0.09843135429564044
1.2,0,additive,0.0001,0.001,20000,budget_exhausted,,0.00309872888325028
1.2,1,additive,0.0001,0.001,20000,budget_exhausted,,0.0017265622271646762
1.2,2,additive,0.0001,0.001,20000,budget_exhausted,,0.002774768810836541
1.2,3,additive,0.0001,0.001,20000,converged,19775.0,0.0009997519283132781
1.2,4,additive,0.0001,0.001,20000,budget_exhausted,,0.0020836854882742904
1.2,5,additive,0.0001,0.001,20000,budget_exhausted,,0.0033810128997199154
1.2,6,additive,0.0001,0.001,20000,budget_exhausted,,0.001284662584523375
1.2,7,additive,0.0001,0.001,20000,budget_exhausted,,0.0015327113052004875
1.2,8,additive,0.0001,0.001,20000,converged,19673.0,0.0009997573571041494
1.2,9,additive,0.0001,0.001,20000,budget_exhausted,,0.0014735697069289658
1.2,10,additive,0.0001,0.001,20000,budget_exhausted,,0.0015398890159418182
1.2,11,additive,0.0001,0.001,20000,converged,17079.0,0.0009999026832309232
1.2,12,additive,0.0001,0.001,20000,converged,19698.0,0.0009997184991779877
1.2,13,additive,0.0001,0.001,20000,budget_exhausted,,0.0013595340825776003
1.2,14,additive,0.0001,0.001,20000,converged,18641.0,0.0009999505533757897
1.2,15,additive,0.0001,0.001,20000,converged,19945.0,0.0009999889677115993
1.2,16,additive,0.0001,0.001,20000,converged,18907.0,0.0009996853903985212
1.2,17,additive,0.0001,0.001,20000,converged,17954.0,0.0009999681843643755
1.2,18,additive,0.0001,0.001,20000,budget_exhausted,,0.003020863015022228
1.2,19,additive,0.0001,0.001,20000,budget_exhausted,,0.005666607193017405
1.2,0,additive,0.00021544346900318823,0.001,20000,converged,11081.0,0.000999392385861207
1.2,1,additive,0.00021544346900318823,0.001,20000,converged,10005.0,0.0009995575454039456
1.2,2,additive,0.00021544346900318823,0.001,20000,converged,10883.0,0.000999382352756919
1.2,3,additive,0.00021544346900318823,0.001,20000,converged,9177.0,0.0009994590825758497
1.2,4,additive,0.00021544346900318823,0.001,20000,converged,10394.0,0.0009999603687227668
1.2,5,additive,0.00021544346900318823,0.001,20000,converged,11172.0,0.0009997272315526876
1.2,6,additive,0.00021544346900318823,0.001,20000,converged,9625.0,0.0009996305518389472
1.2,7,additive,0.00021544346900318823,0.001,20000,converged,9844.0,0.0009998452947663752
1.2,8,additive,0.00021544346900318823,0.001,20000,converged,9130.0,0.000999451492514863
1.2,9,additive,0.00021544346900318823,0.001,20000,converged,9807.0,0.0009995267919464023
1.2,10,additive,0.00021544346900318823,0.001,20000,converged,9896.0,0.0009999809051072447
1.2,11,additive,0.00021544346900318823,0.001,20000,converged,7926.0,0.0009994499751794447
1.2,12,additive,0.00021544346900318823,0.001,20000,converged,9141.0,0.000999918472305999
1.2,13,additive,0.00021544346900318823,0.001,20000,converged,9669.0,0.0009995286857655845
1.2,14,additive,0.00021544346900318823,0.001,20000,converged,8651.0,0.0009996392490904198
1.2,15,additive,0.00021544346900318823,0.001,20000,converged,9256.0,0.0009999662431999833
1.2,16,additive,0.00021544346900318823,0.001,20000,converged,8774.0,0.000999603167193414
1.2,17,additive,0.00021544346900318823,0.001,20000,converged,8332.0,0.0009996727475715865
1.2,18,additive,0.00021544346900318823,0.001,20000,converged,10911.0,0.000999546999224674
1.2,19,additive,0.00021544346900318823,0.001,20000,converged,12561.0,0.0009996822566085235
1.2,0,additive,0.00046415888336127773,0.001,20000,converged,5142.0,0.0009993352561447665
1.2,1,additive,0.00046415888336127773,0.001,20000,converged,4642.0,0.00099996939610095
1.2,2,additive,0.00046415888336127773,0.001,20000,converged,5050.0,0.0009996684126998665
1.2,3,additive,0.00046415888336127773,0.001,20000,converged,4257.0,0.000999927588627069
1.2,4,additive,0.00046415888336127773,0.001,20000,converged,4824.0,0.0009991354127660502
1.2,5,additive,0.00046415888336127773,0.001,20000,converged,5185.0,0.0009987616213719395
1.2,6,additive,0.00046415888336127773,0.001,20000,converged,4466.0,0.000999317235057689
1.2,7,additive,0.00046415888336127773,0.001,20000,converged,4568.0,0.0009991601230463529
1.2,8,additive,0.00046415888336127773,0.001,20000,converged,4236.0,0.000999464401945227
1.2,9,additive,0.00046415888336127773,0.001,20000,converged,4550.0,0.0009997272864828806
1.2,10,additive,0.00046415888336127773,0.001,20000,converged,4592.0,0.0009994570361506572
1.2,11,additive,0.00046415888336127773,0.001,20000,converged,3677.0,0.0009995846313193193
1.2,12,additive,0.00046415888336127773,0.001,20000,converged,4242.0,0.0009986057979678071
1.2,13,additive,0.00046415888336127773,0.001,20000,converged,4487.0,0.0009985046857347198
1.2,14,additive,0.00046415888336127773,0.001,20000,converged,4014.0,0.0009990558988452645
1.2,15,additive,0.00046415888336127773,0.001,20000,converged,4295.0,0.000999238742172463
1.2,16,additive,0.00046415888336127773,0.001,20000,converged,4071.0,0.0009988509170826868
1.2,17,additive,0.00046415888336127773,0.001,20000,converged,3866.0,0.000998767463144648
1.2,18,additive,0.00046415888336127773,0.001,20000,converged,5063.0,0.0009995528112814584
1.2,19,additive,0.00046415888336127773,0.001,20000,converged,5829.0,0.0009996756461650327
1.2,0,additive,0.001,0.001,20000,converged,2386.0,0.0009973614479018727
1.2,1,additive,0.001,0.001,20000,converged,2153.0,0.0009998770660074178
1.2,2,additive,0.001,0.001,20000,converged,2343.0,0.0009990015267402612
1.2,3,additive,0.001,0.001,20000,converged,1974.0,0.0009990324342391563
1.2,4,additive,0.001,0.001,20000,converged,2238.0,0.0009993077922162534
1.2,5,additive,0.001,0.001,20000,converged,2405.0,0.0009999123420261534
1.2,6,additive,0.001,0.001,20000,converged,2072.0,0.0009966235174229312
1.2,7,additive,0.001,0.001,20000,converged,2119.0,0.000998026345644636
1.2,8,additive,0.001,0.001,20000,converged,1965.0,0.0009971911311145722
1.2,9,additive,0.001,0.001,20000,converged,2110.0,0.0009998791876644477
1.2,10,additive,0.001,0.001,20000,converged,2130.0,0.0009986537475687705
1.2,11,additive,0.001,0.001,20000,converged,1705.0,0.0009989601451774334
1.2,12,additive,0.001,0.001,20000,converged,1967.0,0.0009994127447370772
1.2,13,additive,0.001,0.001,20000,converged,2081.0,0.0009989799971168011
1.2,14,additive,0.001,0.001,20000,converged,1862.0,0.0009966634088139632
1.2,15,additive,0.001,0.001,20000,converged,1992.0,0.0009988218803044754
1.2,16,additive,0.001,0.001,20000,converged,1888.0,0.0009974629585749056
1.2,17,additive,0.001,0.001,20000,converged,1793.0,0.0009970972693732556
1.2,18,additive,0.001,0.001,20000,converged,2349.0,0.000998312308573902
1.2,19,additive,0.001,0.001,20000,converged,2705.0,0.0009979034286602033
1.2,0,additive,0.002154434690031882,0.001,20000,converged,1106.0,0.0009979872514039073
1.2,1,additive,0.002154434690031882,0.001,20000,converged,998.0,0.0009975388964673525
1.2,2,additive,0.002154434690031882,0.001,20000,converged,1087.0,0.0009946040338859987
1.2,3,additive,0.002154434690031882,0.001,20000,converged,914.0,0.000998932484584902
1.2,4,additive,0.002154434690031882,0.001,20000,converged,1038.0,0.0009976263105285685
1.2,5,additive,0.002154434690031882,0.001,20000,converged,1116.0,0.0009936789077656645
1.2,6,additive,0.002154434690031882,0.001,20000,converged,960.0,0.0009966574852220762
1.2,7,additive,0.002154434690031882,0.001,20000,converged,982.0,0.0009976596746387374
1.2,8,additive,0.002154434690031882,0.001,20000,converged,910.0,0.000999790342288633
1.2,9,additive,0.002154434690031882,0.001,20000,converged,978.0,0.000996195674231216
1.2,10,additive,0.002154434690031882,0.001,20000,converged,987.0,0.0009985920714140086
1.2,11,additive,0.002154434690031882,0.001,20000,converged,790.0,0.0009946096307204546
1.2,12,additive,0.002154434690031882,0.001,20000,converged,912.0,0.0009942708393404383
1.2,13,additive,0.002154434690031882,0.001,20000,converged,965.0,0.0009939375330426609
1.2,14,additive,0.002154434690031882,0.001,20000,converged,863.0,0.000992483094631959
1.2,15,additive,0.002154434690031882,0.001,20000,converged,923.0,0.0009982932221884052
1.2,16,additive,0.002154434690031882,0.001,20000,converged,875.0,0.0009923293313460685
1.2,17,additive,0.002154434690031882,0.001,20000,converged,831.0,0.0009916664502925162
1.2,18,additive,0.002154434690031882,0.001,20000,converged,1089.0,0.0009974799163753392
1.2,19,additive,0.002154434690031882,0.001,20000,converged,1254.0,0.0009992092235223797
1.2,0,additive,0.004641588833612777,0.001,20000,converged,512.0,0.0009977981348855474
1.2,1,additive,0.004641588833612777,0.001,20000,converged,462.0,0.0009911342883500696
1.2,2,additive,0.004641588833612777,0.001,20000,converged,503.0,0.0009989231867092645
1.2,3,additive,0.004641588833612777,0.001,20000,converged,422.0,0.0009978365084433968
1.2,4,additive,0.004641588833612777,0.001,20000,converged,481.0,0.000994302064444629
1.2,5,additive,0.004641588833612777,0.001,20000,converged,517.0,0.0009901001584190668
1.2,6,additive,0.004641588833612777,0.001,20000,negative prices,,
1.2,7,additive,0.004641588833612777,0.001,20000,converged,455.0,0.0009847163509811633
1.2,8,additive,0.004641588833612777,0.001,20000,converged,421.0,0.00099311765222696
1.2,9,additive,0.004641588833612777,0.001,20000,converged,452.0,0.0009974123083745857
1.2,10,additive,0.004641588833612777,0.001,20000,converged,457.0,0.0009902879212622734
1.2,11,additive,0.004641588833612777,0.001,20000,converged,365.0,0.0009911090074768874
1.2,12,additive,0.004641588833612777,0.001,20000,converged,422.0,0.0009882261599468008
1.2,13,additive,0.004641588833612777,0.001,20000,converged,447.0,0.0009831501780044971
1.2,14,additive,0.004641588833612777,0.001,20000,converged,399.0,0.0009884369277360812
1.2,15,additive,0.004641588833612777,0.001,20000,converged,427.0,0.000994062297083531
1.2,16,additive,0.004641588833612777,0.001,20000,converged,404.0,0.0009956585100899203
1.2,17,additive,0.004641588833612777,0.001,20000,converged,384.0,0.0009893052651221979
1.2,18,additive,0.004641588833612777,0.001,20000,converged,504.0,0.0009979336721129505
1.2,19,additive,0.004641588833612777,0.001,20000,negative prices,,
1.2,0,additive,0.01,0.001,20000,budget_exhausted,,1.0156599527267618
1.2,1,additive,0.01,0.001,20000,converged,213.0,0.0009864422967219638
1.2,2,additive,0.01,0.001,20000,negative prices,,
1.2,3,additive,0.01,0.001,20000,budget_exhausted,,0.6146241583922392
1.2,4,additive,0.01,0.001,20000,negative prices,,
1.2,5,additive,0.01,0.001,20000,negative prices,,
1.2,6,additive,0.01,0.001,20000,negative prices,,
1.2,7,additive,0.01,0.001,20000,converged,210.0,0.0009710474353625741
1.2,8,additive,0.01,0.001,20000,negative prices,,
1.2,9,additive,0.01,0.001,20000,budget_exhausted,,0.9705427624954208
1.2,10,additive,0.01,0.001,20000,converged,211.0,0.0009711609641034004
1.2,11,additive,0.01,0.001,20000,converged,168.0,0.0009731549060003318
1.2,12,additive,0.01,0.001,20000,converged,194.0,0.0009954097499443378
1.2,13,additive,0.01,0.001,20000,negative prices,,
1.2,14,additive,0.01,0.001,20000,negative prices,,
1.2,15,additive,0.01,0.001,20000,converged,197.0,0.000977091543598223
1.2,16,additive,0.01,0.001,20000,converged,186.0,0.0009798757582361339
1.2,17,additive,0.01,0.001,20000,converged,177.0,0.0009643115533270148
1.2,18,additive,0.01,0.001,20000,negative prices,,
1.2,19,additive,0.01,0.001,20000,negative prices,,
1.2,0,additive,0.021544346900318822,0.001,20000,negative prices,,
1.2,1,additive,0.021544346900318822,0.001,20000,negative prices,,
1.2,2,additive,0.021544346900318822,0.001,20000,negative prices,,
1.2,3,additive,0.021544346900318822,0.001,20000,negative prices,,
1.2,4,additive,0.021544346900318822,0.001,20000,negative prices,,
1.2,5,additive,0.021544346900318822,0.001,20000,negative prices,,
1.2,6,additive,0.021544346900318822,0.001,20000,negative prices,,
1.2,7,additive,0.021544346900318822,0.001,20000,negative prices,,
1.2,8,additive,0.021544346900318822,0.001,20000,negative prices,,
1.2,9,additive,0.021544346900318822,0.001,20000,negative prices,,
1.2,10,additive,0.021544346900318822,0.001,20000,negative prices,,
1.2,11,additive,0.021544346900318822,0.001,20000,negative prices,,
1.2,12,additive,0.021544346900318822,0.001,20000,negative prices,,
1.2,13,additive,0.021544346900318822,0.001,20000,negative prices,,
1.2,14,additive,0.021544346900318822,0.001,20000,negative prices,,
1.2,15,additive,0.021544346900318822,0.001,20000,negative prices,,
1.2,16,additive,0.021544346900318822,0.001,20000,negative prices,,
1.2,17,additive,0.021544346900318822,0.001,20000,negative prices,,
1.2,18,additive,0.021544346900318822,0.001,20000,negative prices,,
1.2,19,additive,0.021544346900318822,0.001,20000,negative prices,,
1.2,0,additive,0.046415888336127774,0.001,20000,negative prices,,
1.2,1,additive,0.046415888336127774,0.001,20000,negative prices,,
1.2,2,additive,0.046415888336127774,0.001,20000,negative prices,,
1.2,3,additive,0.046415888336127774,0.001,20000,negative prices,,
1.2,4,additive,0.046415888336127774,0.001,20000,negative prices,,
1.2,5,additive,0.046415888336127774,0.001,20000,negative prices,,
1.2,6,additive,0.046415888336127774,0.001,20000,negative prices,,
1.2,7,additive,0.046415888336127774,0.001,20000,negative prices,,
1.2,8,additive,0.046415888336127774,0.001,20000,negative prices,,
1.2,9,additive,0.046415888336127774,0.001,20000,negative prices,,
1.2,10,additive,0.046415888336127774,0.001,20000,negative prices,,
1.2,11,additive,0.046415888336127774,0.001,20000,negative prices,,
1.2,12,additive,0.046415888336127774,0.001,20000,negative prices,,
1.2,13,additive,0.046415888336127774,0.001,20000,negative prices,,
1.2,14,additive,0.046415888336127774,0.001,20000,negative prices,,
1.2,15,additive,0.046415888336127774,0.001,20000,negative prices,,
1.2,16,additive,0.046415888336127774,0.001,20000,negative prices,,
1.2,17,additive,0.046415888336127774,0.001,20000,negative prices,,
1.2,18,additive,0.046415888336127774,0.001,20000,negative prices,,
1.2,19,additive,0.046415888336127774,0.001,20000,negative prices,,
1.2,0,additive,0.1,0.001,20000,negative prices,,
1.2,1,additive,0.1,0.001,20000,negative prices,,
1.2,2,additive,0.1,0.001,20000,negative prices,,
1.2,3,additive,0.1,0.001,20000,negative prices,,
1.2,4,additive,0.1,0.001,20000,negative prices,,
1.2,5,additive,0.1,0.001,20000,negative prices,,
1.2,6,additive,0.1,0.001,20000,negative prices,,
1.2,7,additive,0.1,0.001,20000,negative prices,,
1.2,8,additive,0.1,0.001,20000,negative prices,,
1.2,9,additive,0.1,0.001,20000,negative prices,,
1.2,10,additive,0.1,0.001,20000,negative prices,,
1.2,11,additive,0.1,0.001,20000,negative prices,,
1.2,12,additive,0.1,0.001,20000,negative prices,,
1.2,13,additive,0.1,0.001,20000,negative prices,,
1.2,14,additive,0.1,0.001,20000,negative prices,,
1.2,15,additive,0.1,0.001,20000,negative prices,,
1.2,16,additive,0.1,0.001,20000,negative prices,,
1.2,17,additive,0.1,0.001,20000,negative prices,,
1.2,18,additive,0.1,0.001,20000,negative prices,,
1.2,19,additive,0.1,0.001,20000,negative prices,,
1.2,0,additive,0.21544346900318823,0.001,20000,negative prices,,
1.2,1,additive,0.21544346900318823,0.001,20000,negative prices,,
1.2,2,additive,0.21544346900318823,0.001,20000,negative prices,,
1.2,3,additive,0.21544346900318823,0.001,20000,negative prices,,
1.2,4,additive,0.21544346900318823,0.001,20000,negative prices,,
1.2,5,additive,0.21544346900318823,0.001,20000,negative prices,,
1.2,6,additive,0.21544346900318823,0.001,20000,negative prices,,
1.2,7,additive,0.21544346900318823,0.001,20000,negative prices,,
1.2,8,additive,0.21544346900318823,0.001,20000,negative prices,,
1.2,9,additive,0.21544346900318823,0.001,20000,negative prices,,
1.2,10,additive,0.21544346900318823,0.001,20000,negative prices,,
1.2,11,additive,0.21544346900318823,0.001,20000,negative prices,,
1.2,12,additive,0.21544346900318823,0.001,20000,negative prices,,
1.2,13,additive,0.21544346900318823,0.001,20000,negative prices,,
1.2,14,additive,0.21544346900318823,0.001,20000,negative prices,,
1.2,15,additive,0.21544346900318823,0.001,20000,negative prices,,
1.2,16,additive,0.21544346900318823,0.001,20000,negative prices,,
1.2,17,additive,0.21544346900318823,0.001,20000,negative prices,,
1.2,18,additive,0.21544346900318823,0.001,20000,negative prices,,
1.2,19,additive,0.21544346900318823,0.001,20000,negative prices,,
1.2,0,additive,0.46415888336127725,0.001,20000,negative prices,,
1.2,1,additive,0.46415888336127725,0.001,20000,negative prices,,
1.2,2,additive,0.46415888336127725,0.001,20000,negative prices,,
1.2,3,additive,0.46415888336127725,0.001,20000,negative prices,,
1.2,4,additive,0.46415888336127725,0.001,20000,negative prices,,
1.2,5,additive,0.46415888336127725,0.001,20000,negative prices,,
1.2,6,additive,0.46415888336127725,0.001,20000,negative prices,,
1.2,7,additive,0.46415888336127725,0.001,20000,negative prices,,
1.2,8,additive,0.46415888336127725,0.001,20000,negative prices,,
1.2,9,additive,0.46415888336127725,0.001,20000,negative prices,,
1.2,10,additive,0.46415888336127725,0.001,20000,negative prices,,
1.2,11,additive,0.46415888336127725,0.001,20000,negative prices,,
1.2,12,additive,0.46415888336127725,0.001,20000,negative prices,,
1.2,13,additive,0.46415888336127725,0.001,20000,negative prices,,
1.2,14,additive,0.46415888336127725,0.001,20000,negative prices,,
1.2,15,additive,0.46415888336127725,0.001,20000,negative prices,,
1.2,16,additive,0.46415888336127725,0.001,20000,negative prices,,
1.2,17,additive,0.46415888336127725,0.001,20000,negative prices,,
1.2,18,additive,0.46415888336127725,0.001,20000,negative prices,,
1.2,19,additive,0.46415888336127725,0.001,20000,negative prices,,
1.2,0,additive,1.0,0.001,20000,negative prices,,
1.2,1,additive,1.0,0.001,20000,negative prices,,
1.2,2,additive,1.0,0.001,20000,negative prices,,
1.2,3,additive,1.0,0.001,20000,negative prices,,
1.2,4,additive,1.0,0.001,20000,negative prices,,
1.2,5,additive,1.0,0.001,20000,negative prices,,
1.2,6,additive,1.0,0.001,20000,negative prices,,
1.2,7,additive,1.0,0.001,20000,negative prices,,
1.2,8,additive,1.0,0.001,20000,negative prices,,
1.2,9,additive,1.0,0.001,20000,negative prices,,
1.2,10,additive,1.0,0.001,20000,negative prices,,
1.2,11,additive,1.0,0.001,20000,negative prices,,
1.2,12,additive,1.0,0.001,20000,negative prices,,
1.2,13,additive,1.0,0.001,20000,negative prices,,
1.2,14,additive,1.0,0.001,20000,negative prices,,
1.2,15,additive,1.0,0.001,20000,negative prices,,
1.2,16,additive,1.0,0.001,20000,negative prices,,
1.2,17,additive,1.0,0.001,20000,negative prices,,
1.2,18,additive,1.0,0.001,20000,negative prices,,
1.2,19,additive,1.0,0.001,20000,negative prices,,
1.2,0,multiplicative,1e-05,0.001,20000,budget_exhausted,,20.64811225338236
1.2,1,multiplicative,1e-05,0.001,20000,budget_exhausted,,21.48813258575408
1.2,2,multiplicative,1e-05,0.001,20000,budget_exhausted,,20.665705531604672
1.2,3,multiplicative,1e-05,0.001,20000,budget_exhausted,,19.898431377821478
1.2,4,multiplicative,1e-05,0.001,20000,budget_exhausted,,19.938804220647516
1.2,5,multiplicative,1e-05,0.001,20000,budget_exhausted,,21.179986498736184
1.2,6,multiplicative,1e-05,0.001,20000,budget_exhausted,,19.12655549904342
1.2,7,multiplicative,1e-05,0.001,20000,budget_exhausted,,18.964781222376452
1.2,8,multiplicative,1e-05,0.001,20000,budget_exhausted,,20.822011175071776
1.2,9,multiplicative,1e-05,0.001,20000,budget_exhausted,,20.55991487177131
1.2,10,multiplicative,1e-05,0.001,20000,budget_exhausted,,21.02715098678489
1.2,11,multiplicative,1e-05,0.001,20000,budget_exhausted,,21.155862399006956
1.2,12,multiplicative,1e-05,0.001,20000,budget_exhausted,,21.13903690312545
1.2,13,multiplicative,1e-05,0.001,20000,budget_exhausted,,21.19726345679865
1.2,14,multiplicative,1e-05,0.001,20000,budget_exhausted,,19.15762505593238
1.2,15,multiplicative,1e-05,0.001,20000,budget_exhausted,,20.549936515403918
1.2,16,multiplicative,1e-05,0.001,20000,budget_exhausted,,20.171642640810223
1.2,17,multiplicative,1e-05,0.001,20000,budget_exhausted,,21.02891486723576
1.2,18,multiplicative,1e-05,0.001,20000,budget_exhausted,,19.67904273429963
1.2,19,multiplicative,1e-05,0.001,20000,budget_exhausted,,19.964238448950095
1.2,0,multiplicative,2.1544346900318823e-05,0.001,20000,budget_exhausted,,9.823780053009301
1.2,1,multiplicative,2.1544346900318823e-05,0.001,20000,budget_exhausted,,9.558037777802287
1.2,2,multiplicative,2.1544346900318823e-05,0.001,20000,budget_exhausted,,9.309691899511543
1.2,3,multiplicative,2.1544346900318823e-05,0.001,20000,budget_exhausted,,9.432231542798462
1.2,4,multiplicative,2.1544346900318823e-05,0.001,20000,budget_exhausted,,8.872317096991104
1.2,5,multiplicative,2.1544346900318823e-05,0.001,20000,budget_exhausted,,10.00290985591468
1.2,6,multiplicative,2.1544346900318823e-05,0.001,20000,budget_exhausted,,10.115231539707196
1.2,7,multiplicative,2.1544346900318823e-05,0.001,20000,budget_exhausted,,9.82239114555668
1.2,8,multiplicative,2.1544346900318823e-05,0.001,20000,budget_exhausted,,9.854642905633137
1.2,9,multiplicative,2.1544346900318823e-05,0.001,20000,budget_exhausted,,9.252109967618908
1.2,10,multiplicative,2.1544346900318823e-05,0.001,20000,budget_exhausted,,9.423562394362424
1.2,11,multiplicative,2.1544346900318823e-05,0.001,20000,budget_exhausted,,9.845313880122518
1.2,12,multiplicative,2.1544346900318823e-05,0.001,20000,budget_exhausted,,9.003759438541957
1.2,13,multiplicative,2.1544346900318823e-05,0.001,20000,budget_exhausted,,10.174794630740921
1.2,14,multiplicative,2.1544346900318823e-05,0.001,20000,budget_exhausted,,10.200275280778191
1.2,15,multiplicative,2.1544346900318823e-05,0.001,20000,budget_exhausted,,9.560753098466872
1.2,16,multiplicative,2.1544346900318823e-05,0.001,20000,budget_exhausted,,10.171240682586397
1.2,17,multiplicative,2.1544346900318823e-05,0.001,20000,budget_exhausted,,9.339756332544173
1.2,18,multiplicative,2.1544346900318823e-05,0.001,20000,budget_exhausted,,9.359241575574803
1.2,19,multiplicative,2.1544346900318823e-05,0.001,20000,budget_exhausted,,10.109347779113381
1.2,0,multiplicative,4.641588833612782e-05,0.001,20000,budget_exhausted,,2.972787110391009
1.2,1,multiplicative,4.641588833612782e-05,0.001,20000,budget_exhausted,,2.5902951278771162
1.2,2,multiplicative,4.641588833612782e-05,0.001,20000,budget_exhausted,,2.532532973033155
1.2,3,multiplicative,4.641588833612782e-05,0.001,20000,budget_exhausted,,2.6206001182095626
1.2,4,multiplicative,4.641588833612782e-05,0.001,20000,budget_exhausted,,2.66431695324803
1.2,5,multiplicative,4.641588833612782e-05,0.001,20000,budget_exhausted,,2.930136828185879
1.2,6,multiplicative,4.641588833612782e-05,0.001,20000,budget_exhausted,,3.354499842303372
1.2,7,multiplicative,4.641588833612782e-05,0.001,20000,budget_exhausted,,2.9505831260576523
1.2,8,multiplicative,4.641588833612782e-05,0.001,20000,budget_exhausted,,2.837019099137246
1.2,9,multiplicative,4.641588833612782e-05,0.001,20000,budget_exhausted,,2.4840152268957634
1.2,10,multiplicative,4.641588833612782e-05,0.001,20000,budget_exhausted,,2.627543085708907
1.2,11,multiplicative,4.641588833612782e-05,0.001,20000,budget_exhausted,,2.705276386201592
1.2,12,multiplicative,4.641588833612782e-05,0.001,20000,budget_exhausted,,2.757917683769165
1.2,13,multiplicative,4.641588833612782e-05,0.001,20000,budget_exhausted,,2.7406509527013374
1.2,14,multiplicative,4.641588833612782e-05,0.001,20000,budget_exhausted,,2.9295212237757466
1.2,15,multiplicative,4.641588833612782e-05,0.001,20000,budget_exhausted,,2.556411993482059
1.2,16,multiplicative,4.641588833612782e-05,0.001,20000,budget_exhausted,,2.6169693225552426
1.2,17,multiplicative,4.641588833612782e-05,0.001,20000,budget_exhausted,,2.5273584939972995
1.2,18,multiplicative,4.641588833612782e-05,0.001,20000,budget_exhausted,,2.8549588449161076
1.2,19,multiplicative,4.641588833612782e-05,0.001,20000,budget_exhausted,,2.59455189535783
1.2,0,multiplicative,0.0001,0.001,20000,budget_exhausted,,0.5188606941011804
1.2,1,multiplicative,0.0001,0.001,20000,budget_exhausted,,0.4781383655059162
1.2,2,multiplicative,0.0001,0.001,20000,budget_exhausted,,0.7271813508762407
1.2,3,multiplicative,0.0001,0.001,20000,budget_exhausted,,0.44707767223482214
1.2,4,multiplicative,0.0001,0.001,20000,budget_exhausted,,0.4691511840763663
1.2,5,multiplicative,0.0001,0.001,20000,budget_exhausted,,0.5231868218892369
1.2,6,multiplicative,0.0001,0.001,20000,budget_exhausted,,0.8945921378861528
1.2,7,multiplicative,0.0001,0.001,20000,budget_exhausted,,0.6165280429356363
1.2,8,multiplicative,0.0001,0.001,20000,budget_exhausted,,0.5026195492610382
1.2,9,multiplicative,0.0001,0.001,20000,budget_exhausted,,0.4912319083319455
1.2,10,multiplicative,0.0001,0.001,20000,budget_exhausted,,0.4251973696770008
1.2,11,multiplicative,0.0001,0.001,20000,budget_exhausted,,0.4041484721299624
1.2,12,multiplicative,0.0001,0.001,20000,budget_exhausted,,0.6983845811693935
1.2,13,multiplicative,0.0001,0.001,20000,budget_exhausted,,0.4514660533627418
1.2,14,multiplicative,0.0001,0.001,20000,budget_exhausted,,0.4840353249151672
1.2,15,multiplicative,0.0001,0.001,20000,budget_exhausted,,0.3765767555169889
1.2,16,multiplicative,0.0001,0.001,20000,budget_exhausted,,0.3811994922025909
1.2,17,multiplicative,0.0001,0.001,20000,budget_exhausted,,0.4364816264508861
1.2,18,multiplicative,0.0001,0.001,20000,budget_exhausted,,0.46671472599825115
1.2,19,multiplicative,0.0001,0.001,20000,budget_exhausted,,0.4459101964988107
1.2,0,multiplicative,0.00021544346900318823,0.001,20000,budget_exhausted,,0.044388493646066514
1.2,1,multiplicative,0.00021544346900318823,0.001,20000,budget_exhausted,,0.02662947187231432
1.2,2,multiplicative,0.00021544346900318823,0.001,20000,budget_exhausted,,0.07347626527946269
1.2,3,multiplicative,0.00021544346900318823,0.001,20000,budget_exhausted,,0.03460209525132024
1.2,4,multiplicative,0.00021544346900318823,0.001,20000,budget_exhausted,,0.0369010865105131
1.2,5,multiplicative,0.00021544346900318823,0.001,20000,budget_exhausted,,0.04178064407634582
1.2,6,multiplicative,0.00021544346900318823,0.001,20000,budget_exhausted,,0.06078273518772542
1.2,7,multiplicative,0.00021544346900318823,0.001,20000,budget_exhausted,,0.04712414047906183
1.2,8,multiplicative,0.00021544346900318823,0.001,20000,budget_exhausted,,0.03130649552816556
1.2,9,multiplicative,0.00021544346900318823,0.001,20000,budget_exhausted,,0.04077286707032954
1.2,10,multiplicative,0.00021544346900318823,0.001,20000,budget_exhausted,,0.023863795302828346
1.2,11,multiplicative,0.00021544346900318823,0.001,20000,budget_exhausted,,0.02143078226831965
1.2,12,multiplicative,0.00021544346900318823,0.001,20000,budget_exhausted,,0.0420532977421028
1.2,13,multiplicative,0.00021544346900318823,0.001,20000,budget_exhausted,,0.025892036736175447
1.2,14,multiplicative,0.00021544346900318823,0.001,20000,budget_exhausted,,0.030924072735768863
1.2,15,multiplicative,0.00021544346900318823,0.001,20000,budget_exhausted,,0.020886646751325025
1.2,16,multiplicative,0.00021544346900318823,0.001,20000,budget_exhausted,,0.024430202554035413
1.2,17,multiplicative,0.00021544346900318823,0.001,20000,budget_exhausted,,0.029523247674330903
1.2,18,multiplicative,0.00021544346900318823,0.001,20000,budget_exhausted,,0.046979432888981126
1.2,19,multiplicative,0.00021544346900318823,0.001,20000,budget_exhausted,,0.05842124913390226
1.2,0,multiplicative,0.00046415888336127773,0.001,20000,converged,18588.0,0.000999941284099748
1.2,1,multiplicative,0.00046415888336127773,0.001,20000,converged,18016.0,0.0009998811169338625
1.2,2,multiplicative,0.00046415888336127773,0.001,20000,budget_exhausted,,0.0014453105720962113
1.2,3,multiplicative,0.00046415888336127773,0.001,20000,converged,18067.0,0.0009998729335687008
1.2,4,multiplicative,0.00046415888336127773,0.001,20000,converged,17007.0,0.000999889117240553
1.2,5,multiplicative,0.00046415888336127773,0.001,20000,converged,17133.0,0.0009997223909277476
1.2,6,multiplicative,0.00046415888336127773,0.001,20000,budget_exhausted,,0.0015469643544659788
1.2,7,multiplicative,0.00046415888336127773,0.001,20000,converged,17810.0,0.000999872210014126
1.2,8,multiplicative,0.00046415888336127773,0.001,20000,converged,17219.0,0.0009997179326076758
1.2,9,multiplicative,0.00046415888336127773,0.001,20000,converged,19656.0,0.0009999472299656643
1.2,10,multiplicative,0.00046415888336127773,0.001,20000,converged,16141.0,0.0009998368942322306
1.2,11,multiplicative,0.00046415888336127773,0.001,20000,converged,15325.0,0.000999861547816866
1.2,12,multiplicative,0.00046415888336127773,0.001,20000,converged,17365.0,0.0009999775790512577
1.2,13,multiplicative,0.00046415888336127773,0.001,20000,converged,15470.0,0.0009996832463943558
1.2,14,multiplicative,0.00046415888336127773,0.001,20000,converged,16668.0,0.0009998880257345677
1.2,15,multiplicative,0.00046415888336127773,0.001,20000,converged,15364.0,0.000999702723649159
1.2,16,multiplicative,0.00046415888336127773,0.001,20000,converged,15665.0,0.000999629433294627
1.2,17,multiplicative,0.00046415888336127773,0.001,20000,converged,16640.0,0.0009996856898688887
1.2,18,multiplicative,0.00046415888336127773,0.001,20000,converged,19888.0,0.0009998525921106403
1.2,19,multiplicative,0.00046415888336127773,0.001,20000,converged,19893.0,0.0009997660144587743
1.2,0,multiplicative,0.001,0.001,20000,converged,8626.0,0.0009999595855811566
1.2,1,multiplicative,0.001,0.001,20000,converged,8362.0,0.0009997885164066398
1.2,2,multiplicative,0.001,0.001,20000,converged,9761.0,0.0009997393616457532
1.2,3,multiplicative,0.001,0.001,20000,converged,8384.0,0.0009998161302693814
1.2,4,multiplicative,0.001,0.001,20000,converged,7893.0,0.0009990380935332073
1.2,5,multiplicative,0.001,0.001,20000,converged,7951.0,0.0009994082613607647
1.2,6,multiplicative,0.001,0.001,20000,converged,9946.0,0.0009999035108126072
1.2,7,multiplicative,0.001,0.001,20000,converged,8265.0,0.0009996647936081936
1.2,8,multiplicative,0.001,0.001,20000,converged,7991.0,0.0009995494254585314
1.2,9,multiplicative,0.001,0.001,20000,converged,9122.0,0.000999977571058484
1.2,10,multiplicative,0.001,0.001,20000,converged,7491.0,0.0009993642464356603
1.2,11,multiplicative,0.001,0.001,20000,converged,7112.0,0.0009993253779603496
1.2,12,multiplicative,0.001,0.001,20000,converged,8059.0,0.0009996086288355944
1.2,13,multiplicative,0.001,0.001,20000,converged,7179.0,0.000999282362977549
1.2,14,multiplicative,0.001,0.001,20000,converged,7735.0,0.0009996459231692478
1.2,15,multiplicative,0.001,0.001,20000,converged,7130.0,0.0009992066751897317
1.2,16,multiplicative,0.001,0.001,20000,converged,7269.0,0.0009998133567566006
1.2,17,multiplicative,0.001,0.001,20000,converged,7722.0,0.0009995134321905818
1.2,18,multiplicative,0.001,0.001,20000,converged,9230.0,0.0009996416650613872
1.2,19,multiplicative,0.001,0.001,20000,converged,9232.0,0.0009995590421072263
1.2,0,multiplicative,0.002154434690031882,0.001,20000,converged,4003.0,0.0009982926849164608
1.2,1,multiplicative,0.002154434690031882,0.001,20000,converged,3881.0,0.000999602308050676
1.2,2,multiplicative,0.002154434690031882,0.001,20000,converged,4529.0,0.0009995726473451857
1.2,3,multiplicative,0.002154434690031882,0.001,20000,converged,3890.0,0.0009989669956128534
1.2,4,multiplicative,0.002154434690031882,0.001,20000,converged,3662.0,0.0009985922651230617
1.2,5,multiplicative,0.002154434690031882,0.001,20000,converged,3689.0,0.0009989332752614283
1.2,6,multiplicative,0.002154434690031882,0.001,20000,converged,4615.0,0.0009995359836427837
1.2,7,multiplicative,0.002154434690031882,0.001,20000,converged,3835.0,0.0009984083310506783
1.2,8,multiplicative,0.002154434690031882,0.001,20000,converged,3708.0,0.0009987043996350284
1.2,9,multiplicative,0.002154434690031882,0.001,20000,converged,4233.0,0.0009994088764700628
1.2,10,multiplicative,0.002154434690031882,0.001,20000,converged,3476.0,0.0009983992391650771
1.2,11,multiplicative,0.002154434690031882,0.001,20000,converged,3300.0,0.0009978603297046652
1.2,12,multiplicative,0.002154434690031882,0.001,20000,converged,3739.0,0.000999865770344003
1.2,13,multiplicative,0.002154434690031882,0.001,20000,converged,3330.0,0.0009999814403767373
1.2,14,multiplicative,0.002154434690031882,0.001,20000,converged,3589.0,0.0009984403816642934
1.2,15,multiplicative,0.002154434690031882,0.001,20000,converged,3308.0,0.0009983900955323568
1.2,16,multiplicative,0.002154434690031882,0.001,20000,converged,3373.0,0.0009977479891275117
1.2,17,multiplicative,0.002154434690031882,0.001,20000,converged,3583.0,0.0009983691709582233
1.2,18,multiplicative,0.002154434690031882,0.001,20000,converged,4283.0,0.000999178304505466
1.2,19,multiplicative,0.002154434690031882,0.001,20000,converged,4284.0,0.0009984138545861665
1.2,0,multiplicative,0.004641588833612777,0.001,20000,converged,1856.0,0.0009993086107142543
1.2,1,multiplicative,0.004641588833612777,0.001,20000,converged,1801.0,0.0009994903190659484
1.2,2,multiplicative,0.004641588833612777,0.001,20000,converged,2101.0,0.0009975027997658318
1.2,3,multiplicative,0.004641588833612777,0.001,20000,converged,1804.0,0.0009973620173168146
1.2,4,multiplicative,0.004641588833612777,0.001,20000,converged,1698.0,0.0009982839146051932
1.2,5,multiplicative,0.004641588833612777,0.001,20000,converged,1711.0,0.0009967680201179256
1.2,6,multiplicative,0.004641588833612777,0.001,20000,converged,2141.0,0.000997431910358302
1.2,7,multiplicative,0.004641588833612777,0.001,20000,converged,1778.0,0.0009991031578415715
1.2,8,multiplicative,0.004641588833612777,0.001,20000,converged,1720.0,0.0009969160745944602
1.2,9,multiplicative,0.004641588833612777,0.001,20000,converged,1964.0,0.0009973580914479994
1.2,10,multiplicative,0.004641588833612777,0.001,20000,converged,1612.0,0.0009980884022528116
1.2,11,multiplicative,0.004641588833612777,0.001,20000,converged,1530.0,0.0009977429501214477
1.2,12,multiplicative,0.004641588833612777,0.001,20000,converged,1734.0,0.0009997208384608207
1.2,13,multiplicative,0.004641588833612777,0.001,20000,converged,1544.0,0.0009986696995094445
1.2,14,multiplicative,0.004641588833612777,0.001,20000,converged,1664.0,0.0009985344205842767
1.2,15,multiplicative,0.004641588833612777,0.001,20000,converged,1534.0,0.0009965636690173448
1.2,16,multiplicative,0.004641588833612777,0.001,20000,converged,1564.0,0.0009964287368475638
1.2,17,multiplicative,0.004641588833612777,0.001,20000,converged,1661.0,0.0009997091231352133
1.2,18,multiplicative,0.004641588833612777,0.001,20000,converged,1987.0,0.0009974962200794434
1.2,19,multiplicative,0.004641588833612777,0.001,20000,converged,1987.0,0.0009972291578059212
1.2,0,multiplicative,0.01,0.001,20000,converged,860.0,0.0009969011018336569
1.2,1,multiplicative,0.01,0.001,20000,converged,836.0,0.0009965652111006773
1.2,2,multiplicative,0.01,0.001,20000,converged,974.0,0.0009932042125943823
1.2,3,multiplicative,0.01,0.001,20000,converged,835.0,0.0009995172043073812
1.2,4,multiplicative,0.01,0.001,20000,converged,787.0,0.0009916346970613441
1.2,5,multiplicative,0.01,0.001,20000,converged,793.0,0.0009910480822712692
1.2,6,multiplicative,0.01,0.001,20000,converged,992.0,0.0009972816809523447
1.2,7,multiplicative,0.01,0.001,20000,converged,824.0,0.0009932349777124869
1.2,8,multiplicative,0.01,0.001,20000,converged,797.0,0.0009952567630400503
1.2,9,multiplicative,0.01,0.001,20000,converged,910.0,0.0009983424578067779
1.2,10,multiplicative,0.01,0.001,20000,converged,747.0,0.0009956192179166965
1.2,11,multiplicative,0.01,0.001,20000,converged,709.0,0.000991586941958715
1.2,12,multiplicative,0.01,0.001,20000,converged,804.0,0.00099363279282453
1.2,13,multiplicative,0.01,0.001,20000,converged,715.0,0.000995914312155113
1.2,14,multiplicative,0.01,0.001,20000,converged,771.0,0.0009939750666161516
1.2,15,multiplicative,0.01,0.001,20000,converged,710.0,0.0009985199740212398
1.2,16,multiplicative,0.01,0.001,20000,converged,724.0,0.0009971451901201456
1.2,17,multiplicative,0.01,0.001,20000,converged,770.0,0.00099174918836456
1.2,18,multiplicative,0.01,0.001,20000,converged,921.0,0.00099608379445471
1.2,19,multiplicative,0.01,0.001,20000,converged,921.0,0.0009932318369567266
1.2,0,multiplicative,0.021544346900318822,0.001,20000,converged,398.0,0.0009861865744917357
1.2,1,multiplicative,0.021544346900318822,0.001,20000,converged,388.0,0.0009913520759674578
1.2,2,multiplicative,0.021544346900318822,0.001,20000,converged,450.0,0.0009986010601149163
1.2,3,multiplicative,0.021544346900318822,0.001,20000,converged,386.0,0.0009913416661856036
1.2,4,multiplicative,0.021544346900318822,0.001,20000,converged,364.0,0.000980464954182835
1.2,5,multiplicative,0.021544346900318822,0.001,20000,converged,366.0,0.000998285499279234
1.2,6,multiplicative,0.021544346900318822,0.001,20000,converged,459.0,0.0009924193188957282
1.2,7,multiplicative,0.021544346900318822,0.001,20000,converged,381.0,0.000984367703073148
1.2,8,multiplicative,0.021544346900318822,0.001,20000,converged,369.0,0.0009839752110452538
1.2,9,multiplicative,0.021544346900318822,0.001,20000,converged,421.0,0.00099741283486581
1.2,10,multiplicative,0.021544346900318822,0.001,20000,converged,346.0,0.0009803231800378717
1.2,11,multiplicative,0.021544346900318822,0.001,20000,converged,327.0,0.0009991015242522272
1.2,12,multiplicative,0.021544346900318822,0.001,20000,converged,372.0,0.000987069066235712
1.2,13,multiplicative,0.021544346900318822,0.001,20000,converged,330.0,0.0009947275804647355
1.2,14,multiplicative,0.021544346900318822,0.001,20000,converged,356.0,0.000995496469112485
1.2,15,multiplicative,0.021544346900318822,0.001,20000,converged,328.0,0.0009928028133021993
1.2,16,multiplicative,0.021544346900318822,0.001,20000,converged,335.0,0.0009783012798570783
1.2,17,multiplicative,0.021544346900318822,0.001,20000,converged,356.0,0.000983490175875486
1.2,18,multiplicative,0.021544346900318822,0.001,20000,converged,426.0,0.0009964814980722618
1.2,19,multiplicative,0.021544346900318822,0.001,20000,converged,426.0,0.0009880436770029304
1.2,0,multiplicative,0.046415888336127774,0.001,20000,converged,183.0,0.0009831368277132934
1.2,1,multiplicative,0.046415888336127774,0.001,20000,converged,180.0,0.0009808422570575927
1.2,2,multiplicative,0.046415888336127774,0.001,20000,negative prices,,
1.2,3,multiplicative,0.046415888336127774,0.001,20000,converged,177.0,0.0009912474274766149
1.2,4,multiplicative,0.046415888336127774,0.001,20000,converged,167.0,0.0009863080732751184
1.2,5,multiplicative,0.046415888336127774,0.001,20000,converged,169.0,0.0009585921612657184
1.2,6,multiplicative,0.046415888336127774,0.001,20000,converged,212.0,0.0009805599423843268
1.2,7,multiplicative,0.046415888336127774,0.001,20000,converged,175.0,0.0009810587728142659
1.2,8,multiplicative,0.046415888336127774,0.001,20000,converged,170.0,0.0009751135153845239
1.2,9,multiplicative,0.046415888336127774,0.001,20000,converged,194.0,0.0009985466594496927
1.2,10,multiplicative,0.046415888336127774,0.001,20000,converged,159.0,0.0009862938266627175
1.2,11,multiplicative,0.046415888336127774,0.001,20000,converged,150.0,0.0009991881083953424
1.2,12,multiplicative,0.046415888336127774,0.001,20000,converged,171.0,0.0009931773005954438
1.2,13,multiplicative,0.046415888336127774,0.001,20000,converged,152.0,0.0009531637047111209
1.2,14,multiplicative,0.046415888336127774,0.001,20000,converged,164.0,0.0009825797871335594
1.2,15,multiplicative,0.046415888336127774,0.001,20000,converged,151.0,0.0009726267463336876
1.2,16,multiplicative,0.046415888336127774,0.001,20000,converged,154.0,0.0009588637245025247
1.2,17,multiplicative,0.046415888336127774,0.001,20000,converged,164.0,0.0009575594315329737
1.2,18,multiplicative,0.046415888336127774,0.001,20000,converged,197.0,0.0009725310856346623
1.2,19,multiplicative,0.046415888336127774,0.001,20000,converged,196.0,0.0009850522515544881
1.2,0,multiplicative,0.1,0.001,20000,negative prices,,
1.2,1,multiplicative,0.1,0.001,20000,negative prices,,
1.2,2,multiplicative,0.1,0.001,20000,negative prices,,
1.2,3,multiplicative,0.1,0.001,20000,negative prices,,
1.2,4,multiplicative,0.1,0.001,20000,negative prices,,
1.2,5,multiplicative,0.1,0.001,20000,negative prices,,
1.2,6,multiplicative,0.1,0.001,20000,negative prices,,
1.2,7,multiplicative,0.1,0.001,20000,negative prices,,
1.2,8,multiplicative,0.1,0.001,20000,negative prices,,
1.2,9,multiplicative,0.1,0.001,20000,negative prices,,
1.2,10,multiplicative,0.1,0.001,20000,negative prices,,
1.2,11,multiplicative,0.1,0.001,20000,negative prices,,
1.2,12,multiplicative,0.1,0.001,20000,negative prices,,
1.2,13,multiplicative,0.1,0.001,20000,negative prices,,
1.2,14,multiplicative,0.1,0.001,20000,negative prices,,
1.2,15,multiplicative,0.1,0.001,20000,negative prices,,
1.2,16,multiplicative,0.1,0.001,20000,negative prices,,
1.2,17,multiplicative,0.1,0.001,20000,negative prices,,
1.2,18,multiplicative,0.1,0.001,20000,negative prices,,
1.2,19,multiplicative,0.1,0.001,20000,negative prices,,
1.2,0,multiplicative,0.21544346900318823,0.001,20000,negative prices,,
1.2,1,multiplicative,0.21544346900318823,0.001,20000,negative prices,,
1.2,2,multiplicative,0.21544346900318823,0.001,20000,negative prices,,
1.2,3,multiplicative,0.21544346900318823,0.001,20000,negative prices,,
1.2,4,multiplicative,0.21544346900318823,0.001,20000,negative prices,,
1.2,5,multiplicative,0.21544346900318823,0.001,20000,negative prices,,
1.2,6,multiplicative,0.21544346900318823,0.001,20000,negative prices,,
1.2,7,multiplicative,0.21544346900318823,0.001,20000,negative prices,,
1.2,8,multiplicative,0.21544346900318823,0.001,20000,negative prices,,
1.2,9,multiplicative,0.21544346900318823,0.001,20000,negative prices,,
1.2,10,multiplicative,0.21544346900318823,0.001,20000,negative prices,,
1.2,11,multiplicative,0.21544346900318823,0.001,20000,negative prices,,
1.2,12,multiplicative,0.21544346900318823,0.001,20000,negative prices,,
1.2,13,multiplicative,0.21544346900318823,0.001,20000,negative prices,,
1.2,14,multiplicative,0.21544346900318823,0.001,20000,negative prices,,
1.2,15,multiplicative,0.21544346900318823,0.001,20000,negative prices,,
1.2,16,multiplicative,0.21544346900318823,0.001,20000,negative prices,,
1.2,17,multiplicative,0.21544346900318823,0.001,20000,negative prices,,
1.2,18,multiplicative,0.21544346900318823,0.001,20000,negative prices,,
1.2,19,multiplicative,0.21544346900318823,0.001,20000,negative prices,,
1.2,0,multiplicative,0.46415888336127725,0.001,20000,negative prices,,
1.2,1,multiplicative,0.46415888336127725,0.001,20000,negative prices,,
1.2,2,multiplicative,0.46415888336127725,0.001,20000,negative prices,,
1.2,3,multiplicative,0.46415888336127725,0.001,20000,negative prices,,
1.2,4,multiplicative,0.46415888336127725,0.001,20000,negative prices,,
1.2,5,multiplicative,0.46415888336127725,0.001,20000,negative prices,,
1.2,6,multiplicative,0.46415888336127725,0.001,20000,negative prices,,
1.2,7,multiplicative,0.46415888336127725,0.001,20000,negative prices,,
1.2,8,multiplicative,0.46415888336127725,0.001,20000,negative prices,,
1.2,9,multiplicative,0.46415888336127725,0.001,20000,negative prices,,
1.2,10,multiplicative,0.46415888336127725,0.001,20000,negative prices,,
1.2,11,multiplicative,0.46415888336127725,0.001,20000,negative prices,,
1.2,12,multiplicative,0.46415888336127725,0.001,20000,negative prices,,
1.2,13,multiplicative,0.46415888336127725,0.001,20000,negative prices,,
1.2,14,multiplicative,0.46415888336127725,0.001,20000,negative prices,,
1.2,15,multiplicative,0.46415888336127725,0.001,20000,negative prices,,
1.2,16,multiplicative,0.46415888336127725,0.001,20000,negative prices,,
1.2,17,multiplicative,0.46415888336127725,0.001,20000,negative prices,,
1.2,18,multiplicative,0.46415888336127725,0.001,20000,negative prices,,
1.2,19,multiplicative,0.46415888336127725,0.001,20000,negative prices,,
1.2,0,multiplicative,1.0,0.001,20000,negative prices,,
1.2,1,multiplicative,1.0,0.001,20000,negative prices,,
1.2,2,multiplicative,1.0,0.001,20000,negative prices,,
1.2,3,multiplicative,1.0,0.001,20000,negative prices,,
1.2,4,multiplicative,1.0,0.001,20000,negative prices,,
1.2,5,multiplicative,1.0,0.001,20000,negative prices,,
1.2,6,multiplicative,1.0,0.001,20000,negative prices,,
1.2,7,multiplicative,1.0,0.001,20000,negative prices,,
1.2,8,multiplicative,1.0,0.001,20000,negative prices,,
1.2,9,multiplicative,1.0,0.001,20000,negative prices,,
1.2,10,multiplicative,1.0,0.001,20000,negative prices,,
1.2,11,multiplicative,1.0,0.001,20000,negative prices,,
1.2,12,multiplicative,1.0,0.001,20000,negative prices,,
1.2,13,multiplicative,1.0,0.001,20000,negative prices,,
1.2,14,multiplicative,1.0,0.001,20000,negative prices,,
1.2,15,multiplicative,1.0,0.001,20000,negative prices,,
1.2,16,multiplicative,1.0,0.001,20000,negative prices,,
1.2,17,multiplicative,1.0,0.001,20000,negative prices,,
1.2,18,multiplicative,1.0,0.001,20000,negative prices,,
1.2,19,multiplicative,1.0,0.001,20000,negative prices,,
1.5,0,additive,1e-05,0.001,20000,budget_exhausted,,3.3888086040568424
1.5,1,additive,1e-05,0.001,20000,budget_exhausted,,3.5228048102813423
1.5,2,additive,1e-05,0.001,20000,budget_exhausted,,3.667757495844082
1.5,3,additive,1e-05,0.001,20000,budget_exhausted,,3.2609976908789187
1.5,4,additive,1e-05,0.001,20000,budget_exhausted,,3.390759799105319
1.5,5,additive,1e-05,0.001,20000,budget_exhausted,,3.837610852242858
1.5,6,additive,1e-05,0.001,20000,budget_exhausted,,3.7587968547154618
1.5,7,additive,1e-05,0.001,20000,budget_exhausted,,3.345160459666351
1.5,8,additive,1e-05,0.001,20000,budget_exhausted,,2.9737660034278632
1.5,9,additive,1e-05,0.001,20000,budget_exhausted,,3.7428191957434924
1.5,10,additive,1e-05,0.001,20000,budget_exhausted,,3.4004371966816165
1.5,11,additive,1e-05,0.001,20000,budget_exhausted,,3.0540763530742767
1.5,12,additive,1e-05,0.001,20000,budget_exhausted,,2.97686613923359
1.5,13,additive,1e-05,0.001,20000,budget_exhausted,,3.6384793407065845
1.5,14,additive,1e-05,0.001,20000,budget_exhausted,,3.1065179358802224
1.5,15,additive,1e-05,0.001,20000,budget_exhausted,,3.95789093127981
1.5,16,additive,1e-05,0.001,20000,budget_exhausted,,3.8493817925314042
1.5,17,additive,1e-05,0.001,20000,budget_exhausted,,3.47293361564392
1.5,18,additive,1e-05,0.001,20000,budget_exhausted,,3.785606145054971
1.5,19,additive,1e-05,0.001,20000,budget_exhausted,,3.734210098110828
1.5,0,additive,2.1544346900318823e-05,0.001,20000,budget_exhausted,,0.9876169846751788
1.5,1,additive,2.1544346900318823e-05,0.001,20000,budget_exhausted,,1.0721948264719865
1.5,2,additive,2.1544346900318823e-05,0.001,20000,budget_exhausted,,1.17364596996623
1.5,3,additive,2.1544346900318823e-05,0.001,20000,budget_exhausted,,0.9487392951355056
1.5,4,additive,2.1544346900318823e-05,0.001,20000,budget_exhausted,,0.9754320357437964
1.5,5,additive,2.1544346900318823e-05,0.001,20000,budget_exhausted,,1.2396457719792358
1.5,6,additive,2.1544346900318823e-05,0.001,20000,budget_exhausted,,1.0768556554947424
1.5,7,additive,2.1544346900318823e-05,0.001,20000,budget_exhausted,,0.9776961023144255
1.5,8,additive,2.1544346900318823e-05,0.001,20000,budget_exhausted,,0.8680307357819619
1.5,9,additive,2.1544346900318823e-05,0.001,20000,budget_exhausted,,1.2015767670329114
1.5,10,additive,2.1544346900318823e-05,0.001,20000,budget_exhausted,,1.0150479875082437
1.5,11,additive,2.1544346900318823e-05,0.001,20000,budget_exhausted,,0.799344611040226
1.5,12,additive,2.1544346900318823e-05,0.001,20000,budget_exhausted,,0.8108745067342747
1.5,13,additive,2.1544346900318823e-05,0.001,20000,budget_exhausted,,1.134687333401819
1.5,14,additive,2.1544346900318823e-05,0.001,20000,budget_exhausted,,0.8534226699444405
1.5,15,additive,2.1544346900318823e-05,0.001,20000,budget_exhausted,,1.264931154125214
1.5,16,additive,2.1544346900318823e-05,0.001,20000,budget_exhausted,,1.1907880690507826
1.5,17,additive,2.1544346900318823e-05,0.001,20000,budget_exhausted,,1.0452284629889084
1.5,18,additive,2.1544346900318823e-05,0.001,20000,budget_exhausted,,1.2035898648970835
1.5,19,additive,2.1544346900318823e-05,0.001,20000,budget_exhausted,,1.0902727377558206
1.5,0,additive,4.641588833612782e-05,0.001,20000,budget_exhausted,,0.11792095414741144
1.5,1,additive,4.641588833612782e-05,0.001,20000,budget_exhausted,,0.15721962896455963
1.5,2,additive,4.641588833612782e-05,0.001,20000,budget_exhausted,,0.1934598250003049
1.5,3,additive,4.641588833612782e-05,0.001,20000,budget_exhausted,,0.1257992087096027
1.5,4,additive,4.641588833612782e-05,0.001,20000,budget_exhausted,,0.11414666854741938
1.5,5,additive,4.641588833612782e-05,0.001,20000,budget_exhausted,,0.1953141953363679
1.5,6,additive,4.641588833612782e-05,0.001,20000,budget_exhausted,,0.1282211919929909
1.5,7,additive,4.641588833612782e-05,0.001,20000,budget_exhausted,,0.11847928542749375
1.5,8,additive,4.641588833612782e-05,0.001,20000,budget_exhausted,,0.12388863210344121
1.5,9,additive,4.641588833612782e-05,0.001,20000,budget_exhausted,,0.18479950995053362
1.5,10,additive,4.641588833612782e-05,0.001,20000,budget_exhausted,,0.15023666777475383
1.5,11,additive,4.641588833612782e-05,0.001,20000,budget_exhausted,,0.0743898032826033
1.5,12,additive,4.641588833612782e-05,0.001,20000,budget_exhausted,,0.11339229671210083
1.5,13,additive,4.641588833612782e-05,0.001,20000,budget_exhausted,,0.1768083941826668
1.5,14,additive,4.641588833612782e-05,0.001,20000,budget_exhausted,,0.10771113663684695
1.5,15,additive,4.641588833612782e-05,0.001,20000,budget_exhausted,,0.18432524684444757
1.5,16,additive,4.641588833612782e-05,0.001,20000,budget_exhausted,,0.1630062733872721
1.5,17,additive,4.641588833612782e-05,0.001,20000,budget_exhausted,,0.1505823694600098
1.5,18,additive,4.641588833612782e-05,0.001,20000,budget_exhausted,,0.18028121691340676
1.5,19,additive,4.641588833612782e-05,0.001,20000,budget_exhausted,,0.13503119807377062
1.5,0,additive,0.0001,0.001,20000,budget_exhausted,,0.002454318019416358
1.5,1,additive,0.0001,0.001,20000,budget_exhausted,,0.004659544826696427
1.5,2,additive,0.0001,0.001,20000,budget_exhausted,,0.007964257509807924
1.5,3,additive,0.0001,0.001,20000,budget_exhausted,,0.0038647494468785613
1.5,4,additive,0.0001,0.001,20000,budget_exhausted,,0.0020871690460880503
1.5,5,additive,0.0001,0.001,20000,budget_exhausted,,0.0065800941135436795
1.5,6,additive,0.0001,0.001,20000,budget_exhausted,,0.0028917547376590648
1.5,7,additive,0.0001,0.001,20000,budget_exhausted,,0.0024334319917228607
1.5,8,additive,0.0001,0.001,20000,budget_exhausted,,0.003704509730062575
1.5,9,additive,0.0001,0.001,20000,budget_exhausted,,0.0057263493567052464
1.5,10,additive,0.0001,0.001,20000,budget_exhausted,,0.006467426923322111
1.5,11,additive,0.0001,0.001,20000,converged,19807.0,0.0009999167561467591
1.5,12,additive,0.0001,0.001,20000,budget_exhausted,,0.003398526939810693
1.5,13,additive,0.0001,0.001,20000,budget_exhausted,,0.006412794739956648
1.5,14,additive,0.0001,0.001,20000,budget_exhausted,,0.004033324961015903
1.5,15,additive,0.0001,0.001,20000,budget_exhausted,,0.004508941028994138
1.5,16,additive,0.0001,0.001,20000,budget_exhausted,,0.00407114413076274
1.5,17,additive,0.0001,0.001,20000,budget_exhausted,,0.00474550688070226
1.5,18,additive,0.0001,0.001,20000,budget_exhausted,,0.006077623866663258
1.5,19,additive,0.0001,0.001,20000,budget_exhausted,,0.003263350261901027
1.5,0,additive,0.00021544346900318823,0.001,20000,converged,10549.0,0.0009995214405676682
1.5,1,additive,0.00021544346900318823,0.001,20000,converged,11559.0,0.0009994968537191107
1.5,2,additive,0.00021544346900318823,0.001,20000,converged,12743.0,0.0009998967773672104
1.5,3,additive,0.00021544346900318823,0.001,20000,converged,11334.0,0.000999716661033163
1.5,4,additive,0.00021544346900318823,0.001,20000,converged,10246.0,0.0009994181692025133
1.5,5,additive,0.00021544346900318823,0.001,20000,converged,12262.0,0.000999914783835064
1.5,6,additive,0.00021544346900318823,0.001,20000,converged,10770.0,0.000999297540579081
1.5,7,additive,0.00021544346900318823,0.001,20000,converged,10487.0,0.0009996423020120434
1.5,8,additive,0.00021544346900318823,0.001,20000,converged,11221.0,0.0009998519923083854
1.5,9,additive,0.00021544346900318823,0.001,20000,converged,11958.0,0.0009996965734499622
1.5,10,additive,0.00021544346900318823,0.001,20000,converged,12604.0,0.0009997817278418453
1.5,11,additive,0.00021544346900318823,0.001,20000,converged,9192.0,0.0009996287221607412
1.5,12,additive,0.00021544346900318823,0.001,20000,converged,11090.0,0.000999633986401177
1.5,13,additive,0.00021544346900318823,0.001,20000,converged,12248.0,0.0009999394957268702
1.5,14,additive,0.00021544346900318823,0.001,20000,converged,11523.0,0.0009996296234904762
1.5,15,additive,0.00021544346900318823,0.001,20000,converged,11399.0,0.0009998769152603096
1.5,16,additive,0.00021544346900318823,0.001,20000,converged,11282.0,0.000999560089094799
1.5,17,additive,0.00021544346900318823,0.001,20000,converged,11676.0,0.000999662306490887
1.5,18,additive,0.00021544346900318823,0.001,20000,converged,12117.0,0.0009999032322224669
1.5,19,additive,0.00021544346900318823,0.001,20000,converged,10969.0,0.0009998613239630483
1.5,0,additive,0.00046415888336127773,0.001,20000,converged,4895.0,0.0009988631973811917
1.5,1,additive,0.00046415888336127773,0.001,20000,converged,5363.0,0.0009999167508056859
1.5,2,additive,0.00046415888336127773,0.001,20000,converged,5913.0,0.0009998226839338196
1.5,3,additive,0.00046415888336127773,0.001,20000,converged,5259.0,0.0009997119993844343
1.5,4,additive,0.00046415888336127773,0.001,20000,converged,4754.0,0.0009990338475948182
1.5,5,additive,0.00046415888336127773,0.001,20000,converged,5690.0,0.0009994362561743964
1.5,6,additive,0.00046415888336127773,0.001,20000,converged,4997.0,0.0009994901631615832
1.5,7,additive,0.00046415888336127773,0.001,20000,converged,4866.0,0.0009992130880688624
1.5,8,additive,0.00046415888336127773,0.001,20000,converged,5207.0,0.000999097662798805
1.5,9,additive,0.00046415888336127773,0.001,20000,converged,5549.0,0.0009990203233726425
1.5,10,additive,0.00046415888336127773,0.001,20000,converged,5849.0,0.0009991428793853102
1.5,11,additive,0.00046415888336127773,0.001,20000,converged,4265.0,0.0009989230304249213
1.5,12,additive,0.00046415888336127773,0.001,20000,converged,5146.0,0.0009992124188011775
1.5,13,additive,0.00046415888336127773,0.001,20000,converged,5684.0,0.0009988468948031262
1.5,14,additive,0.00046415888336127773,0.001,20000,converged,5347.0,0.0009993870590657152
1.5,15,additive,0.00046415888336127773,0.001,20000,converged,5289.0,0.0009998252674435597
1.5,16,additive,0.00046415888336127773,0.001,20000,converged,5235.0,0.0009991136093012926
1.5,17,additive,0.00046415888336127773,0.001,20000,converged,5418.0,0.000999234835867496
1.5,18,additive,0.00046415888336127773,0.001,20000,converged,5623.0,0.0009990272326781578
1.5,19,additive,0.00046415888336127773,0.001,20000,converged,5090.0,0.0009990228072710378
1.5,0,additive,0.001,0.001,20000,converged,2270.0,0.000999536361308287
1.5,1,additive,0.001,0.001,20000,converged,2488.0,0.0009979276207254316
1.5,2,additive,0.001,0.001,20000,converged,2743.0,0.0009990985749858546
1.5,3,additive,0.001,0.001,20000,converged,2440.0,0.0009973769842067867
1.5,4,additive,0.001,0.001,20000,converged,2205.0,0.0009976371518204503
1.5,5,additive,0.001,0.001,20000,converged,2639.0,0.000999984103918898
1.5,6,additive,0.001,0.001,20000,converged,2318.0,0.0009979680229813056
1.5,7,additive,0.001,0.001,20000,converged,2257.0,0.0009981604272430564
1.5,8,additive,0.001,0.001,20000,converged,2415.0,0.0009991817034702135
1.5,9,additive,0.001,0.001,20000,converged,2574.0,0.000998176224094586
1.5,10,additive,0.001,0.001,20000,converged,2713.0,0.0009993181767665065
1.5,11,additive,0.001,0.001,20000,converged,1978.0,0.0009977500074979477
1.5,12,additive,0.001,0.001,20000,converged,2387.0,0.0009984264212707062
1.5,13,additive,0.001,0.001,20000,converged,2637.0,0.000997244706662453
1.5,14,additive,0.001,0.001,20000,converged,2480.0,0.0009998862235380526
1.5,15,additive,0.001,0.001,20000,converged,2453.0,0.0009996775427022712
1.5,16,additive,0.001,0.001,20000,converged,2428.0,0.000998896338837022
1.5,17,additive,0.001,0.001,20000,converged,2513.0,0.0009991899757853199
1.5,18,additive,0.001,0.001,20000,converged,2608.0,0.0009993361706515892
1.5,19,additive,0.001,0.001,20000,converged,2361.0,0.000997892272624962
1.5,0,additive,0.002154434690031882,0.001,20000,converged,1052.0,0.0009980727166357401
1.5,1,additive,0.002154434690031882,0.001,20000,converged,1153.0,0.0009972795096574573
1.5,2,additive,0.002154434690031882,0.001,20000,converged,1272.0,0.00099526686951392
1.5,3,additive,0.002154434690031882,0.001,20000,converged,1131.0,0.0009958478992295702
1.5,4,additive,0.002154434690031882,0.001,20000,converged,1022.0,0.0009935460538446248
1.5,5,additive,0.002154434690031882,0.001,20000,converged,1224.0,0.0009940304959081892
1.5,6,additive,0.002154434690031882,0.001,20000,converged,1074.0,0.000998352715168609
1.5,7,additive,0.002154434690031882,0.001,20000,converged,1046.0,0.0009959536565974766
1.5,8,additive,0.002154434690031882,0.001,20000,converged,1119.0,0.0009998199891759325
1.5,9,additive,0.002154434690031882,0.001,20000,converged,1193.0,0.000997170947982715
1.5,10,additive,0.002154434690031882,0.001,20000,converged,1258.0,0.0009963692915594903
1.5,11,additive,0.002154434690031882,0.001,20000,converged,916.0,0.0009991743183354427
1.5,12,additive,0.002154434690031882,0.001,20000,converged,1106.0,0.000999324818502114
1.5,13,additive,0.002154434690031882,0.001,20000,converged,1222.0,0.0009981794529668648
1.5,14,additive,0.002154434690031882,0.001,20000,converged,1150.0,0.0009963420719770587
1.5,15,additive,0.002154434690031882,0.001,20000,converged,1137.0,0.0009968558747787699
1.5,16,additive,0.002154434690031882,0.001,20000,converged,1125.0,0.000999160567908763
1.5,17,additive,0.002154434690031882,0.001,20000,converged,1165.0,0.0009966346435224824
1.5,18,additive,0.002154434690031882,0.001,20000,converged,1209.0,0.0009972320879352262
1.5,19,additive,0.002154434690031882,0.001,20000,converged,1094.0,0.000997606716451998
1.5,0,additive,0.004641588833612777,0.001,20000,converged,487.0,0.0009897249308835647
1.5,1,additive,0.004641588833612777,0.001,20000,converged,534.0,0.0009864441446870089
1.5,2,additive,0.004641588833612777,0.001,20000,converged,589.0,0.0009898350672365404
1.5,3,additive,0.004641588833612777,0.001,20000,converged,523.0,0.000998406626677754
1.5,4,additive,0.004641588833612777,0.001,20000,converged,472.0,0.000999380858671006
1.5,5,additive,0.004641588833612777,0.001,20000,converged,566.0,0.000997431412436883
1.5,6,additive,0.004641588833612777,0.001,20000,converged,497.0,0.0009928430720210144
1.5,7,additive,0.004641588833612777,0.001,20000,converged,484.0,0.00098964270527997
1.5,8,additive,0.004641588833612777,0.001,20000,converged,518.0,0.0009931937425734752
1.5,9,additive,0.004641588833612777,0.001,20000,converged,552.0,0.0009949350696999227
1.5,10,additive,0.004641588833612777,0.001,20000,converged,582.0,0.0009976990308722792
1.5,11,additive,0.004641588833612777,0.001,20000,converged,424.0,0.0009851600823335158
1.5,12,additive,0.004641588833612777,0.001,20000,converged,512.0,0.0009927009222646232
1.5,13,additive,0.004641588833612777,0.001,20000,converged,566.0,0.0009896832147799628
1.5,14,additive,0.004641588833612777,0.001,20000,converged,532.0,0.000997639874428144
1.5,15,additive,0.004641588833612777,0.001,20000,converged,526.0,0.0009932752461608984
1.5,16,additive,0.004641588833612777,0.001,20000,converged,521.0,0.0009877357817590447
1.5,17,additive,0.004641588833612777,0.001,20000,converged,539.0,0.0009954606540663743
1.5,18,additive,0.004641588833612777,0.001,20000,converged,560.0,0.0009878322297978469
1.5,19,additive,0.004641588833612777,0.001,20000,converged,506.0,0.0009956140731782466
1.5,0,additive,0.01,0.001,20000,converged,224.0,0.0009960278685224994
1.5,1,additive,0.01,0.001,20000,converged,246.0,0.0009842208555996602
1.5,2,additive,0.01,0.001,20000,converged,272.0,0.0009775641113954818
1.5,3,additive,0.01,0.001,20000,converged,241.0,0.0009975071313590757
1.5,4,additive,0.01,0.001,20000,converged,218.0,0.0009663324254131979
1.5,5,additive,0.01,0.001,20000,converged,261.0,0.0009926888423223935
1.5,6,additive,0.01,0.001,20000,converged,229.0,0.000986795895582351
1.5,7,additive,0.01,0.001,20000,converged,223.0,0.00098071425513732
1.5,8,additive,0.01,0.001,20000,converged,239.0,0.0009800973510508486
1.5,9,additive,0.01,0.001,20000,converged,255.0,0.0009744012551643878
1.5,10,additive,0.01,0.001,20000,converged,269.0,0.0009807008532959048
1.5,11,additive,0.01,0.001,20000,converged,195.0,0.0009795456937571761
1.5,12,additive,0.01,0.001,20000,converged,236.0,0.0009873443544169839
1.5,13,additive,0.01,0.001,20000,converged,261.0,0.0009859982511271506
1.5,14,additive,0.01,0.001,20000,converged,246.0,0.0009759158631667763
1.5,15,additive,0.01,0.001,20000,converged,242.0,0.0009985279697112804
1.5,16,additive,0.01,0.001,20000,converged,240.0,0.0009838431326935537
1.5,17,additive,0.01,0.001,20000,converged,249.0,0.0009760840601866596
1.5,18,additive,0.01,0.001,20000,converged,258.0,0.0009896271536252192
1.5,19,additive,0.01,0.001,20000,converged,233.0,0.0009935643737200544
1.5,0,additive,0.021544346900318822,0.001,20000,negative prices,,
1.5,1,additive,0.021544346900318822,0.001,20000,converged,113.0,0.0009339376243274977
1.5,2,additive,0.021544346900318822,0.001,20000,negative prices,,
1.5,3,additive,0.021544346900318822,0.001,20000,negative prices,,
1.5,4,additive,0.021544346900318822,0.001,20000,negative prices,,
1.5,5,additive,0.021544346900318822,0.001,20000,negative prices,,
1.5,6,additive,0.021544346900318822,0.001,20000,converged,105.0,0.0009456622555081038
1.5,7,additive,0.021544346900318822,0.001,20000,converged,102.0,0.0009501892242871005
1.5,8,additive,0.021544346900318822,0.001,20000,negative prices,,
1.5,9,additive,0.021544346900318822,0.001,20000,negative prices,,
1.5,10,additive,0.021544346900318822,0.001,20000,converged,123.0,0.0009828100374736962
1.5,11,additive,0.021544346900318822,0.001,20000,converged,89.0,0.0009423549245469247
1.5,12,additive,0.021544346900318822,0.001,20000,converged,108.0,0.0009679219679057072
1.5,13,additive,0.021544346900318822,0.001,20000,negative prices,,
1.5,14,additive,0.021544346900318822,0.001,20000,negative prices,,
1.5,15,additive,0.021544346900318822,0.001,20000,converged,111.0,0.0009514158206418643
1.5,16,additive,0.021544346900318822,0.001,20000,converged,110.0,0.0009453854043345402
1.5,17,additive,0.021544346900318822,0.001,20000,converged,114.0,0.0009592801522906163
1.5,18,additive,0.021544346900318822,0.001,20000,converged,118.0,0.0009818731588962315
1.5,19,additive,0.021544346900318822,0.001,20000,negative prices,,
1.5,0,additive,0.046415888336127774,0.001,20000,negative prices,,
1.5,1,additive,0.046415888336127774,0.001,20000,negative prices,,
1.5,2,additive,0.046415888336127774,0.001,20000,negative prices,,
1.5,3,additive,0.046415888336127774,0.001,20000,negative prices,,
1.5,4,additive,0.046415888336127774,0.001,20000,negative prices,,
1.5,5,additive,0.046415888336127774,0.001,20000,negative prices,,
1.5,6,additive,0.046415888336127774,0.001,20000,negative prices,,
1.5,7,additive,0.046415888336127774,0.001,20000,negative prices,,
1.5,8,additive,0.046415888336127774,0.001,20000,negative prices,,
1.5,9,additive,0.046415888336127774,0.001,20000,negative prices,,
1.5,10,additive,0.046415888336127774,0.001,20000,negative prices,,
1.5,11,additive,0.046415888336127774,0.001,20000,negative prices,,
1.5,12,additive,0.046415888336127774,0.001,20000,negative prices,,
1.5,13,additive,0.046415888336127774,0.001,20000,negative prices,,
1.5,14,additive,0.046415888336127774,0.001,20000,negative prices,,
1.5,15,additive,0.046415888336127774,0.001,20000,negative prices,,
1.5,16,additive,0.046415888336127774,0.001,20000,negative prices,,
1.5,17,additive,0.046415888336127774,0.001,20000,negative prices,,
1.5,18,additive,0.046415888336127774,0.001,20000,negative prices,,
1.5,19,additive,0.046415888336127774,0.001,20000,negative prices,,
1.5,0,additive,0.1,0.001,20000,negative prices,,
1.5,1,additive,0.1,0.001,20000,negative prices,,
1.5,2,additive,0.1,0.001,20000,negative prices,,
1.5,3,additive,0.1,0.001,20000,negative prices,,
1.5,4,additive,0.1,0.001,20000,negative prices,,
1.5,5,additive,0.1,0.001,20000,negative prices,,
1.5,6,additive,0.1,0.001,20000,negative prices,,
1.5,7,additive,0.1,0.001,20000,negative prices,,
1.5,8,additive,0.1,0.001,20000,negative prices,,
1.5,9,additive,0.1,0.001,20000,negative prices,,
1.5,10,additive,0.1,0.001,20000,negative prices,,
1.5,11,additive,0.1,0.001,20000,negative prices,,
1.5,12,additive,0.1,0.001,20000,negative prices,,
1.5,13,additive,0.1,0.001,20000,negative prices,,
1.5,14,additive,0.1,0.001,20000,negative prices,,
1.5,15,additive,0.1,0.001,20000,negative prices,,
1.5,16,additive,0.1,0.001,20000,negative prices,,
1.5,17,additive,0.1,0.001,20000,negative prices,,
1.5,18,additive,0.1,0.001,20000,negative prices,,
1.5,19,additive,0.1,0.001,20000,negative prices,,
1.5,0,additive,0.21544346900318823,0.001,20000,negative prices,,
1.5,1,additive,0.21544346900318823,0.001,20000,negative prices,,
1.5,2,additive,0.21544346900318823,0.001,20000,negative prices,,
1.5,3,additive,0.21544346900318823,0.001,20000,negative prices,,
1.5,4,additive,0.21544346900318823,0.001,20000,negative prices,,
1.5,5,additive,0.21544346900318823,0.001,20000,negative prices,,
1.5,6,additive,0.21544346900318823,0.001,20000,negative prices,,
1.5,7,additive,0.21544346900318823,0.001,20000,negative prices,,
1.5,8,additive,0.21544346900318823,0.001,20000,negative prices,,
1.5,9,additive,0.21544346900318823,0.001,20000,negative prices,,
1.5,10,additive,0.21544346900318823,0.001,20000,negative prices,,
1.5,11,additive,0.21544346900318823,0.001,20000,negative prices,,
1.5,12,additive,0.21544346900318823,0.001,20000,negative prices,,
1.5,13,additive,0.21544346900318823,0.001,20000,negative prices,,
1.5,14,additive,0.21544346900318823,0.001,20000,negative prices,,
1.5,15,additive,0.21544346900318823,0.001,20000,negative prices,,
1.5,16,additive,0.21544346900318823,0.001,20000,negative prices,,
1.5,17,additive,0.21544346900318823,0.001,20000,negative prices,,
1.5,18,additive,0.21544346900318823,0.001,20000,negative prices,,
1.5,19,additive,0.21544346900318823,0.001,20000,negative prices,,
1.5,0,additive,0.46415888336127725,0.001,20000,negative prices,,
1.5,1,additive,0.46415888336127725,0.001,20000,negative prices,,
1.5,2,additive,0.46415888336127725,0.001,20000,negative prices,,
1.5,3,additive,0.46415888336127725,0.001,20000,negative prices,,
1.5,4,additive,0.46415888336127725,0.001,20000,negative prices,,
1.5,5,additive,0.46415888336127725,0.001,20000,negative prices,,
1.5,6,additive,0.46415888336127725,0.001,20000,negative prices,,
1.5,7,additive,0.46415888336127725,0.001,20000,negative prices,,
1.5,8,additive,0.46415888336127725,0.001,20000,negative prices,,
1.5,9,additive,0.46415888336127725,0.001,20000,negative prices,,
1.5,10,additive,0.46415888336127725,0.001,20000,negative prices,,
1.5,11,additive,0.46415888336127725,0.001,20000,negative prices,,
1.5,12,additive,0.46415888336127725,0.001,20000,negative prices,,
1.5,13,additive,0.46415888336127725,0.001,20000,negative prices,,
1.5,14,additive,0.46415888336127725,0.001,20000,negative prices,,
1.5,15,additive,0.46415888336127725,0.001,20000,negative prices,,
1.5,16,additive,0.46415888336127725,0.001,20000,negative prices,,
1.5,17,additive,0.46415888336127725,0.001,20000,negative prices,,
1.5,18,additive,0.46415888336127725,0.001,20000,negative prices,,
1.5,19,additive,0.46415888336127725,0.001,20000,negative prices,,
1.5,0,additive,1.0,0.001,20000,negative prices,,
1.5,1,additive,1.0,0.001,20000,negative prices,,
1.5,2,additive,1.0,0.001,20000,negative prices,,
1.5,3,additive,1.0,0.001,20000,negative prices,,
1.5,4,additive,1.0,0.001,20000,negative prices,,
1.5,5,additive,1.0,0.001,20000,negative prices,,
1.5,6,additive,1.0,0.001,20000,negative prices,,
1.5,7,additive,1.0,0.001,20000,negative prices,,
1.5,8,additive,1.0,0.001,20000,negative prices,,
1.5,9,additive,1.0,0.001,20000,negative prices,,
1.5,10,additive,1.0,0.001,20000,negative prices,,
1.5,11,additive,1.0,0.001,20000,negative prices,,
1.5,12,additive,1.0,0.001,20000,negative prices,,
1.5,13,additive,1.0,0.001,20000,negative prices,,
1.5,14,additive,1.0,0.001,20000,negative prices,,
1.5,15,additive,1.0,0.001,20000,negative prices,,
1.5,16,additive,1.0,0.001,20000,negative prices,,
1.5,17,additive,1.0,0.001,20000,negative prices,,
1.5,18,additive,1.0,0.001,20000,negative prices,,
1.5,19,additive,1.0,0.001,20000,negative prices,,
1.5,0,multiplicative,1e-05,0.001,20000,budget_exhausted,,15.283239229939472
1.5,1,multiplicative,1e-05,0.001,20000,budget_exhausted,,15.199357388102351
1.5,2,multiplicative,1e-05,0.001,20000,budget_exhausted,,15.987606865115175
1.5,3,multiplicative,1e-05,0.001,20000,budget_exhausted,,14.148835565301157
1.5,4,multiplicative,1e-05,0.001,20000,budget_exhausted,,15.063694105574555
1.5,5,multiplicative,1e-05,0.001,20000,budget_exhausted,,16.144501194778208
1.5,6,multiplicative,1e-05,0.001,20000,budget_exhausted,,14.182524266717941
1.5,7,multiplicative,1e-05,0.001,20000,budget_exhausted,,13.514136900959992
1.5,8,multiplicative,1e-05,0.001,20000,budget_exhausted,,15.627741468991932
1.5,9,multiplicative,1e-05,0.001,20000,budget_exhausted,,14.979618746814069
1.5,10,multiplicative,1e-05,0.001,20000,budget_exhausted,,14.514744557222217
1.5,11,multiplicative,1e-05,0.001,20000,budget_exhausted,,14.681153184899136
1.5,12,multiplicative,1e-05,0.001,20000,budget_exhausted,,14.178062472922292
1.5,13,multiplicative,1e-05,0.001,20000,budget_exhausted,,16.005774983437068
1.5,14,multiplicative,1e-05,0.001,20000,budget_exhausted,,14.924602549167846
1.5,15,multiplicative,1e-05,0.001,20000,budget_exhausted,,14.932517431764602
1.5,16,multiplicative,1e-05,0.001,20000,budget_exhausted,,14.803268182801125
1.5,17,multiplicative,1e-05,0.001,20000,budget_exhausted,,15.085462488613683
1.5,18,multiplicative,1e-05,0.001,20000,budget_exhausted,,15.094392386467828
1.5,19,multiplicative,1e-05,0.001,20000,budget_exhausted,,14.917645066630632
1.5,0,multiplicative,2.1544346900318823e-05,0.001,20000,budget_exhausted,,9.174245317057462
1.5,1,multiplicative,2.1544346900318823e-05,0.001,20000,budget_exhausted,,9.179689008973941
1.5,2,multiplicative,2.1544346900318823e-05,0.001,20000,budget_exhausted,,9.205153699173696
1.5,3,multiplicative,2.1544346900318823e-05,0.001,20000,budget_exhausted,,8.621992239239447
1.5,4,multiplicative,2.1544346900318823e-05,0.001,20000,budget_exhausted,,8.497547121658425
1.5,5,multiplicative,2.1544346900318823e-05,0.001,20000,budget_exhausted,,9.529064276722377
1.5,6,multiplicative,2.1544346900318823e-05,0.001,20000,budget_exhausted,,8.959354835643422
1.5,7,multiplicative,2.1544346900318823e-05,0.001,20000,budget_exhausted,,8.629365686610308
1.5,8,multiplicative,2.1544346900318823e-05,0.001,20000,budget_exhausted,,9.143577213956311
1.5,9,multiplicative,2.1544346900318823e-05,0.001,20000,budget_exhausted,,8.892792403723565
1.5,10,multiplicative,2.1544346900318823e-05,0.001,20000,budget_exhausted,,8.760940387209601
1.5,11,multiplicative,2.1544346900318823e-05,0.001,20000,budget_exhausted,,9.166329076803013
1.5,12,multiplicative,2.1544346900318823e-05,0.001,20000,budget_exhausted,,8.392218529312633
1.5,13,multiplicative,2.1544346900318823e-05,0.001,20000,budget_exhausted,,9.25332042361382
1.5,14,multiplicative,2.1544346900318823e-05,0.001,20000,budget_exhausted,,8.978065422747223
1.5,15,multiplicative,2.1544346900318823e-05,0.001,20000,budget_exhausted,,8.93299099543872
1.5,16,multiplicative,2.1544346900318823e-05,0.001,20000,budget_exhausted,,9.159316621692094
1.5,17,multiplicative,2.1544346900318823e-05,0.001,20000,budget_exhausted,,8.934051215103722
1.5,18,multiplicative,2.1544346900318823e-05,0.001,20000,budget_exhausted,,8.936275012220353
1.5,19,multiplicative,2.1544346900318823e-05,0.001,20000,budget_exhausted,,9.023169554917327
1.5,0,multiplicative,4.641588833612782e-05,0.001,20000,budget_exhausted,,3.80607764784508
1.5,1,multiplicative,4.641588833612782e-05,0.001,20000,budget_exhausted,,3.6288282312340425
1.5,2,multiplicative,4.641588833612782e-05,0.001,20000,budget_exhausted,,3.557864325555357
1.5,3,multiplicative,4.641588833612782e-05,0.001,20000,budget_exhausted,,3.5703475983050676
1.5,4,multiplicative,4.641588833612782e-05,0.001,20000,budget_exhausted,,3.482302274543726
1.5,5,multiplicative,4.641588833612782e-05,0.001,20000,budget_exhausted,,3.864103143139886
1.5,6,multiplicative,4.641588833612782e-05,0.001,20000,budget_exhausted,,3.9371386212879576
1.5,7,multiplicative,4.641588833612782e-05,0.001,20000,budget_exhausted,,3.701684213205711
1.5,8,multiplicative,4.641588833612782e-05,0.001,20000,budget_exhausted,,3.693302111693393
1.5,9,multiplicative,4.641588833612782e-05,0.001,20000,budget_exhausted,,3.5487334185338275
1.5,10,multiplicative,4.641588833612782e-05,0.001,20000,budget_exhausted,,3.5341789187273167
1.5,11,multiplicative,4.641588833612782e-05,0.001,20000,budget_exhausted,,3.7366225832268967
1.5,12,multiplicative,4.641588833612782e-05,0.001,20000,budget_exhausted,,3.312080132936784
1.5,13,multiplicative,4.641588833612782e-05,0.001,20000,budget_exhausted,,3.683489006168745
1.5,14,multiplicative,4.641588833612782e-05,0.001,20000,budget_exhausted,,3.705295884582809
1.5,15,multiplicative,4.641588833612782e-05,0.001,20000,budget_exhausted,,3.631197775381557
1.5,16,multiplicative,4.641588833612782e-05,0.001,20000,budget_exhausted,,3.7780226967168207
1.5,17,multiplicative,4.641588833612782e-05,0.001,20000,budget_exhausted,,3.505996205825174
1.5,18,multiplicative,4.641588833612782e-05,0.001,20000,budget_exhausted,,3.641798844674091
1.5,19,multiplicative,4.641588833612782e-05,0.001,20000,budget_exhausted,,3.7581161948819615
1.5,0,multiplicative,0.0001,0.001,20000,budget_exhausted,,0.7261290336456939
1.5,1,multiplicative,0.0001,0.001,20000,budget_exhausted,,0.6540649842404402
1.5,2,multiplicative,0.0001,0.001,20000,budget_exhausted,,0.6565363447021447
1.5,3,multiplicative,0.0001,0.001,20000,budget_exhausted,,0.6280668999780609
1.5,4,multiplicative,0.0001,0.001,20000,budget_exhausted,,0.6717058991969612
1.5,5,multiplicative,0.0001,0.001,20000,budget_exhausted,,0.7349309809803651
1.5,6,multiplicative,0.0001,0.001,20000,budget_exhausted,,0.8958260508364054
1.5,7,multiplicative,0.0001,0.001,20000,budget_exhausted,,0.6828896918094685
1.5,8,multiplicative,0.0001,0.001,20000,budget_exhausted,,0.6932812070802079
1.5,9,multiplicative,0.0001,0.001,20000,budget_exhausted,,0.6427975258364959
1.5,10,multiplicative,0.0001,0.001,20000,budget_exhausted,,0.642832274799307
1.5,11,multiplicative,0.0001,0.001,20000,budget_exhausted,,0.6542128002488393
1.5,12,multiplicative,0.0001,0.001,20000,budget_exhausted,,0.5930072404170156
1.5,13,multiplicative,0.0001,0.001,20000,budget_exhausted,,0.6420995949359569
1.5,14,multiplicative,0.0001,0.001,20000,budget_exhausted,,0.6847319518359058
1.5,15,multiplicative,0.0001,0.001,20000,budget_exhausted,,0.6354591785639092
1.5,16,multiplicative,0.0001,0.001,20000,budget_exhausted,,0.6658979864998642
1.5,17,multiplicative,0.0001,0.001,20000,budget_exhausted,,0.6043428551306244
1.5,18,multiplicative,0.0001,0.001,20000,budget_exhausted,,0.6627878089622103
1.5,19,multiplicative,0.0001,0.001,20000,budget_exhausted,,0.6750521004981159
1.5,0,multiplicative,0.00021544346900318823,0.001,20000,budget_exhausted,,0.04464079717840402
1.5,1,multiplicative,0.00021544346900318823,0.001,20000,budget_exhausted,,0.037515780781121603
1.5,2,multiplicative,0.00021544346900318823,0.001,20000,budget_exhausted,,0.05186798948729634
1.5,3,multiplicative,0.00021544346900318823,0.001,20000,budget_exhausted,,0.03201404136570038
1.5,4,multiplicative,0.00021544346900318823,0.001,20000,budget_exhausted,,0.053583790921884415
1.5,5,multiplicative,0.00021544346900318823,0.001,20000,budget_exhausted,,0.04448549079038619
1.5,6,multiplicative,0.00021544346900318823,0.001,20000,budget_exhausted,,0.08138376555336213
1.5,7,multiplicative,0.00021544346900318823,0.001,20000,budget_exhausted,,0.04509772440140976
1.5,8,multiplicative,0.00021544346900318823,0.001,20000,budget_exhausted,,0.04667539971094839
1.5,9,multiplicative,0.00021544346900318823,0.001,20000,budget_exhausted,,0.03829653583358817
1.5,10,multiplicative,0.00021544346900318823,0.001,20000,budget_exhausted,,0.0389645630159016
1.5,11,multiplicative,0.00021544346900318823,0.001,20000,budget_exhausted,,0.03572084095846075
1.5,12,multiplicative,0.00021544346900318823,0.001,20000,budget_exhausted,,0.036640158434671964
1.5,13,multiplicative,0.00021544346900318823,0.001,20000,budget_exhausted,,0.035588412812659474
1.5,14,multiplicative,0.00021544346900318823,0.001,20000,budget_exhausted,,0.04450143848919109
1.5,15,multiplicative,0.00021544346900318823,0.001,20000,budget_exhausted,,0.033823278567554314
1.5,16,multiplicative,0.00021544346900318823,0.001,20000,budget_exhausted,,0.03693318213153654
1.5,17,multiplicative,0.00021544346900318823,0.001,20000,budget_exhausted,,0.03045062422536242
1.5,18,multiplicative,0.00021544346900318823,0.001,20000,budget_exhausted,,0.04147960283120886
1.5,19,multiplicative,0.00021544346900318823,0.001,20000,budget_exhausted,,0.0350199849861254
1.5,0,multiplicative,0.00046415888336127773,0.001,20000,converged,17713.0,0.000999687221372731
1.5,1,multiplicative,0.00046415888336127773,0.001,20000,converged,16679.0,0.0009997302361145562
1.5,2,multiplicative,0.00046415888336127773,0.001,20000,converged,18896.0,0.0009999519748933978
1.5,3,multiplicative,0.00046415888336127773,0.001,20000,converged,16300.0,0.0009998116708883704
1.5,4,multiplicative,0.00046415888336127773,0.001,20000,converged,19199.0,0.0009998808402930832
1.5,5,multiplicative,0.00046415888336127773,0.001,20000,converged,17191.0,0.000999584204411226
1.5,6,multiplicative,0.00046415888336127773,0.001,20000,converged,19759.0,0.0009996250299544158
1.5,7,multiplicative,0.00046415888336127773,0.001,20000,converged,17933.0,0.0009997699447331018
1.5,8,multiplicative,0.00046415888336127773,0.001,20000,converged,17668.0,0.00099995022223275
1.5,9,multiplicative,0.00046415888336127773,0.001,20000,converged,17129.0,0.0009999479187543122
1.5,10,multiplicative,0.00046415888336127773,0.001,20000,converged,16917.0,0.000999993832399722
1.5,11,multiplicative,0.00046415888336127773,0.001,20000,converged,16928.0,0.0009996963153521485
1.5,12,multiplicative,0.00046415888336127773,0.001,20000,converged,17138.0,0.0009999946509990465
1.5,13,multiplicative,0.00046415888336127773,0.001,20000,converged,16599.0,0.0009996317072704757
1.5,14,multiplicative,0.00046415888336127773,0.001,20000,converged,17745.0,0.000999594896330812
1.5,15,multiplicative,0.00046415888336127773,0.001,20000,converged,16432.0,0.0009997336770776848
1.5,16,multiplicative,0.00046415888336127773,0.001,20000,converged,17000.0,0.0009998315948634283
1.5,17,multiplicative,0.00046415888336127773,0.001,20000,converged,15970.0,0.0009998287120254572
1.5,18,multiplicative,0.00046415888336127773,0.001,20000,converged,18103.0,0.0009998760911607517
1.5,19,multiplicative,0.00046415888336127773,0.001,20000,converged,16370.0,0.0009996124262170636
1.5,0,multiplicative,0.001,0.001,20000,converged,8220.0,0.0009994133693123966
1.5,1,multiplicative,0.001,0.001,20000,converged,7740.0,0.0009994882751011636
1.5,2,multiplicative,0.001,0.001,20000,converged,8769.0,0.000999751720390173
1.5,3,multiplicative,0.001,0.001,20000,converged,7564.0,0.0009995110521399367
1.5,4,multiplicative,0.001,0.001,20000,converged,8910.0,0.0009993699458101311
1.5,5,multiplicative,0.001,0.001,20000,converged,7977.0,0.0009998761337741697
1.5,6,multiplicative,0.001,0.001,20000,converged,9169.0,0.0009999281137980439
1.5,7,multiplicative,0.001,0.001,20000,converged,8322.0,0.0009995738701159607
1.5,8,multiplicative,0.001,0.001,20000,converged,8199.0,0.000999692230897665
1.5,9,multiplicative,0.001,0.001,20000,converged,7949.0,0.0009995574484000039
1.5,10,multiplicative,0.001,0.001,20000,converged,7851.0,0.0009992007662897253
1.5,11,multiplicative,0.001,0.001,20000,converged,7856.0,0.0009990634759893195
1.5,12,multiplicative,0.001,0.001,20000,converged,7953.0,0.0009997652867795319
1.5,13,multiplicative,0.001,0.001,20000,converged,7703.0,0.0009991643300988873
1.5,14,multiplicative,0.001,0.001,20000,converged,8235.0,0.000999109649164837
1.5,15,multiplicative,0.001,0.001,20000,converged,7625.0,0.0009998002204594588
1.5,16,multiplicative,0.001,0.001,20000,converged,7889.0,0.000999590667396882
1.5,17,multiplicative,0.001,0.001,20000,converged,7411.0,0.0009993349420544136
1.5,18,multiplicative,0.001,0.001,20000,converged,8401.0,0.0009996956796324017
1.5,19,multiplicative,0.001,0.001,20000,converged,7596.0,0.0009997648798732255
1.5,0,multiplicative,0.002154434690031882,0.001,20000,converged,3814.0,0.000998306773311725
1.5,1,multiplicative,0.002154434690031882,0.001,20000,converged,3591.0,0.0009987112597158762
1.5,2,multiplicative,0.002154434690031882,0.001,20000,converged,4069.0,0.0009983289923744226
1.5,3,multiplicative,0.002154434690031882,0.001,20000,converged,3509.0,0.0009990995933648052
1.5,4,multiplicative,0.002154434690031882,0.001,20000,converged,4134.0,0.0009987575435339193
1.5,5,multiplicative,0.002154434690031882,0.001,20000,converged,3701.0,0.000998868040672149
1.5,6,multiplicative,0.002154434690031882,0.001,20000,converged,4254.0,0.0009997397476573366
1.5,7,multiplicative,0.002154434690031882,0.001,20000,converged,3861.0,0.000999089260506324
1.5,8,multiplicative,0.002154434690031882,0.001,20000,converged,3804.0,0.0009988887907637404
1.5,9,multiplicative,0.002154434690031882,0.001,20000,converged,3688.0,0.000998759184271881
1.5,10,multiplicative,0.002154434690031882,0.001,20000,converged,3642.0,0.0009995169323240532
1.5,11,multiplicative,0.002154434690031882,0.001,20000,converged,3645.0,0.0009980091126795556
1.5,12,multiplicative,0.002154434690031882,0.001,20000,converged,3690.0,0.0009986576354843349
1.5,13,multiplicative,0.002154434690031882,0.001,20000,converged,3573.0,0.000999995850849946
1.5,14,multiplicative,0.002154434690031882,0.001,20000,converged,3820.0,0.0009997716355467522
1.5,15,multiplicative,0.002154434690031882,0.001,20000,converged,3538.0,0.0009980660006486865
1.5,16,multiplicative,0.002154434690031882,0.001,20000,converged,3660.0,0.0009991710565566505
1.5,17,multiplicative,0.002154434690031882,0.001,20000,converged,3438.0,0.0009988755757764792
1.5,18,multiplicative,0.002154434690031882,0.001,20000,converged,3898.0,0.0009988141524277612
1.5,19,multiplicative,0.002154434690031882,0.001,20000,converged,3524.0,0.0009989104233179824
1.5,0,multiplicative,0.004641588833612777,0.001,20000,converged,1768.0,0.0009998305616687644
1.5,1,multiplicative,0.004641588833612777,0.001,20000,converged,1665.0,0.0009980009244756538
1.5,2,multiplicative,0.004641588833612777,0.001,20000,converged,1887.0,0.0009970586392823255
1.5,3,multiplicative,0.004641588833612777,0.001,20000,converged,1627.0,0.0009974283442848958
1.5,4,multiplicative,0.004641588833612777,0.001,20000,converged,1917.0,0.0009981275633369044
1.5,5,multiplicative,0.004641588833612777,0.001,20000,converged,1716.0,0.0009978810358815323
1.5,6,multiplicative,0.004641588833612777,0.001,20000,converged,1973.0,0.0009979343287563648
1.5,7,multiplicative,0.004641588833612777,0.001,20000,converged,1790.0,0.0009996880158869962
1.5,8,multiplicative,0.004641588833612777,0.001,20000,converged,1764.0,0.0009972482487952516
1.5,9,multiplicative,0.004641588833612777,0.001,20000,converged,1710.0,0.000998001911396028
1.5,10,multiplicative,0.004641588833612777,0.001,20000,converged,1689.0,0.000997186473892867
1.5,11,multiplicative,0.004641588833612777,0.001,20000,converged,1690.0,0.0009976232101673772
1.5,12,multiplicative,0.004641588833612777,0.001,20000,converged,1711.0,0.0009975482012960545
1.5,13,multiplicative,0.004641588833612777,0.001,20000,converged,1657.0,0.000997187339171818
1.5,14,multiplicative,0.004641588833612777,0.001,20000,converged,1772.0,0.0009957249129767041
1.5,15,multiplicative,0.004641588833612777,0.001,20000,converged,1640.0,0.0009990135902585204
1.5,16,multiplicative,0.004641588833612777,0.001,20000,converged,1697.0,0.0009985850711289152
1.5,17,multiplicative,0.004641588833612777,0.001,20000,converged,1594.0,0.0009973686163067539
1.5,18,multiplicative,0.004641588833612777,0.001,20000,converged,1808.0,0.000996490754315406
1.5,19,multiplicative,0.004641588833612777,0.001,20000,converged,1634.0,0.000996799915186521
1.5,0,multiplicative,0.01,0.001,20000,converged,819.0,0.0009969329531741961
1.5,1,multiplicative,0.01,0.001,20000,converged,771.0,0.0009967591514084251
1.5,2,multiplicative,0.01,0.001,20000,converged,874.0,0.0009960513782259095
1.5,3,multiplicative,0.01,0.001,20000,converged,753.0,0.0009984274260019788
1.5,4,multiplicative,0.01,0.001,20000,converged,888.0,0.0009964133299048372
1.5,5,multiplicative,0.01,0.001,20000,converged,795.0,0.0009921854831982074
1.5,6,multiplicative,0.01,0.001,20000,converged,914.0,0.0009962601215761906
1.5,7,multiplicative,0.01,0.001,20000,converged,829.0,0.0009984559150272528
1.5,8,multiplicative,0.01,0.001,20000,converged,817.0,0.0009947878533445368
1.5,9,multiplicative,0.01,0.001,20000,converged,792.0,0.0009953345848104154
1.5,10,multiplicative,0.01,0.001,20000,converged,782.0,0.000997149535454895
1.5,11,multiplicative,0.01,0.001,20000,converged,783.0,0.0009926711324176594
1.5,12,multiplicative,0.01,0.001,20000,converged,792.0,0.0009992228012923557
1.5,13,multiplicative,0.01,0.001,20000,converged,767.0,0.000997913666098839
1.5,14,multiplicative,0.01,0.001,20000,converged,821.0,0.0009907461527217686
1.5,15,multiplicative,0.01,0.001,20000,converged,760.0,0.0009910306903257607
1.5,16,multiplicative,0.01,0.001,20000,converged,786.0,0.0009959238247864452
1.5,17,multiplicative,0.01,0.001,20000,converged,738.0,0.0009950580959635427
1.5,18,multiplicative,0.01,0.001,20000,converged,837.0,0.0009991690666674804
1.5,19,multiplicative,0.01,0.001,20000,converged,756.0,0.0009998846124571693
1.5,0,multiplicative,0.021544346900318822,0.001,20000,converged,379.0,0.0009809988033284086
1.5,1,multiplicative,0.021544346900318822,0.001,20000,converged,356.0,0.0009949309421924306
1.5,2,multiplicative,0.021544346900318822,0.001,20000,converged,404.0,0.000990198274416343
1.5,3,multiplicative,0.021544346900318822,0.001,20000,converged,348.0,0.0009855903297522235
1.5,4,multiplicative,0.021544346900318822,0.001,20000,converged,410.0,0.000999583917318211
1.5,5,multiplicative,0.021544346900318822,0.001,20000,converged,367.0,0.000990751716910368
1.5,6,multiplicative,0.021544346900318822,0.001,20000,converged,423.0,0.0009822615800069987
1.5,7,multiplicative,0.021544346900318822,0.001,20000,converged,383.0,0.0009945838789625345
1.5,8,multiplicative,0.021544346900318822,0.001,20000,converged,377.0,0.0009984267884777518
1.5,9,multiplicative,0.021544346900318822,0.001,20000,converged,366.0,0.0009874718824533374
1.5,10,multiplicative,0.021544346900318822,0.001,20000,converged,361.0,0.0009971737561976608
1.5,11,multiplicative,0.021544346900318822,0.001,20000,converged,362.0,0.00098210696174953
1.5,12,multiplicative,0.021544346900318822,0.001,20000,converged,366.0,0.0009912112149680526
1.5,13,multiplicative,0.021544346900318822,0.001,20000,converged,354.0,0.0009971256292514242
1.5,14,multiplicative,0.021544346900318822,0.001,20000,converged,379.0,0.0009916349690334647
1.5,15,multiplicative,0.021544346900318822,0.001,20000,converged,351.0,0.000985668566328149
1.5,16,multiplicative,0.021544346900318822,0.001,20000,converged,363.0,0.0009932482392238807
1.5,17,multiplicative,0.021544346900318822,0.001,20000,converged,341.0,0.0009826073009530994
1.5,18,multiplicative,0.021544346900318822,0.001,20000,converged,387.0,0.0009921161486686147
1.5,19,multiplicative,0.021544346900318822,0.001,20000,converged,349.0,0.0009945238432832431
1.5,0,multiplicative,0.046415888336127774,0.001,20000,converged,174.0,0.0009788679050648794
1.5,1,multiplicative,0.046415888336127774,0.001,20000,converged,164.0,0.0009612059843072145
1.5,2,multiplicative,0.046415888336127774,0.001,20000,converged,186.0,0.0009708222256397576
1.5,3,multiplicative,0.046415888336127774,0.001,20000,converged,160.0,0.0009581899440513267
1.5,4,multiplicative,0.046415888336127774,0.001,20000,converged,189.0,0.000971993911612001
1.5,5,multiplicative,0.046415888336127774,0.001,20000,converged,169.0,0.0009567906139812774
1.5,6,multiplicative,0.046415888336127774,0.001,20000,converged,194.0,0.0009965575882270308
1.5,7,multiplicative,0.046415888336127774,0.001,20000,converged,176.0,0.0009851486002904843
1.5,8,multiplicative,0.046415888336127774,0.001,20000,converged,173.0,0.0009955638438830453
1.5,9,multiplicative,0.046415888336127774,0.001,20000,converged,168.0,0.0009818034696429444
1.5,10,multiplicative,0.046415888336127774,0.001,20000,converged,166.0,0.0009775820839283775
1.5,11,multiplicative,0.046415888336127774,0.001,20000,converged,166.0,0.0009848928239132703
1.5,12,multiplicative,0.046415888336127774,0.001,20000,converged,168.0,0.0009853290549857502
1.5,13,multiplicative,0.046415888336127774,0.001,20000,converged,163.0,0.0009619126058689813
1.5,14,multiplicative,0.046415888336127774,0.001,20000,converged,174.0,0.0009861387190106
1.5,15,multiplicative,0.046415888336127774,0.001,20000,converged,161.0,0.0009811679616367843
1.5,16,multiplicative,0.046415888336127774,0.001,20000,converged,167.0,0.0009720470309510852
1.5,17,multiplicative,0.046415888336127774,0.001,20000,converged,156.0,0.0009910816160751106
1.5,18,multiplicative,0.046415888336127774,0.001,20000,converged,178.0,0.0009817387143471806
1.5,19,multiplicative,0.046415888336127774,0.001,20000,converged,160.0,0.0009865240033956279
1.5,0,multiplicative,0.1,0.001,20000,converged,79.0,0.0009551659831342971
1.5,1,multiplicative,0.1,0.001,20000,converged,74.0,0.0009768440876957304
1.5,2,multiplicative,0.1,0.001,20000,negative prices,,
1.5,3,multiplicative,0.1,0.001,20000,converged,72.0,0.0009703659487293671
1.5,4,multiplicative,0.1,0.001,20000,converged,86.0,0.0009468447307053
1.5,5,multiplicative,0.1,0.001,20000,converged,76.0,0.0009907728140255835
1.5,6,multiplicative,0.1,0.001,20000,converged,88.0,0.0009934762199331
1.5,7,multiplicative,0.1,0.001,20000,converged,80.0,0.0009552410179026145
1.5,8,multiplicative,0.1,0.001,20000,converged,79.0,0.0009210766431932217
1.5,9,multiplicative,0.1,0.001,20000,converged,76.0,0.0009754649098851597
1.5,10,multiplicative,0.1,0.001,20000,converged,75.0,0.0009841742235922218
1.5,11,multiplicative,0.1,0.001,20000,converged,75.0,0.0009914932053754686
1.5,12,multiplicative,0.1,0.001,20000,converged,76.0,0.0009796733293619285
1.5,13,multiplicative,0.1,0.001,20000,converged,74.0,0.0009172053635701255
1.5,14,multiplicative,0.1,0.001,20000,converged,79.0,0.0009524681932686743
1.5,15,multiplicative,0.1,0.001,20000,converged,73.0,0.0009492466778410284
1.5,16,multiplicative,0.1,0.001,20000,converged,76.0,0.000927165563893413
1.5,17,multiplicative,0.1,0.001,20000,converged,71.0,0.0009135431187913863
1.5,18,multiplicative,0.1,0.001,20000,converged,81.0,0.0009612849767529101
1.5,19,multiplicative,0.1,0.001,20000,converged,72.0,0.000995703180485315
1.5,0,multiplicative,0.21544346900318823,0.001,20000,negative prices,,
1.5,1,multiplicative,0.21544346900318823,0.001,20000,negative prices,,
1.5,2,multiplicative,0.21544346900318823,0.001,20000,negative prices,,
1.5,3,multiplicative,0.21544346900318823,0.001,20000,negative prices,,
1.5,4,multiplicative,0.21544346900318823,0.001,20000,negative prices,,
1.5,5,multiplicative,0.21544346900318823,0.001,20000,negative prices,,
1.5,6,multiplicative,0.21544346900318823,0.001,20000,negative prices,,
1.5,7,multiplicative,0.21544346900318823,0.001,20000,negative prices,,
1.5,8,multiplicative,0.21544346900318823,0.001,20000,negative prices,,
1.5,9,multiplicative,0.21544346900318823,0.001,20000,negative prices,,
1.5,10,multiplicative,0.21544346900318823,0.001,20000,negative prices,,
1.5,11,multiplicative,0.21544346900318823,0.001,20000,negative prices,,
1.5,12,multiplicative,0.21544346900318823,0.001,20000,negative prices,,
1.5,13,multiplicative,0.21544346900318823,0.001,20000,negative prices,,
1.5,14,multiplicative,0.21544346900318823,0.001,20000,negative prices,,
1.5,15,multiplicative,0.21544346900318823,0.001,20000,negative prices,,
1.5,16,multiplicative,0.21544346900318823,0.001,20000,negative prices,,
1.5,17,multiplicative,0.21544346900318823,0.001,20000,negative prices,,
1.5,18,multiplicative,0.21544346900318823,0.001,20000,negative prices,,
1.5,19,multiplicative,0.21544346900318823,0.001,20000,negative prices,,
1.5,0,multiplicative,0.46415888336127725,0.001,20000,negative prices,,
1.5,1,multiplicative,0.46415888336127725,0.001,20000,negative prices,,
1.5,2,multiplicative,0.46415888336127725,0.001,20000,negative prices,,
1.5,3,multiplicative,0.46415888336127725,0.001,20000,negative prices,,
1.5,4,multiplicative,0.46415888336127725,0.001,20000,negative prices,,
1.5,5,multiplicative,0.46415888336127725,0.001,20000,negative prices,,
1.5,6,multiplicative,0.46415888336127725,0.001,20000,negative prices,,
1.5,7,multiplicative,0.46415888336127725,0.001,20000,negative prices,,
1.5,8,multiplicative,0.46415888336127725,0.001,20000,negative prices,,
1.5,9,multiplicative,0.46415888336127725,0.001,20000,negative prices,,
1.5,10,multiplicative,0.46415888336127725,0.001,20000,negative prices,,
1.5,11,multiplicative,0.46415888336127725,0.001,20000,negative prices,,
1.5,12,multiplicative,0.46415888336127725,0.001,20000,negative prices,,
1.5,13,multiplicative,0.46415888336127725,0.001,20000,negative prices,,
1.5,14,multiplicative,0.46415888336127725,0.001,20000,negative prices,,
1.5,15,multiplicative,0.46415888336127725,0.001,20000,negative prices,,
1.5,16,multiplicative,0.46415888336127725,0.001,20000,negative prices,,
1.5,17,multiplicative,0.46415888336127725,0.001,20000,negative prices,,
1.5,18,multiplicative,0.46415888336127725,0.001,20000,negative prices,,
1.5,19,multiplicative,0.46415888336127725,0.001,20000,negative prices,,
1.5,0,multiplicative,1.0,0.001,20000,negative prices,,
1.5,1,multiplicative,1.0,0.001,20000,negative prices,,
1.5,2,multiplicative,1.0,0.001,20000,negative prices,,
1.5,3,multiplicative,1.0,0.001,20000,negative prices,,
1.5,4,multiplicative,1.0,0.001,20000,negative prices,,
1.5,5,multiplicative,1.0,0.001,20000,negative prices,,
1.5,6,multiplicative,1.0,0.001,20000,negative prices,,
1.5,7,multiplicative,1.0,0.001,20000,negative prices,,
1.5,8,multiplicative,1.0,0.001,20000,negative prices,,
1.5,9,multiplicative,1.0,0.001,20000,negative prices,,
1.5,10,multiplicative,1.0,0.001,20000,negative prices,,
1.5,11,multiplicative,1.0,0.001,20000,negative prices,,
1.5,12,multiplicative,1.0,0.001,20000,negative prices,,
1.5,13,multiplicative,1.0,0.001,20000,negative prices,,
1.5,14,multiplicative,1.0,0.001,20000,negative prices,,
1.5,15,multiplicative,1.0,0.001,20000,negative prices,,
1.5,16,multiplicative,1.0,0.001,20000,negative prices,,
1.5,17,multiplicative,1.0,0.001,20000,negative prices,,
1.5,18,multiplicative,1.0,0.001,20000,negative prices,,
1.5,19,multiplicative,1.0,0.001,20000,negative prices,,
2.0,0,additive,1e-05,0.001,20000,budget_exhausted,,3.634053781939431
2.0,1,additive,1e-05,0.001,20000,budget_exhausted,,3.7996453852754057
2.0,2,additive,1e-05,0.001,20000,budget_exhausted,,3.899105317622713
2.0,3,additive,1e-05,0.001,20000,budget_exhausted,,3.4848374316812385
2.0,4,additive,1e-05,0.001,20000,budget_exhausted,,3.641744005586275
2.0,5,additive,1e-05,0.001,20000,budget_exhausted,,3.9157882001157507
2.0,6,additive,1e-05,0.001,20000,budget_exhausted,,3.7994296050236964
2.0,7,additive,1e-05,0.001,20000,budget_exhausted,,3.4657648776139993
2.0,8,additive,1e-05,0.001,20000,budget_exhausted,,3.335027721633478
2.0,9,additive,1e-05,0.001,20000,budget_exhausted,,4.056989593346717
2.0,10,additive,1e-05,0.001,20000,budget_exhausted,,3.669942570885202
2.0,11,additive,1e-05,0.001,20000,budget_exhausted,,3.390281578845448
2.0,12,additive,1e-05,0.001,20000,budget_exhausted,,3.224994611973616
2.0,13,additive,1e-05,0.001,20000,budget_exhausted,,3.8029077172454904
2.0,14,additive,1e-05,0.001,20000,budget_exhausted,,3.389943863488489
2.0,15,additive,1e-05,0.001,20000,budget_exhausted,,4.069950492867974
2.0,16,additive,1e-05,0.001,20000,budget_exhausted,,4.052750330819645
2.0,17,additive,1e-05,0.001,20000,budget_exhausted,,3.8133768525040157
2.0,18,additive,1e-05,0.001,20000,budget_exhausted,,3.922822376291083
2.0,19,additive,1e-05,0.001,20000,budget_exhausted,,3.8908494881216464
2.0,0,additive,2.1544346900318823e-05,0.001,20000,budget_exhausted,,1.504552769891023
2.0,1,additive,2.1544346900318823e-05,0.001,20000,budget_exhausted,,1.558575183274904
2.0,2,additive,2.1544346900318823e-05,0.001,20000,budget_exhausted,,1.6587808313659915
2.0,3,additive,2.1544346900318823e-05,0.001,20000,budget_exhausted,,1.4523545054567863
2.0,4,additive,2.1544346900318823e-05,0.001,20000,budget_exhausted,,1.5093690717628407
2.0,5,additive,2.1544346900318823e-05,0.001,20000,budget_exhausted,,1.7126043947699965
2.0,6,additive,2.1544346900318823e-05,0.001,20000,budget_exhausted,,1.5928698269933241
2.0,7,additive,2.1544346900318823e-05,0.001,20000,budget_exhausted,,1.4358411200379515
2.0,8,additive,2.1544346900318823e-05,0.001,20000,budget_exhausted,,1.3014986031356013
2.0,9,additive,2.1544346900318823e-05,0.001,20000,budget_exhausted,,1.7700154351267878
2.0,10,additive,2.1544346900318823e-05,0.001,20000,budget_exhausted,,1.524148920614381
2.0,11,additive,2.1544346900318823e-05,0.001,20000,budget_exhausted,,1.2989312936103794
2.0,12,additive,2.1544346900318823e-05,0.001,20000,budget_exhausted,,1.2755465415632827
2.0,13,additive,2.1544346900318823e-05,0.001,20000,budget_exhausted,,1.6258445293996553
2.0,14,additive,2.1544346900318823e-05,0.001,20000,budget_exhausted,,1.3525809813019523
2.0,15,additive,2.1544346900318823e-05,0.001,20000,budget_exhausted,,1.7772212052241367
2.0,16,additive,2.1544346900318823e-05,0.001,20000,budget_exhausted,,1.748790233443564
2.0,17,additive,2.1544346900318823e-05,0.001,20000,budget_exhausted,,1.5810772664698909
2.0,18,additive,2.1544346900318823e-05,0.001,20000,budget_exhausted,,1.6798784159259934
2.0,19,additive,2.1544346900318823e-05,0.001,20000,budget_exhausted,,1.6403016963194625
2.0,0,additive,4.641588833612782e-05,0.001,20000,budget_exhausted,,0.3822042916728164
2.0,1,additive,4.641588833612782e-05,0.001,20000,budget_exhausted,,0.3986051253958056
2.0,2,additive,4.641588833612782e-05,0.001,20000,budget_exhausted,,0.4764313054446052
2.0,3,additive,4.641588833612782e-05,0.001,20000,budget_exhausted,,0.3712178114100016
2.0,4,additive,4.641588833612782e-05,0.001,20000,budget_exhausted,,0.36436807030715884
2.0,5,additive,4.641588833612782e-05,0.001,20000,budget_exhausted,,0.48917631446420906
2.0,6,additive,4.641588833612782e-05,0.001,20000,budget_exhausted,,0.39520143001957003
2.0,7,additive,4.641588833612782e-05,0.001,20000,budget_exhausted,,0.35277546714077096
2.0,8,additive,4.641588833612782e-05,0.001,20000,budget_exhausted,,0.3241981453554159
2.0,9,additive,4.641588833612782e-05,0.001,20000,budget_exhausted,,0.5004702714424561
2.0,10,additive,4.641588833612782e-05,0.001,20000,budget_exhausted,,0.40637122613652643
2.0,11,additive,4.641588833612782e-05,0.001,20000,budget_exhausted,,0.27681207763330357
2.0,12,additive,4.641588833612782e-05,0.001,20000,budget_exhausted,,0.30841987774053836
2.0,13,additive,4.641588833612782e-05,0.001,20000,budget_exhausted,,0.4478203384831832
2.0,14,additive,4.641588833612782e-05,0.001,20000,budget_exhausted,,0.3146794212962033
2.0,15,additive,4.641588833612782e-05,0.001,20000,budget_exhausted,,0.4828175182651846
2.0,16,additive,4.641588833612782e-05,0.001,20000,budget_exhausted,,0.48079275706245267
2.0,17,additive,4.641588833612782e-05,0.001,20000,budget_exhausted,,0.41630517345485524
2.0,18,additive,4.641588833612782e-05,0.001,20000,budget_exhausted,,0.44644034469475385
2.0,19,additive,4.641588833612782e-05,0.001,20000,budget_exhausted,,0.4134261758512704
2.0,0,additive,0.0001,0.001,20000,budget_exhausted,,0.03943030871432838
2.0,1,additive,0.0001,0.001,20000,budget_exhausted,,0.04525504734791675
2.0,2,additive,0.0001,0.001,20000,budget_exhausted,,0.0745350771922248
2.0,3,additive,0.0001,0.001,20000,budget_exhausted,,0.042137077543019354
2.0,4,additive,0.0001,0.001,20000,budget_exhausted,,0.033317499034879496
2.0,5,additive,0.0001,0.001,20000,budget_exhausted,,0.0673801464786057
2.0,6,additive,0.0001,0.001,20000,budget_exhausted,,0.043080396877955486
2.0,7,additive,0.0001,0.001,20000,budget_exhausted,,0.03312362332859672
2.0,8,additive,0.0001,0.001,20000,budget_exhausted,,0.035177105681469485
2.0,9,additive,0.0001,0.001,20000,budget_exhausted,,0.06393205066748842
2.0,10,additive,0.0001,0.001,20000,budget_exhausted,,0.055760436372887516
2.0,11,additive,0.0001,0.001,20000,budget_exhausted,,0.019189559786638655
2.0,12,additive,0.0001,0.001,20000,budget_exhausted,,0.034149027201398924
2.0,13,additive,0.0001,0.001,20000,budget_exhausted,,0.059133434805540924
2.0,14,additive,0.0001,0.001,20000,budget_exhausted,,0.03349535472727205
2.0,15,additive,0.0001,0.001,20000,budget_exhausted,,0.05463443361823881
2.0,16,additive,0.0001,0.001,20000,budget_exhausted,,0.05818035171795876
2.0,17,additive,0.0001,0.001,20000,budget_exhausted,,0.05230005453887361
2.0,18,additive,0.0001,0.001,20000,budget_exhausted,,0.049470948403359465
2.0,19,additive,0.0001,0.001,20000,budget_exhausted,,0.04165883355042822
2.0,0,additive,0.00021544346900318823,0.001,20000,converged,18639.0,0.0009997318409880696
2.0,1,additive,0.00021544346900318823,0.001,20000,converged,19571.0,0.0009997969130129726
2.0,2,additive,0.00021544346900318823,0.001,20000,budget_exhausted,,0.0031124406302775764
2.0,3,additive,0.00021544346900318823,0.001,20000,converged,19637.0,0.0009996797426280277
2.0,4,additive,0.00021544346900318823,0.001,20000,converged,17493.0,0.0009997048096724575
2.0,5,additive,0.00021544346900318823,0.001,20000,budget_exhausted,,0.002132461285939065
2.0,6,additive,0.00021544346900318823,0.001,20000,converged,19665.0,0.0009998931521616927
2.0,7,additive,0.00021544346900318823,0.001,20000,converged,17760.0,0.000999930946897746
2.0,8,additive,0.00021544346900318823,0.001,20000,converged,18588.0,0.0009997501451347206
2.0,9,additive,0.00021544346900318823,0.001,20000,budget_exhausted,,0.0015982815835736037
2.0,10,additive,0.00021544346900318823,0.001,20000,budget_exhausted,,0.00173480843046182
2.0,11,additive,0.00021544346900318823,0.001,20000,converged,15477.0,0.000999840041350726
2.0,12,additive,0.00021544346900318823,0.001,20000,converged,18777.0,0.000999755361051843
2.0,13,additive,0.00021544346900318823,0.001,20000,budget_exhausted,,0.0016527388735609267
2.0,14,additive,0.00021544346900318823,0.001,20000,converged,19729.0,0.000999863067451259
2.0,15,additive,0.00021544346900318823,0.001,20000,converged,19650.0,0.000999653110254165
2.0,16,additive,0.00021544346900318823,0.001,20000,budget_exhausted,,0.0012156535831285805
2.0,17,additive,0.00021544346900318823,0.001,20000,budget_exhausted,,0.0015552583499944138
2.0,18,additive,0.00021544346900318823,0.001,20000,converged,19629.0,0.000999990040179045
2.0,19,additive,0.00021544346900318823,0.001,20000,converged,18867.0,0.000999802245995182
2.0,0,additive,0.00046415888336127773,0.001,20000,converged,8650.0,0.0009993960120280245
2.0,1,additive,0.00046415888336127773,0.001,20000,converged,9082.0,0.0009999435302652578
2.0,2,additive,0.00046415888336127773,0.001,20000,converged,11164.0,0.0009998592006058276
2.0,3,additive,0.00046415888336127773,0.001,20000,converged,9113.0,0.0009995876336309697
2.0,4,additive,0.00046415888336127773,0.001,20000,converged,8118.0,0.0009993419579218327
2.0,5,additive,0.00046415888336127773,0.001,20000,converged,10458.0,0.0009995172354572927
2.0,6,additive,0.00046415888336127773,0.001,20000,converged,9126.0,0.0009998048376240415
2.0,7,additive,0.00046415888336127773,0.001,20000,converged,8242.0,0.0009995753325692661
2.0,8,additive,0.00046415888336127773,0.001,20000,converged,8626.0,0.0009997098875367154
2.0,9,additive,0.00046415888336127773,0.001,20000,converged,9956.0,0.0009998470009292668
2.0,10,additive,0.00046415888336127773,0.001,20000,converged,10105.0,0.000999455758717983
2.0,11,additive,0.00046415888336127773,0.001,20000,converged,7182.0,0.000999718720140107
2.0,12,additive,0.00046415888336127773,0.001,20000,converged,8714.0,0.0009995371096981765
2.0,13,additive,0.00046415888336127773,0.001,20000,converged,10019.0,0.0009998028748903888
2.0,14,additive,0.00046415888336127773,0.001,20000,converged,9156.0,0.0009996679489820146
2.0,15,additive,0.00046415888336127773,0.001,20000,converged,9119.0,0.0009994782393089852
2.0,16,additive,0.00046415888336127773,0.001,20000,converged,9543.0,0.0009994835546983654
2.0,17,additive,0.00046415888336127773,0.001,20000,converged,9949.0,0.000999719165586825
2.0,18,additive,0.00046415888336127773,0.001,20000,converged,9110.0,0.0009992860915176342
2.0,19,additive,0.00046415888336127773,0.001,20000,converged,8756.0,0.0009993333859548662
2.0,0,additive,0.001,0.001,20000,converged,4013.0,0.000999576038167112
2.0,1,additive,0.001,0.001,20000,converged,4214.0,0.0009993241978891246
2.0,2,additive,0.001,0.001,20000,converged,5180.0,0.0009999691554869574
2.0,3,additive,0.001,0.001,20000,converged,4228.0,0.0009996986687807097
2.0,4,additive,0.001,0.001,20000,converged,3766.0,0.0009995441239125165
2.0,5,additive,0.001,0.001,20000,converged,4853.0,0.000998673493855824
2.0,6,additive,0.001,0.001,20000,converged,4234.0,0.0009999816421656716
2.0,7,additive,0.001,0.001,20000,converged,3824.0,0.0009990580215448006
2.0,8,additive,0.001,0.001,20000,converged,4002.0,0.000999707458573289
2.0,9,additive,0.001,0.001,20000,converged,4620.0,0.0009988487623465356
2.0,10,additive,0.001,0.001,20000,converged,4689.0,0.0009987407311927363
2.0,11,additive,0.001,0.001,20000,converged,3332.0,0.0009990299480836416
2.0,12,additive,0.001,0.001,20000,converged,4043.0,0.0009993478731094903
2.0,13,additive,0.001,0.001,20000,converged,4649.0,0.000999221724589636
2.0,14,additive,0.001,0.001,20000,converged,4248.0,0.0009999165349181007
2.0,15,additive,0.001,0.001,20000,converged,4231.0,0.0009990018708883903
2.0,16,additive,0.001,0.001,20000,converged,4428.0,0.0009988035234620796
2.0,17,additive,0.001,0.001,20000,converged,4616.0,0.0009999620027112477
2.0,18,additive,0.001,0.001,20000,converged,4227.0,0.0009986277299147389
2.0,19,additive,0.001,0.001,20000,converged,4062.0,0.0009998576262462658
2.0,0,additive,0.002154434690031882,0.001,20000,converged,1861.0,0.0009988126753408266
2.0,1,additive,0.002154434690031882,0.001,20000,converged,1954.0,0.0009996864519045856
2.0,2,additive,0.002154434690031882,0.001,20000,converged,2403.0,0.0009987397411948123
2.0,3,additive,0.002154434690031882,0.001,20000,converged,1961.0,0.000998487391550499
2.0,4,additive,0.002154434690031882,0.001,20000,converged,1746.0,0.0009998959859989982
2.0,5,additive,0.002154434690031882,0.001,20000,converged,2251.0,0.000998009506271552
2.0,6,additive,0.002154434690031882,0.001,20000,converged,1964.0,0.0009980658345987703
2.0,7,additive,0.002154434690031882,0.001,20000,converged,1773.0,0.0009993111617940854
2.0,8,additive,0.002154434690031882,0.001,20000,converged,1856.0,0.000998694515100438
2.0,9,additive,0.002154434690031882,0.001,20000,converged,2143.0,0.000997493925667763
2.0,10,additive,0.002154434690031882,0.001,20000,converged,2175.0,0.0009975559993294306
2.0,11,additive,0.002154434690031882,0.001,20000,converged,1545.0,0.0009974872260005239
2.0,12,additive,0.002154434690031882,0.001,20000,converged,1875.0,0.000998628659991778
2.0,13,additive,0.002154434690031882,0.001,20000,converged,2156.0,0.0009994398079149114
2.0,14,additive,0.002154434690031882,0.001,20000,converged,1971.0,0.0009969384179541968
2.0,15,additive,0.002154434690031882,0.001,20000,converged,1962.0,0.0009986858894011038
2.0,16,additive,0.002154434690031882,0.001,20000,converged,2054.0,0.0009967379834833054
2.0,17,additive,0.002154434690031882,0.001,20000,converged,2141.0,0.0009993831040635097
2.0,18,additive,0.002154434690031882,0.001,20000,converged,1960.0,0.0009990547689098805
2.0,19,additive,0.002154434690031882,0.001,20000,converged,1884.0,0.000998151712414425
2.0,0,additive,0.004641588833612777,0.001,20000,converged,862.0,0.000998212655031675
2.0,1,additive,0.004641588833612777,0.001,20000,converged,906.0,0.0009927545031338282
2.0,2,additive,0.004641588833612777,0.001,20000,converged,1114.0,0.0009962698185659018
2.0,3,additive,0.004641588833612777,0.001,20000,converged,909.0,0.0009940096106767478
2.0,4,additive,0.004641588833612777,0.001,20000,converged,809.0,0.000995248365747413
2.0,5,additive,0.004641588833612777,0.001,20000,converged,1043.0,0.000998225842558827
2.0,6,additive,0.004641588833612777,0.001,20000,converged,910.0,0.0009965974877285029
2.0,7,additive,0.004641588833612777,0.001,20000,converged,821.0,0.0009999326564301837
2.0,8,additive,0.004641588833612777,0.001,20000,converged,860.0,0.0009958202146625535
2.0,9,additive,0.004641588833612777,0.001,20000,converged,993.0,0.0009964920126335898
2.0,10,additive,0.004641588833612777,0.001,20000,converged,1008.0,0.0009956908466759284
2.0,11,additive,0.004641588833612777,0.001,20000,converged,715.0,0.0009996298999918845
2.0,12,additive,0.004641588833612777,0.001,20000,converged,869.0,0.000994778015359078
2.0,13,additive,0.004641588833612777,0.001,20000,converged,999.0,0.0009988957857637328
2.0,14,additive,0.004641588833612777,0.001,20000,converged,913.0,0.0009982063947227078
2.0,15,additive,0.004641588833612777,0.001,20000,converged,909.0,0.0009965730429025478
2.0,16,additive,0.004641588833612777,0.001,20000,converged,952.0,0.0009929270803985936
2.0,17,additive,0.004641588833612777,0.001,20000,converged,992.0,0.0009994948909708937
2.0,18,additive,0.004641588833612777,0.001,20000,converged,908.0,0.0009980342461393319
2.0,19,additive,0.004641588833612777,0.001,20000,converged,873.0,0.0009949610746881762
2.0,0,additive,0.01,0.001,20000,converged,399.0,0.000984732446053234
2.0,1,additive,0.01,0.001,20000,converged,419.0,0.0009870807071860478
2.0,2,additive,0.01,0.001,20000,converged,515.0,0.0009999574230064733
2.0,3,additive,0.01,0.001,20000,converged,420.0,0.0009956856006025766
2.0,4,additive,0.01,0.001,20000,converged,374.0,0.0009867598915842693
2.0,5,additive,0.01,0.001,20000,converged,483.0,0.0009889761370539595
2.0,6,additive,0.01,0.001,20000,converged,421.0,0.0009898143517444136
2.0,7,additive,0.01,0.001,20000,converged,380.0,0.0009850432518437053
2.0,8,additive,0.01,0.001,20000,converged,398.0,0.0009843914356606892
2.0,9,additive,0.01,0.001,20000,converged,459.0,0.0009975417325496921
2.0,10,additive,0.01,0.001,20000,converged,466.0,0.0009963260645435834
2.0,11,additive,0.01,0.001,20000,converged,330.0,0.0009987297198913328
2.0,12,additive,0.01,0.001,20000,converged,402.0,0.000987368373117956
2.0,13,additive,0.01,0.001,20000,converged,462.0,0.0009972195654645393
2.0,14,additive,0.01,0.001,20000,converged,422.0,0.000999724863402389
2.0,15,additive,0.01,0.001,20000,converged,420.0,0.0009961265772396768
2.0,16,additive,0.01,0.001,20000,converged,440.0,0.0009926423081321324
2.0,17,additive,0.01,0.001,20000,converged,459.0,0.0009951667547001188
2.0,18,additive,0.01,0.001,20000,converged,420.0,0.0009908359746437436
2.0,19,additive,0.01,0.001,20000,converged,404.0,0.0009834969657929536
2.0,0,additive,0.021544346900318822,0.001,20000,converged,183.0,0.0009966593048278236
2.0,1,additive,0.021544346900318822,0.001,20000,converged,193.0,0.0009729753955553293
2.0,2,additive,0.021544346900318822,0.001,20000,negative prices,,
2.0,3,additive,0.021544346900318822,0.001,20000,converged,194.0,0.0009653466352711924
2.0,4,additive,0.021544346900318822,0.001,20000,converged,172.0,0.0009718293804579603
2.0,5,additive,0.021544346900318822,0.001,20000,converged,223.0,0.0009711069763421411
2.0,6,additive,0.021544346900318822,0.001,20000,converged,194.0,0.0009759085938009055
2.0,7,additive,0.021544346900318822,0.001,20000,converged,175.0,0.0009648502513846416
2.0,8,additive,0.021544346900318822,0.001,20000,converged,183.0,0.0009801445320431037
2.0,9,additive,0.021544346900318822,0.001,20000,converged,212.0,0.0009720364483454662
2.0,10,additive,0.021544346900318822,0.001,20000,converged,215.0,0.0009796652141551654
2.0,11,additive,0.021544346900318822,0.001,20000,converged,152.0,0.0009638107828915338
2.0,12,additive,0.021544346900318822,0.001,20000,converged,185.0,0.0009796365563420728
2.0,13,additive,0.021544346900318822,0.001,20000,converged,213.0,0.000985415816154531
2.0,14,additive,0.021544346900318822,0.001,20000,converged,195.0,0.0009737864062532904
2.0,15,additive,0.021544346900318822,0.001,20000,converged,193.0,0.0009958905467215922
2.0,16,additive,0.021544346900318822,0.001,20000,converged,203.0,0.0009693709654344217
2.0,17,additive,0.021544346900318822,0.001,20000,converged,212.0,0.0009736284217817866
2.0,18,additive,0.021544346900318822,0.001,20000,converged,193.0,0.0009928092751198818
2.0,19,additive,0.021544346900318822,0.001,20000,converged,186.0,0.0009699920991461954
2.0,0,additive,0.046415888336127774,0.001,20000,negative prices,,
2.0,1,additive,0.046415888336127774,0.001,20000,negative prices,,
2.0,2,additive,0.046415888336127774,0.001,20000,negative prices,,
2.0,3,additive,0.046415888336127774,0.001,20000,negative prices,,
2.0,4,additive,0.046415888336127774,0.001,20000,negative prices,,
2.0,5,additive,0.046415888336127774,0.001,20000,negative prices,,
2.0,6,additive,0.046415888336127774,0.001,20000,negative prices,,
2.0,7,additive,0.046415888336127774,0.001,20000,converged,79.0,0.0009920506172307834
2.0,8,additive,0.046415888336127774,0.001,20000,negative prices,,
2.0,9,additive,0.046415888336127774,0.001,20000,negative prices,,
2.0,10,additive,0.046415888336127774,0.001,20000,converged,98.0,0.0009757874241670506
2.0,11,additive,0.046415888336127774,0.001,20000,negative prices,,
2.0,12,additive,0.046415888336127774,0.001,20000,converged,84.0,0.0009833779066256063
2.0,13,additive,0.046415888336127774,0.001,20000,negative prices,,
2.0,14,additive,0.046415888336127774,0.001,20000,converged,89.0,0.0009611010172419092
2.0,15,additive,0.046415888336127774,0.001,20000,converged,88.0,0.0009644371023567233
2.0,16,additive,0.046415888336127774,0.001,20000,converged,92.0,0.0009923517010094183
2.0,17,additive,0.046415888336127774,0.001,20000,converged,97.0,0.0009497758521390729
2.0,18,additive,0.046415888336127774,0.001,20000,negative prices,,
2.0,19,additive,0.046415888336127774,0.001,20000,negative prices,,
2.0,0,additive,0.1,0.001,20000,negative prices,,
2.0,1,additive,0.1,0.001,20000,negative prices,,
2.0,2,additive,0.1,0.001,20000,negative prices,,
2.0,3,additive,0.1,0.001,20000,negative prices,,
2.0,4,additive,0.1,0.001,20000,negative prices,,
2.0,5,additive,0.1,0.001,20000,negative prices,,
2.0,6,additive,0.1,0.001,20000,negative prices,,
2.0,7,additive,0.1,0.001,20000,negative prices,,
2.0,8,additive,0.1,0.001,20000,negative prices,,
2.0,9,additive,0.1,0.001,20000,negative prices,,
2.0,10,additive,0.1,0.001,20000,negative prices,,
2.0,11,additive,0.1,0.001,20000,negative prices,,
2.0,12,additive,0.1,0.001,20000,negative prices,,
2.0,13,additive,0.1,0.001,20000,negative prices,,
2.0,14,additive,0.1,0.001,20000,negative prices,,
2.0,15,additive,0.1,0.001,20000,negative prices,,
2.0,16,additive,0.1,0.001,20000,negative prices,,
2.0,17,additive,0.1,0.001,20000,negative prices,,
2.0,18,additive,0.1,0.001,20000,negative prices,,
2.0,19,additive,0.1,0.001,20000,negative prices,,
2.0,0,additive,0.21544346900318823,0.001,20000,negative prices,,
2.0,1,additive,0.21544346900318823,0.001,20000,negative prices,,
2.0,2,additive,0.21544346900318823,0.001,20000,negative prices,,
2.0,3,additive,0.21544346900318823,0.001,20000,negative prices,,
2.0,4,additive,0.21544346900318823,0.001,20000,negative prices,,
2.0,5,additive,0.21544346900318823,0.001,20000,negative prices,,
2.0,6,additive,0.21544346900318823,0.001,20000,negative prices,,
2.0,7,additive,0.21544346900318823,0.001,20000,negative prices,,
2.0,8,additive,0.21544346900318823,0.001,20000,negative prices,,
2.0,9,additive,0.21544346900318823,0.001,20000,negative prices,,
2.0,10,additive,0.21544346900318823,0.001,20000,negative prices,,
2.0,11,additive,0.21544346900318823,0.001,20000,negative prices,,
2.0,12,additive,0.21544346900318823,0.001,20000,negative prices,,
2.0,13,additive,0.21544346900318823,0.001,20000,negative prices,,
2.0,14,additive,0.21544346900318823,0.001,20000,negative prices,,
2.0,15,additive,0.21544346900318823,0.001,20000,negative prices,,
2.0,16,additive,0.21544346900318823,0.001,20000,negative prices,,
2.0,17,additive,0.21544346900318823,0.001,20000,negative prices,,
2.0,18,additive,0.21544346900318823,0.001,20000,negative prices,,
2.0,19,additive,0.21544346900318823,0.001,20000,negative prices,,
2.0,0,additive,0.46415888336127725,0.001,20000,negative prices,,
2.0,1,additive,0.46415888336127725,0.001,20000,negative prices,,
2.0,2,additive,0.46415888336127725,0.001,20000,negative prices,,
2.0,3,additive,0.46415888336127725,0.001,20000,negative prices,,
2.0,4,additive,0.46415888336127725,0.001,20000,negative prices,,
2.0,5,additive,0.46415888336127725,0.001,20000,negative prices,,
2.0,6,additive,0.46415888336127725,0.001,20000,negative prices,,
2.0,7,additive,0.46415888336127725,0.001,20000,negative prices,,
2.0,8,additive,0.46415888336127725,0.001,20000,negative prices,,
2.0,9,additive,0.46415888336127725,0.001,20000,negative prices,,
2.0,10,additive,0.46415888336127725,0.001,20000,negative prices,,
2.0,11,additive,0.46415888336127725,0.001,20000,negative prices,,
2.0,12,additive,0.46415888336127725,0.001,20000,negative prices,,
2.0,13,additive,0.46415888336127725,0.001,20000,negative prices,,
2.0,14,additive,0.46415888336127725,0.001,20000,negative prices,,
2.0,15,additive,0.46415888336127725,0.001,20000,negative prices,,
2.0,16,additive,0.46415888336127725,0.001,20000,negative prices,,
2.0,17,additive,0.46415888336127725,0.001,20000,negative prices,,
2.0,18,additive,0.46415888336127725,0.001,20000,negative prices,,
2.0,19,additive,0.46415888336127725,0.001,20000,negative prices,,
2.0,0,additive,1.0,0.001,20000,negative prices,,
2.0,1,additive,1.0,0.001,20000,negative prices,,
2.0,2,additive,1.0,0.001,20000,negative prices,,
2.0,3,additive,1.0,0.001,20000,negative prices,,
2.0,4,additive,1.0,0.001,20000,negative prices,,
2.0,5,additive,1.0,0.001,20000,negative prices,,
2.0,6,additive,1.0,0.001,20000,negative prices,,
2.0,7,additive,1.0,0.001,20000,negative prices,,
2.0,8,additive,1.0,0.001,20000,negative prices,,
2.0,9,additive,1.0,0.001,20000,negative prices,,
2.0,10,additive,1.0,0.001,20000,negative prices,,
2.0,11,additive,1.0,0.001,20000,negative prices,,
2.0,12,additive,1.0,0.001,20000,negative prices,,
2.0,13,additive,1.0,0.001,20000,negative prices,,
2.0,14,additive,1.0,0.001,20000,negative prices,,
2.0,15,additive,1.0,0.001,20000,negative prices,,
2.0,16,additive,1.0,0.001,20000,negative prices,,
2.0,17,additive,1.0,0.001,20000,negative prices,,
2.0,18,additive,1.0,0.001,20000,negative prices,,
2.0,19,additive,1.0,0.001,20000,negative prices,,
2.0,0,multiplicative,1e-05,0.001,20000,budget_exhausted,,9.570494870159541
2.0,1,multiplicative,1e-05,0.001,20000,budget_exhausted,,9.497764078579303
2.0,2,multiplicative,1e-05,0.001,20000,budget_exhausted,,10.997275813319881
2.0,3,multiplicative,1e-05,0.001,20000,budget_exhausted,,9.070066590933571
2.0,4,multiplicative,1e-05,0.001,20000,budget_exhausted,,9.329722054858669
2.0,5,multiplicative,1e-05,0.001,20000,budget_exhausted,,10.047987941233776
2.0,6,multiplicative,1e-05,0.001,20000,budget_exhausted,,9.4102806521906
2.0,7,multiplicative,1e-05,0.001,20000,budget_exhausted,,8.322496095846205
2.0,8,multiplicative,1e-05,0.001,20000,budget_exhausted,,9.991304636757171
2.0,9,multiplicative,1e-05,0.001,20000,budget_exhausted,,9.525902573283359
2.0,10,multiplicative,1e-05,0.001,20000,budget_exhausted,,8.861077852689894
2.0,11,multiplicative,1e-05,0.001,20000,budget_exhausted,,8.97242122660724
2.0,12,multiplicative,1e-05,0.001,20000,budget_exhausted,,8.43309433740309
2.0,13,multiplicative,1e-05,0.001,20000,budget_exhausted,,10.244849084186574
2.0,14,multiplicative,1e-05,0.001,20000,budget_exhausted,,9.746658592395912
2.0,15,multiplicative,1e-05,0.001,20000,budget_exhausted,,9.49409212951131
2.0,16,multiplicative,1e-05,0.001,20000,budget_exhausted,,9.25961187318626
2.0,17,multiplicative,1e-05,0.001,20000,budget_exhausted,,9.531490465247636
2.0,18,multiplicative,1e-05,0.001,20000,budget_exhausted,,9.734995083205655
2.0,19,multiplicative,1e-05,0.001,20000,budget_exhausted,,9.596486054654193
2.0,0,multiplicative,2.1544346900318823e-05,0.001,20000,budget_exhausted,,7.355105865680823
2.0,1,multiplicative,2.1544346900318823e-05,0.001,20000,budget_exhausted,,7.340236422987059
2.0,2,multiplicative,2.1544346900318823e-05,0.001,20000,budget_exhausted,,7.770981501905049
2.0,3,multiplicative,2.1544346900318823e-05,0.001,20000,budget_exhausted,,6.891006320067403
2.0,4,multiplicative,2.1544346900318823e-05,0.001,20000,budget_exhausted,,7.04930350268559
2.0,5,multiplicative,2.1544346900318823e-05,0.001,20000,budget_exhausted,,7.737982438393828
2.0,6,multiplicative,2.1544346900318823e-05,0.001,20000,budget_exhausted,,7.187291386467242
2.0,7,multiplicative,2.1544346900318823e-05,0.001,20000,budget_exhausted,,6.570559256108849
2.0,8,multiplicative,2.1544346900318823e-05,0.001,20000,budget_exhausted,,7.456017746335015
2.0,9,multiplicative,2.1544346900318823e-05,0.001,20000,budget_exhausted,,7.229407476477988
2.0,10,multiplicative,2.1544346900318823e-05,0.001,20000,budget_exhausted,,6.913286348192284
2.0,11,multiplicative,2.1544346900318823e-05,0.001,20000,budget_exhausted,,7.030644193977941
2.0,12,multiplicative,2.1544346900318823e-05,0.001,20000,budget_exhausted,,6.515013062225993
2.0,13,multiplicative,2.1544346900318823e-05,0.001,20000,budget_exhausted,,7.621155273953692
2.0,14,multiplicative,2.1544346900318823e-05,0.001,20000,budget_exhausted,,7.400242186298954
2.0,15,multiplicative,2.1544346900318823e-05,0.001,20000,budget_exhausted,,7.236882654665447
2.0,16,multiplicative,2.1544346900318823e-05,0.001,20000,budget_exhausted,,7.23668591860504
2.0,17,multiplicative,2.1544346900318823e-05,0.001,20000,budget_exhausted,,7.239349931490589
2.0,18,multiplicative,2.1544346900318823e-05,0.001,20000,budget_exhausted,,7.332880226751664
2.0,19,multiplicative,2.1544346900318823e-05,0.001,20000,budget_exhausted,,7.2711119373116695
2.0,0,multiplicative,4.641588833612782e-05,0.001,20000,budget_exhausted,,4.3804469411298435
2.0,1,multiplicative,4.641588833612782e-05,0.001,20000,budget_exhausted,,4.33876263279985
2.0,2,multiplicative,4.641588833612782e-05,0.001,20000,budget_exhausted,,4.374647537936389
2.0,3,multiplicative,4.641588833612782e-05,0.001,20000,budget_exhausted,,4.114679809718849
2.0,4,multiplicative,4.641588833612782e-05,0.001,20000,budget_exhausted,,4.126509009732033
2.0,5,multiplicative,4.641588833612782e-05,0.001,20000,budget_exhausted,,4.547493217930221
2.0,6,multiplicative,4.641588833612782e-05,0.001,20000,budget_exhausted,,4.339179147704268
2.0,7,multiplicative,4.641588833612782e-05,0.001,20000,budget_exhausted,,4.042402226738949
2.0,8,multiplicative,4.641588833612782e-05,0.001,20000,budget_exhausted,,4.341067678985616
2.0,9,multiplicative,4.641588833612782e-05,0.001,20000,budget_exhausted,,4.303333275628152
2.0,10,multiplicative,4.641588833612782e-05,0.001,20000,budget_exhausted,,4.143051665128228
2.0,11,multiplicative,4.641588833612782e-05,0.001,20000,budget_exhausted,,4.284402510616726
2.0,12,multiplicative,4.641588833612782e-05,0.001,20000,budget_exhausted,,3.8391127690598577
2.0,13,multiplicative,4.641588833612782e-05,0.001,20000,budget_exhausted,,4.393752990077685
2.0,14,multiplicative,4.641588833612782e-05,0.001,20000,budget_exhausted,,4.381153561715594
2.0,15,multiplicative,4.641588833612782e-05,0.001,20000,budget_exhausted,,4.29692284687198
2.0,16,multiplicative,4.641588833612782e-05,0.001,20000,budget_exhausted,,4.384102175791272
2.0,17,multiplicative,4.641588833612782e-05,0.001,20000,budget_exhausted,,4.242354001800725
2.0,18,multiplicative,4.641588833612782e-05,0.001,20000,budget_exhausted,,4.295892922618728
2.0,19,multiplicative,4.641588833612782e-05,0.001,20000,budget_exhausted,,4.32199109603001
2.0,0,multiplicative,0.0001,0.001,20000,budget_exhausted,,1.5951565504648906
2.0,1,multiplicative,0.0001,0.001,20000,budget_exhausted,,1.5377323288067164
2.0,2,multiplicative,0.0001,0.001,20000,budget_exhausted,,1.5199766254794507
2.0,3,multiplicative,0.0001,0.001,20000,budget_exhausted,,1.498696155810295
2.0,4,multiplicative,0.0001,0.001,20000,budget_exhausted,,1.4873039205311138
2.0,5,multiplicative,0.0001,0.001,20000,budget_exhausted,,1.6505443084867153
2.0,6,multiplicative,0.0001,0.001,20000,budget_exhausted,,1.6046746050729195
2.0,7,multiplicative,0.0001,0.001,20000,budget_exhausted,,1.4879970608332733
2.0,8,multiplicative,0.0001,0.001,20000,budget_exhausted,,1.5545468519456342
2.0,9,multiplicative,0.0001,0.001,20000,budget_exhausted,,1.5585009463493413
2.0,10,multiplicative,0.0001,0.001,20000,budget_exhausted,,1.4893245429686712
2.0,11,multiplicative,0.0001,0.001,20000,budget_exhausted,,1.5607832780597823
2.0,12,multiplicative,0.0001,0.001,20000,budget_exhausted,,1.345985090741642
2.0,13,multiplicative,0.0001,0.001,20000,budget_exhausted,,1.5513052358227852
2.0,14,multiplicative,0.0001,0.001,20000,budget_exhausted,,1.5788689092086974
2.0,15,multiplicative,0.0001,0.001,20000,budget_exhausted,,1.5472569952016826
2.0,16,multiplicative,0.0001,0.001,20000,budget_exhausted,,1.601097665365482
2.0,17,multiplicative,0.0001,0.001,20000,budget_exhausted,,1.4911685750080184
2.0,18,multiplicative,0.0001,0.001,20000,budget_exhausted,,1.5261902544244141
2.0,19,multiplicative,0.0001,0.001,20000,budget_exhausted,,1.563790664241807
2.0,0,multiplicative,0.00021544346900318823,0.001,20000,budget_exhausted,,0.2100170421547836
2.0,1,multiplicative,0.00021544346900318823,0.001,20000,budget_exhausted,,0.1940571513454716
2.0,2,multiplicative,0.00021544346900318823,0.001,20000,budget_exhausted,,0.1875945291840685
2.0,3,multiplicative,0.00021544346900318823,0.001,20000,budget_exhausted,,0.1888511677675961
2.0,4,multiplicative,0.00021544346900318823,0.001,20000,budget_exhausted,,0.1929951766406565
2.0,5,multiplicative,0.00021544346900318823,0.001,20000,budget_exhausted,,0.2199966568411643
2.0,6,multiplicative,0.00021544346900318823,0.001,20000,budget_exhausted,,0.21923068700490436
2.0,7,multiplicative,0.00021544346900318823,0.001,20000,budget_exhausted,,0.18738283357056093
2.0,8,multiplicative,0.00021544346900318823,0.001,20000,budget_exhausted,,0.20473310533258615
2.0,9,multiplicative,0.00021544346900318823,0.001,20000,budget_exhausted,,0.2033786023063654
2.0,10,multiplicative,0.00021544346900318823,0.001,20000,budget_exhausted,,0.18737840253510443
2.0,11,multiplicative,0.00021544346900318823,0.001,20000,budget_exhausted,,0.20062715228745653
2.0,12,multiplicative,0.00021544346900318823,0.001,20000,budget_exhausted,,0.1587492172852464
2.0,13,multiplicative,0.00021544346900318823,0.001,20000,budget_exhausted,,0.19078618587744534
2.0,14,multiplicative,0.00021544346900318823,0.001,20000,budget_exhausted,,0.20342332108913627
2.0,15,multiplicative,0.00021544346900318823,0.001,20000,budget_exhausted,,0.19538852336206708
2.0,16,multiplicative,0.00021544346900318823,0.001,20000,budget_exhausted,,0.20934365420637432
2.0,17,multiplicative,0.00021544346900318823,0.001,20000,budget_exhausted,,0.17839189324530255
2.0,18,multiplicative,0.00021544346900318823,0.001,20000,budget_exhausted,,0.18812842520791814
2.0,19,multiplicative,0.00021544346900318823,0.001,20000,budget_exhausted,,0.19799904975087107
2.0,0,multiplicative,0.00046415888336127773,0.001,20000,budget_exhausted,,0.005020147554619142
2.0,1,multiplicative,0.00046415888336127773,0.001,20000,budget_exhausted,,0.00386694953852389
2.0,2,multiplicative,0.00046415888336127773,0.001,20000,budget_exhausted,,0.0035797091163391843
2.0,3,multiplicative,0.00046415888336127773,0.001,20000,budget_exhausted,,0.003572547867552962
2.0,4,multiplicative,0.00046415888336127773,0.001,20000,budget_exhausted,,0.004419419471492315
2.0,5,multiplicative,0.00046415888336127773,0.001,20000,budget_exhausted,,0.004928220191742654
2.0,6,multiplicative,0.00046415888336127773,0.001,20000,budget_exhausted,,0.006787901698720913
2.0,7,multiplicative,0.00046415888336127773,0.001,20000,budget_exhausted,,0.003768333142639521
2.0,8,multiplicative,0.00046415888336127773,0.001,20000,budget_exhausted,,0.0049188451023676515
2.0,9,multiplicative,0.00046415888336127773,0.001,20000,budget_exhausted,,0.004882337222826295
2.0,10,multiplicative,0.00046415888336127773,0.001,20000,budget_exhausted,,0.00361125123068213
2.0,11,multiplicative,0.00046415888336127773,0.001,20000,budget_exhausted,,0.004422751393946801
2.0,12,multiplicative,0.00046415888336127773,0.001,20000,budget_exhausted,,0.002603880320462416
2.0,13,multiplicative,0.00046415888336127773,0.001,20000,budget_exhausted,,0.0035244563238228934
2.0,14,multiplicative,0.00046415888336127773,0.001,20000,budget_exhausted,,0.0048484639226913165
2.0,15,multiplicative,0.00046415888336127773,0.001,20000,budget_exhausted,,0.003749051182314223
2.0,16,multiplicative,0.00046415888336127773,0.001,20000,budget_exhausted,,0.005033883146645135
2.0,17,multiplicative,0.00046415888336127773,0.001,20000,budget_exhausted,,0.002856025027044198
2.0,18,multiplicative,0.00046415888336127773,0.001,20000,budget_exhausted,,0.0035280269555114214
2.0,19,multiplicative,0.00046415888336127773,0.001,20000,budget_exhausted,,0.003805155524675829
2.0,0,multiplicative,0.001,0.001,20000,converged,11724.0,0.0009998025074524671
2.0,1,multiplicative,0.001,0.001,20000,converged,11154.0,0.0009992975056854294
2.0,2,multiplicative,0.001,0.001,20000,converged,11038.0,0.0009995672734088112
2.0,3,multiplicative,0.001,0.001,20000,converged,11032.0,0.0009999709235070497
2.0,4,multiplicative,0.001,0.001,20000,converged,11479.0,0.000999400231779485
2.0,5,multiplicative,0.001,0.001,20000,converged,11568.0,0.0009995413598563577
2.0,6,multiplicative,0.001,0.001,20000,converged,12476.0,0.0009999860793010998
2.0,7,multiplicative,0.001,0.001,20000,converged,11159.0,0.0009997340782692801
2.0,8,multiplicative,0.001,0.001,20000,converged,11633.0,0.000999412911130006
2.0,9,multiplicative,0.001,0.001,20000,converged,11676.0,0.0009996373384409266
2.0,10,multiplicative,0.001,0.001,20000,converged,11032.0,0.0009992888147766386
2.0,11,multiplicative,0.001,0.001,20000,converged,11451.0,0.0009994521393423674
2.0,12,multiplicative,0.001,0.001,20000,converged,10561.0,0.0009993743287410334
2.0,13,multiplicative,0.001,0.001,20000,converged,10994.0,0.0009998090111810428
2.0,14,multiplicative,0.001,0.001,20000,converged,11661.0,0.0009999814516636959
2.0,15,multiplicative,0.001,0.001,20000,converged,11092.0,0.0009996291885069025
2.0,16,multiplicative,0.001,0.001,20000,converged,11698.0,0.0009995995044194792
2.0,17,multiplicative,0.001,0.001,20000,converged,10646.0,0.0009994365460094191
2.0,18,multiplicative,0.001,0.001,20000,converged,11040.0,0.0009993820236455179
2.0,19,multiplicative,0.001,0.001,20000,converged,11116.0,0.0009998535375565316
2.0,0,multiplicative,0.002154434690031882,0.001,20000,converged,5440.0,0.0009995082639100675
2.0,1,multiplicative,0.002154434690031882,0.001,20000,converged,5175.0,0.000999478131435086
2.0,2,multiplicative,0.002154434690031882,0.001,20000,converged,5121.0,0.0009998733024619406
2.0,3,multiplicative,0.002154434690031882,0.001,20000,converged,5119.0,0.0009991030805294111
2.0,4,multiplicative,0.002154434690031882,0.001,20000,converged,5326.0,0.0009994037065595854
2.0,5,multiplicative,0.002154434690031882,0.001,20000,converged,5367.0,0.0009998813411447496
2.0,6,multiplicative,0.002154434690031882,0.001,20000,converged,5789.0,0.000999829678205891
2.0,7,multiplicative,0.002154434690031882,0.001,20000,converged,5178.0,0.000998941862413144
2.0,8,multiplicative,0.002154434690031882,0.001,20000,converged,5398.0,0.000998643116508866
2.0,9,multiplicative,0.002154434690031882,0.001,20000,converged,5418.0,0.0009988967799994103
2.0,10,multiplicative,0.002154434690031882,0.001,20000,converged,5119.0,0.0009985859983114235
2.0,11,multiplicative,0.002154434690031882,0.001,20000,converged,5313.0,0.0009994309914545002
2.0,12,multiplicative,0.002154434690031882,0.001,20000,converged,4900.0,0.000999197691547221
2.0,13,multiplicative,0.002154434690031882,0.001,20000,converged,5101.0,0.000999530745426784
2.0,14,multiplicative,0.002154434690031882,0.001,20000,converged,5411.0,0.0009992670199841895
2.0,15,multiplicative,0.002154434690031882,0.001,20000,converged,5147.0,0.000998551479896369
2.0,16,multiplicative,0.002154434690031882,0.001,20000,converged,5428.0,0.0009991254189517585
2.0,17,multiplicative,0.002154434690031882,0.001,20000,converged,4939.0,0.0009998596328793553
2.0,18,multiplicative,0.002154434690031882,0.001,20000,converged,5122.0,0.000999641463235628
2.0,19,multiplicative,0.002154434690031882,0.001,20000,converged,5158.0,0.0009989009731209409
2.0,0,multiplicative,0.004641588833612777,0.001,20000,converged,2523.0,0.0009995482903650368
2.0,1,multiplicative,0.004641588833612777,0.001,20000,converged,2400.0,0.0009991840362681542
2.0,2,multiplicative,0.004641588833612777,0.001,20000,converged,2375.0,0.0009991081430368969
2.0,3,multiplicative,0.004641588833612777,0.001,20000,converged,2374.0,0.000998655852660273
2.0,4,multiplicative,0.004641588833612777,0.001,20000,converged,2470.0,0.0009995034740271438
2.0,5,multiplicative,0.004641588833612777,0.001,20000,converged,2489.0,0.0009998170500421753
2.0,6,multiplicative,0.004641588833612777,0.001,20000,converged,2685.0,0.000999952076207458
2.0,7,multiplicative,0.004641588833612777,0.001,20000,converged,2402.0,0.0009968017145960432
2.0,8,multiplicative,0.004641588833612777,0.001,20000,converged,2503.0,0.0009999830519627204
2.0,9,multiplicative,0.004641588833612777,0.001,20000,converged,2513.0,0.0009981820181891481
2.0,10,multiplicative,0.004641588833612777,0.001,20000,converged,2374.0,0.0009985142826117296
2.0,11,multiplicative,0.004641588833612777,0.001,20000,converged,2464.0,0.0009993613467223306
2.0,12,multiplicative,0.004641588833612777,0.001,20000,converged,2273.0,0.0009967537498637973
2.0,13,multiplicative,0.004641588833612777,0.001,20000,converged,2366.0,0.0009979572247057317
2.0,14,multiplicative,0.004641588833612777,0.001,20000,converged,2510.0,0.0009977474727982103
2.0,15,multiplicative,0.004641588833612777,0.001,20000,converged,2387.0,0.0009981513283900552
2.0,16,multiplicative,0.004641588833612777,0.001,20000,converged,2518.0,0.0009972594972645508
2.0,17,multiplicative,0.004641588833612777,0.001,20000,converged,2291.0,0.0009973982322446777
2.0,18,multiplicative,0.004641588833612777,0.001,20000,converged,2376.0,0.000997288521374256
2.0,19,multiplicative,0.004641588833612777,0.001,20000,converged,2392.0,0.0009986506664402819
2.0,0,multiplicative,0.01,0.001,20000,converged,1169.0,0.00099994362357457
2.0,1,multiplicative,0.01,0.001,20000,converged,1112.0,0.0009982515509484914
2.0,2,multiplicative,0.01,0.001,20000,converged,1101.0,0.00099330356885357
2.0,3,multiplicative,0.01,0.001,20000,converged,1100.0,0.0009968504606671002
2.0,4,multiplicative,0.01,0.001,20000,converged,1145.0,0.000995477792568481
2.0,5,multiplicative,0.01,0.001,20000,converged,1154.0,0.0009938365245536597
2.0,6,multiplicative,0.01,0.001,20000,converged,1245.0,0.0009958267346234153
2.0,7,multiplicative,0.01,0.001,20000,converged,1113.0,0.0009956177792619105
2.0,8,multiplicative,0.01,0.001,20000,converged,1160.0,0.0009979235650075186
2.0,9,multiplicative,0.01,0.001,20000,converged,1165.0,0.000994167459911557
2.0,10,multiplicative,0.01,0.001,20000,converged,1100.0,0.0009975110533289495
2.0,11,multiplicative,0.01,0.001,20000,converged,1142.0,0.0009965889293677432
2.0,12,multiplicative,0.01,0.001,20000,converged,1053.0,0.000996302656885824
2.0,13,multiplicative,0.01,0.001,20000,converged,1096.0,0.000998376914579763
2.0,14,multiplicative,0.01,0.001,20000,converged,1163.0,0.0009975524202029701
2.0,15,multiplicative,0.01,0.001,20000,converged,1106.0,0.0009967143411701066
2.0,16,multiplicative,0.01,0.001,20000,converged,1167.0,0.0009951879949295396
2.0,17,multiplicative,0.01,0.001,20000,converged,1061.0,0.0009989904607315976
2.0,18,multiplicative,0.01,0.001,20000,converged,1101.0,0.000995160244058066
2.0,19,multiplicative,0.01,0.001,20000,converged,1108.0,0.0009990825893739293
2.0,0,multiplicative,0.021544346900318822,0.001,20000,converged,541.0,0.0009942155164894073
2.0,1,multiplicative,0.021544346900318822,0.001,20000,converged,514.0,0.0009987294831947523
2.0,2,multiplicative,0.021544346900318822,0.001,20000,converged,509.0,0.0009909296748673634
2.0,3,multiplicative,0.021544346900318822,0.001,20000,converged,509.0,0.0009877096044990056
2.0,4,multiplicative,0.021544346900318822,0.001,20000,converged,530.0,0.0009866411423946828
2.0,5,multiplicative,0.021544346900318822,0.001,20000,converged,534.0,0.0009860700276739726
2.0,6,multiplicative,0.021544346900318822,0.001,20000,converged,576.0,0.0009946068349851206
2.0,7,multiplicative,0.021544346900318822,0.001,20000,converged,515.0,0.0009885403491595652
2.0,8,multiplicative,0.021544346900318822,0.001,20000,converged,537.0,0.0009882080117941479
2.0,9,multiplicative,0.021544346900318822,0.001,20000,converged,539.0,0.0009898501071680537
2.0,10,multiplicative,0.021544346900318822,0.001,20000,converged,509.0,0.0009900324608348495
2.0,11,multiplicative,0.021544346900318822,0.001,20000,converged,528.0,0.0009961120858466988
2.0,12,multiplicative,0.021544346900318822,0.001,20000,converged,487.0,0.0009909684753809467
2.0,13,multiplicative,0.021544346900318822,0.001,20000,converged,507.0,0.00099169798182316
2.0,14,multiplicative,0.021544346900318822,0.001,20000,converged,538.0,0.0009939793254932546
2.0,15,multiplicative,0.021544346900318822,0.001,20000,converged,511.0,0.000999998117379117
2.0,16,multiplicative,0.021544346900318822,0.001,20000,converged,540.0,0.0009895739568475082
2.0,17,multiplicative,0.021544346900318822,0.001,20000,converged,491.0,0.0009873947852219649
2.0,18,multiplicative,0.021544346900318822,0.001,20000,converged,509.0,0.0009935210888255012
2.0,19,multiplicative,0.021544346900318822,0.001,20000,converged,513.0,0.0009848254961780213
2.0,0,multiplicative,0.046415888336127774,0.001,20000,converged,249.0,0.0009969889842025498
2.0,1,multiplicative,0.046415888336127774,0.001,20000,converged,237.0,0.000980801683443083
2.0,2,multiplicative,0.046415888336127774,0.001,20000,converged,234.0,0.000992841139933771
2.0,3,multiplicative,0.046415888336127774,0.001,20000,converged,234.0,0.0009904170139440783
2.0,4,multiplicative,0.046415888336127774,0.001,20000,converged,244.0,0.0009840484783291599
2.0,5,multiplicative,0.046415888336127774,0.001,20000,converged,246.0,0.0009761525827375718
2.0,6,multiplicative,0.046415888336127774,0.001,20000,converged,266.0,0.0009777164349775366
2.0,7,multiplicative,0.046415888336127774,0.001,20000,converged,237.0,0.000987031857210162
2.0,8,multiplicative,0.046415888336127774,0.001,20000,converged,247.0,0.0009926820748585514
2.0,9,multiplicative,0.046415888336127774,0.001,20000,converged,248.0,0.0009934714340397615
2.0,10,multiplicative,0.046415888336127774,0.001,20000,converged,234.0,0.000996819460996422
2.0,11,multiplicative,0.046415888336127774,0.001,20000,converged,243.0,0.0009951246417985843
2.0,12,multiplicative,0.046415888336127774,0.001,20000,converged,224.0,0.0009891392595958194
2.0,13,multiplicative,0.046415888336127774,0.001,20000,converged,233.0,0.0009977657719847225
2.0,14,multiplicative,0.046415888336127774,0.001,20000,converged,248.0,0.0009830868188393741
2.0,15,multiplicative,0.046415888336127774,0.001,20000,converged,236.0,0.0009676937537187723
2.0,16,multiplicative,0.046415888336127774,0.001,20000,converged,249.0,0.0009764673665360842
2.0,17,multiplicative,0.046415888336127774,0.001,20000,converged,226.0,0.0009773921643665133
2.0,18,multiplicative,0.046415888336127774,0.001,20000,converged,234.0,0.0009969674588057146
2.0,19,multiplicative,0.046415888336127774,0.001,20000,converged,236.0,0.0009812586889554541
2.0,0,multiplicative,0.1,0.001,20000,converged,114.0,0.0009677547803709285
2.0,1,multiplicative,0.1,0.001,20000,converged,108.0,0.0009718847179417595
2.0,2,multiplicative,0.1,0.001,20000,converged,107.0,0.0009497281889623179
2.0,3,multiplicative,0.1,0.001,20000,converged,107.0,0.00094928191742947
2.0,4,multiplicative,0.1,0.001,20000,converged,111.0,0.0009945368700714364
2.0,5,multiplicative,0.1,0.001,20000,converged,112.0,0.0009757616391733784
2.0,6,multiplicative,0.1,0.001,20000,converged,122.0,0.0009473151476231832
2.0,7,multiplicative,0.1,0.001,20000,converged,108.0,0.0009804687542137175
2.0,8,multiplicative,0.1,0.001,20000,converged,113.0,0.0009608538322534065
2.0,9,multiplicative,0.1,0.001,20000,converged,113.0,0.0009960045311052771
2.0,10,multiplicative,0.1,0.001,20000,converged,107.0,0.0009639123278961485
2.0,11,multiplicative,0.1,0.001,20000,converged,111.0,0.0009728246179632632
2.0,12,multiplicative,0.1,0.001,20000,converged,102.0,0.000979268271532376
2.0,13,multiplicative,0.1,0.001,20000,converged,106.0,0.0009969853266763734
2.0,14,multiplicative,0.1,0.001,20000,converged,113.0,0.0009842330379984724
2.0,15,multiplicative,0.1,0.001,20000,converged,107.0,0.0009946101281649133
2.0,16,multiplicative,0.1,0.001,20000,converged,114.0,0.0009429204158462278
2.0,17,multiplicative,0.1,0.001,20000,converged,103.0,0.0009549082034204069
2.0,18,multiplicative,0.1,0.001,20000,converged,107.0,0.0009582310076967505
2.0,19,multiplicative,0.1,0.001,20000,converged,108.0,0.0009320121975682114
2.0,0,multiplicative,0.21544346900318823,0.001,20000,converged,51.0,0.0009471483428589155
2.0,1,multiplicative,0.21544346900318823,0.001,20000,converged,48.0,0.0009679589621745866
2.0,2,multiplicative,0.21544346900318823,0.001,20000,negative prices,,
2.0,3,multiplicative,0.21544346900318823,0.001,20000,converged,48.0,0.0008625621764101548
2.0,4,multiplicative,0.21544346900318823,0.001,20000,converged,50.0,0.0009084583245390186
2.0,5,multiplicative,0.21544346900318823,0.001,20000,converged,50.0,0.0009405916494909213
2.0,6,multiplicative,0.21544346900318823,0.001,20000,negative prices,,
2.0,7,multiplicative,0.21544346900318823,0.001,20000,converged,48.0,0.000981252057119318
2.0,8,multiplicative,0.21544346900318823,0.001,20000,converged,51.0,0.0008613182829128872
2.0,9,multiplicative,0.21544346900318823,0.001,20000,negative prices,,
2.0,10,multiplicative,0.21544346900318823,0.001,20000,converged,48.0,0.0008990476667687093
2.0,11,multiplicative,0.21544346900318823,0.001,20000,converged,50.0,0.0008831139953314451
2.0,12,multiplicative,0.21544346900318823,0.001,20000,converged,46.0,0.0008591425702861975
2.0,13,multiplicative,0.21544346900318823,0.001,20000,converged,47.0,0.0009969290523801494
2.0,14,multiplicative,0.21544346900318823,0.001,20000,converged,51.0,0.0008878190371143516
2.0,15,multiplicative,0.21544346900318823,0.001,20000,converged,48.0,0.000911290795146314
2.0,16,multiplicative,0.21544346900318823,0.001,20000,converged,51.0,0.0009124817544134448
2.0,17,multiplicative,0.21544346900318823,0.001,20000,converged,46.0,0.000887451505569763
2.0,18,multiplicative,0.21544346900318823,0.001,20000,converged,48.0,0.0008805913872734456
2.0,19,multiplicative,0.21544346900318823,0.001,20000,converged,48.0,0.0009077033239340127
2.0,0,multiplicative,0.46415888336127725,0.001,20000,negative prices,,
2.0,1,multiplicative,0.46415888336127725,0.001,20000,negative prices,,
2.0,2,multiplicative,0.46415888336127725,0.001,20000,negative prices,,
2.0,3,multiplicative,0.46415888336127725,0.001,20000,negative prices,,
2.0,4,multiplicative,0.46415888336127725,0.001,20000,negative prices,,
2.0,5,multiplicative,0.46415888336127725,0.001,20000,negative prices,,
2.0,6,multiplicative,0.46415888336127725,0.001,20000,negative prices,,
2.0,7,multiplicative,0.46415888336127725,0.001,20000,negative prices,,
2.0,8,multiplicative,0.46415888336127725,0.001,20000,negative prices,,
2.0,9,multiplicative,0.46415888336127725,0.001,20000,negative prices,,
2.0,10,multiplicative,0.46415888336127725,0.001,20000,negative prices,,
2.0,11,multiplicative,0.46415888336127725,0.001,20000,negative prices,,
2.0,12,multiplicative,0.46415888336127725,0.001,20000,negative prices,,
2.0,13,multiplicative,0.46415888336127725,0.001,20000,negative prices,,
2.0,14,multiplicative,0.46415888336127725,0.001,20000,negative prices,,
2.0,15,multiplicative,0.46415888336127725,0.001,20000,negative prices,,
2.0,16,multiplicative,0.46415888336127725,0.001,20000,negative prices,,
2.0,17,multiplicative,0.46415888336127725,0.001,20000,negative prices,,
2.0,18,multiplicative,0.46415888336127725,0.001,20000,negative prices,,
2.0,19,multiplicative,0.46415888336127725,0.001,20000,negative prices,,
2.0,0,multiplicative,1.0,0.001,20000,negative prices,,
2.0,1,multiplicative,1.0,0.001,20000,negative prices,,
2.0,2,multiplicative,1.0,0.001,20000,negative prices,,
2.0,3,multiplicative,1.0,0.001,20000,negative prices,,
2.0,4,multiplicative,1.0,0.001,20000,negative prices,,
2.0,5,multiplicative,1.0,0.001,20000,negative prices,,
2.0,6,multiplicative,1.0,0.001,20000,negative prices,,
2.0,7,multiplicative,1.0,0.001,20000,negative prices,,
2.0,8,multiplicative,1.0,0.001,20000,negative prices,,
2.0,9,multiplicative,1.0,0.001,20000,negative prices,,
2.0,10,multiplicative,1.0,0.001,20000,negative prices,,
2.0,11,multiplicative,1.0,0.001,20000,negative prices,,
2.0,12,multiplicative,1.0,0.001,20000,negative prices,,
2.0,13,multiplicative,1.0,0.001,20000,negative prices,,
2.0,14,multiplicative,1.0,0.001,20000,negative prices,,
2.0,15,multiplicative,1.0,0.001,20000,negative prices,,
2.0,16,multiplicative,1.0,0.001,20000,negative prices,,
2.0,17,multiplicative,1.0,0.001,20000,negative prices,,
2.0,18,multiplicative,1.0,0.001,20000,negative prices,,
2.0,19,multiplicative,1.0,0.001,20000,negative prices,,
3.0,0,additive,1e-05,0.001,20000,budget_exhausted,,3.7640924193416994
3.0,1,additive,1e-05,0.001,20000,budget_exhausted,,3.9167378857483
3.0,2,additive,1e-05,0.001,20000,budget_exhausted,,3.928331262503978
3.0,3,additive,1e-05,0.001,20000,budget_exhausted,,3.5477026492551462
3.0,4,additive,1e-05,0.001,20000,budget_exhausted,,3.726048935595149
3.0,5,additive,1e-05,0.001,20000,budget_exhausted,,4.009664727206129
3.0,6,additive,1e-05,0.001,20000,budget_exhausted,,3.8050356580493268
3.0,7,additive,1e-05,0.001,20000,budget_exhausted,,3.5434014511174388
3.0,8,additive,1e-05,0.001,20000,budget_exhausted,,3.580160144590818
3.0,9,additive,1e-05,0.001,20000,budget_exhausted,,4.068159665803789
3.0,10,additive,1e-05,0.001,20000,budget_exhausted,,3.7646202834302946
3.0,11,additive,1e-05,0.001,20000,budget_exhausted,,3.5639751510361126
3.0,12,additive,1e-05,0.001,20000,budget_exhausted,,3.3586809324029434
3.0,13,additive,1e-05,0.001,20000,budget_exhausted,,3.865410767924002
3.0,14,additive,1e-05,0.001,20000,budget_exhausted,,3.6950694536332787
3.0,15,additive,1e-05,0.001,20000,budget_exhausted,,4.039289057944218
3.0,16,additive,1e-05,0.001,20000,budget_exhausted,,4.094064027003262
3.0,17,additive,1e-05,0.001,20000,budget_exhausted,,3.9108763981681904
3.0,18,additive,1e-05,0.001,20000,budget_exhausted,,3.934334851422033
3.0,19,additive,1e-05,0.001,20000,budget_exhausted,,3.885294153976804
3.0,0,additive,2.1544346900318823e-05,0.001,20000,budget_exhausted,,2.125878313377438
3.0,1,additive,2.1544346900318823e-05,0.001,20000,budget_exhausted,,2.192677491457902
3.0,2,additive,2.1544346900318823e-05,0.001,20000,budget_exhausted,,2.2671564828593227
3.0,3,additive,2.1544346900318823e-05,0.001,20000,budget_exhausted,,2.015925521427067
3.0,4,additive,2.1544346900318823e-05,0.001,20000,budget_exhausted,,2.133792593815836
3.0,5,additive,2.1544346900318823e-05,0.001,20000,budget_exhausted,,2.298255328097237
3.0,6,additive,2.1544346900318823e-05,0.001,20000,budget_exhausted,,2.175813369037708
3.0,7,additive,2.1544346900318823e-05,0.001,20000,budget_exhausted,,2.012522929248703
3.0,8,additive,2.1544346900318823e-05,0.001,20000,budget_exhausted,,1.908588534932195
3.0,9,additive,2.1544346900318823e-05,0.001,20000,budget_exhausted,,2.4311021558847634
3.0,10,additive,2.1544346900318823e-05,0.001,20000,budget_exhausted,,2.1519503388822825
3.0,11,additive,2.1544346900318823e-05,0.001,20000,budget_exhausted,,1.9345259246670483
3.0,12,additive,2.1544346900318823e-05,0.001,20000,budget_exhausted,,1.8550589739976902
3.0,13,additive,2.1544346900318823e-05,0.001,20000,budget_exhausted,,2.2140868986967295
3.0,14,additive,2.1544346900318823e-05,0.001,20000,budget_exhausted,,1.9891854605735764
3.0,15,additive,2.1544346900318823e-05,0.001,20000,budget_exhausted,,2.3619320387366782
3.0,16,additive,2.1544346900318823e-05,0.001,20000,budget_exhausted,,2.3716590236589936
3.0,17,additive,2.1544346900318823e-05,0.001,20000,budget_exhausted,,2.239863046412837
3.0,18,additive,2.1544346900318823e-05,0.001,20000,budget_exhausted,,2.2695348966646818
3.0,19,additive,2.1544346900318823e-05,0.001,20000,budget_exhausted,,2.2511291030024037
3.0,0,additive,4.641588833612782e-05,0.001,20000,budget_exhausted,,0.8811821352323911
3.0,1,additive,4.641588833612782e-05,0.001,20000,budget_exhausted,,0.8877331824902591
3.0,2,additive,4.641588833612782e-05,0.001,20000,budget_exhausted,,0.9679209494281977
3.0,3,additive,4.641588833612782e-05,0.001,20000,budget_exhausted,,0.8396824221710905
3.0,4,additive,4.641588833612782e-05,0.001,20000,budget_exhausted,,0.8592392574773395
3.0,5,additive,4.641588833612782e-05,0.001,20000,budget_exhausted,,0.9912240024084297
3.0,6,additive,4.641588833612782e-05,0.001,20000,budget_exhausted,,0.8906835117236039
3.0,7,additive,4.641588833612782e-05,0.001,20000,budget_exhausted,,0.8212612781271063
3.0,8,additive,4.641588833612782e-05,0.001,20000,budget_exhausted,,0.7513296674529851
3.0,9,additive,4.641588833612782e-05,0.001,20000,budget_exhausted,,1.0600206010466393
3.0,10,additive,4.641588833612782e-05,0.001,20000,budget_exhausted,,0.8880922336460068
3.0,11,additive,4.641588833612782e-05,0.001,20000,budget_exhausted,,0.7350595778453023
3.0,12,additive,4.641588833612782e-05,0.001,20000,budget_exhausted,,0.7309383223455298
3.0,13,additive,4.641588833612782e-05,0.001,20000,budget_exhausted,,0.9445570482078558
3.0,14,additive,4.641588833612782e-05,0.001,20000,budget_exhausted,,0.7878620320526996
3.0,15,additive,4.641588833612782e-05,0.001,20000,budget_exhausted,,1.0032857282167071
3.0,16,additive,4.641588833612782e-05,0.001,20000,budget_exhausted,,1.0225637018094544
3.0,17,additive,4.641588833612782e-05,0.001,20000,budget_exhausted,,0.9281115528554852
3.0,18,additive,4.641588833612782e-05,0.001,20000,budget_exhausted,,0.9584153548270509
3.0,19,additive,4.641588833612782e-05,0.001,20000,budget_exhausted,,0.9345037457383717
3.0,0,additive,0.0001,0.001,20000,budget_exhausted,,0.2503740842514104
3.0,1,additive,0.0001,0.001,20000,budget_exhausted,,0.23719653356993464
3.0,2,additive,0.0001,0.001,20000,budget_exhausted,,0.30726576625910546
3.0,3,additive,0.0001,0.001,20000,budget_exhausted,,0.2334754546116669
3.0,4,additive,0.0001,0.001,20000,budget_exhausted,,0.21873799815401557
3.0,5,additive,0.0001,0.001,20000,budget_exhausted,,0.3048724230209959
3.0,6,additive,0.0001,0.001,20000,budget_exhausted,,0.24205536725271143
3.0,7,additive,0.0001,0.001,20000,budget_exhausted,,0.21429985728939174
3.0,8,additive,0.0001,0.001,20000,budget_exhausted,,0.20313681693159213
3.0,9,additive,0.0001,0.001,20000,budget_exhausted,,0.31786420503026636
3.0,10,additive,0.0001,0.001,20000,budget_exhausted,,0.2619340695375917
3.0,11,additive,0.0001,0.001,20000,budget_exhausted,,0.1648153531268525
3.0,12,additive,0.0001,0.001,20000,budget_exhausted,,0.189706502046242
3.0,13,additive,0.0001,0.001,20000,budget_exhausted,,0.281814341356138
3.0,14,additive,0.0001,0.001,20000,budget_exhausted,,0.19633410728822
3.0,15,additive,0.0001,0.001,20000,budget_exhausted,,0.2792428977337951
3.0,16,additive,0.0001,0.001,20000,budget_exhausted,,0.30403523215088324
3.0,17,additive,0.0001,0.001,20000,budget_exhausted,,0.26289467089235724
3.0,18,additive,0.0001,0.001,20000,budget_exhausted,,0.2630438844158471
3.0,19,additive,0.0001,0.001,20000,budget_exhausted,,0.25028603642993524
3.0,0,additive,0.00021544346900318823,0.001,20000,budget_exhausted,,0.03673852330868702
3.0,1,additive,0.00021544346900318823,0.001,20000,budget_exhausted,,0.03310067268562071
3.0,2,additive,0.00021544346900318823,0.001,20000,budget_exhausted,,0.06451683970878352
3.0,3,additive,0.00021544346900318823,0.001,20000,budget_exhausted,,0.034029251901595135
3.0,4,additive,0.00021544346900318823,0.001,20000,budget_exhausted,,0.025056495531307843
3.0,5,additive,0.00021544346900318823,0.001,20000,budget_exhausted,,0.054020682980841624
3.0,6,additive,0.00021544346900318823,0.001,20000,budget_exhausted,,0.0371843691677295
3.0,7,additive,0.00021544346900318823,0.001,20000,budget_exhausted,,0.02523108833757099
3.0,8,additive,0.00021544346900318823,0.001,20000,budget_exhausted,,0.026981325214298815
3.0,9,additive,0.00021544346900318823,0.001,20000,budget_exhausted,,0.050243455326353784
3.0,10,additive,0.00021544346900318823,0.001,20000,budget_exhausted,,0.04905286845666046
3.0,11,additive,0.00021544346900318823,0.001,20000,budget_exhausted,,0.014645843551624628
3.0,12,additive,0.00021544346900318823,0.001,20000,budget_exhausted,,0.02630607304997747
3.0,13,additive,0.00021544346900318823,0.001,20000,budget_exhausted,,0.047052225939435435
3.0,14,additive,0.00021544346900318823,0.001,20000,budget_exhausted,,0.025925221659905153
3.0,15,additive,0.00021544346900318823,0.001,20000,budget_exhausted,,0.03626628809633637
3.0,16,additive,0.00021544346900318823,0.001,20000,budget_exhausted,,0.047884646565879506
3.0,17,additive,0.00021544346900318823,0.001,20000,budget_exhausted,,0.041892843985479995
3.0,18,additive,0.00021544346900318823,0.001,20000,budget_exhausted,,0.03326905521291604
3.0,19,additive,0.00021544346900318823,0.001,20000,budget_exhausted,,0.03386064427237178
3.0,0,additive,0.00046415888336127773,0.001,20000,budget_exhausted,,0.0012175539680692106
3.0,1,additive,0.00046415888336127773,0.001,20000,budget_exhausted,,0.0011126065725640393
3.0,2,additive,0.00046415888336127773,0.001,20000,budget_exhausted,,0.0050744853869233554
3.0,3,additive,0.00046415888336127773,0.001,20000,budget_exhausted,,0.0012193729508379724
3.0,4,additive,0.00046415888336127773,0.001,20000,converged,17888.0,0.0009998121593413705
3.0,5,additive,0.00046415888336127773,0.001,20000,budget_exhausted,,0.003476996031916258
3.0,6,additive,0.00046415888336127773,0.001,20000,budget_exhausted,,0.0015998974041019137
3.0,7,additive,0.00046415888336127773,0.001,20000,converged,18400.0,0.0009997949367561145
3.0,8,additive,0.00046415888336127773,0.001,20000,converged,18883.0,0.0009998938669285432
3.0,9,additive,0.00046415888336127773,0.001,20000,budget_exhausted,,0.0021800752562570066
3.0,10,additive,0.00046415888336127773,0.001,20000,budget_exhausted,,0.003053774377661679
3.0,11,additive,0.00046415888336127773,0.001,20000,converged,15679.0,0.0009999307473819267
3.0,12,additive,0.00046415888336127773,0.001,20000,converged,19429.0,0.0009998241460278735
3.0,13,additive,0.00046415888336127773,0.001,20000,budget_exhausted,,0.0023126046238125136
3.0,14,additive,0.00046415888336127773,0.001,20000,budget_exhausted,,0.0011420882697214495
3.0,15,additive,0.00046415888336127773,0.001,20000,converged,19832.0,0.0009998150099545058
3.0,16,additive,0.00046415888336127773,0.001,20000,budget_exhausted,,0.001836754581266999
3.0,17,additive,0.00046415888336127773,0.001,20000,budget_exhausted,,0.0022395006104798973
3.0,18,additive,0.00046415888336127773,0.001,20000,converged,19230.0,0.0009997617550983947
3.0,19,additive,0.00046415888336127773,0.001,20000,budget_exhausted,,0.001119797821520201
3.0,0,additive,0.001,0.001,20000,converged,9584.0,0.0009995959173800318
3.0,1,additive,0.001,0.001,20000,converged,9447.0,0.0009994785143783913
3.0,2,additive,0.001,0.001,20000,converged,12759.0,0.0009996855504326274
3.0,3,additive,0.001,0.001,20000,converged,9593.0,0.0009999210467676282
3.0,4,additive,0.001,0.001,20000,converged,8301.0,0.0009998563176565202
3.0,5,additive,0.001,0.001,20000,converged,11808.0,0.0009998273109968975
3.0,6,additive,0.001,0.001,20000,converged,10062.0,0.0009998321291824247
3.0,7,additive,0.001,0.001,20000,converged,8539.0,0.0009996237551555005
3.0,8,additive,0.001,0.001,20000,converged,8763.0,0.0009998469639458394
3.0,9,additive,0.001,0.001,20000,converged,10632.0,0.0009999657070306537
3.0,10,additive,0.001,0.001,20000,converged,11392.0,0.0009995479842994427
3.0,11,additive,0.001,0.001,20000,converged,7276.0,0.0009997184740063755
3.0,12,additive,0.001,0.001,20000,converged,9017.0,0.0009994400994024438
3.0,13,additive,0.001,0.001,20000,converged,10779.0,0.0009999474851235589
3.0,14,additive,0.001,0.001,20000,converged,9507.0,0.0009999175774379097
3.0,15,additive,0.001,0.001,20000,converged,9204.0,0.0009994063973304318
3.0,16,additive,0.001,0.001,20000,converged,10257.0,0.0009999906873913876
3.0,17,additive,0.001,0.001,20000,converged,10776.0,0.000999473421063757
3.0,18,additive,0.001,0.001,20000,converged,8924.0,0.0009997257414268408
3.0,19,additive,0.001,0.001,20000,converged,9457.0,0.000999598919949965
3.0,0,additive,0.002154434690031882,0.001,20000,converged,4447.0,0.000999210032371449
3.0,1,additive,0.002154434690031882,0.001,20000,converged,4383.0,0.0009997167936651387
3.0,2,additive,0.002154434690031882,0.001,20000,converged,5921.0,0.000999194429022235
3.0,3,additive,0.002154434690031882,0.001,20000,converged,4451.0,0.0009998321593440917
3.0,4,additive,0.002154434690031882,0.001,20000,converged,3852.0,0.0009984559180861653
3.0,5,additive,0.002154434690031882,0.001,20000,converged,5479.0,0.0009999594117026758
3.0,6,additive,0.002154434690031882,0.001,20000,converged,4669.0,0.000999367962184251
3.0,7,additive,0.002154434690031882,0.001,20000,converged,3962.0,0.0009991440918139805
3.0,8,additive,0.002154434690031882,0.001,20000,converged,4066.0,0.0009993021622615045
3.0,9,additive,0.002154434690031882,0.001,20000,converged,4934.0,0.0009989871817576545
3.0,10,additive,0.002154434690031882,0.001,20000,converged,5286.0,0.000999508270614045
3.0,11,additive,0.002154434690031882,0.001,20000,converged,3376.0,0.0009986444107266677
3.0,12,additive,0.002154434690031882,0.001,20000,converged,4184.0,0.0009988678244981998
3.0,13,additive,0.002154434690031882,0.001,20000,converged,5002.0,0.000999296430299209
3.0,14,additive,0.002154434690031882,0.001,20000,converged,4412.0,0.0009988416791512419
3.0,15,additive,0.002154434690031882,0.001,20000,converged,4270.0,0.0009998893709893865
3.0,16,additive,0.002154434690031882,0.001,20000,converged,4760.0,0.0009987574836100377
3.0,17,additive,0.002154434690031882,0.001,20000,converged,5000.0,0.0009996102344994723
3.0,18,additive,0.002154434690031882,0.001,20000,converged,4141.0,0.0009986714080669073
3.0,19,additive,0.002154434690031882,0.001,20000,converged,4388.0,0.0009993339295764668
3.0,0,additive,0.004641588833612777,0.001,20000,converged,2063.0,0.0009972169650704385
3.0,1,additive,0.004641588833612777,0.001,20000,converged,2033.0,0.0009987245090580848
3.0,2,additive,0.004641588833612777,0.001,20000,converged,2747.0,0.0009983093376384176
3.0,3,additive,0.004641588833612777,0.001,20000,converged,2065.0,0.0009975583685723813
3.0,4,additive,0.004641588833612777,0.001,20000,converged,1786.0,0.0009988939262581332
3.0,5,additive,0.004641588833612777,0.001,20000,converged,2542.0,0.0009987481670121966
3.0,6,additive,0.004641588833612777,0.001,20000,converged,2166.0,0.0009977839902088053
3.0,7,additive,0.004641588833612777,0.001,20000,converged,1837.0,0.0009999386419759155
3.0,8,additive,0.004641588833612777,0.001,20000,converged,1886.0,0.0009976145450626577
3.0,9,additive,0.004641588833612777,0.001,20000,converged,2289.0,0.0009974681917878985
3.0,10,additive,0.004641588833612777,0.001,20000,converged,2452.0,0.0009990442611098162
3.0,11,additive,0.004641588833612777,0.001,20000,converged,1565.0,0.0009994932004885018
3.0,12,additive,0.004641588833612777,0.001,20000,converged,1940.0,0.0009998648799178446
3.0,13,additive,0.004641588833612777,0.001,20000,converged,2320.0,0.0009993210560453728
3.0,14,additive,0.004641588833612777,0.001,20000,converged,2046.0,0.0009995590615523358
3.0,15,additive,0.004641588833612777,0.001,20000,converged,1981.0,0.0009972213925487823
3.0,16,additive,0.004641588833612777,0.001,20000,converged,2208.0,0.0009975924327529132
3.0,17,additive,0.004641588833612777,0.001,20000,converged,2319.0,0.0009999497267273883
3.0,18,additive,0.004641588833612777,0.001,20000,converged,1920.0,0.0009995382613350889
3.0,19,additive,0.004641588833612777,0.001,20000,converged,2035.0,0.0009992967527895026
3.0,0,additive,0.01,0.001,20000,converged,956.0,0.0009958080468506867
3.0,1,additive,0.01,0.001,20000,converged,942.0,0.0009980435021763655
3.0,2,additive,0.01,0.001,20000,converged,1273.0,0.0009998905079078731
3.0,3,additive,0.01,0.001,20000,converged,957.0,0.0009959351835495574
3.0,4,additive,0.01,0.001,20000,converged,828.0,0.0009924160156240508
3.0,5,additive,0.01,0.001,20000,converged,1178.0,0.000999860337785924
3.0,6,additive,0.01,0.001,20000,converged,1004.0,0.0009956255334394892
3.0,7,additive,0.01,0.001,20000,converged,851.0,0.0009991944181188277
3.0,8,additive,0.01,0.001,20000,converged,874.0,0.000994921257879268
3.0,9,additive,0.01,0.001,20000,converged,1061.0,0.0009958981277800594
3.0,10,additive,0.01,0.001,20000,converged,1137.0,0.0009957929741102425
3.0,11,additive,0.01,0.001,20000,converged,725.0,0.0009961286345695675
3.0,12,additive,0.01,0.001,20000,converged,899.0,0.0009981769155825715
3.0,13,additive,0.01,0.001,20000,converged,1076.0,0.0009945157888066316
3.0,14,additive,0.01,0.001,20000,converged,948.0,0.0009999215421276056
3.0,15,additive,0.01,0.001,20000,converged,918.0,0.0009951817902871338
3.0,16,additive,0.01,0.001,20000,converged,1023.0,0.0009979666606589172
3.0,17,additive,0.01,0.001,20000,converged,1075.0,0.0009984766913010668
3.0,18,additive,0.01,0.001,20000,converged,890.0,0.000994852842841909
3.0,19,additive,0.01,0.001,20000,converged,943.0,0.000998135309269027
3.0,0,additive,0.021544346900318822,0.001,20000,converged,442.0,0.00099519576474353
3.0,1,additive,0.021544346900318822,0.001,20000,converged,436.0,0.0009909934373586314
3.0,2,additive,0.021544346900318822,0.001,20000,negative prices,,
3.0,3,additive,0.021544346900318822,0.001,20000,converged,443.0,0.0009884601122417994
3.0,4,additive,0.021544346900318822,0.001,20000,converged,383.0,0.0009840300351223188
3.0,5,additive,0.021544346900318822,0.001,20000,converged,546.0,0.000990570360080246
3.0,6,additive,0.021544346900318822,0.001,20000,converged,464.0,0.0009993225068959228
3.0,7,additive,0.021544346900318822,0.001,20000,converged,394.0,0.0009872449747949084
3.0,8,additive,0.021544346900318822,0.001,20000,converged,404.0,0.0009932304651232235
3.0,9,additive,0.021544346900318822,0.001,20000,converged,491.0,0.0009926414173707001
3.0,10,additive,0.021544346900318822,0.001,20000,converged,526.0,0.0009959088849887294
3.0,11,additive,0.021544346900318822,0.001,20000,converged,335.0,0.0009908039412159116
3.0,12,additive,0.021544346900318822,0.001,20000,converged,416.0,0.0009917630354711266
3.0,13,additive,0.021544346900318822,0.001,20000,converged,498.0,0.0009911391089348855
3.0,14,additive,0.021544346900318822,0.001,20000,converged,439.0,0.00099245034722398
3.0,15,additive,0.021544346900318822,0.001,20000,converged,424.0,0.000999637692060227
3.0,16,additive,0.021544346900318822,0.001,20000,converged,473.0,0.0009983599358481883
3.0,17,additive,0.021544346900318822,0.001,20000,converged,498.0,0.0009905080448950356
3.0,18,additive,0.021544346900318822,0.001,20000,converged,411.0,0.000999108252607783
3.0,19,additive,0.021544346900318822,0.001,20000,converged,436.0,0.0009975211125759949
3.0,0,additive,0.046415888336127774,0.001,20000,negative prices,,
3.0,1,additive,0.046415888336127774,0.001,20000,converged,201.0,0.0009796720258067912
3.0,2,additive,0.046415888336127774,0.001,20000,negative prices,,
3.0,3,additive,0.046415888336127774,0.001,20000,converged,204.0,0.0009845613231692521
3.0,4,additive,0.046415888336127774,0.001,20000,converged,176.0,0.0009817658058342425
3.0,5,additive,0.046415888336127774,0.001,20000,budget_exhausted,,0.9034970059228237
3.0,6,additive,0.046415888336127774,0.001,20000,converged,214.0,0.0009890368609639822
3.0,7,additive,0.046415888336127774,0.001,20000,converged,181.0,0.0009907198914889045
3.0,8,additive,0.046415888336127774,0.001,20000,converged,186.0,0.0009841923925954295
3.0,9,additive,0.046415888336127774,0.001,20000,negative prices,,
3.0,10,additive,0.046415888336127774,0.001,20000,converged,243.0,0.0009813178469780348
3.0,11,additive,0.046415888336127774,0.001,20000,converged,154.0,0.0009780525831752408
3.0,12,additive,0.046415888336127774,0.001,20000,converged,192.0,0.0009719411264499584
3.0,13,additive,0.046415888336127774,0.001,20000,negative prices,,
3.0,14,additive,0.046415888336127774,0.001,20000,converged,202.0,0.000996554722575241
3.0,15,additive,0.046415888336127774,0.001,20000,converged,195.0,0.0009996280911848934
3.0,16,additive,0.046415888336127774,0.001,20000,converged,218.0,0.0009906944740069813
3.0,17,additive,0.046415888336127774,0.001,20000,converged,230.0,0.0009777219128084386
3.0,18,additive,0.046415888336127774,0.001,20000,converged,189.0,0.0009967646912587425
3.0,19,additive,0.046415888336127774,0.001,20000,converged,201.0,0.0009861150541302121
3.0,0,additive,0.1,0.001,20000,negative prices,,
3.0,1,additive,0.1,0.001,20000,negative prices,,
3.0,2,additive,0.1,0.001,20000,negative prices,,
3.0,3,additive,0.1,0.001,20000,negative prices,,
3.0,4,additive,0.1,0.001,20000,negative prices,,
3.0,5,additive,0.1,0.001,20000,negative prices,,
3.0,6,additive,0.1,0.001,20000,negative prices,,
3.0,7,additive,0.1,0.001,20000,converged,83.0,0.0009348437652134628
3.0,8,additive,0.1,0.001,20000,negative prices,,
3.0,9,additive,0.1,0.001,20000,negative prices,,
3.0,10,additive,0.1,0.001,20000,budget_exhausted,,0.5173212781963804
3.0,11,additive,0.1,0.001,20000,negative prices,,
3.0,12,additive,0.1,0.001,20000,converged,88.0,0.0009396138010338539
3.0,13,additive,0.1,0.001,20000,negative prices,,
3.0,14,additive,0.1,0.001,20000,negative prices,,
3.0,15,additive,0.1,0.001,20000,converged,110.0,0.0009904517730897678
3.0,16,additive,0.1,0.001,20000,converged,100.0,0.00095103881741135
3.0,17,additive,0.1,0.001,20000,negative prices,,
3.0,18,additive,0.1,0.001,20000,negative prices,,
3.0,19,additive,0.1,0.001,20000,negative prices,,
3.0,0,additive,0.21544346900318823,0.001,20000,negative prices,,
3.0,1,additive,0.21544346900318823,0.001,20000,negative prices,,
3.0,2,additive,0.21544346900318823,0.001,20000,negative prices,,
3.0,3,additive,0.21544346900318823,0.001,20000,negative prices,,
3.0,4,additive,0.21544346900318823,0.001,20000,negative prices,,
3.0,5,additive,0.21544346900318823,0.001,20000,negative prices,,
3.0,6,additive,0.21544346900318823,0.001,20000,negative prices,,
3.0,7,additive,0.21544346900318823,0.001,20000,negative prices,,
3.0,8,additive,0.21544346900318823,0.001,20000,negative prices,,
3.0,9,additive,0.21544346900318823,0.001,20000,negative prices,,
3.0,10,additive,0.21544346900318823,0.001,20000,negative prices,,
3.0,11,additive,0.21544346900318823,0.001,20000,negative prices,,
3.0,12,additive,0.21544346900318823,0.001,20000,negative prices,,
3.0,13,additive,0.21544346900318823,0.001,20000,negative prices,,
3.0,14,additive,0.21544346900318823,0.001,20000,negative prices,,
3.0,15,additive,0.21544346900318823,0.001,20000,negative prices,,
3.0,16,additive,0.21544346900318823,0.001,20000,negative prices,,
3.0,17,additive,0.21544346900318823,0.001,20000,negative prices,,
3.0,18,additive,0.21544346900318823,0.001,20000,negative prices,,
3.0,19,additive,0.21544346900318823,0.001,20000,negative prices,,
3.0,0,additive,0.46415888336127725,0.001,20000,negative prices,,
3.0,1,additive,0.46415888336127725,0.001,20000,negative prices,,
3.0,2,additive,0.46415888336127725,0.001,20000,negative prices,,
3.0,3,additive,0.46415888336127725,0.001,20000,negative prices,,
3.0,4,additive,0.46415888336127725,0.001,20000,negative prices,,
3.0,5,additive,0.46415888336127725,0.001,20000,negative prices,,
3.0,6,additive,0.46415888336127725,0.001,20000,negative prices,,
3.0,7,additive,0.46415888336127725,0.001,20000,negative prices,,
3.0,8,additive,0.46415888336127725,0.001,20000,negative prices,,
3.0,9,additive,0.46415888336127725,0.001,20000,negative prices,,
3.0,10,additive,0.46415888336127725,0.001,20000,negative prices,,
3.0,11,additive,0.46415888336127725,0.001,20000,negative prices,,
3.0,12,additive,0.46415888336127725,0.001,20000,negative prices,,
3.0,13,additive,0.46415888336127725,0.001,20000,negative prices,,
3.0,14,additive,0.46415888336127725,0.001,20000,negative prices,,
3.0,15,additive,0.46415888336127725,0.001,20000,negative prices,,
3.0,16,additive,0.46415888336127725,0.001,20000,negative prices,,
3.0,17,additive,0.46415888336127725,0.001,20000,negative prices,,
3.0,18,additive,0.46415888336127725,0.001,20000,negative prices,,
3.0,19,additive,0.46415888336127725,0.001,20000,negative prices,,
3.0,0,additive,1.0,0.001,20000,negative prices,,
3.0,1,additive,1.0,0.001,20000,negative prices,,
3.0,2,additive,1.0,0.001,20000,negative prices,,
3.0,3,additive,1.0,0.001,20000,negative prices,,
3.0,4,additive,1.0,0.001,20000,negative prices,,
3.0,5,additive,1.0,0.001,20000,negative prices,,
3.0,6,additive,1.0,0.001,20000,negative prices,,
3.0,7,additive,1.0,0.001,20000,negative prices,,
3.0,8,additive,1.0,0.001,20000,negative prices,,
3.0,9,additive,1.0,0.001,20000,negative prices,,
3.0,10,additive,1.0,0.001,20000,negative prices,,
3.0,11,additive,1.0,0.001,20000,negative prices,,
3.0,12,additive,1.0,0.001,20000,negative prices,,
3.0,13,additive,1.0,0.001,20000,negative prices,,
3.0,14,additive,1.0,0.001,20000,negative prices,,
3.0,15,additive,1.0,0.001,20000,negative prices,,
3.0,16,additive,1.0,0.001,20000,negative prices,,
3.0,17,additive,1.0,0.001,20000,negative prices,,
3.0,18,additive,1.0,0.001,20000,negative prices,,
3.0,19,additive,1.0,0.001,20000,negative prices,,
3.0,0,multiplicative,1e-05,0.001,20000,budget_exhausted,,6.077925383432187
3.0,1,multiplicative,1e-05,0.001,20000,budget_exhausted,,6.04967639801797
3.0,2,multiplicative,1e-05,0.001,20000,budget_exhausted,,6.88709523736997
3.0,3,multiplicative,1e-05,0.001,20000,budget_exhausted,,5.783832177710944
3.0,4,multiplicative,1e-05,0.001,20000,budget_exhausted,,5.899140244424373
3.0,5,multiplicative,1e-05,0.001,20000,budget_exhausted,,6.263938606110538
3.0,6,multiplicative,1e-05,0.001,20000,budget_exhausted,,6.121982615485296
3.0,7,multiplicative,1e-05,0.001,20000,budget_exhausted,,5.409478287768947
3.0,8,multiplicative,1e-05,0.001,20000,budget_exhausted,,6.324725504917427
3.0,9,multiplicative,1e-05,0.001,20000,budget_exhausted,,6.049026756398621
3.0,10,multiplicative,1e-05,0.001,20000,budget_exhausted,,5.66015813018871
3.0,11,multiplicative,1e-05,0.001,20000,budget_exhausted,,5.754964435600073
3.0,12,multiplicative,1e-05,0.001,20000,budget_exhausted,,5.269294566349501
3.0,13,multiplicative,1e-05,0.001,20000,budget_exhausted,,6.404667492806684
3.0,14,multiplicative,1e-05,0.001,20000,budget_exhausted,,6.318502076022033
3.0,15,multiplicative,1e-05,0.001,20000,budget_exhausted,,6.050230630266229
3.0,16,multiplicative,1e-05,0.001,20000,budget_exhausted,,6.00552639822325
3.0,17,multiplicative,1e-05,0.001,20000,budget_exhausted,,6.0882977139617225
3.0,18,multiplicative,1e-05,0.001,20000,budget_exhausted,,6.144739645112988
3.0,19,multiplicative,1e-05,0.001,20000,budget_exhausted,,6.0675797571836
3.0,0,multiplicative,2.1544346900318823e-05,0.001,20000,budget_exhausted,,5.41930588271035
3.0,1,multiplicative,2.1544346900318823e-05,0.001,20000,budget_exhausted,,5.391839073849058
3.0,2,multiplicative,2.1544346900318823e-05,0.001,20000,budget_exhausted,,5.952996967960576
3.0,3,multiplicative,2.1544346900318823e-05,0.001,20000,budget_exhausted,,5.134158807235978
3.0,4,multiplicative,2.1544346900318823e-05,0.001,20000,budget_exhausted,,5.24337118518436
3.0,5,multiplicative,2.1544346900318823e-05,0.001,20000,budget_exhausted,,5.596248235584318
3.0,6,multiplicative,2.1544346900318823e-05,0.001,20000,budget_exhausted,,5.4256347120608925
3.0,7,multiplicative,2.1544346900318823e-05,0.001,20000,budget_exhausted,,4.8465983840961
3.0,8,multiplicative,2.1544346900318823e-05,0.001,20000,budget_exhausted,,5.578255894588918
3.0,9,multiplicative,2.1544346900318823e-05,0.001,20000,budget_exhausted,,5.395970520912901
3.0,10,multiplicative,2.1544346900318823e-05,0.001,20000,budget_exhausted,,5.06202076002511
3.0,11,multiplicative,2.1544346900318823e-05,0.001,20000,budget_exhausted,,5.14534153600292
3.0,12,multiplicative,2.1544346900318823e-05,0.001,20000,budget_exhausted,,4.690258855015616
3.0,13,multiplicative,2.1544346900318823e-05,0.001,20000,budget_exhausted,,5.655746739974304
3.0,14,multiplicative,2.1544346900318823e-05,0.001,20000,budget_exhausted,,5.605747111276318
3.0,15,multiplicative,2.1544346900318823e-05,0.001,20000,budget_exhausted,,5.371498784673777
3.0,16,multiplicative,2.1544346900318823e-05,0.001,20000,budget_exhausted,,5.372684217246533
3.0,17,multiplicative,2.1544346900318823e-05,0.001,20000,budget_exhausted,,5.396393684404569
3.0,18,multiplicative,2.1544346900318823e-05,0.001,20000,budget_exhausted,,5.4404135594863545
3.0,19,multiplicative,2.1544346900318823e-05,0.001,20000,budget_exhausted,,5.401940701184432
3.0,0,multiplicative,4.641588833612782e-05,0.001,20000,budget_exhausted,,4.232910808587619
3.0,1,multiplicative,4.641588833612782e-05,0.001,20000,budget_exhausted,,4.202256009856066
3.0,2,multiplicative,4.641588833612782e-05,0.001,20000,budget_exhausted,,4.422565753906646
3.0,3,multiplicative,4.641588833612782e-05,0.001,20000,budget_exhausted,,3.989954613980677
3.0,4,multiplicative,4.641588833612782e-05,0.001,20000,budget_exhausted,,4.069028569211431
3.0,5,multiplicative,4.641588833612782e-05,0.001,20000,budget_exhausted,,4.378670056656776
3.0,6,multiplicative,4.641588833612782e-05,0.001,20000,budget_exhausted,,4.2129674490949425
3.0,7,multiplicative,4.641588833612782e-05,0.001,20000,budget_exhausted,,3.8295458835395286
3.0,8,multiplicative,4.641588833612782e-05,0.001,20000,budget_exhausted,,4.2856785407908955
3.0,9,multiplicative,4.641588833612782e-05,0.001,20000,budget_exhausted,,4.2187874796639475
3.0,10,multiplicative,4.641588833612782e-05,0.001,20000,budget_exhausted,,3.9782146029533605
3.0,11,multiplicative,4.641588833612782e-05,0.001,20000,budget_exhausted,,4.050603355871911
3.0,12,multiplicative,4.641588833612782e-05,0.001,20000,budget_exhausted,,3.6524378131863884
3.0,13,multiplicative,4.641588833612782e-05,0.001,20000,budget_exhausted,,4.3340481768938695
3.0,14,multiplicative,4.641588833612782e-05,0.001,20000,budget_exhausted,,4.354642357717828
3.0,15,multiplicative,4.641588833612782e-05,0.001,20000,budget_exhausted,,4.180132338651285
3.0,16,multiplicative,4.641588833612782e-05,0.001,20000,budget_exhausted,,4.230860579183806
3.0,17,multiplicative,4.641588833612782e-05,0.001,20000,budget_exhausted,,4.176322318986051
3.0,18,multiplicative,4.641588833612782e-05,0.001,20000,budget_exhausted,,4.202807401872624
3.0,19,multiplicative,4.641588833612782e-05,0.001,20000,budget_exhausted,,4.203109477339457
3.0,0,multiplicative,0.0001,0.001,20000,budget_exhausted,,2.5250525142264095
3.0,1,multiplicative,0.0001,0.001,20000,budget_exhausted,,2.477511673637683
3.0,2,multiplicative,0.0001,0.001,20000,budget_exhausted,,2.5144405781766617
3.0,3,multiplicative,0.0001,0.001,20000,budget_exhausted,,2.3704973074585958
3.0,4,multiplicative,0.0001,0.001,20000,budget_exhausted,,2.4000712186202007
3.0,5,multiplicative,0.0001,0.001,20000,budget_exhausted,,2.6121866763069965
3.0,6,multiplicative,0.0001,0.001,20000,budget_exhausted,,2.5004725094042533
3.0,7,multiplicative,0.0001,0.001,20000,budget_exhausted,,2.3142829041454194
3.0,8,multiplicative,0.0001,0.001,20000,budget_exhausted,,2.5064756445559646
3.0,9,multiplicative,0.0001,0.001,20000,budget_exhausted,,2.5264885956084133
3.0,10,multiplicative,0.0001,0.001,20000,budget_exhausted,,2.3789494684798753
3.0,11,multiplicative,0.0001,0.001,20000,budget_exhausted,,2.4383320571904052
3.0,12,multiplicative,0.0001,0.001,20000,budget_exhausted,,2.1518496919901264
3.0,13,multiplicative,0.0001,0.001,20000,budget_exhausted,,2.522401133492915
3.0,14,multiplicative,0.0001,0.001,20000,budget_exhausted,,2.5786733564731197
3.0,15,multiplicative,0.0001,0.001,20000,budget_exhausted,,2.4816647091553
3.0,16,multiplicative,0.0001,0.001,20000,budget_exhausted,,2.5475570332633426
3.0,17,multiplicative,0.0001,0.001,20000,budget_exhausted,,2.449217711228527
3.0,18,multiplicative,0.0001,0.001,20000,budget_exhausted,,2.4630643850051044
3.0,19,multiplicative,0.0001,0.001,20000,budget_exhausted,,2.489808394301268
3.0,0,multiplicative,0.00021544346900318823,0.001,20000,budget_exhausted,,0.8606609162933978
3.0,1,multiplicative,0.00021544346900318823,0.001,20000,budget_exhausted,,0.8214717260192631
3.0,2,multiplicative,0.00021544346900318823,0.001,20000,budget_exhausted,,0.8200774550067614
3.0,3,multiplicative,0.00021544346900318823,0.001,20000,budget_exhausted,,0.8001145967190768
3.0,4,multiplicative,0.00021544346900318823,0.001,20000,budget_exhausted,,0.8015096553231391
3.0,5,multiplicative,0.00021544346900318823,0.001,20000,budget_exhausted,,0.892607592550376
3.0,6,multiplicative,0.00021544346900318823,0.001,20000,budget_exhausted,,0.8392688019905489
3.0,7,multiplicative,0.00021544346900318823,0.001,20000,budget_exhausted,,0.784009900053943
3.0,8,multiplicative,0.00021544346900318823,0.001,20000,budget_exhausted,,0.8389009663260292
3.0,9,multiplicative,0.00021544346900318823,0.001,20000,budget_exhausted,,0.863084581161833
3.0,10,multiplicative,0.00021544346900318823,0.001,20000,budget_exhausted,,0.79890447792549
3.0,11,multiplicative,0.00021544346900318823,0.001,20000,budget_exhausted,,0.8311197048238115
3.0,12,multiplicative,0.00021544346900318823,0.001,20000,budget_exhausted,,0.7062125936797624
3.0,13,multiplicative,0.00021544346900318823,0.001,20000,budget_exhausted,,0.834296188115062
3.0,14,multiplicative,0.00021544346900318823,0.001,20000,budget_exhausted,,0.8666572926324623
3.0,15,multiplicative,0.00021544346900318823,0.001,20000,budget_exhausted,,0.8348319414887749
3.0,16,multiplicative,0.00021544346900318823,0.001,20000,budget_exhausted,,0.8734375251482904
3.0,17,multiplicative,0.00021544346900318823,0.001,20000,budget_exhausted,,0.8039417721959712
3.0,18,multiplicative,0.00021544346900318823,0.001,20000,budget_exhausted,,0.8115062329167796
3.0,19,multiplicative,0.00021544346900318823,0.001,20000,budget_exhausted,,0.8323432097753345
3.0,0,multiplicative,0.00046415888336127773,0.001,20000,budget_exhausted,,0.09295685472430186
3.0,1,multiplicative,0.00046415888336127773,0.001,20000,budget_exhausted,,0.08298282132403476
3.0,2,multiplicative,0.00046415888336127773,0.001,20000,budget_exhausted,,0.08084216322759373
3.0,3,multiplicative,0.00046415888336127773,0.001,20000,budget_exhausted,,0.08165904618750948
3.0,4,multiplicative,0.00046415888336127773,0.001,20000,budget_exhausted,,0.08118939437950477
3.0,5,multiplicative,0.00046415888336127773,0.001,20000,budget_exhausted,,0.09637122270832965
3.0,6,multiplicative,0.00046415888336127773,0.001,20000,budget_exhausted,,0.08504137730151898
3.0,7,multiplicative,0.00046415888336127773,0.001,20000,budget_exhausted,,0.07812243776868567
3.0,8,multiplicative,0.00046415888336127773,0.001,20000,budget_exhausted,,0.08873838749369242
3.0,9,multiplicative,0.00046415888336127773,0.001,20000,budget_exhausted,,0.09276401992032728
3.0,10,multiplicative,0.00046415888336127773,0.001,20000,budget_exhausted,,0.08033287180735851
3.0,11,multiplicative,0.00046415888336127773,0.001,20000,budget_exhausted,,0.08850181839662563
3.0,12,multiplicative,0.00046415888336127773,0.001,20000,budget_exhausted,,0.06738558449132197
3.0,13,multiplicative,0.00046415888336127773,0.001,20000,budget_exhausted,,0.08309482400042528
3.0,14,multiplicative,0.00046415888336127773,0.001,20000,budget_exhausted,,0.09060193399156635
3.0,15,multiplicative,0.00046415888336127773,0.001,20000,budget_exhausted,,0.08561414366276422
3.0,16,multiplicative,0.00046415888336127773,0.001,20000,budget_exhausted,,0.09533855477811344
3.0,17,multiplicative,0.00046415888336127773,0.001,20000,budget_exhausted,,0.07705269444182197
3.0,18,multiplicative,0.00046415888336127773,0.001,20000,budget_exhausted,,0.07915404547394862
3.0,19,multiplicative,0.00046415888336127773,0.001,20000,budget_exhausted,,0.08347148561389262
3.0,0,multiplicative,0.001,0.001,20000,budget_exhausted,,0.0013236359728431661
3.0,1,multiplicative,0.001,0.001,20000,converged,19647.0,0.0009999379818321546
3.0,2,multiplicative,0.001,0.001,20000,converged,19360.0,0.0009998503276116629
3.0,3,multiplicative,0.001,0.001,20000,converged,19688.0,0.0009999310858616918
3.0,4,multiplicative,0.001,0.001,20000,converged,19570.0,0.0009996302939945063
3.0,5,multiplicative,0.001,0.001,20000,budget_exhausted,,0.0012104825932308086
3.0,6,multiplicative,0.001,0.001,20000,converged,19882.0,0.0009998145000821225
3.0,7,multiplicative,0.001,0.001,20000,converged,19355.0,0.0009997079657726195
3.0,8,multiplicative,0.001,0.001,20000,budget_exhausted,,0.001122446085802222
3.0,9,multiplicative,0.001,0.001,20000,budget_exhausted,,0.0012786114885386386
3.0,10,multiplicative,0.001,0.001,20000,converged,19513.0,0.0009999839991096308
3.0,11,multiplicative,0.001,0.001,20000,budget_exhausted,,0.0011465381033012652
3.0,12,multiplicative,0.001,0.001,20000,converged,18777.0,0.000999889070930551
3.0,13,multiplicative,0.001,0.001,20000,converged,19504.0,0.0009997363877733065
3.0,14,multiplicative,0.001,0.001,20000,budget_exhausted,,0.0011988687173944469
3.0,15,multiplicative,0.001,0.001,20000,converged,19732.0,0.0009996868531183072
3.0,16,multiplicative,0.001,0.001,20000,budget_exhausted,,0.0014031441545518937
3.0,17,multiplicative,0.001,0.001,20000,converged,19032.0,0.000999716952672522
3.0,18,multiplicative,0.001,0.001,20000,converged,19269.0,0.0009997543462451168
3.0,19,multiplicative,0.001,0.001,20000,converged,19538.0,0.000999973226858961
3.0,0,multiplicative,0.002154434690031882,0.001,20000,converged,9636.0,0.0009992143130696676
3.0,1,multiplicative,0.002154434690031882,0.001,20000,converged,9118.0,0.000999203555794488
3.0,2,multiplicative,0.002154434690031882,0.001,20000,converged,8984.0,0.0009997873159420816
3.0,3,multiplicative,0.002154434690031882,0.001,20000,converged,9137.0,0.0009992573175795218
3.0,4,multiplicative,0.002154434690031882,0.001,20000,converged,9081.0,0.0009999994501981037
3.0,5,multiplicative,0.002154434690031882,0.001,20000,converged,9511.0,0.000999950241681221
3.0,6,multiplicative,0.002154434690031882,0.001,20000,converged,9227.0,0.000999234643836608
3.0,7,multiplicative,0.002154434690031882,0.001,20000,converged,8982.0,0.0009994166909297168
3.0,8,multiplicative,0.002154434690031882,0.001,20000,converged,9421.0,0.0009999612682852926
3.0,9,multiplicative,0.002154434690031882,0.001,20000,converged,9590.0,0.0009992107045521783
3.0,10,multiplicative,0.002154434690031882,0.001,20000,converged,9056.0,0.0009991658219478537
3.0,11,multiplicative,0.002154434690031882,0.001,20000,converged,9449.0,0.0009992704093703517
3.0,12,multiplicative,0.002154434690031882,0.001,20000,converged,8714.0,0.000999321074308859
3.0,13,multiplicative,0.002154434690031882,0.001,20000,converged,9051.0,0.000999528322237182
3.0,14,multiplicative,0.002154434690031882,0.001,20000,converged,9507.0,0.000999708742048183
3.0,15,multiplicative,0.002154434690031882,0.001,20000,converged,9157.0,0.0009993283136328394
3.0,16,multiplicative,0.002154434690031882,0.001,20000,converged,9710.0,0.0009996087388113855
3.0,17,multiplicative,0.002154434690031882,0.001,20000,converged,8832.0,0.0009994374914955996
3.0,18,multiplicative,0.002154434690031882,0.001,20000,converged,8942.0,0.0009994640765906124
3.0,19,multiplicative,0.002154434690031882,0.001,20000,converged,9067.0,0.0009995555079997504
3.0,0,multiplicative,0.004641588833612777,0.001,20000,converged,4471.0,0.0009985407202669364
3.0,1,multiplicative,0.004641588833612777,0.001,20000,converged,4230.0,0.0009992619885860166
3.0,2,multiplicative,0.004641588833612777,0.001,20000,converged,4168.0,0.0009994336305907065
3.0,3,multiplicative,0.004641588833612777,0.001,20000,converged,4239.0,0.0009990295443870552
3.0,4,multiplicative,0.004641588833612777,0.001,20000,converged,4213.0,0.000999733117242036
3.0,5,multiplicative,0.004641588833612777,0.001,20000,converged,4413.0,0.0009989515786663276
3.0,6,multiplicative,0.004641588833612777,0.001,20000,converged,4281.0,0.000998689264695928
3.0,7,multiplicative,0.004641588833612777,0.001,20000,converged,4167.0,0.0009993226952163784
3.0,8,multiplicative,0.004641588833612777,0.001,20000,converged,4371.0,0.0009994714360865545
3.0,9,multiplicative,0.004641588833612777,0.001,20000,converged,4449.0,0.0009995699350188502
3.0,10,multiplicative,0.004641588833612777,0.001,20000,converged,4201.0,0.0009998478020668007
3.0,11,multiplicative,0.004641588833612777,0.001,20000,converged,4384.0,0.000998759414495314
3.0,12,multiplicative,0.004641588833612777,0.001,20000,converged,4043.0,0.0009984284185193366
3.0,13,multiplicative,0.004641588833612777,0.001,20000,converged,4199.0,0.0009993619738547781
3.0,14,multiplicative,0.004641588833612777,0.001,20000,converged,4411.0,0.0009991279252040415
3.0,15,multiplicative,0.004641588833612777,0.001,20000,converged,4248.0,0.0009995360081612185
3.0,16,multiplicative,0.004641588833612777,0.001,20000,converged,4505.0,0.0009994804897661227
3.0,17,multiplicative,0.004641588833612777,0.001,20000,converged,4097.0,0.00099998268536928
3.0,18,multiplicative,0.004641588833612777,0.001,20000,converged,4149.0,0.000998126964269129
3.0,19,multiplicative,0.004641588833612777,0.001,20000,converged,4207.0,0.0009982586645980662
3.0,0,multiplicative,0.01,0.001,20000,converged,2073.0,0.0009993577332605863
3.0,1,multiplicative,0.01,0.001,20000,converged,1962.0,0.0009961062173646112
3.0,2,multiplicative,0.01,0.001,20000,converged,1933.0,0.0009970498048168953
3.0,3,multiplicative,0.01,0.001,20000,converged,1966.0,0.000996737644325235
3.0,4,multiplicative,0.01,0.001,20000,converged,1954.0,0.0009970223548889157
3.0,5,multiplicative,0.01,0.001,20000,converged,2046.0,0.000999560959140092
3.0,6,multiplicative,0.01,0.001,20000,converged,1985.0,0.0009985714443075436
3.0,7,multiplicative,0.01,0.001,20000,converged,1932.0,0.0009994266735189618
3.0,8,multiplicative,0.01,0.001,20000,converged,2027.0,0.000998404911752152
3.0,9,multiplicative,0.01,0.001,20000,converged,2063.0,0.000999453044625803
3.0,10,multiplicative,0.01,0.001,20000,converged,1948.0,0.0009993105409467804
3.0,11,multiplicative,0.01,0.001,20000,converged,2033.0,0.000997789699881307
3.0,12,multiplicative,0.01,0.001,20000,converged,1875.0,0.0009961419002537894
3.0,13,multiplicative,0.01,0.001,20000,converged,1947.0,0.0009985927991894188
3.0,14,multiplicative,0.01,0.001,20000,converged,2046.0,0.00099655983590695
3.0,15,multiplicative,0.01,0.001,20000,converged,1970.0,0.0009977207374278843
3.0,16,multiplicative,0.01,0.001,20000,converged,2089.0,0.0009993962732616254
3.0,17,multiplicative,0.01,0.001,20000,converged,1900.0,0.000997774988618121
3.0,18,multiplicative,0.01,0.001,20000,converged,1924.0,0.0009964354733353333
3.0,19,multiplicative,0.01,0.001,20000,converged,1951.0,0.000996235897527937
3.0,0,multiplicative,0.021544346900318822,0.001,20000,converged,961.0,0.0009928055916647825
3.0,1,multiplicative,0.021544346900318822,0.001,20000,converged,909.0,0.0009918171850153991
3.0,2,multiplicative,0.021544346900318822,0.001,20000,converged,895.0,0.000997341846906059
3.0,3,multiplicative,0.021544346900318822,0.001,20000,converged,911.0,0.0009915132468946214
3.0,4,multiplicative,0.021544346900318822,0.001,20000,converged,905.0,0.000995241284614381
3.0,5,multiplicative,0.021544346900318822,0.001,20000,converged,948.0,0.000995355375254224
3.0,6,multiplicative,0.021544346900318822,0.001,20000,converged,920.0,0.0009923370970361216
3.0,7,multiplicative,0.021544346900318822,0.001,20000,converged,895.0,0.0009961387527004351
3.0,8,multiplicative,0.021544346900318822,0.001,20000,converged,939.0,0.0009961924321382199
3.0,9,multiplicative,0.021544346900318822,0.001,20000,converged,956.0,0.0009953481939873998
3.0,10,multiplicative,0.021544346900318822,0.001,20000,converged,903.0,0.0009915664137007834
3.0,11,multiplicative,0.021544346900318822,0.001,20000,converged,942.0,0.0009937520007431324
3.0,12,multiplicative,0.021544346900318822,0.001,20000,converged,868.0,0.0009975947206969941
3.0,13,multiplicative,0.021544346900318822,0.001,20000,converged,902.0,0.0009943835729029024
3.0,14,multiplicative,0.021544346900318822,0.001,20000,converged,948.0,0.0009931379955989902
3.0,15,multiplicative,0.021544346900318822,0.001,20000,converged,912.0,0.0009994590986403245
3.0,16,multiplicative,0.021544346900318822,0.001,20000,converged,968.0,0.0009959895429277204
3.0,17,multiplicative,0.021544346900318822,0.001,20000,converged,880.0,0.0009952461871914255
3.0,18,multiplicative,0.021544346900318822,0.001,20000,converged,891.0,0.000994986183597912
3.0,19,multiplicative,0.021544346900318822,0.001,20000,converged,903.0,0.000999469018624765
3.0,0,multiplicative,0.046415888336127774,0.001,20000,converged,444.0,0.0009931817920147505
3.0,1,multiplicative,0.046415888336127774,0.001,20000,converged,420.0,0.0009870547897829734
3.0,2,multiplicative,0.046415888336127774,0.001,20000,converged,414.0,0.000982598209036708
3.0,3,multiplicative,0.046415888336127774,0.001,20000,converged,421.0,0.0009859936304347054
3.0,4,multiplicative,0.046415888336127774,0.001,20000,converged,418.0,0.0009931881954269616
3.0,5,multiplicative,0.046415888336127774,0.001,20000,converged,438.0,0.0009925517728235145
3.0,6,multiplicative,0.046415888336127774,0.001,20000,converged,425.0,0.0009910487579734859
3.0,7,multiplicative,0.046415888336127774,0.001,20000,converged,414.0,0.0009827062601090162
3.0,8,multiplicative,0.046415888336127774,0.001,20000,converged,434.0,0.0009912918189942947
3.0,9,multiplicative,0.046415888336127774,0.001,20000,converged,442.0,0.0009894818254989983
3.0,10,multiplicative,0.046415888336127774,0.001,20000,converged,417.0,0.000992894052169705
3.0,11,multiplicative,0.046415888336127774,0.001,20000,converged,435.0,0.00099559735711733
3.0,12,multiplicative,0.046415888336127774,0.001,20000,converged,401.0,0.0009927052064218219
3.0,13,multiplicative,0.046415888336127774,0.001,20000,converged,417.0,0.0009844139184819972
3.0,14,multiplicative,0.046415888336127774,0.001,20000,converged,438.0,0.0009918125252552732
3.0,15,multiplicative,0.046415888336127774,0.001,20000,converged,422.0,0.000982797620265715
3.0,16,multiplicative,0.046415888336127774,0.001,20000,converged,448.0,0.0009831845616240752
3.0,17,multiplicative,0.046415888336127774,0.001,20000,converged,407.0,0.0009810829713590222
3.0,18,multiplicative,0.046415888336127774,0.001,20000,converged,412.0,0.0009826792376398143
3.0,19,multiplicative,0.046415888336127774,0.001,20000,converged,417.0,0.0009980024748667694
3.0,0,multiplicative,0.1,0.001,20000,converged,204.0,0.0009950009931194341
3.0,1,multiplicative,0.1,0.001,20000,converged,193.0,0.000977660564523405
3.0,2,multiplicative,0.1,0.001,20000,converged,190.0,0.0009814643246719792
3.0,3,multiplicative,0.1,0.001,20000,converged,193.0,0.0009963892510154507
3.0,4,multiplicative,0.1,0.001,20000,converged,192.0,0.0009866881190986531
3.0,5,multiplicative,0.1,0.001,20000,converged,201.0,0.0009970630542953244
3.0,6,multiplicative,0.1,0.001,20000,converged,195.0,0.000997683557784189
3.0,7,multiplicative,0.1,0.001,20000,converged,190.0,0.0009837777621513491
3.0,8,multiplicative,0.1,0.001,20000,converged,200.0,0.0009653836307267885
3.0,9,multiplicative,0.1,0.001,20000,converged,203.0,0.0009922181858135143
3.0,10,multiplicative,0.1,0.001,20000,converged,192.0,0.0009720562103143796
3.0,11,multiplicative,0.1,0.001,20000,converged,200.0,0.0009868555788425468
3.0,12,multiplicative,0.1,0.001,20000,converged,184.0,0.0009920713315427366
3.0,13,multiplicative,0.1,0.001,20000,converged,191.0,0.0009992379793622513
3.0,14,multiplicative,0.1,0.001,20000,converged,201.0,0.0009992314117214698
3.0,15,multiplicative,0.1,0.001,20000,converged,194.0,0.0009694336938315706
3.0,16,multiplicative,0.1,0.001,20000,converged,206.0,0.0009785487763714206
3.0,17,multiplicative,0.1,0.001,20000,converged,187.0,0.000969655736840543
3.0,18,multiplicative,0.1,0.001,20000,converged,189.0,0.0009835654429248045
3.0,19,multiplicative,0.1,0.001,20000,converged,192.0,0.000970680964135832
3.0,0,multiplicative,0.21544346900318823,0.001,20000,converged,93.0,0.0009666515953053018
3.0,1,multiplicative,0.21544346900318823,0.001,20000,converged,88.0,0.0009255003889139472
3.0,2,multiplicative,0.21544346900318823,0.001,20000,converged,86.0,0.000981609220777617
3.0,3,multiplicative,0.21544346900318823,0.001,20000,converged,88.0,0.0009464165840918826
3.0,4,multiplicative,0.21544346900318823,0.001,20000,converged,87.0,0.000980442300525939
3.0,5,multiplicative,0.21544346900318823,0.001,20000,converged,92.0,0.000922902239141565
3.0,6,multiplicative,0.21544346900318823,0.001,20000,converged,89.0,0.0009474972731692654
3.0,7,multiplicative,0.21544346900318823,0.001,20000,converged,86.0,0.0009878822744298376
3.0,8,multiplicative,0.21544346900318823,0.001,20000,converged,91.0,0.0009401036248731712
3.0,9,multiplicative,0.21544346900318823,0.001,20000,converged,93.0,0.0009237963467033198
3.0,10,multiplicative,0.21544346900318823,0.001,20000,converged,87.0,0.000976189231404432
3.0,11,multiplicative,0.21544346900318823,0.001,20000,converged,91.0,0.000960494071278113
3.0,12,multiplicative,0.21544346900318823,0.001,20000,converged,84.0,0.0009252260001051383
3.0,13,multiplicative,0.21544346900318823,0.001,20000,converged,87.0,0.0009498431158470996
3.0,14,multiplicative,0.21544346900318823,0.001,20000,converged,92.0,0.0009339046088229263
3.0,15,multiplicative,0.21544346900318823,0.001,20000,converged,88.0,0.0009541615192993094
3.0,16,multiplicative,0.21544346900318823,0.001,20000,converged,94.0,0.0009421242602088458
3.0,17,multiplicative,0.21544346900318823,0.001,20000,converged,85.0,0.0009342804814853949
3.0,18,multiplicative,0.21544346900318823,0.001,20000,converged,86.0,0.000939510848097702
3.0,19,multiplicative,0.21544346900318823,0.001,20000,converged,87.0,0.0009602964631808286
3.0,0,multiplicative,0.46415888336127725,0.001,20000,converged,41.0,0.0009835004154117822
3.0,1,multiplicative,0.46415888336127725,0.001,20000,converged,39.0,0.0008574736729096015
3.0,2,multiplicative,0.46415888336127725,0.001,20000,negative prices,,
3.0,3,multiplicative,0.46415888336127725,0.001,20000,converged,39.0,0.0008822546922610406
3.0,4,multiplicative,0.46415888336127725,0.001,20000,converged,39.0,0.0008281599957703404
3.0,5,multiplicative,0.46415888336127725,0.001,20000,converged,41.0,0.0008294665146387209
3.0,6,multiplicative,0.46415888336127725,0.001,20000,converged,39.0,0.000982658168204051
3.0,7,multiplicative,0.46415888336127725,0.001,20000,converged,38.0,0.0009387486439033824
3.0,8,multiplicative,0.46415888336127725,0.001,20000,converged,40.0,0.0009511721770577174
3.0,9,multiplicative,0.46415888336127725,0.001,20000,negative prices,,
3.0,10,multiplicative,0.46415888336127725,0.001,20000,converged,39.0,0.0008480068470962463
3.0,11,multiplicative,0.46415888336127725,0.001,20000,converged,40.0,0.000969647321115334
3.0,12,multiplicative,0.46415888336127725,0.001,20000,converged,37.0,0.000890373293925769
3.0,13,multiplicative,0.46415888336127725,0.001,20000,converged,38.0,0.0009701856850143096
3.0,14,multiplicative,0.46415888336127725,0.001,20000,converged,41.0,0.0008586656785159841
3.0,15,multiplicative,0.46415888336127725,0.001,20000,converged,39.0,0.0008778097160002724
3.0,16,multiplicative,0.46415888336127725,0.001,20000,converged,42.0,0.0008617699319359033
3.0,17,multiplicative,0.46415888336127725,0.001,20000,converged,37.0,0.000985483937453245
3.0,18,multiplicative,0.46415888336127725,0.001,20000,converged,38.0,0.0008759586636950324
3.0,19,multiplicative,0.46415888336127725,0.001,20000,converged,38.0,0.0009832391295505837
3.0,0,multiplicative,1.0,0.001,20000,negative prices,,
3.0,1,multiplicative,1.0,0.001,20000,negative prices,,
3.0,2,multiplicative,1.0,0.001,20000,negative prices,,
3.0,3,multiplicative,1.0,0.001,20000,negative prices,,
3.0,4,multiplicative,1.0,0.001,20000,negative prices,,
3.0,5,multiplicative,1.0,0.001,20000,negative prices,,
3.0,6,multiplicative,1.0,0.001,20000,negative prices,,
3.0,7,multiplicative,1.0,0.001,20000,negative prices,,
3.0,8,multiplicative,1.0,0.001,20000,negative prices,,
3.0,9,multiplicative,1.0,0.001,20000,negative prices,,
3.0,10,multiplicative,1.0,0.001,20000,negative prices,,
3.0,11,multiplicative,1.0,0.001,20000,negative prices,,
3.0,12,multiplicative,1.0,0.001,20000,negative prices,,
3.0,13,multiplicative,1.0,0.001,20000,negative prices,,
3.0,14,multiplicative,1.0,0.001,20000,negative prices,,
3.0,15,multiplicative,1.0,0.001,20000,negative prices,,
3.0,16,multiplicative,1.0,0.001,20000,negative prices,,
3.0,17,multiplicative,1.0,0.001,20000,negative prices,,
3.0,18,multiplicative,1.0,0.001,20000,negative prices,,
3.0,19,multiplicative,1.0,0.001,20000,negative prices,,
5.0,0,additive,1e-05,0.001,20000,budget_exhausted,,3.73090187133218
5.0,1,additive,1e-05,0.001,20000,budget_exhausted,,3.7850161753465192
5.0,2,additive,1e-05,0.001,20000,budget_exhausted,,3.75328959392559
5.0,3,additive,1e-05,0.001,20000,budget_exhausted,,3.537508112599937
5.0,4,additive,1e-05,0.001,20000,budget_exhausted,,3.677604475763211
5.0,5,additive,1e-05,0.001,20000,budget_exhausted,,3.876973538778927
5.0,6,additive,1e-05,0.001,20000,budget_exhausted,,3.73649691060103
5.0,7,additive,1e-05,0.001,20000,budget_exhausted,,3.450983930647024
5.0,8,additive,1e-05,0.001,20000,budget_exhausted,,3.692692388367578
5.0,9,additive,1e-05,0.001,20000,budget_exhausted,,3.8787228676347074
5.0,10,additive,1e-05,0.001,20000,budget_exhausted,,3.6099606374024256
5.0,11,additive,1e-05,0.001,20000,budget_exhausted,,3.532321402577348
5.0,12,additive,1e-05,0.001,20000,budget_exhausted,,3.2688324882987034
5.0,13,additive,1e-05,0.001,20000,budget_exhausted,,3.8013490418793507
5.0,14,additive,1e-05,0.001,20000,budget_exhausted,,3.8025866727933653
5.0,15,additive,1e-05,0.001,20000,budget_exhausted,,3.8315119881055772
5.0,16,additive,1e-05,0.001,20000,budget_exhausted,,3.903224614313998
5.0,17,additive,1e-05,0.001,20000,budget_exhausted,,3.8058197718368283
5.0,18,additive,1e-05,0.001,20000,budget_exhausted,,3.8122989505807583
5.0,19,additive,1e-05,0.001,20000,budget_exhausted,,3.7845522085625087
5.0,0,additive,2.1544346900318823e-05,0.001,20000,budget_exhausted,,2.6633725636959737
5.0,1,additive,2.1544346900318823e-05,0.001,20000,budget_exhausted,,2.7159230875404394
5.0,2,additive,2.1544346900318823e-05,0.001,20000,budget_exhausted,,2.7605795910612216
5.0,3,additive,2.1544346900318823e-05,0.001,20000,budget_exhausted,,2.496835988966861
5.0,4,additive,2.1544346900318823e-05,0.001,20000,budget_exhausted,,2.6414815217680965
5.0,5,additive,2.1544346900318823e-05,0.001,20000,budget_exhausted,,2.8342503669168817
5.0,6,additive,2.1544346900318823e-05,0.001,20000,budget_exhausted,,2.6862373176462677
5.0,7,additive,2.1544346900318823e-05,0.001,20000,budget_exhausted,,2.5334012488132434
5.0,8,additive,2.1544346900318823e-05,0.001,20000,budget_exhausted,,2.4814568750888277
5.0,9,additive,2.1544346900318823e-05,0.001,20000,budget_exhausted,,2.936815936645867
5.0,10,additive,2.1544346900318823e-05,0.001,20000,budget_exhausted,,2.681376304379732
5.0,11,additive,2.1544346900318823e-05,0.001,20000,budget_exhausted,,2.4883502118796037
5.0,12,additive,2.1544346900318823e-05,0.001,20000,budget_exhausted,,2.3563141959162737
5.0,13,additive,2.1544346900318823e-05,0.001,20000,budget_exhausted,,2.7160595311638662
5.0,14,additive,2.1544346900318823e-05,0.001,20000,budget_exhausted,,2.595908332388649
5.0,15,additive,2.1544346900318823e-05,0.001,20000,budget_exhausted,,2.823882771895135
5.0,16,additive,2.1544346900318823e-05,0.001,20000,budget_exhausted,,2.905815933235406
5.0,17,additive,2.1544346900318823e-05,0.001,20000,budget_exhausted,,2.7594485521532617
5.0,18,additive,2.1544346900318823e-05,0.001,20000,budget_exhausted,,2.750865919268138
5.0,19,additive,2.1544346900318823e-05,0.001,20000,budget_exhausted,,2.7457285572862045
5.0,0,additive,4.641588833612782e-05,0.001,20000,budget_exhausted,,1.5174716535760564
5.0,1,additive,4.641588833612782e-05,0.001,20000,budget_exhausted,,1.530157585580019
5.0,2,additive,4.641588833612782e-05,0.001,20000,budget_exhausted,,1.586677138665996
5.0,3,additive,4.641588833612782e-05,0.001,20000,budget_exhausted,,1.42791003233297
5.0,4,additive,4.641588833612782e-05,0.001,20000,budget_exhausted,,1.5039075547625134
5.0,5,additive,4.641588833612782e-05,0.001,20000,budget_exhausted,,1.6216205682736586
5.0,6,additive,4.641588833612782e-05,0.001,20000,budget_exhausted,,1.517394702435087
5.0,7,additive,4.641588833612782e-05,0.001,20000,budget_exhausted,,1.4387625450938244
5.0,8,additive,4.641588833612782e-05,0.001,20000,budget_exhausted,,1.3345104739356366
5.0,9,additive,4.641588833612782e-05,0.001,20000,budget_exhausted,,1.7425704646750027
5.0,10,additive,4.641588833612782e-05,0.001,20000,budget_exhausted,,1.5274453979475056
5.0,11,additive,4.641588833612782e-05,0.001,20000,budget_exhausted,,1.3595473174054833
5.0,12,additive,4.641588833612782e-05,0.001,20000,budget_exhausted,,1.3066906581149504
5.0,13,additive,4.641588833612782e-05,0.001,20000,budget_exhausted,,1.5697852768536955
5.0,14,additive,4.641588833612782e-05,0.001,20000,budget_exhausted,,1.429145928741403
5.0,15,additive,4.641588833612782e-05,0.001,20000,budget_exhausted,,1.6470073675538224
5.0,16,additive,4.641588833612782e-05,0.001,20000,budget_exhausted,,1.6797047716271822
5.0,17,additive,4.641588833612782e-05,0.001,20000,budget_exhausted,,1.5849103541615335
5.0,18,additive,4.641588833612782e-05,0.001,20000,budget_exhausted,,1.587904677684979
5.0,19,additive,4.641588833612782e-05,0.001,20000,budget_exhausted,,1.5850469394442575
5.0,0,additive,0.0001,0.001,20000,budget_exhausted,,0.7071298866042668
5.0,1,additive,0.0001,0.001,20000,budget_exhausted,,0.6717178960725921
5.0,2,additive,0.0001,0.001,20000,budget_exhausted,,0.7525734433360297
5.0,3,additive,0.0001,0.001,20000,budget_exhausted,,0.6598749978311931
5.0,4,additive,0.0001,0.001,20000,budget_exhausted,,0.6488306003307451
5.0,5,additive,0.0001,0.001,20000,budget_exhausted,,0.7729911124449979
5.0,6,additive,0.0001,0.001,20000,budget_exhausted,,0.6791957584892719
5.0,7,additive,0.0001,0.001,20000,budget_exhausted,,0.6513377398897253
5.0,8,additive,0.0001,0.001,20000,budget_exhausted,,0.59799898786868
5.0,9,additive,0.0001,0.001,20000,budget_exhausted,,0.8350267206153833
5.0,10,additive,0.0001,0.001,20000,budget_exhausted,,0.6934810139639421
5.0,11,additive,0.0001,0.001,20000,budget_exhausted,,0.5726109355762745
5.0,12,additive,0.0001,0.001,20000,budget_exhausted,,0.565231901250607
5.0,13,additive,0.0001,0.001,20000,budget_exhausted,,0.7385229750612652
5.0,14,additive,0.0001,0.001,20000,budget_exhausted,,0.6299032596727557
5.0,15,additive,0.0001,0.001,20000,budget_exhausted,,0.7443951055658682
5.0,16,additive,0.0001,0.001,20000,budget_exhausted,,0.7951248675046844
5.0,17,additive,0.0001,0.001,20000,budget_exhausted,,0.7182126526289996
5.0,18,additive,0.0001,0.001,20000,budget_exhausted,,0.7261527264468146
5.0,19,additive,0.0001,0.001,20000,budget_exhausted,,0.7096726309442638
5.0,0,additive,0.00021544346900318823,0.001,20000,budget_exhausted,,0.273809978915875
5.0,1,additive,0.00021544346900318823,0.001,20000,budget_exhausted,,0.23073767254590843
5.0,2,additive,0.00021544346900318823,0.001,20000,budget_exhausted,,0.3122140577121531
5.0,3,additive,0.00021544346900318823,0.001,20000,budget_exhausted,,0.24026591228372654
5.0,4,additive,0.00021544346900318823,0.001,20000,budget_exhausted,,0.21274208007929368
5.0,5,additive,0.00021544346900318823,0.001,20000,budget_exhausted,,0.303532512987026
5.0,6,additive,0.00021544346900318823,0.001,20000,budget_exhausted,,0.24587454911379608
5.0,7,additive,0.00021544346900318823,0.001,20000,budget_exhausted,,0.2223918060680008
5.0,8,additive,0.00021544346900318823,0.001,20000,budget_exhausted,,0.219218341098998
5.0,9,additive,0.00021544346900318823,0.001,20000,budget_exhausted,,0.3168074315195847
5.0,10,additive,0.00021544346900318823,0.001,20000,budget_exhausted,,0.2713580068310838
5.0,11,additive,0.00021544346900318823,0.001,20000,budget_exhausted,,0.1713358873418749
5.0,12,additive,0.00021544346900318823,0.001,20000,budget_exhausted,,0.19035986959189116
5.0,13,additive,0.00021544346900318823,0.001,20000,budget_exhausted,,0.28662721881104036
5.0,14,additive,0.00021544346900318823,0.001,20000,budget_exhausted,,0.20570814414097793
5.0,15,additive,0.00021544346900318823,0.001,20000,budget_exhausted,,0.2564374407390586
5.0,16,additive,0.00021544346900318823,0.001,20000,budget_exhausted,,0.3045227880870498
5.0,17,additive,0.00021544346900318823,0.001,20000,budget_exhausted,,0.2632917449207603
5.0,18,additive,0.00021544346900318823,0.001,20000,budget_exhausted,,0.24959612878416396
5.0,19,additive,0.00021544346900318823,0.001,20000,budget_exhausted,,0.2469463018046677
5.0,0,additive,0.00046415888336127773,0.001,20000,budget_exhausted,,0.07549667804346868
5.0,1,additive,0.00046415888336127773,0.001,20000,budget_exhausted,,0.055662794194992614
5.0,2,additive,0.00046415888336127773,0.001,20000,budget_exhausted,,0.10907443392753989
5.0,3,additive,0.00046415888336127773,0.001,20000,budget_exhausted,,0.06179108271037744
5.0,4,additive,0.00046415888336127773,0.001,20000,budget_exhausted,,0.04354445936850773
5.0,5,additive,0.00046415888336127773,0.001,20000,budget_exhausted,,0.08828966951266873
5.0,6,additive,0.00046415888336127773,0.001,20000,budget_exhausted,,0.07000718544430674
5.0,7,additive,0.00046415888336127773,0.001,20000,budget_exhausted,,0.04753715239665238
5.0,8,additive,0.00046415888336127773,0.001,20000,budget_exhausted,,0.05413729502542449
5.0,9,additive,0.00046415888336127773,0.001,20000,budget_exhausted,,0.08266876249438643
5.0,10,additive,0.00046415888336127773,0.001,20000,budget_exhausted,,0.08860879623293154
5.0,11,additive,0.00046415888336127773,0.001,20000,budget_exhausted,,0.030218525727206326
5.0,12,additive,0.00046415888336127773,0.001,20000,budget_exhausted,,0.04719684967874696
5.0,13,additive,0.00046415888336127773,0.001,20000,budget_exhausted,,0.08059597248371449
5.0,14,additive,0.00046415888336127773,0.001,20000,budget_exhausted,,0.04538484092655974
5.0,15,additive,0.00046415888336127773,0.001,20000,budget_exhausted,,0.053917476189166647
5.0,16,additive,0.00046415888336127773,0.001,20000,budget_exhausted,,0.08175067318696175
5.0,17,additive,0.00046415888336127773,0.001,20000,budget_exhausted,,0.07001424999614167
5.0,18,additive,0.00046415888336127773,0.001,20000,budget_exhausted,,0.052788257644606006
5.0,19,additive,0.00046415888336127773,0.001,20000,budget_exhausted,,0.0625644934496853
5.0,0,additive,0.001,0.001,20000,budget_exhausted,,0.009529876556261517
5.0,1,additive,0.001,0.001,20000,budget_exhausted,,0.006542070723055677
5.0,2,additive,0.001,0.001,20000,budget_exhausted,,0.024290512264596192
5.0,3,additive,0.001,0.001,20000,budget_exhausted,,0.007684106041602978
5.0,4,additive,0.001,0.001,20000,budget_exhausted,,0.0032170350028540226
5.0,5,additive,0.001,0.001,20000,budget_exhausted,,0.01699382496943702
5.0,6,additive,0.001,0.001,20000,budget_exhausted,,0.011456774178663684
5.0,7,additive,0.001,0.001,20000,budget_exhausted,,0.004665515050592917
5.0,8,additive,0.001,0.001,20000,budget_exhausted,,0.0055308588386886555
5.0,9,additive,0.001,0.001,20000,budget_exhausted,,0.009833148537452954
5.0,10,additive,0.001,0.001,20000,budget_exhausted,,0.018636778483443747
5.0,11,additive,0.001,0.001,20000,budget_exhausted,,0.0017176354432544185
5.0,12,additive,0.001,0.001,20000,budget_exhausted,,0.00568368395791108
5.0,13,additive,0.001,0.001,20000,budget_exhausted,,0.011794397281082834
5.0,14,additive,0.001,0.001,20000,budget_exhausted,,0.005414220159134316
5.0,15,additive,0.001,0.001,20000,budget_exhausted,,0.004708776134054857
5.0,16,additive,0.001,0.001,20000,budget_exhausted,,0.010157298941964153
5.0,17,additive,0.001,0.001,20000,budget_exhausted,,0.010431545455726863
5.0,18,additive,0.001,0.001,20000,budget_exhausted,,0.0038292706584374353
5.0,19,additive,0.001,0.001,20000,budget_exhausted,,0.00853855615258306
5.0,0,additive,0.002154434690031882,0.001,20000,converged,15444.0,0.0009998938471446842
5.0,1,additive,0.002154434690031882,0.001,20000,converged,14374.0,0.0009996835740011345
5.0,2,additive,0.002154434690031882,0.001,20000,budget_exhausted,,0.0020011830223467474
5.0,3,additive,0.002154434690031882,0.001,20000,converged,14866.0,0.0009996617585031368
5.0,4,additive,0.002154434690031882,0.001,20000,converged,11785.0,0.0009998606544293841
5.0,5,additive,0.002154434690031882,0.001,20000,budget_exhausted,,0.001240408570998388
5.0,6,additive,0.002154434690031882,0.001,20000,converged,17177.0,0.000999996381387026
5.0,7,additive,0.002154434690031882,0.001,20000,converged,13149.0,0.0009999956077751497
5.0,8,additive,0.002154434690031882,0.001,20000,converged,13404.0,0.0009999632722557507
5.0,9,additive,0.002154434690031882,0.001,20000,converged,15750.0,0.0009998574132802783
5.0,10,additive,0.002154434690031882,0.001,20000,budget_exhausted,,0.001082211067334219
5.0,11,additive,0.002154434690031882,0.001,20000,converged,10300.0,0.0009995146147809637
5.0,12,additive,0.002154434690031882,0.001,20000,converged,13879.0,0.0009999669413582933
5.0,13,additive,0.002154434690031882,0.001,20000,converged,17197.0,0.0009999172635270204
5.0,14,additive,0.002154434690031882,0.001,20000,converged,14015.0,0.0009996734193676248
5.0,15,additive,0.002154434690031882,0.001,20000,converged,13026.0,0.0009997111488876057
5.0,16,additive,0.002154434690031882,0.001,20000,converged,15630.0,0.000999744593543498
5.0,17,additive,0.002154434690031882,0.001,20000,converged,16901.0,0.0009999771934535485
5.0,18,additive,0.002154434690031882,0.001,20000,converged,12055.0,0.0009995964567267486
5.0,19,additive,0.002154434690031882,0.001,20000,converged,15716.0,0.000999743780636464
5.0,0,additive,0.004641588833612777,0.001,20000,converged,7167.0,0.0009997286647744625
5.0,1,additive,0.004641588833612777,0.001,20000,converged,6670.0,0.0009998579529282793
5.0,2,additive,0.004641588833612777,0.001,20000,converged,10779.0,0.0009999081245221197
5.0,3,additive,0.004641588833612777,0.001,20000,converged,6899.0,0.0009993188411335154
5.0,4,additive,0.004641588833612777,0.001,20000,converged,5469.0,0.0009993417065870633
5.0,5,additive,0.004641588833612777,0.001,20000,converged,9712.0,0.0009997671267226802
5.0,6,additive,0.004641588833612777,0.001,20000,converged,7972.0,0.0009995141124076882
5.0,7,additive,0.004641588833612777,0.001,20000,converged,6102.0,0.0009996947377147794
5.0,8,additive,0.004641588833612777,0.001,20000,converged,6220.0,0.0009998830641411243
5.0,9,additive,0.004641588833612777,0.001,20000,converged,7309.0,0.0009997805499893653
5.0,10,additive,0.004641588833612777,0.001,20000,converged,9423.0,0.0009998440401987818
5.0,11,additive,0.004641588833612777,0.001,20000,converged,4779.0,0.0009997336040949887
5.0,12,additive,0.004641588833612777,0.001,20000,converged,6441.0,0.0009995373397924546
5.0,13,additive,0.004641588833612777,0.001,20000,converged,7981.0,0.0009996249323950288
5.0,14,additive,0.004641588833612777,0.001,20000,converged,6504.0,0.000999422672181011
5.0,15,additive,0.004641588833612777,0.001,20000,converged,6045.0,0.000999312083880834
5.0,16,additive,0.004641588833612777,0.001,20000,converged,7253.0,0.0009998322457589928
5.0,17,additive,0.004641588833612777,0.001,20000,converged,7844.0,0.000999459709204357
5.0,18,additive,0.004641588833612777,0.001,20000,converged,5594.0,0.0009993116748588198
5.0,19,additive,0.004641588833612777,0.001,20000,converged,7293.0,0.0009998389387758128
5.0,0,additive,0.01,0.001,20000,converged,3325.0,0.0009996307074629973
5.0,1,additive,0.01,0.001,20000,converged,3095.0,0.0009987742309355994
5.0,2,additive,0.01,0.001,20000,negative prices,,
5.0,3,additive,0.01,0.001,20000,converged,3201.0,0.000998655173412507
5.0,4,additive,0.01,0.001,20000,converged,2537.0,0.0009990100126336266
5.0,5,additive,0.01,0.001,20000,converged,4507.0,0.0009990775291055577
5.0,6,additive,0.01,0.001,20000,converged,3699.0,0.0009990499141555639
5.0,7,additive,0.01,0.001,20000,converged,2831.0,0.0009991755338360985
5.0,8,additive,0.01,0.001,20000,converged,2886.0,0.000998730895364682
5.0,9,additive,0.01,0.001,20000,converged,3391.0,0.0009996678037291192
5.0,10,additive,0.01,0.001,20000,converged,4372.0,0.0009999678881269555
5.0,11,additive,0.01,0.001,20000,converged,2217.0,0.0009986822463219642
5.0,12,additive,0.01,0.001,20000,converged,2988.0,0.000999615560833685
5.0,13,additive,0.01,0.001,20000,converged,3703.0,0.000999424088947895
5.0,14,additive,0.01,0.001,20000,converged,3018.0,0.0009984013773223735
5.0,15,additive,0.01,0.001,20000,converged,2804.0,0.0009997664991904349
5.0,16,additive,0.01,0.001,20000,converged,3365.0,0.000999594934675067
5.0,17,additive,0.01,0.001,20000,converged,3639.0,0.0009998702722317082
5.0,18,additive,0.01,0.001,20000,converged,2595.0,0.000998850193994907
5.0,19,additive,0.01,0.001,20000,converged,3384.0,0.0009991368386801282
5.0,0,additive,0.021544346900318822,0.001,20000,converged,1542.0,0.0009983564203189623
5.0,1,additive,0.021544346900318822,0.001,20000,converged,1435.0,0.0009986925359750198
5.0,2,additive,0.021544346900318822,0.001,20000,negative prices,,
5.0,3,additive,0.021544346900318822,0.001,20000,converged,1484.0,0.0009991345380201842
5.0,4,additive,0.021544346900318822,0.001,20000,converged,1176.0,0.0009986827562663996
5.0,5,additive,0.021544346900318822,0.001,20000,converged,2091.0,0.0009977137760855306
5.0,6,additive,0.021544346900318822,0.001,20000,converged,1715.0,0.0009999751831451394
5.0,7,additive,0.021544346900318822,0.001,20000,converged,1313.0,0.0009970334974650733
5.0,8,additive,0.021544346900318822,0.001,20000,converged,1338.0,0.0009982573793904262
5.0,9,additive,0.021544346900318822,0.001,20000,converged,1573.0,0.0009975285927539307
5.0,10,additive,0.021544346900318822,0.001,20000,converged,2028.0,0.0009990205502988872
5.0,11,additive,0.021544346900318822,0.001,20000,converged,1028.0,0.0009954888405859352
5.0,12,additive,0.021544346900318822,0.001,20000,converged,1386.0,0.0009970460677466621
5.0,13,additive,0.021544346900318822,0.001,20000,converged,1717.0,0.0009999642104117953
5.0,14,additive,0.021544346900318822,0.001,20000,converged,1399.0,0.0009994778201182918
5.0,15,additive,0.021544346900318822,0.001,20000,converged,1300.0,0.0009993830870352316
5.0,16,additive,0.021544346900318822,0.001,20000,converged,1561.0,0.000996781888414419
5.0,17,additive,0.021544346900318822,0.001,20000,converged,1688.0,0.000998424293988606
5.0,18,additive,0.021544346900318822,0.001,20000,converged,1203.0,0.0009977904765873973
5.0,19,additive,0.021544346900318822,0.001,20000,converged,1569.0,0.0009995513015300117
5.0,0,additive,0.046415888336127774,0.001,20000,negative prices,,
5.0,1,additive,0.046415888336127774,0.001,20000,budget_exhausted,,0.3476272731991383
5.0,2,additive,0.046415888336127774,0.001,20000,negative prices,,
5.0,3,additive,0.046415888336127774,0.001,20000,converged,688.0,0.0009928302219072826
5.0,4,additive,0.046415888336127774,0.001,20000,converged,545.0,0.0009908988987588413
5.0,5,additive,0.046415888336127774,0.001,20000,negative prices,,
5.0,6,additive,0.046415888336127774,0.001,20000,budget_exhausted,,0.23918799083353637
5.0,7,additive,0.046415888336127774,0.001,20000,converged,608.0,0.0009957862390972826
5.0,8,additive,0.046415888336127774,0.001,20000,converged,620.0,0.000992676136471387
5.0,9,additive,0.046415888336127774,0.001,20000,negative prices,,
5.0,10,additive,0.046415888336127774,0.001,20000,converged,940.0,0.000997032511645834
5.0,11,additive,0.046415888336127774,0.001,20000,budget_exhausted,,0.28331756534787883
5.0,12,additive,0.046415888336127774,0.001,20000,converged,642.0,0.0009948099508479658
5.0,13,additive,0.046415888336127774,0.001,20000,negative prices,,
5.0,14,additive,0.046415888336127774,0.001,20000,converged,648.0,0.0009982309736280262
5.0,15,additive,0.046415888336127774,0.001,20000,converged,602.0,0.0009977176326346595
5.0,16,additive,0.046415888336127774,0.001,20000,converged,723.0,0.0009957132647307205
5.0,17,additive,0.046415888336127774,0.001,20000,converged,782.0,0.000998009730446684
5.0,18,additive,0.046415888336127774,0.001,20000,budget_exhausted,,0.28518583431683125
5.0,19,additive,0.046415888336127774,0.001,20000,converged,727.0,0.0009973386071708828
5.0,0,additive,0.1,0.001,20000,negative prices,,
5.0,1,additive,0.1,0.001,20000,negative prices,,
5.0,2,additive,0.1,0.001,20000,negative prices,,
5.0,3,additive,0.1,0.001,20000,negative prices,,
5.0,4,additive,0.1,0.001,20000,negative prices,,
5.0,5,additive,0.1,0.001,20000,negative prices,,
5.0,6,additive,0.1,0.001,20000,negative prices,,
5.0,7,additive,0.1,0.001,20000,converged,281.0,0.00098884838211355
5.0,8,additive,0.1,0.001,20000,negative prices,,
5.0,9,additive,0.1,0.001,20000,negative prices,,
5.0,10,additive,0.1,0.001,20000,budget_exhausted,,0.24191285904044815
5.0,11,additive,0.1,0.001,20000,negative prices,,
5.0,12,additive,0.1,0.001,20000,budget_exhausted,,0.12107316122681878
5.0,13,additive,0.1,0.001,20000,negative prices,,
5.0,14,additive,0.1,0.001,20000,negative prices,,
5.0,15,additive,0.1,0.001,20000,negative prices,,
5.0,16,additive,0.1,0.001,20000,budget_exhausted,,0.1453597695310285
5.0,17,additive,0.1,0.001,20000,negative prices,,
5.0,18,additive,0.1,0.001,20000,negative prices,,
5.0,19,additive,0.1,0.001,20000,negative prices,,
5.0,0,additive,0.21544346900318823,0.001,20000,negative prices,,
5.0,1,additive,0.21544346900318823,0.001,20000,negative prices,,
5.0,2,additive,0.21544346900318823,0.001,20000,negative prices,,
5.0,3,additive,0.21544346900318823,0.001,20000,negative prices,,
5.0,4,additive,0.21544346900318823,0.001,20000,negative prices,,
5.0,5,additive,0.21544346900318823,0.001,20000,negative prices,,
5.0,6,additive,0.21544346900318823,0.001,20000,negative prices,,
5.0,7,additive,0.21544346900318823,0.001,20000,negative prices,,
5.0,8,additive,0.21544346900318823,0.001,20000,negative prices,,
5.0,9,additive,0.21544346900318823,0.001,20000,negative prices,,
5.0,10,additive,0.21544346900318823,0.001,20000,negative prices,,
5.0,11,additive,0.21544346900318823,0.001,20000,negative prices,,
5.0,12,additive,0.21544346900318823,0.001,20000,negative prices,,
5.0,13,additive,0.21544346900318823,0.001,20000,negative prices,,
5.0,14,additive,0.21544346900318823,0.001,20000,negative prices,,
5.0,15,additive,0.21544346900318823,0.001,20000,negative prices,,
5.0,16,additive,0.21544346900318823,0.001,20000,negative prices,,
5.0,17,additive,0.21544346900318823,0.001,20000,negative prices,,
5.0,18,additive,0.21544346900318823,0.001,20000,negative prices,,
5.0,19,additive,0.21544346900318823,0.001,20000,negative prices,,
5.0,0,additive,0.46415888336127725,0.001,20000,negative prices,,
5.0,1,additive,0.46415888336127725,0.001,20000,negative prices,,
5.0,2,additive,0.46415888336127725,0.001,20000,negative prices,,
5.0,3,additive,0.46415888336127725,0.001,20000,negative prices,,
5.0,4,additive,0.46415888336127725,0.001,20000,negative prices,,
5.0,5,additive,0.46415888336127725,0.001,20000,negative prices,,
5.0,6,additive,0.46415888336127725,0.001,20000,negative prices,,
5.0,7,additive,0.46415888336127725,0.001,20000,negative prices,,
5.0,8,additive,0.46415888336127725,0.001,20000,negative prices,,
5.0,9,additive,0.46415888336127725,0.001,20000,negative prices,,
5.0,10,additive,0.46415888336127725,0.001,20000,negative prices,,
5.0,11,additive,0.46415888336127725,0.001,20000,negative prices,,
5.0,12,additive,0.46415888336127725,0.001,20000,negative prices,,
5.0,13,additive,0.46415888336127725,0.001,20000,negative prices,,
5.0,14,additive,0.46415888336127725,0.001,20000,negative prices,,
5.0,15,additive,0.46415888336127725,0.001,20000,negative prices,,
5.0,16,additive,0.46415888336127725,0.001,20000,negative prices,,
5.0,17,additive,0.46415888336127725,0.001,20000,negative prices,,
5.0,18,additive,0.46415888336127725,0.001,20000,negative prices,,
5.0,19,additive,0.46415888336127725,0.001,20000,negative prices,,
5.0,0,additive,1.0,0.001,20000,negative prices,,
5.0,1,additive,1.0,0.001,20000,negative prices,,
5.0,2,additive,1.0,0.001,20000,negative prices,,
5.0,3,additive,1.0,0.001,20000,negative prices,,
5.0,4,additive,1.0,0.001,20000,negative prices,,
5.0,5,additive,1.0,0.001,20000,negative prices,,
5.0,6,additive,1.0,0.001,20000,negative prices,,
5.0,7,additive,1.0,0.001,20000,negative prices,,
5.0,8,additive,1.0,0.001,20000,negative prices,,
5.0,9,additive,1.0,0.001,20000,negative prices,,
5.0,10,additive,1.0,0.001,20000,negative prices,,
5.0,11,additive,1.0,0.001,20000,negative prices,,
5.0,12,additive,1.0,0.001,20000,negative prices,,
5.0,13,additive,1.0,0.001,20000,negative prices,,
5.0,14,additive,1.0,0.001,20000,negative prices,,
5.0,15,additive,1.0,0.001,20000,negative prices,,
5.0,16,additive,1.0,0.001,20000,negative prices,,
5.0,17,additive,1.0,0.001,20000,negative prices,,
5.0,18,additive,1.0,0.001,20000,negative prices,,
5.0,19,additive,1.0,0.001,20000,negative prices,,
5.0,0,multiplicative,1e-05,0.001,20000,budget_exhausted,,4.578490913857693
5.0,1,multiplicative,1e-05,0.001,20000,budget_exhausted,,4.532107045909494
5.0,2,multiplicative,1e-05,0.001,20000,budget_exhausted,,4.92020274067429
5.0,3,multiplicative,1e-05,0.001,20000,budget_exhausted,,4.355143821726489
5.0,4,multiplicative,1e-05,0.001,20000,budget_exhausted,,4.433271362054732
5.0,5,multiplicative,1e-05,0.001,20000,budget_exhausted,,4.642461921041132
5.0,6,multiplicative,1e-05,0.001,20000,budget_exhausted,,4.601526832458402
5.0,7,multiplicative,1e-05,0.001,20000,budget_exhausted,,4.158980403679703
5.0,8,multiplicative,1e-05,0.001,20000,budget_exhausted,,4.718652396460214
5.0,9,multiplicative,1e-05,0.001,20000,budget_exhausted,,4.58089000680117
5.0,10,multiplicative,1e-05,0.001,20000,budget_exhausted,,4.286620454625514
5.0,11,multiplicative,1e-05,0.001,20000,budget_exhausted,,4.369393781474507
5.0,12,multiplicative,1e-05,0.001,20000,budget_exhausted,,3.956707813794037
5.0,13,multiplicative,1e-05,0.001,20000,budget_exhausted,,4.709063952140217
5.0,14,multiplicative,1e-05,0.001,20000,budget_exhausted,,4.7825756239844655
5.0,15,multiplicative,1e-05,0.001,20000,budget_exhausted,,4.52320591071938
5.0,16,multiplicative,1e-05,0.001,20000,budget_exhausted,,4.589937418286298
5.0,17,multiplicative,1e-05,0.001,20000,budget_exhausted,,4.583944631910896
5.0,18,multiplicative,1e-05,0.001,20000,budget_exhausted,,4.569661565386125
5.0,19,multiplicative,1e-05,0.001,20000,budget_exhausted,,4.546346612623153
5.0,0,multiplicative,2.1544346900318823e-05,0.001,20000,budget_exhausted,,4.356718843374529
5.0,1,multiplicative,2.1544346900318823e-05,0.001,20000,budget_exhausted,,4.309413444960814
5.0,2,multiplicative,2.1544346900318823e-05,0.001,20000,budget_exhausted,,4.656442222183927
5.0,3,multiplicative,2.1544346900318823e-05,0.001,20000,budget_exhausted,,4.135065325839703
5.0,4,multiplicative,2.1544346900318823e-05,0.001,20000,budget_exhausted,,4.213895333971313
5.0,5,multiplicative,2.1544346900318823e-05,0.001,20000,budget_exhausted,,4.426919154349097
5.0,6,multiplicative,2.1544346900318823e-05,0.001,20000,budget_exhausted,,4.369649482867349
5.0,7,multiplicative,2.1544346900318823e-05,0.001,20000,budget_exhausted,,3.9566628583086256
5.0,8,multiplicative,2.1544346900318823e-05,0.001,20000,budget_exhausted,,4.473696050552552
5.0,9,multiplicative,2.1544346900318823e-05,0.001,20000,budget_exhausted,,4.364604197470165
5.0,10,multiplicative,2.1544346900318823e-05,0.001,20000,budget_exhausted,,4.078620739431591
5.0,11,multiplicative,2.1544346900318823e-05,0.001,20000,budget_exhausted,,4.15812233281277
5.0,12,multiplicative,2.1544346900318823e-05,0.001,20000,budget_exhausted,,3.754468391421493
5.0,13,multiplicative,2.1544346900318823e-05,0.001,20000,budget_exhausted,,4.47171410322519
5.0,14,multiplicative,2.1544346900318823e-05,0.001,20000,budget_exhausted,,4.54422105628266
5.0,15,multiplicative,2.1544346900318823e-05,0.001,20000,budget_exhausted,,4.297679350245099
5.0,16,multiplicative,2.1544346900318823e-05,0.001,20000,budget_exhausted,,4.370025867946665
5.0,17,multiplicative,2.1544346900318823e-05,0.001,20000,budget_exhausted,,4.35135471944046
5.0,18,multiplicative,2.1544346900318823e-05,0.001,20000,budget_exhausted,,4.338654701576299
5.0,19,multiplicative,2.1544346900318823e-05,0.001,20000,budget_exhausted,,4.324570988658052
5.0,0,multiplicative,4.641588833612782e-05,0.001,20000,budget_exhausted,,3.911670909928985
5.0,1,multiplicative,4.641588833612782e-05,0.001,20000,budget_exhausted,,3.861923874551213
5.0,2,multiplicative,4.641588833612782e-05,0.001,20000,budget_exhausted,,4.1093034599555995
5.0,3,multiplicative,4.641588833612782e-05,0.001,20000,budget_exhausted,,3.6978073396354874
5.0,4,multiplicative,4.641588833612782e-05,0.001,20000,budget_exhausted,,3.7739136888458953
5.0,5,multiplicative,4.641588833612782e-05,0.001,20000,budget_exhausted,,3.9882615471310645
5.0,6,multiplicative,4.641588833612782e-05,0.001,20000,budget_exhausted,,3.9079326481358687
5.0,7,multiplicative,4.641588833612782e-05,0.001,20000,budget_exhausted,,3.555630834623602
5.0,8,multiplicative,4.641588833612782e-05,0.001,20000,budget_exhausted,,3.987602172952291
5.0,9,multiplicative,4.641588833612782e-05,0.001,20000,budget_exhausted,,3.9277472444737884
5.0,10,multiplicative,4.641588833612782e-05,0.001,20000,budget_exhausted,,3.6644814775544607
5.0,11,multiplicative,4.641588833612782e-05,0.001,20000,budget_exhausted,,3.737097047743209
5.0,12,multiplicative,4.641588833612782e-05,0.001,20000,budget_exhausted,,3.3534917145773067
5.0,13,multiplicative,4.641588833612782e-05,0.001,20000,budget_exhausted,,3.9901212577489713
5.0,14,multiplicative,4.641588833612782e-05,0.001,20000,budget_exhausted,,4.070934542999799
5.0,15,multiplicative,4.641588833612782e-05,0.001,20000,budget_exhausted,,3.8500279803704722
5.0,16,multiplicative,4.641588833612782e-05,0.001,20000,budget_exhausted,,3.93229441572029
5.0,17,multiplicative,4.641588833612782e-05,0.001,20000,budget_exhausted,,3.887347260513242
5.0,18,multiplicative,4.641588833612782e-05,0.001,20000,budget_exhausted,,3.87679116636356
5.0,19,multiplicative,4.641588833612782e-05,0.001,20000,budget_exhausted,,3.8780319798392324
5.0,0,multiplicative,0.0001,0.001,20000,budget_exhausted,,3.096580160661059
5.0,1,multiplicative,0.0001,0.001,20000,budget_exhausted,,3.0375569674330163
5.0,2,multiplicative,0.0001,0.001,20000,budget_exhausted,,3.1469685766195763
5.0,3,multiplicative,0.0001,0.001,20000,budget_exhausted,,2.908055347443934
5.0,4,multiplicative,0.0001,0.001,20000,budget_exhausted,,2.968248756089774
5.0,5,multiplicative,0.0001,0.001,20000,budget_exhausted,,3.1703151205966575
5.0,6,multiplicative,0.0001,0.001,20000,budget_exhausted,,3.0725653758848486
5.0,7,multiplicative,0.0001,0.001,20000,budget_exhausted,,2.8248639628098196
5.0,8,multiplicative,0.0001,0.001,20000,budget_exhausted,,3.114593528384353
5.0,9,multiplicative,0.0001,0.001,20000,budget_exhausted,,3.1227159785107834
5.0,10,multiplicative,0.0001,0.001,20000,budget_exhausted,,2.9058868929624637
5.0,11,multiplicative,0.0001,0.001,20000,budget_exhausted,,2.9662723806827955
5.0,12,multiplicative,0.0001,0.001,20000,budget_exhausted,,2.6278781112628233
5.0,13,multiplicative,0.0001,0.001,20000,budget_exhausted,,3.1144707553455473
5.0,14,multiplicative,0.0001,0.001,20000,budget_exhausted,,3.211245671797466
5.0,15,multiplicative,0.0001,0.001,20000,budget_exhausted,,3.037264532590428
5.0,16,multiplicative,0.0001,0.001,20000,budget_exhausted,,3.130221741009438
5.0,17,multiplicative,0.0001,0.001,20000,budget_exhausted,,3.0454285887365313
5.0,18,multiplicative,0.0001,0.001,20000,budget_exhausted,,3.0365218421127995
5.0,19,multiplicative,0.0001,0.001,20000,budget_exhausted,,3.0575416399327264
5.0,0,multiplicative,0.00021544346900318823,0.001,20000,budget_exhausted,,1.8679753813845201
5.0,1,multiplicative,0.00021544346900318823,0.001,20000,budget_exhausted,,1.7944602063564197
5.0,2,multiplicative,0.00021544346900318823,0.001,20000,budget_exhausted,,1.8198589071179663
5.0,3,multiplicative,0.00021544346900318823,0.001,20000,budget_exhausted,,1.7352544160910628
5.0,4,multiplicative,0.00021544346900318823,0.001,20000,budget_exhausted,,1.7591238390497004
5.0,5,multiplicative,0.00021544346900318823,0.001,20000,budget_exhausted,,1.9172713480115273
5.0,6,multiplicative,0.00021544346900318823,0.001,20000,budget_exhausted,,1.8263643338826188
5.0,7,multiplicative,0.00021544346900318823,0.001,20000,budget_exhausted,,1.7061251296453441
5.0,8,multiplicative,0.00021544346900318823,0.001,20000,budget_exhausted,,1.8381749536550658
5.0,9,multiplicative,0.00021544346900318823,0.001,20000,budget_exhausted,,1.8944757230660265
5.0,10,multiplicative,0.00021544346900318823,0.001,20000,budget_exhausted,,1.7465768209231645
5.0,11,multiplicative,0.00021544346900318823,0.001,20000,budget_exhausted,,1.7884076853465785
5.0,12,multiplicative,0.00021544346900318823,0.001,20000,budget_exhausted,,1.5473911074877695
5.0,13,multiplicative,0.00021544346900318823,0.001,20000,budget_exhausted,,1.8364685218733996
5.0,14,multiplicative,0.00021544346900318823,0.001,20000,budget_exhausted,,1.9183328629927854
5.0,15,multiplicative,0.00021544346900318823,0.001,20000,budget_exhausted,,1.8135648352287197
5.0,16,multiplicative,0.00021544346900318823,0.001,20000,budget_exhausted,,1.9015882889771636
5.0,17,multiplicative,0.00021544346900318823,0.001,20000,budget_exhausted,,1.7939470085835356
5.0,18,multiplicative,0.00021544346900318823,0.001,20000,budget_exhausted,,1.7875670191509014
5.0,19,multiplicative,0.00021544346900318823,0.001,20000,budget_exhausted,,1.8196768913148151
5.0,0,multiplicative,0.00046415888336127773,0.001,20000,budget_exhausted,,0.6243441388381632
5.0,1,multiplicative,0.00046415888336127773,0.001,20000,budget_exhausted,,0.5706539608792226
5.0,2,multiplicative,0.00046415888336127773,0.001,20000,budget_exhausted,,0.5760973092762657
5.0,3,multiplicative,0.00046415888336127773,0.001,20000,budget_exhausted,,0.563649610621562
5.0,4,multiplicative,0.00046415888336127773,0.001,20000,budget_exhausted,,0.5610272238451554
5.0,5,multiplicative,0.00046415888336127773,0.001,20000,budget_exhausted,,0.6379807365975806
5.0,6,multiplicative,0.00046415888336127773,0.001,20000,budget_exhausted,,0.584410948860932
5.0,7,multiplicative,0.00046415888336127773,0.001,20000,budget_exhausted,,0.5533964153480966
5.0,8,multiplicative,0.00046415888336127773,0.001,20000,budget_exhausted,,0.5965132213490171
5.0,9,multiplicative,0.00046415888336127773,0.001,20000,budget_exhausted,,0.6318519540688018
5.0,10,multiplicative,0.00046415888336127773,0.001,20000,budget_exhausted,,0.5677236440736061
5.0,11,multiplicative,0.00046415888336127773,0.001,20000,budget_exhausted,,0.5878225686239521
5.0,12,multiplicative,0.00046415888336127773,0.001,20000,budget_exhausted,,0.48583092161247343
5.0,13,multiplicative,0.00046415888336127773,0.001,20000,budget_exhausted,,0.5897960194412566
5.0,14,multiplicative,0.00046415888336127773,0.001,20000,budget_exhausted,,0.6228046087816255
5.0,15,multiplicative,0.00046415888336127773,0.001,20000,budget_exhausted,,0.5859167621898874
5.0,16,multiplicative,0.00046415888336127773,0.001,20000,budget_exhausted,,0.6379110852239104
5.0,17,multiplicative,0.00046415888336127773,0.001,20000,budget_exhausted,,0.5648209571710128
5.0,18,multiplicative,0.00046415888336127773,0.001,20000,budget_exhausted,,0.563235568001176
5.0,19,multiplicative,0.00046415888336127773,0.001,20000,budget_exhausted,,0.5824636826635394
5.0,0,multiplicative,0.001,0.001,20000,budget_exhausted,,0.06368520465320525
5.0,1,multiplicative,0.001,0.001,20000,budget_exhausted,,0.050497233732093756
5.0,2,multiplicative,0.001,0.001,20000,budget_exhausted,,0.050939173659150426
5.0,3,multiplicative,0.001,0.001,20000,budget_exhausted,,0.0514819671261908
5.0,4,multiplicative,0.001,0.001,20000,budget_exhausted,,0.04911458210423339
5.0,5,multiplicative,0.001,0.001,20000,budget_exhausted,,0.0615563426895878
5.0,6,multiplicative,0.001,0.001,20000,budget_exhausted,,0.0511376179607791
5.0,7,multiplicative,0.001,0.001,20000,budget_exhausted,,0.04808202546175958
5.0,8,multiplicative,0.001,0.001,20000,budget_exhausted,,0.05708996191159309
5.0,9,multiplicative,0.001,0.001,20000,budget_exhausted,,0.062098173270273824
5.0,10,multiplicative,0.001,0.001,20000,budget_exhausted,,0.05180134783925639
5.0,11,multiplicative,0.001,0.001,20000,budget_exhausted,,0.056803043876655794
5.0,12,multiplicative,0.001,0.001,20000,budget_exhausted,,0.04066572017442268
5.0,13,multiplicative,0.001,0.001,20000,budget_exhausted,,0.05269254776027941
5.0,14,multiplicative,0.001,0.001,20000,budget_exhausted,,0.058146945761840575
5.0,15,multiplicative,0.001,0.001,20000,budget_exhausted,,0.05260461087938301
5.0,16,multiplicative,0.001,0.001,20000,budget_exhausted,,0.06573379669051675
5.0,17,multiplicative,0.001,0.001,20000,budget_exhausted,,0.04746867634721614
5.0,18,multiplicative,0.001,0.001,20000,budget_exhausted,,0.047688210119462886
5.0,19,multiplicative,0.001,0.001,20000,budget_exhausted,,0.050930056446572336
5.0,0,multiplicative,0.002154434690031882,0.001,20000,converged,19550.0,0.0009997744942178038
5.0,1,multiplicative,0.002154434690031882,0.001,20000,converged,17943.0,0.000999582582820094
5.0,2,multiplicative,0.002154434690031882,0.001,20000,converged,18087.0,0.0009995907599416138
5.0,3,multiplicative,0.002154434690031882,0.001,20000,converged,18318.0,0.0009997521661116145
5.0,4,multiplicative,0.002154434690031882,0.001,20000,converged,17832.0,0.0009997592147071093
5.0,5,multiplicative,0.002154434690031882,0.001,20000,converged,18844.0,0.0009996606665226373
5.0,6,multiplicative,0.002154434690031882,0.001,20000,converged,18031.0,0.0009996650623684184
5.0,7,multiplicative,0.002154434690031882,0.001,20000,converged,17723.0,0.000999837573939909
5.0,8,multiplicative,0.002154434690031882,0.001,20000,converged,18781.0,0.0009998044077258825
5.0,9,multiplicative,0.002154434690031882,0.001,20000,converged,19230.0,0.0009997841011064699
5.0,10,multiplicative,0.002154434690031882,0.001,20000,converged,18312.0,0.0009999311962178455
5.0,11,multiplicative,0.002154434690031882,0.001,20000,converged,18896.0,0.0009998723506804879
5.0,12,multiplicative,0.002154434690031882,0.001,20000,converged,17288.0,0.0009999029941360662
5.0,13,multiplicative,0.002154434690031882,0.001,20000,converged,18082.0,0.0009998895554389137
5.0,14,multiplicative,0.002154434690031882,0.001,20000,converged,18852.0,0.0009996770867968727
5.0,15,multiplicative,0.002154434690031882,0.001,20000,converged,18078.0,0.0009999718200585518
5.0,16,multiplicative,0.002154434690031882,0.001,20000,converged,19822.0,0.0009997999324670964
5.0,17,multiplicative,0.002154434690031882,0.001,20000,converged,17604.0,0.0009999147559178114
5.0,18,multiplicative,0.002154434690031882,0.001,20000,converged,17641.0,0.0009999890407010345
5.0,19,multiplicative,0.002154434690031882,0.001,20000,converged,17886.0,0.0009999411578938459
5.0,0,multiplicative,0.004641588833612777,0.001,20000,converged,9073.0,0.0009992957462218394
5.0,1,multiplicative,0.004641588833612777,0.001,20000,converged,8326.0,0.0009999125017687563
5.0,2,multiplicative,0.004641588833612777,0.001,20000,converged,8393.0,0.0009999530542406617
5.0,3,multiplicative,0.004641588833612777,0.001,20000,converged,8501.0,0.0009993291699145418
5.0,4,multiplicative,0.004641588833612777,0.001,20000,converged,8275.0,0.0009995930911206497
5.0,5,multiplicative,0.004641588833612777,0.001,20000,converged,8745.0,0.0009992515671986952
5.0,6,multiplicative,0.004641588833612777,0.001,20000,converged,8367.0,0.0009999560213862014
5.0,7,multiplicative,0.004641588833612777,0.001,20000,converged,8225.0,0.0009991626545678462
5.0,8,multiplicative,0.004641588833612777,0.001,20000,converged,8716.0,0.0009992758936735553
5.0,9,multiplicative,0.004641588833612777,0.001,20000,converged,8924.0,0.0009996270177462807
5.0,10,multiplicative,0.004641588833612777,0.001,20000,converged,8498.0,0.0009998120005353971
5.0,11,multiplicative,0.004641588833612777,0.001,20000,converged,8769.0,0.0009996302203713013
5.0,12,multiplicative,0.004641588833612777,0.001,20000,converged,8023.0,0.000999346485672555
5.0,13,multiplicative,0.004641588833612777,0.001,20000,converged,8391.0,0.000999791328185419
5.0,14,multiplicative,0.004641588833612777,0.001,20000,converged,8748.0,0.000999936259850512
5.0,15,multiplicative,0.004641588833612777,0.001,20000,converged,8389.0,0.000999947585616677
5.0,16,multiplicative,0.004641588833612777,0.001,20000,converged,9199.0,0.0009994921157812045
5.0,17,multiplicative,0.004641588833612777,0.001,20000,converged,8169.0,0.0009999851326753842
5.0,18,multiplicative,0.004641588833612777,0.001,20000,converged,8187.0,0.0009991978451189404
5.0,19,multiplicative,0.004641588833612777,0.001,20000,converged,8300.0,0.0009998448336706492
5.0,0,multiplicative,0.01,0.001,20000,converged,4210.0,0.0009982776365881525
5.0,1,multiplicative,0.01,0.001,20000,converged,3863.0,0.0009989828900793278
5.0,2,multiplicative,0.01,0.001,20000,converged,3894.0,0.0009996466839113248
5.0,3,multiplicative,0.01,0.001,20000,converged,3944.0,0.0009990895085993938
5.0,4,multiplicative,0.01,0.001,20000,converged,3839.0,0.0009993026468825997
5.0,5,multiplicative,0.01,0.001,20000,converged,4057.0,0.0009992410253591515
5.0,6,multiplicative,0.01,0.001,20000,converged,3882.0,0.0009993377639347773
5.0,7,multiplicative,0.01,0.001,20000,converged,3816.0,0.0009985578136929769
5.0,8,multiplicative,0.01,0.001,20000,converged,4044.0,0.0009985873306681933
5.0,9,multiplicative,0.01,0.001,20000,converged,4140.0,0.0009999706915680246
5.0,10,multiplicative,0.01,0.001,20000,converged,3943.0,0.0009990667276649821
5.0,11,multiplicative,0.01,0.001,20000,converged,4068.0,0.000999959831016455
5.0,12,multiplicative,0.01,0.001,20000,converged,3722.0,0.0009993037927595806
5.0,13,multiplicative,0.01,0.001,20000,converged,3893.0,0.0009992526502172788
5.0,14,multiplicative,0.01,0.001,20000,converged,4059.0,0.0009989081409379854
5.0,15,multiplicative,0.01,0.001,20000,converged,3892.0,0.0009994262685957451
5.0,16,multiplicative,0.01,0.001,20000,converged,4268.0,0.000999246177456903
5.0,17,multiplicative,0.01,0.001,20000,converged,3790.0,0.0009994445572926976
5.0,18,multiplicative,0.01,0.001,20000,converged,3798.0,0.000999207772518023
5.0,19,multiplicative,0.01,0.001,20000,converged,3851.0,0.0009987740049544746
5.0,0,multiplicative,0.021544346900318822,0.001,20000,converged,1952.0,0.0009991258124634396
5.0,1,multiplicative,0.021544346900318822,0.001,20000,converged,1791.0,0.0009989678549205006
5.0,2,multiplicative,0.021544346900318822,0.001,20000,converged,1806.0,0.0009979347797213615
5.0,3,multiplicative,0.021544346900318822,0.001,20000,converged,1829.0,0.0009978672246437057
5.0,4,multiplicative,0.021544346900318822,0.001,20000,converged,1780.0,0.0009986385153702075
5.0,5,multiplicative,0.021544346900318822,0.001,20000,converged,1881.0,0.000999312210491174
5.0,6,multiplicative,0.021544346900318822,0.001,20000,converged,1800.0,0.0009990593903165318
5.0,7,multiplicative,0.021544346900318822,0.001,20000,converged,1769.0,0.0009995412272411335
5.0,8,multiplicative,0.021544346900318822,0.001,20000,converged,1875.0,0.0009989137292769755
5.0,9,multiplicative,0.021544346900318822,0.001,20000,converged,1920.0,0.000998628362373451
5.0,10,multiplicative,0.021544346900318822,0.001,20000,converged,1829.0,0.0009964599755004815
5.0,11,multiplicative,0.021544346900318822,0.001,20000,converged,1887.0,0.0009966642754461149
5.0,12,multiplicative,0.021544346900318822,0.001,20000,converged,1726.0,0.0009976900806208467
5.0,13,multiplicative,0.021544346900318822,0.001,20000,converged,1805.0,0.0009990110972240382
5.0,14,multiplicative,0.021544346900318822,0.001,20000,converged,1882.0,0.0009989096049414737
5.0,15,multiplicative,0.021544346900318822,0.001,20000,converged,1805.0,0.0009969199595126572
5.0,16,multiplicative,0.021544346900318822,0.001,20000,converged,1979.0,0.0009995865502122388
5.0,17,multiplicative,0.021544346900318822,0.001,20000,converged,1758.0,0.0009958583477598032
5.0,18,multiplicative,0.021544346900318822,0.001,20000,converged,1761.0,0.0009983815152032971
5.0,19,multiplicative,0.021544346900318822,0.001,20000,converged,1786.0,0.0009962828919941676
5.0,0,multiplicative,0.046415888336127774,0.001,20000,converged,905.0,0.000992135220599807
5.0,1,multiplicative,0.046415888336127774,0.001,20000,converged,830.0,0.0009920676396408526
5.0,2,multiplicative,0.046415888336127774,0.001,20000,converged,837.0,0.0009927920035405907
5.0,3,multiplicative,0.046415888336127774,0.001,20000,converged,847.0,0.0009979263705705691
5.0,4,multiplicative,0.046415888336127774,0.001,20000,converged,824.0,0.0009999842870593162
5.0,5,multiplicative,0.046415888336127774,0.001,20000,converged,871.0,0.0009993765383501739
5.0,6,multiplicative,0.046415888336127774,0.001,20000,converged,834.0,0.000995003982473213
5.0,7,multiplicative,0.046415888336127774,0.001,20000,converged,820.0,0.0009910095320176946
5.0,8,multiplicative,0.046415888336127774,0.001,20000,converged,869.0,0.000993024826473079
5.0,9,multiplicative,0.046415888336127774,0.001,20000,converged,890.0,0.000992125276921839
5.0,10,multiplicative,0.046415888336127774,0.001,20000,converged,847.0,0.0009976755249337832
5.0,11,multiplicative,0.046415888336127774,0.001,20000,converged,874.0,0.000995267060755553
5.0,12,multiplicative,0.046415888336127774,0.001,20000,converged,799.0,0.0009993119156843594
5.0,13,multiplicative,0.046415888336127774,0.001,20000,converged,836.0,0.000996974130738759
5.0,14,multiplicative,0.046415888336127774,0.001,20000,converged,872.0,0.000994858504932987
5.0,15,multiplicative,0.046415888336127774,0.001,20000,converged,836.0,0.0009942922960546826
5.0,16,multiplicative,0.046415888336127774,0.001,20000,converged,917.0,0.0009966011716974834
5.0,17,multiplicative,0.046415888336127774,0.001,20000,converged,814.0,0.0009959907125245302
5.0,18,multiplicative,0.046415888336127774,0.001,20000,converged,816.0,0.000991968474055494
5.0,19,multiplicative,0.046415888336127774,0.001,20000,converged,827.0,0.000995715654206836
5.0,0,multiplicative,0.1,0.001,20000,converged,418.0,0.0009952470475728674
5.0,1,multiplicative,0.1,0.001,20000,converged,383.0,0.0009961383847991066
5.0,2,multiplicative,0.1,0.001,20000,converged,387.0,0.0009863131992625316
5.0,3,multiplicative,0.1,0.001,20000,converged,392.0,0.0009827917523833457
5.0,4,multiplicative,0.1,0.001,20000,converged,381.0,0.0009880696812319396
5.0,5,multiplicative,0.1,0.001,20000,converged,403.0,0.000984331219163713
5.0,6,multiplicative,0.1,0.001,20000,converged,385.0,0.0009985951508925308
5.0,7,multiplicative,0.1,0.001,20000,converged,379.0,0.0009830297101038692
5.0,8,multiplicative,0.1,0.001,20000,converged,402.0,0.0009814287450900486
5.0,9,multiplicative,0.1,0.001,20000,converged,411.0,0.0009945679116495907
5.0,10,multiplicative,0.1,0.001,20000,converged,392.0,0.0009849892602357168
5.0,11,multiplicative,0.1,0.001,20000,converged,404.0,0.0009886824414762152
5.0,12,multiplicative,0.1,0.001,20000,converged,369.0,0.0009972277056104599
5.0,13,multiplicative,0.1,0.001,20000,converged,386.0,0.000997202194933257
5.0,14,multiplicative,0.1,0.001,20000,converged,403.0,0.0009897780750655993
5.0,15,multiplicative,0.1,0.001,20000,converged,386.0,0.0009931870011079627
5.0,16,multiplicative,0.1,0.001,20000,converged,424.0,0.000991239080473737
5.0,17,multiplicative,0.1,0.001,20000,converged,376.0,0.0009929406179919778
5.0,18,multiplicative,0.1,0.001,20000,converged,377.0,0.0009856867883434642
5.0,19,multiplicative,0.1,0.001,20000,converged,382.0,0.000991914382745043
5.0,0,multiplicative,0.21544346900318823,0.001,20000,converged,193.0,0.0009621832657444129
5.0,1,multiplicative,0.21544346900318823,0.001,20000,converged,176.0,0.000984182998437431
5.0,2,multiplicative,0.21544346900318823,0.001,20000,converged,178.0,0.0009782040674721677
5.0,3,multiplicative,0.21544346900318823,0.001,20000,converged,180.0,0.0009832372954545806
5.0,4,multiplicative,0.21544346900318823,0.001,20000,converged,175.0,0.0009787460572559699
5.0,5,multiplicative,0.21544346900318823,0.001,20000,converged,185.0,0.0009832884932965947
5.0,6,multiplicative,0.21544346900318823,0.001,20000,converged,177.0,0.0009892207382852325
5.0,7,multiplicative,0.21544346900318823,0.001,20000,converged,174.0,0.0009790790156274966
5.0,8,multiplicative,0.21544346900318823,0.001,20000,converged,185.0,0.0009659702094814983
5.0,9,multiplicative,0.21544346900318823,0.001,20000,converged,189.0,0.000986858782258013
5.0,10,multiplicative,0.21544346900318823,0.001,20000,converged,180.0,0.0009910894894230057
5.0,11,multiplicative,0.21544346900318823,0.001,20000,converged,186.0,0.0009683122593774714
5.0,12,multiplicative,0.21544346900318823,0.001,20000,converged,170.0,0.0009672497159976355
5.0,13,multiplicative,0.21544346900318823,0.001,20000,converged,178.0,0.000960516908034245
5.0,14,multiplicative,0.21544346900318823,0.001,20000,converged,185.0,0.0009909816193483102
5.0,15,multiplicative,0.21544346900318823,0.001,20000,converged,177.0,0.0009963100043905361
5.0,16,multiplicative,0.21544346900318823,0.001,20000,converged,195.0,0.000985878446736618
5.0,17,multiplicative,0.21544346900318823,0.001,20000,converged,173.0,0.0009734243485306959
5.0,18,multiplicative,0.21544346900318823,0.001,20000,converged,173.0,0.0009824250504827992
5.0,19,multiplicative,0.21544346900318823,0.001,20000,converged,176.0,0.0009601352955378582
5.0,0,multiplicative,0.46415888336127725,0.001,20000,converged,88.0,0.000936747790264939
5.0,1,multiplicative,0.46415888336127725,0.001,20000,converged,80.0,0.0009511020687448064
5.0,2,multiplicative,0.46415888336127725,0.001,20000,converged,81.0,0.000962077331647419
5.0,3,multiplicative,0.46415888336127725,0.001,20000,converged,82.0,0.0009492078377609548
5.0,4,multiplicative,0.46415888336127725,0.001,20000,converged,79.0,0.0009947611174861086
5.0,5,multiplicative,0.46415888336127725,0.001,20000,converged,84.0,0.000964036243208729
5.0,6,multiplicative,0.46415888336127725,0.001,20000,converged,81.0,0.0009216185272789668
5.0,7,multiplicative,0.46415888336127725,0.001,20000,converged,79.0,0.000956294766132965
5.0,8,multiplicative,0.46415888336127725,0.001,20000,converged,84.0,0.0009561374540052811
5.0,9,multiplicative,0.46415888336127725,0.001,20000,converged,86.0,0.0009660906660394013
5.0,10,multiplicative,0.46415888336127725,0.001,20000,converged,82.0,0.0009696480376461242
5.0,11,multiplicative,0.46415888336127725,0.001,20000,converged,84.0,0.0009929231984551223
5.0,12,multiplicative,0.46415888336127725,0.001,20000,converged,77.0,0.0009625642451599965
5.0,13,multiplicative,0.46415888336127725,0.001,20000,converged,81.0,0.0009239363510139961
5.0,14,multiplicative,0.46415888336127725,0.001,20000,converged,84.0,0.000976954733597426
5.0,15,multiplicative,0.46415888336127725,0.001,20000,converged,81.0,0.0009109371447248807
5.0,16,multiplicative,0.46415888336127725,0.001,20000,converged,89.0,0.0009500725578063822
5.0,17,multiplicative,0.46415888336127725,0.001,20000,converged,79.0,0.0009128411154527114
5.0,18,multiplicative,0.46415888336127725,0.001,20000,converged,79.0,0.0009124383203638953
5.0,19,multiplicative,0.46415888336127725,0.001,20000,converged,80.0,0.0009278321210814701
5.0,0,multiplicative,1.0,0.001,20000,negative prices,,
5.0,1,multiplicative,1.0,0.001,20000,converged,35.0,0.0009666900179820861
5.0,2,multiplicative,1.0,0.001,20000,negative prices,,
5.0,3,multiplicative,1.0,0.001,20000,converged,36.0,0.00097382446482116
5.0,4,multiplicative,1.0,0.001,20000,converged,35.0,0.0009151102876324014
5.0,5,multiplicative,1.0,0.001,20000,negative prices,,
5.0,6,multiplicative,1.0,0.001,20000,negative prices,,
5.0,7,multiplicative,1.0,0.001,20000,converged,35.0,0.0008885244016442643
5.0,8,multiplicative,1.0,0.001,20000,converged,37.0,0.000952771979614244
5.0,9,multiplicative,1.0,0.001,20000,negative prices,,
5.0,10,multiplicative,1.0,0.001,20000,converged,37.0,0.0008404289409727348
5.0,11,multiplicative,1.0,0.001,20000,negative prices,,
5.0,12,multiplicative,1.0,0.001,20000,converged,34.0,0.0009226544670509538
5.0,13,multiplicative,1.0,0.001,20000,negative prices,,
5.0,14,multiplicative,1.0,0.001,20000,negative prices,,
5.0,15,multiplicative,1.0,0.001,20000,converged,36.0,0.0008141396475965381
5.0,16,multiplicative,1.0,0.001,20000,converged,40.0,0.0008375913606801547
5.0,17,multiplicative,1.0,0.001,20000,negative prices,,
5.0,18,multiplicative,1.0,0.001,20000,negative prices,,
5.0,19,multiplicative,1.0,0.001,20000,negative prices,,
10.0,0,additive,1e-05,0.001,20000,budget_exhausted,,3.6254359888669865
10.0,1,additive,1e-05,0.001,20000,budget_exhausted,,3.588084863421873
10.0,2,additive,1e-05,0.001,20000,budget_exhausted,,3.647956104502713
10.0,3,additive,1e-05,0.001,20000,budget_exhausted,,3.434324905236447
10.0,4,additive,1e-05,0.001,20000,budget_exhausted,,3.5205178521511202
10.0,5,additive,1e-05,0.001,20000,budget_exhausted,,3.683389496029576
10.0,6,additive,1e-05,0.001,20000,budget_exhausted,,3.6138893587601664
10.0,7,additive,1e-05,0.001,20000,budget_exhausted,,3.3297265566837377
10.0,8,additive,1e-05,0.001,20000,budget_exhausted,,3.6577351491167973
10.0,9,additive,1e-05,0.001,20000,budget_exhausted,,3.6997305160718206
10.0,10,additive,1e-05,0.001,20000,budget_exhausted,,3.4233088042319824
10.0,11,additive,1e-05,0.001,20000,budget_exhausted,,3.4530212769279123
10.0,12,additive,1e-05,0.001,20000,budget_exhausted,,3.12447065864337
10.0,13,additive,1e-05,0.001,20000,budget_exhausted,,3.661466594448966
10.0,14,additive,1e-05,0.001,20000,budget_exhausted,,3.755275916079
10.0,15,additive,1e-05,0.001,20000,budget_exhausted,,3.591597740280484
10.0,16,additive,1e-05,0.001,20000,budget_exhausted,,3.7052825450343674
10.0,17,additive,1e-05,0.001,20000,budget_exhausted,,3.6375260112518926
10.0,18,additive,1e-05,0.001,20000,budget_exhausted,,3.6094090635155007
10.0,19,additive,1e-05,0.001,20000,budget_exhausted,,3.609931322561429
10.0,0,additive,2.1544346900318823e-05,0.001,20000,budget_exhausted,,3.070509614154506
10.0,1,additive,2.1544346900318823e-05,0.001,20000,budget_exhausted,,3.100335735885823
10.0,2,additive,2.1544346900318823e-05,0.001,20000,budget_exhausted,,3.1064624237876157
10.0,3,additive,2.1544346900318823e-05,0.001,20000,budget_exhausted,,2.898655354825512
10.0,4,additive,2.1544346900318823e-05,0.001,20000,budget_exhausted,,3.0309109969793595
10.0,5,additive,2.1544346900318823e-05,0.001,20000,budget_exhausted,,3.211951556056214
10.0,6,additive,2.1544346900318823e-05,0.001,20000,budget_exhausted,,3.07694733794782
10.0,7,additive,2.1544346900318823e-05,0.001,20000,budget_exhausted,,2.9456651902700046
10.0,8,additive,2.1544346900318823e-05,0.001,20000,budget_exhausted,,2.965198223862906
10.0,9,additive,2.1544346900318823e-05,0.001,20000,budget_exhausted,,3.2861080428682015
10.0,10,additive,2.1544346900318823e-05,0.001,20000,budget_exhausted,,3.0607380055665843
10.0,11,additive,2.1544346900318823e-05,0.001,20000,budget_exhausted,,2.938352035153145
10.0,12,additive,2.1544346900318823e-05,0.001,20000,budget_exhausted,,2.7492888296619395
10.0,13,additive,2.1544346900318823e-05,0.001,20000,budget_exhausted,,3.099912061901601
10.0,14,additive,2.1544346900318823e-05,0.001,20000,budget_exhausted,,3.119031844269293
10.0,15,additive,2.1544346900318823e-05,0.001,20000,budget_exhausted,,3.1708896369950086
10.0,16,additive,2.1544346900318823e-05,0.001,20000,budget_exhausted,,3.303146747219554
10.0,17,additive,2.1544346900318823e-05,0.001,20000,budget_exhausted,,3.1142820073118798
10.0,18,additive,2.1544346900318823e-05,0.001,20000,budget_exhausted,,3.110087444046921
10.0,19,additive,2.1544346900318823e-05,0.001,20000,budget_exhausted,,3.1193361511749047
10.0,0,additive,4.641588833612782e-05,0.001,20000,budget_exhausted,,2.2097821875946186
10.0,1,additive,4.641588833612782e-05,0.001,20000,budget_exhausted,,2.20659353728508
10.0,2,additive,4.641588833612782e-05,0.001,20000,budget_exhausted,,2.2425865060019756
10.0,3,additive,4.641588833612782e-05,0.001,20000,budget_exhausted,,2.0721517860680168
10.0,4,additive,4.641588833612782e-05,0.001,20000,budget_exhausted,,2.208190494255703
10.0,5,additive,4.641588833612782e-05,0.001,20000,budget_exhausted,,2.3110538746701104
10.0,6,additive,4.641588833612782e-05,0.001,20000,budget_exhausted,,2.2029206792513643
10.0,7,additive,4.641588833612782e-05,0.001,20000,budget_exhausted,,2.125167064740329
10.0,8,additive,4.641588833612782e-05,0.001,20000,budget_exhausted,,1.9995104741042946
10.0,9,additive,4.641588833612782e-05,0.001,20000,budget_exhausted,,2.4551774375229307
10.0,10,additive,4.641588833612782e-05,0.001,20000,budget_exhausted,,2.2408720064662964
10.0,11,additive,4.641588833612782e-05,0.001,20000,budget_exhausted,,2.0338542731782847
10.0,12,additive,4.641588833612782e-05,0.001,20000,budget_exhausted,,1.9487901949197985
10.0,13,additive,4.641588833612782e-05,0.001,20000,budget_exhausted,,2.2349226658553274
10.0,14,additive,4.641588833612782e-05,0.001,20000,budget_exhausted,,2.1276171184759898
10.0,15,additive,4.641588833612782e-05,0.001,20000,budget_exhausted,,2.3210455783744672
10.0,16,additive,4.641588833612782e-05,0.001,20000,budget_exhausted,,2.3746997288303837
10.0,17,additive,4.641588833612782e-05,0.001,20000,budget_exhausted,,2.299933019590224
10.0,18,additive,4.641588833612782e-05,0.001,20000,budget_exhausted,,2.2522831847861156
10.0,19,additive,4.641588833612782e-05,0.001,20000,budget_exhausted,,2.263238876595811
10.0,0,additive,0.0001,0.001,20000,budget_exhausted,,1.3928151558938224
10.0,1,additive,0.0001,0.001,20000,budget_exhausted,,1.3440284273671503
10.0,2,additive,0.0001,0.001,20000,budget_exhausted,,1.3955993247251057
10.0,3,additive,0.0001,0.001,20000,budget_exhausted,,1.3067142434183006
10.0,4,additive,0.0001,0.001,20000,budget_exhausted,,1.3077654366858773
10.0,5,additive,0.0001,0.001,20000,budget_exhausted,,1.4537627151802335
10.0,6,additive,0.0001,0.001,20000,budget_exhausted,,1.344275293982704
10.0,7,additive,0.0001,0.001,20000,budget_exhausted,,1.3330817988580117
10.0,8,additive,0.0001,0.001,20000,budget_exhausted,,1.2044581301662625
10.0,9,additive,0.0001,0.001,20000,budget_exhausted,,1.568712782410856
10.0,10,additive,0.0001,0.001,20000,budget_exhausted,,1.354998956152067
10.0,11,additive,0.0001,0.001,20000,budget_exhausted,,1.2481278937231413
10.0,12,additive,0.0001,0.001,20000,budget_exhausted,,1.1873950283947627
10.0,13,additive,0.0001,0.001,20000,budget_exhausted,,1.4167325751799098
10.0,14,additive,0.0001,0.001,20000,budget_exhausted,,1.3388068030493279
10.0,15,additive,0.0001,0.001,20000,budget_exhausted,,1.4187845019008374
10.0,16,additive,0.0001,0.001,20000,budget_exhausted,,1.5011738839466193
10.0,17,additive,0.0001,0.001,20000,budget_exhausted,,1.392924020788481
10.0,18,additive,0.0001,0.001,20000,budget_exhausted,,1.404722718310479
10.0,19,additive,0.0001,0.001,20000,budget_exhausted,,1.4088324916746084
10.0,0,additive,0.00021544346900318823,0.001,20000,budget_exhausted,,0.8463348227229232
10.0,1,additive,0.00021544346900318823,0.001,20000,budget_exhausted,,0.7390537588570625
10.0,2,additive,0.00021544346900318823,0.001,20000,budget_exhausted,,0.8613701047676751
10.0,3,additive,0.00021544346900318823,0.001,20000,budget_exhausted,,0.7780569076574344
10.0,4,additive,0.00021544346900318823,0.001,20000,budget_exhausted,,0.7158683297495797
10.0,5,additive,0.00021544346900318823,0.001,20000,budget_exhausted,,0.879436908761386
10.0,6,additive,0.00021544346900318823,0.001,20000,budget_exhausted,,0.7622589504328358
10.0,7,additive,0.00021544346900318823,0.001,20000,budget_exhausted,,0.7799819363964494
10.0,8,additive,0.00021544346900318823,0.001,20000,budget_exhausted,,0.7233981412547754
10.0,9,additive,0.00021544346900318823,0.001,20000,budget_exhausted,,0.9449044290904606
10.0,10,additive,0.00021544346900318823,0.001,20000,budget_exhausted,,0.7952116002966424
10.0,11,additive,0.00021544346900318823,0.001,20000,budget_exhausted,,0.6739672517855997
10.0,12,additive,0.00021544346900318823,0.001,20000,budget_exhausted,,0.6469175976943312
10.0,13,additive,0.00021544346900318823,0.001,20000,budget_exhausted,,0.8456311193490921
10.0,14,additive,0.00021544346900318823,0.001,20000,budget_exhausted,,0.7493705472991763
10.0,15,additive,0.00021544346900318823,0.001,20000,budget_exhausted,,0.7980016245872129
10.0,16,additive,0.00021544346900318823,0.001,20000,budget_exhausted,,0.8912951402261887
10.0,17,additive,0.00021544346900318823,0.001,20000,budget_exhausted,,0.8030908844553437
10.0,18,additive,0.00021544346900318823,0.001,20000,budget_exhausted,,0.794600460082598
10.0,19,additive,0.00021544346900318823,0.001,20000,budget_exhausted,,0.7743255700050861
10.0,0,additive,0.00046415888336127773,0.001,20000,budget_exhausted,,0.5304599747826928
10.0,1,additive,0.00046415888336127773,0.001,20000,budget_exhausted,,0.39550099526909843
10.0,2,additive,0.00046415888336127773,0.001,20000,negative prices,,
10.0,3,additive,0.00046415888336127773,0.001,20000,budget_exhausted,,0.44126611229579676
10.0,4,additive,0.00046415888336127773,0.001,20000,budget_exhausted,,0.3659255096259372
10.0,5,additive,0.00046415888336127773,0.001,20000,budget_exhausted,,0.5136134751057054
10.0,6,additive,0.00046415888336127773,0.001,20000,budget_exhausted,,0.43143546231615393
10.0,7,additive,0.00046415888336127773,0.001,20000,budget_exhausted,,0.4189743062810961
10.0,8,additive,0.00046415888336127773,0.001,20000,budget_exhausted,,0.437644274522835
10.0,9,additive,0.00046415888336127773,0.001,20000,budget_exhausted,,0.5298795885840494
10.0,10,additive,0.00046415888336127773,0.001,20000,budget_exhausted,,0.479030545907281
10.0,11,additive,0.00046415888336127773,0.001,20000,budget_exhausted,,0.3318165328690259
10.0,12,additive,0.00046415888336127773,0.001,20000,budget_exhausted,,0.3378767734250672
10.0,13,additive,0.00046415888336127773,0.001,20000,budget_exhausted,,0.5073313399715713
10.0,14,additive,0.00046415888336127773,0.001,20000,budget_exhausted,,0.3809800704546514
10.0,15,additive,0.00046415888336127773,0.001,20000,budget_exhausted,,0.411137793652153
10.0,16,additive,0.00046415888336127773,0.001,20000,budget_exhausted,,0.5182647462398198
10.0,17,additive,0.00046415888336127773,0.001,20000,budget_exhausted,,0.45330683205702005
10.0,18,additive,0.00046415888336127773,0.001,20000,budget_exhausted,,0.41132752241623627
10.0,19,additive,0.00046415888336127773,0.001,20000,budget_exhausted,,0.4190469773761762
10.0,0,additive,0.001,0.001,20000,budget_exhausted,,0.3270344446505631
10.0,1,additive,0.001,0.001,20000,budget_exhausted,,0.2002654876353721
10.0,2,additive,0.001,0.001,20000,negative prices,,
10.0,3,additive,0.001,0.001,20000,budget_exhausted,,0.24388492484322674
10.0,4,additive,0.001,0.001,20000,budget_exhausted,,0.17220289125585153
10.0,5,additive,0.001,0.001,20000,budget_exhausted,,0.27817912671036876
10.0,6,additive,0.001,0.001,20000,budget_exhausted,,0.25383530413807465
10.0,7,additive,0.001,0.001,20000,budget_exhausted,,0.19495128143046558
10.0,8,additive,0.001,0.001,20000,budget_exhausted,,0.25533564902948896
10.0,9,additive,0.001,0.001,20000,budget_exhausted,,0.28240164935692175
10.0,10,additive,0.001,0.001,20000,budget_exhausted,,0.3058998906460391
10.0,11,additive,0.001,0.001,20000,budget_exhausted,,0.1529561819450753
10.0,12,additive,0.001,0.001,20000,budget_exhausted,,0.17741684562198512
10.0,13,additive,0.001,0.001,20000,negative prices,,
10.0,14,additive,0.001,0.001,20000,budget_exhausted,,0.17761222756406833
10.0,15,additive,0.001,0.001,20000,budget_exhausted,,0.1798571144526836
10.0,16,additive,0.001,0.001,20000,budget_exhausted,,0.2868686246646948
10.0,17,additive,0.001,0.001,20000,budget_exhausted,,0.24645721103965473
10.0,18,additive,0.001,0.001,20000,budget_exhausted,,0.1886059443846659
10.0,19,additive,0.001,0.001,20000,budget_exhausted,,0.23035686501186492
10.0,0,additive,0.002154434690031882,0.001,20000,negative prices,,
10.0,1,additive,0.002154434690031882,0.001,20000,budget_exhausted,,0.09502880530167251
10.0,2,additive,0.002154434690031882,0.001,20000,negative prices,,
10.0,3,additive,0.002154434690031882,0.001,20000,budget_exhausted,,0.13359964813886172
10.0,4,additive,0.002154434690031882,0.001,20000,budget_exhausted,,0.06912781219434008
10.0,5,additive,0.002154434690031882,0.001,20000,negative prices,,
10.0,6,additive,0.002154434690031882,0.001,20000,budget_exhausted,,0.1618943395504257
10.0,7,additive,0.002154434690031882,0.001,20000,budget_exhausted,,0.08758084259990996
10.0,8,additive,0.002154434690031882,0.001,20000,budget_exhausted,,0.13913344640142972
10.0,9,additive,0.002154434690031882,0.001,20000,negative prices,,
10.0,10,additive,0.002154434690031882,0.001,20000,budget_exhausted,,0.22056732595452413
10.0,11,additive,0.002154434690031882,0.001,20000,budget_exhausted,,0.06122293805572162
10.0,12,additive,0.002154434690031882,0.001,20000,budget_exhausted,,0.09638458874733077
10.0,13,additive,0.002154434690031882,0.001,20000,negative prices,,
10.0,14,additive,0.002154434690031882,0.001,20000,budget_exhausted,,0.07256205012231638
10.0,15,additive,0.002154434690031882,0.001,20000,budget_exhausted,,0.06742638447352486
10.0,16,additive,0.002154434690031882,0.001,20000,budget_exhausted,,0.13819853630701645
10.0,17,additive,0.002154434690031882,0.001,20000,budget_exhausted,,0.12053226502173392
10.0,18,additive,0.002154434690031882,0.001,20000,budget_exhausted,,0.06778027497703035
10.0,19,additive,0.002154434690031882,0.001,20000,budget_exhausted,,0.1402823626301177
10.0,0,additive,0.004641588833612777,0.001,20000,negative prices,,
10.0,1,additive,0.004641588833612777,0.001,20000,negative prices,,
10.0,2,additive,0.004641588833612777,0.001,20000,negative prices,,
10.0,3,additive,0.004641588833612777,0.001,20000,negative prices,,
10.0,4,additive,0.004641588833612777,0.001,20000,negative prices,,
10.0,5,additive,0.004641588833612777,0.001,20000,negative prices,,
10.0,6,additive,0.004641588833612777,0.001,20000,negative prices,,
10.0,7,additive,0.004641588833612777,0.001,20000,budget_exhausted,,0.04212792908418443
10.0,8,additive,0.004641588833612777,0.001,20000,negative prices,,
10.0,9,additive,0.004641588833612777,0.001,20000,negative prices,,
10.0,10,additive,0.004641588833612777,0.001,20000,budget_exhausted,,0.1746179772866503
10.0,11,additive,0.004641588833612777,0.001,20000,negative prices,,
10.0,12,additive,0.004641588833612777,0.001,20000,budget_exhausted,,0.05280841296986949
10.0,13,additive,0.004641588833612777,0.001,20000,negative prices,,
10.0,14,additive,0.004641588833612777,0.001,20000,negative prices,,
10.0,15,additive,0.004641588833612777,0.001,20000,budget_exhausted,,0.08492675923587288
10.0,16,additive,0.004641588833612777,0.001,20000,budget_exhausted,,0.0582401932910776
10.0,17,additive,0.004641588833612777,0.001,20000,negative prices,,
10.0,18,additive,0.004641588833612777,0.001,20000,negative prices,,
10.0,19,additive,0.004641588833612777,0.001,20000,negative prices,,
10.0,0,additive,0.01,0.001,20000,negative prices,,
10.0,1,additive,0.01,0.001,20000,negative prices,,
10.0,2,additive,0.01,0.001,20000,negative prices,,
10.0,3,additive,0.01,0.001,20000,negative prices,,
10.0,4,additive,0.01,0.001,20000,negative prices,,
10.0,5,additive,0.01,0.001,20000,negative prices,,
10.0,6,additive,0.01,0.001,20000,negative prices,,
10.0,7,additive,0.01,0.001,20000,budget_exhausted,,0.021570422602130115
10.0,8,additive,0.01,0.001,20000,negative prices,,
10.0,9,additive,0.01,0.001,20000,negative prices,,
10.0,10,additive,0.01,0.001,20000,budget_exhausted,,0.13863222796009658
10.0,11,additive,0.01,0.001,20000,negative prices,,
10.0,12,additive,0.01,0.001,20000,budget_exhausted,,0.0319704419382344
10.0,13,additive,0.01,0.001,20000,negative prices,,
10.0,14,additive,0.01,0.001,20000,negative prices,,
10.0,15,additive,0.01,0.001,20000,negative prices,,
10.0,16,additive,0.01,0.001,20000,negative prices,,
10.0,17,additive,0.01,0.001,20000,negative prices,,
10.0,18,additive,0.01,0.001,20000,negative prices,,
10.0,19,additive,0.01,0.001,20000,negative prices,,
10.0,0,additive,0.021544346900318822,0.001,20000,negative prices,,
10.0,1,additive,0.021544346900318822,0.001,20000,negative prices,,
10.0,2,additive,0.021544346900318822,0.001,20000,negative prices,,
10.0,3,additive,0.021544346900318822,0.001,20000,negative prices,,
10.0,4,additive,0.021544346900318822,0.001,20000,negative prices,,
10.0,5,additive,0.021544346900318822,0.001,20000,negative prices,,
10.0,6,additive,0.021544346900318822,0.001,20000,negative prices,,
10.0,7,additive,0.021544346900318822,0.001,20000,negative prices,,
10.0,8,additive,0.021544346900318822,0.001,20000,negative prices,,
10.0,9,additive,0.021544346900318822,0.001,20000,negative prices,,
10.0,10,additive,0.021544346900318822,0.001,20000,negative prices,,
10.0,11,additive,0.021544346900318822,0.001,20000,negative prices,,
10.0,12,additive,0.021544346900318822,0.001,20000,negative prices,,
10.0,13,additive,0.021544346900318822,0.001,20000,negative prices,,
10.0,14,additive,0.021544346900318822,0.001,20000,negative prices,,
10.0,15,additive,0.021544346900318822,0.001,20000,negative prices,,
10.0,16,additive,0.021544346900318822,0.001,20000,negative prices,,
10.0,17,additive,0.021544346900318822,0.001,20000,negative prices,,
10.0,18,additive,0.021544346900318822,0.001,20000,negative prices,,
10.0,19,additive,0.021544346900318822,0.001,20000,negative prices,,
10.0,0,additive,0.046415888336127774,0.001,20000,negative prices,,
10.0,1,additive,0.046415888336127774,0.001,20000,negative prices,,
10.0,2,additive,0.046415888336127774,0.001,20000,negative prices,,
10.0,3,additive,0.046415888336127774,0.001,20000,negative prices,,
10.0,4,additive,0.046415888336127774,0.001,20000,negative prices,,
10.0,5,additive,0.046415888336127774,0.001,20000,negative prices,,
10.0,6,additive,0.046415888336127774,0.001,20000,negative prices,,
10.0,7,additive,0.046415888336127774,0.001,20000,negative prices,,
10.0,8,additive,0.046415888336127774,0.001,20000,negative prices,,
10.0,9,additive,0.046415888336127774,0.001,20000,negative prices,,
10.0,10,additive,0.046415888336127774,0.001,20000,negative prices,,
10.0,11,additive,0.046415888336127774,0.001,20000,negative prices,,
10.0,12,additive,0.046415888336127774,0.001,20000,negative prices,,
10.0,13,additive,0.046415888336127774,0.001,20000,negative prices,,
10.0,14,additive,0.046415888336127774,0.001,20000,negative prices,,
10.0,15,additive,0.046415888336127774,0.001,20000,negative prices,,
10.0,16,additive,0.046415888336127774,0.001,20000,negative prices,,
10.0,17,additive,0.046415888336127774,0.001,20000,negative prices,,
10.0,18,additive,0.046415888336127774,0.001,20000,negative prices,,
10.0,19,additive,0.046415888336127774,0.001,20000,negative prices,,
10.0,0,additive,0.1,0.001,20000,negative prices,,
10.0,1,additive,0.1,0.001,20000,negative prices,,
10.0,2,additive,0.1,0.001,20000,negative prices,,
10.0,3,additive,0.1,0.001,20000,negative prices,,
10.0,4,additive,0.1,0.001,20000,negative prices,,
10.0,5,additive,0.1,0.001,20000,negative prices,,
10.0,6,additive,0.1,0.001,20000,negative prices,,
10.0,7,additive,0.1,0.001,20000,negative prices,,
10.0,8,additive,0.1,0.001,20000,negative prices,,
10.0,9,additive,0.1,0.001,20000,negative prices,,
10.0,10,additive,0.1,0.001,20000,negative prices,,
10.0,11,additive,0.1,0.001,20000,negative prices,,
10.0,12,additive,0.1,0.001,20000,negative prices,,
10.0,13,additive,0.1,0.001,20000,negative prices,,
10.0,14,additive,0.1,0.001,20000,negative prices,,
10.0,15,additive,0.1,0.001,20000,negative prices,,
10.0,16,additive,0.1,0.001,20000,negative prices,,
10.0,17,additive,0.1,0.001,20000,negative prices,,
10.0,18,additive,0.1,0.001,20000,negative prices,,
10.0,19,additive,0.1,0.001,20000,negative prices,,
10.0,0,additive,0.21544346900318823,0.001,20000,negative prices,,
10.0,1,additive,0.21544346900318823,0.001,20000,negative prices,,
10.0,2,additive,0.21544346900318823,0.001,20000,negative prices,,
10.0,3,additive,0.21544346900318823,0.001,20000,negative prices,,
10.0,4,additive,0.21544346900318823,0.001,20000,negative prices,,
10.0,5,additive,0.21544346900318823,0.001,20000,negative prices,,
10.0,6,additive,0.21544346900318823,0.001,20000,negative prices,,
10.0,7,additive,0.21544346900318823,0.001,20000,negative prices,,
10.0,8,additive,0.21544346900318823,0.001,20000,negative prices,,
10.0,9,additive,0.21544346900318823,0.001,20000,negative prices,,
10.0,10,additive,0.21544346900318823,0.001,20000,negative prices,,
10.0,11,additive,0.21544346900318823,0.001,20000,negative prices,,
10.0,12,additive,0.21544346900318823,0.001,20000,negative prices,,
10.0,13,additive,0.21544346900318823,0.001,20000,negative prices,,
10.0,14,additive,0.21544346900318823,0.001,20000,negative prices,,
10.0,15,additive,0.21544346900318823,0.001,20000,negative prices,,
10.0,16,additive,0.21544346900318823,0.001,20000,negative prices,,
10.0,17,additive,0.21544346900318823,0.001,20000,negative prices,,
10.0,18,additive,0.21544346900318823,0.001,20000,negative prices,,
10.0,19,additive,0.21544346900318823,0.001,20000,negative prices,,
10.0,0,additive,0.46415888336127725,0.001,20000,negative prices,,
10.0,1,additive,0.46415888336127725,0.001,20000,negative prices,,
10.0,2,additive,0.46415888336127725,0.001,20000,negative prices,,
10.0,3,additive,0.46415888336127725,0.001,20000,negative prices,,
10.0,4,additive,0.46415888336127725,0.001,20000,negative prices,,
10.0,5,additive,0.46415888336127725,0.001,20000,negative prices,,
10.0,6,additive,0.46415888336127725,0.001,20000,negative prices,,
10.0,7,additive,0.46415888336127725,0.001,20000,negative prices,,
10.0,8,additive,0.46415888336127725,0.001,20000,negative prices,,
10.0,9,additive,0.46415888336127725,0.001,20000,negative prices,,
10.0,10,additive,0.46415888336127725,0.001,20000,negative prices,,
10.0,11,additive,0.46415888336127725,0.001,20000,negative prices,,
10.0,12,additive,0.46415888336127725,0.001,20000,negative prices,,
10.0,13,additive,0.46415888336127725,0.001,20000,negative prices,,
10.0,14,additive,0.46415888336127725,0.001,20000,negative prices,,
10.0,15,additive,0.46415888336127725,0.001,20000,negative prices,,
10.0,16,additive,0.46415888336127725,0.001,20000,negative prices,,
10.0,17,additive,0.46415888336127725,0.001,20000,negative prices,,
10.0,18,additive,0.46415888336127725,0.001,20000,negative prices,,
10.0,19,additive,0.46415888336127725,0.001,20000,negative prices,,
10.0,0,additive,1.0,0.001,20000,negative prices,,
10.0,1,additive,1.0,0.001,20000,negative prices,,
10.0,2,additive,1.0,0.001,20000,negative prices,,
10.0,3,additive,1.0,0.001,20000,negative prices,,
10.0,4,additive,1.0,0.001,20000,negative prices,,
10.0,5,additive,1.0,0.001,20000,negative prices,,
10.0,6,additive,1.0,0.001,20000,negative prices,,
10.0,7,additive,1.0,0.001,20000,negative prices,,
10.0,8,additive,1.0,0.001,20000,negative prices,,
10.0,9,additive,1.0,0.001,20000,negative prices,,
10.0,10,additive,1.0,0.001,20000,negative prices,,
10.0,11,additive,1.0,0.001,20000,negative prices,,
10.0,12,additive,1.0,0.001,20000,negative prices,,
10.0,13,additive,1.0,0.001,20000,negative prices,,
10.0,14,additive,1.0,0.001,20000,negative prices,,
10.0,15,additive,1.0,0.001,20000,negative prices,,
10.0,16,additive,1.0,0.001,20000,negative prices,,
10.0,17,additive,1.0,0.001,20000,negative prices,,
10.0,18,additive,1.0,0.001,20000,negative prices,,
10.0,19,additive,1.0,0.001,20000,negative prices,,
10.0,0,multiplicative,1e-05,0.001,20000,budget_exhausted,,3.8637460299531328
10.0,1,multiplicative,1e-05,0.001,20000,budget_exhausted,,3.7992832974037403
10.0,2,multiplicative,1e-05,0.001,20000,budget_exhausted,,4.007319894590374
10.0,3,multiplicative,1e-05,0.001,20000,budget_exhausted,,3.676657307640832
10.0,4,multiplicative,1e-05,0.001,20000,budget_exhausted,,3.7336700363515507
10.0,5,multiplicative,1e-05,0.001,20000,budget_exhausted,,3.880466281440484
10.0,6,multiplicative,1e-05,0.001,20000,budget_exhausted,,3.860695004728393
10.0,7,multiplicative,1e-05,0.001,20000,budget_exhausted,,3.550891206625001
10.0,8,multiplicative,1e-05,0.001,20000,budget_exhausted,,3.9534398720480666
10.0,9,multiplicative,1e-05,0.001,20000,budget_exhausted,,3.888820608872704
10.0,10,multiplicative,1e-05,0.001,20000,budget_exhausted,,3.624857913095235
10.0,11,multiplicative,1e-05,0.001,20000,budget_exhausted,,3.6998837060556715
10.0,12,multiplicative,1e-05,0.001,20000,budget_exhausted,,3.3405944185148537
10.0,13,multiplicative,1e-05,0.001,20000,budget_exhausted,,3.9054897411284233
10.0,14,multiplicative,1e-05,0.001,20000,budget_exhausted,,4.037974865689711
10.0,15,multiplicative,1e-05,0.001,20000,budget_exhausted,,3.786086557815598
10.0,16,multiplicative,1e-05,0.001,20000,budget_exhausted,,3.9031869957540337
10.0,17,multiplicative,1e-05,0.001,20000,budget_exhausted,,3.861955003493203
10.0,18,multiplicative,1e-05,0.001,20000,budget_exhausted,,3.8204746209322566
10.0,19,multiplicative,1e-05,0.001,20000,budget_exhausted,,3.824229757318264
10.0,0,multiplicative,2.1544346900318823e-05,0.001,20000,budget_exhausted,,3.8008475584711965
10.0,1,multiplicative,2.1544346900318823e-05,0.001,20000,budget_exhausted,,3.735265983497794
10.0,2,multiplicative,2.1544346900318823e-05,0.001,20000,budget_exhausted,,3.9434775543729788
10.0,3,multiplicative,2.1544346900318823e-05,0.001,20000,budget_exhausted,,3.6109658222709204
10.0,4,multiplicative,2.1544346900318823e-05,0.001,20000,budget_exhausted,,3.6704527135678044
10.0,5,multiplicative,2.1544346900318823e-05,0.001,20000,budget_exhausted,,3.8230243657796983
10.0,6,multiplicative,2.1544346900318823e-05,0.001,20000,budget_exhausted,,3.794474353248225
10.0,7,multiplicative,2.1544346900318823e-05,0.001,20000,budget_exhausted,,3.487822879232542
10.0,8,multiplicative,2.1544346900318823e-05,0.001,20000,budget_exhausted,,3.8842491244029347
10.0,9,multiplicative,2.1544346900318823e-05,0.001,20000,budget_exhausted,,3.8278873823850126
10.0,10,multiplicative,2.1544346900318823e-05,0.001,20000,budget_exhausted,,3.561961897661388
10.0,11,multiplicative,2.1544346900318823e-05,0.001,20000,budget_exhausted,,3.638375303491219
10.0,12,multiplicative,2.1544346900318823e-05,0.001,20000,budget_exhausted,,3.276457998829739
10.0,13,multiplicative,2.1544346900318823e-05,0.001,20000,budget_exhausted,,3.8409123378713974
10.0,14,multiplicative,2.1544346900318823e-05,0.001,20000,budget_exhausted,,3.9704451396406437
10.0,15,multiplicative,2.1544346900318823e-05,0.001,20000,budget_exhausted,,3.7218546355290694
10.0,16,multiplicative,2.1544346900318823e-05,0.001,20000,budget_exhausted,,3.839718327815191
10.0,17,multiplicative,2.1544346900318823e-05,0.001,20000,budget_exhausted,,3.794478102192681
10.0,18,multiplicative,2.1544346900318823e-05,0.001,20000,budget_exhausted,,3.754381559984084
10.0,19,multiplicative,2.1544346900318823e-05,0.001,20000,budget_exhausted,,3.7601872080218675
10.0,0,multiplicative,4.641588833612782e-05,0.001,20000,budget_exhausted,,3.673651854478408
10.0,1,multiplicative,4.641588833612782e-05,0.001,20000,budget_exhausted,,3.604849658627543
10.0,2,multiplicative,4.641588833612782e-05,0.001,20000,budget_exhausted,,3.8001847381637246
10.0,3,multiplicative,4.641588833612782e-05,0.001,20000,budget_exhausted,,3.4780213442984262
10.0,4,multiplicative,4.641588833612782e-05,0.001,20000,budget_exhausted,,3.541796847926606
10.0,5,multiplicative,4.641588833612782e-05,0.001,20000,budget_exhausted,,3.705828234411879
10.0,6,multiplicative,4.641588833612782e-05,0.001,20000,budget_exhausted,,3.6599029379150396
10.0,7,multiplicative,4.641588833612782e-05,0.001,20000,budget_exhausted,,3.3620801612161397
10.0,8,multiplicative,4.641588833612782e-05,0.001,20000,budget_exhausted,,3.7433942540636673
10.0,9,multiplicative,4.641588833612782e-05,0.001,20000,budget_exhausted,,3.705274433768397
10.0,10,multiplicative,4.641588833612782e-05,0.001,20000,budget_exhausted,,3.436315466172223
10.0,11,multiplicative,4.641588833612782e-05,0.001,20000,budget_exhausted,,3.514540846047367
10.0,12,multiplicative,4.641588833612782e-05,0.001,20000,budget_exhausted,,3.1469206622965427
10.0,13,multiplicative,4.641588833612782e-05,0.001,20000,budget_exhausted,,3.7063965778642225
10.0,14,multiplicative,4.641588833612782e-05,0.001,20000,budget_exhausted,,3.835114614486856
10.0,15,multiplicative,4.641588833612782e-05,0.001,20000,budget_exhausted,,3.592300247197447
10.0,16,multiplicative,4.641588833612782e-05,0.001,20000,budget_exhausted,,3.7133567552084092
10.0,17,multiplicative,4.641588833612782e-05,0.001,20000,budget_exhausted,,3.6571136319938007
10.0,18,multiplicative,4.641588833612782e-05,0.001,20000,budget_exhausted,,3.6196818493842966
10.0,19,multiplicative,4.641588833612782e-05,0.001,20000,budget_exhausted,,3.630236998754637
10.0,0,multiplicative,0.0001,0.001,20000,budget_exhausted,,3.42416346522226
10.0,1,multiplicative,0.0001,0.001,20000,budget_exhausted,,3.3442115225721167
10.0,2,multiplicative,0.0001,0.001,20000,budget_exhausted,,3.490394166224081
10.0,3,multiplicative,0.0001,0.001,20000,budget_exhausted,,3.218344494580268
10.0,4,multiplicative,0.0001,0.001,20000,budget_exhausted,,3.2859987095486454
10.0,5,multiplicative,0.0001,0.001,20000,budget_exhausted,,3.4708350599641244
10.0,6,multiplicative,0.0001,0.001,20000,budget_exhausted,,3.39448901820102
10.0,7,multiplicative,0.0001,0.001,20000,budget_exhausted,,3.1235229020849715
10.0,8,multiplicative,0.0001,0.001,20000,budget_exhausted,,3.463175220270855
10.0,9,multiplicative,0.0001,0.001,20000,budget_exhausted,,3.466521670138537
10.0,10,multiplicative,0.0001,0.001,20000,budget_exhausted,,3.195953412704384
10.0,11,multiplicative,0.0001,0.001,20000,budget_exhausted,,3.2730598552523924
10.0,12,multiplicative,0.0001,0.001,20000,budget_exhausted,,2.895950877856054
10.0,13,multiplicative,0.0001,0.001,20000,budget_exhausted,,3.4323431973164946
10.0,14,multiplicative,0.0001,0.001,20000,budget_exhausted,,3.571396125999175
10.0,15,multiplicative,0.0001,0.001,20000,budget_exhausted,,3.3385488928603473
10.0,16,multiplicative,0.0001,0.001,20000,budget_exhausted,,3.4708495353860664
10.0,17,multiplicative,0.0001,0.001,20000,budget_exhausted,,3.385363049799681
10.0,18,multiplicative,0.0001,0.001,20000,budget_exhausted,,3.351618977819021
10.0,19,multiplicative,0.0001,0.001,20000,budget_exhausted,,3.3734743814654595
10.0,0,multiplicative,0.00021544346900318823,0.001,20000,budget_exhausted,,2.9432367071360273
10.0,1,multiplicative,0.00021544346900318823,0.001,20000,budget_exhausted,,2.824804229953681
10.0,2,multiplicative,0.00021544346900318823,0.001,20000,budget_exhausted,,2.897744141077378
10.0,3,multiplicative,0.00021544346900318823,0.001,20000,budget_exhausted,,2.72732664644713
10.0,4,multiplicative,0.00021544346900318823,0.001,20000,budget_exhausted,,2.780605875944234
10.0,5,multiplicative,0.00021544346900318823,0.001,20000,budget_exhausted,,2.996951156715113
10.0,6,multiplicative,0.00021544346900318823,0.001,20000,budget_exhausted,,2.8798593270446773
10.0,7,multiplicative,0.00021544346900318823,0.001,20000,budget_exhausted,,2.6793860406404924
10.0,8,multiplicative,0.00021544346900318823,0.001,20000,budget_exhausted,,2.9173743201459663
10.0,9,multiplicative,0.00021544346900318823,0.001,20000,budget_exhausted,,3.0015618317871366
10.0,10,multiplicative,0.00021544346900318823,0.001,20000,budget_exhausted,,2.7402486664911527
10.0,11,multiplicative,0.00021544346900318823,0.001,20000,budget_exhausted,,2.8013780745483277
10.0,12,multiplicative,0.00021544346900318823,0.001,20000,budget_exhausted,,2.4266498921255466
10.0,13,multiplicative,0.00021544346900318823,0.001,20000,budget_exhausted,,2.9010066095879328
10.0,14,multiplicative,0.00021544346900318823,0.001,20000,budget_exhausted,,3.053049693340826
10.0,15,multiplicative,0.00021544346900318823,0.001,20000,budget_exhausted,,2.84174420680148
10.0,16,multiplicative,0.00021544346900318823,0.001,20000,budget_exhausted,,3.001747633852739
10.0,17,multiplicative,0.00021544346900318823,0.001,20000,budget_exhausted,,2.8583807398896774
10.0,18,multiplicative,0.00021544346900318823,0.001,20000,budget_exhausted,,2.826157101577175
10.0,19,multiplicative,0.00021544346900318823,0.001,20000,budget_exhausted,,2.8695679970404506
10.0,0,multiplicative,0.00046415888336127773,0.001,20000,budget_exhausted,,2.0674304058877926
10.0,1,multiplicative,0.00046415888336127773,0.001,20000,budget_exhausted,,1.8772272994709767
10.0,2,multiplicative,0.00046415888336127773,0.001,20000,budget_exhausted,,1.9367625568103086
10.0,3,multiplicative,0.00046415888336127773,0.001,20000,budget_exhausted,,1.8608988498273604
10.0,4,multiplicative,0.00046415888336127773,0.001,20000,budget_exhausted,,1.8499725180292634
10.0,5,multiplicative,0.00046415888336127773,0.001,20000,budget_exhausted,,2.0859507404010995
10.0,6,multiplicative,0.00046415888336127773,0.001,20000,budget_exhausted,,1.9439151851673009
10.0,7,multiplicative,0.00046415888336127773,0.001,20000,budget_exhausted,,1.8501226352799367
10.0,8,multiplicative,0.00046415888336127773,0.001,20000,budget_exhausted,,1.9615081647261303
10.0,9,multiplicative,0.00046415888336127773,0.001,20000,budget_exhausted,,2.1035676719600467
10.0,10,multiplicative,0.00046415888336127773,0.001,20000,budget_exhausted,,1.8975012291219318
10.0,11,multiplicative,0.00046415888336127773,0.001,20000,budget_exhausted,,1.9085048288334077
10.0,12,multiplicative,0.00046415888336127773,0.001,20000,budget_exhausted,,1.6110488586544278
10.0,13,multiplicative,0.00046415888336127773,0.001,20000,budget_exhausted,,1.9729208762097974
10.0,14,multiplicative,0.00046415888336127773,0.001,20000,budget_exhausted,,2.0733775307635556
10.0,15,multiplicative,0.00046415888336127773,0.001,20000,budget_exhausted,,1.912080012611345
10.0,16,multiplicative,0.00046415888336127773,0.001,20000,budget_exhausted,,2.1032850090514277
10.0,17,multiplicative,0.00046415888336127773,0.001,20000,budget_exhausted,,1.9097154198293205
10.0,18,multiplicative,0.00046415888336127773,0.001,20000,budget_exhausted,,1.8755498119845557
10.0,19,multiplicative,0.00046415888336127773,0.001,20000,budget_exhausted,,1.934890897956303
10.0,0,multiplicative,0.001,0.001,20000,budget_exhausted,,0.9132784926935134
10.0,1,multiplicative,0.001,0.001,20000,budget_exhausted,,0.7191584310420457
10.0,2,multiplicative,0.001,0.001,20000,budget_exhausted,,0.8312823895104399
10.0,3,multiplicative,0.001,0.001,20000,budget_exhausted,,0.7602233090396968
10.0,4,multiplicative,0.001,0.001,20000,budget_exhausted,,0.6949757563111938
10.0,5,multiplicative,0.001,0.001,20000,budget_exhausted,,0.8559121592777651
10.0,6,multiplicative,0.001,0.001,20000,budget_exhausted,,0.7793848183902979
10.0,7,multiplicative,0.001,0.001,20000,budget_exhausted,,0.7254149317072928
10.0,8,multiplicative,0.001,0.001,20000,budget_exhausted,,0.8071050283815246
10.0,9,multiplicative,0.001,0.001,20000,budget_exhausted,,0.861416507649542
10.0,10,multiplicative,0.001,0.001,20000,budget_exhausted,,0.8207391486858567
10.0,11,multiplicative,0.001,0.001,20000,budget_exhausted,,0.7512409152541092
10.0,12,multiplicative,0.001,0.001,20000,budget_exhausted,,0.6157512209696182
10.0,13,multiplicative,0.001,0.001,20000,budget_exhausted,,0.8033320924961078
10.0,14,multiplicative,0.001,0.001,20000,budget_exhausted,,0.7976288928810318
10.0,15,multiplicative,0.001,0.001,20000,budget_exhausted,,0.7222518784580376
10.0,16,multiplicative,0.001,0.001,20000,budget_exhausted,,0.882056393317323
10.0,17,multiplicative,0.001,0.001,20000,budget_exhausted,,0.7353620482370979
10.0,18,multiplicative,0.001,0.001,20000,budget_exhausted,,0.6975301094377157
10.0,19,multiplicative,0.001,0.001,20000,budget_exhausted,,0.760579141799046
10.0,0,multiplicative,0.002154434690031882,0.001,20000,budget_exhausted,,0.21258804017061475
10.0,1,multiplicative,0.002154434690031882,0.001,20000,budget_exhausted,,0.10747791586125872
10.0,2,multiplicative,0.002154434690031882,0.001,20000,budget_exhausted,,0.35078278881436914
10.0,3,multiplicative,0.002154434690031882,0.001,20000,budget_exhausted,,0.1489055532631319
10.0,4,multiplicative,0.002154434690031882,0.001,20000,budget_exhausted,,0.0963645901555194
10.0,5,multiplicative,0.002154434690031882,0.001,20000,budget_exhausted,,0.19072114967044151
10.0,6,multiplicative,0.002154434690031882,0.001,20000,budget_exhausted,,0.31181558489076644
10.0,7,multiplicative,0.002154434690031882,0.001,20000,budget_exhausted,,0.11080846604901377
10.0,8,multiplicative,0.002154434690031882,0.001,20000,budget_exhausted,,0.16315731797697466
10.0,9,multiplicative,0.002154434690031882,0.001,20000,budget_exhausted,,0.1327434649601672
10.0,10,multiplicative,0.002154434690031882,0.001,20000,budget_exhausted,,0.24654561314884393
10.0,11,multiplicative,0.002154434690031882,0.001,20000,budget_exhausted,,0.11957640804158969
10.0,12,multiplicative,0.002154434690031882,0.001,20000,budget_exhausted,,0.10628308052682328
10.0,13,multiplicative,0.002154434690031882,0.001,20000,budget_exhausted,,0.15062204252967873
10.0,14,multiplicative,0.002154434690031882,0.001,20000,budget_exhausted,,0.10267601496113696
10.0,15,multiplicative,0.002154434690031882,0.001,20000,budget_exhausted,,0.09638359169782318
10.0,16,multiplicative,0.002154434690031882,0.001,20000,budget_exhausted,,0.16944016236601794
10.0,17,multiplicative,0.002154434690031882,0.001,20000,budget_exhausted,,0.11058495404144193
10.0,18,multiplicative,0.002154434690031882,0.001,20000,budget_exhausted,,0.08803036588289029
10.0,19,multiplicative,0.002154434690031882,0.001,20000,budget_exhausted,,0.19904814049880795
10.0,0,multiplicative,0.004641588833612777,0.001,20000,budget_exhausted,,0.21246138185272195
10.0,1,multiplicative,0.004641588833612777,0.001,20000,budget_exhausted,,0.013719912823994455
10.0,2,multiplicative,0.004641588833612777,0.001,20000,budget_exhausted,,1.6181116797996937
10.0,3,multiplicative,0.004641588833612777,0.001,20000,budget_exhausted,,0.01762765700406598
10.0,4,multiplicative,0.004641588833612777,0.001,20000,budget_exhausted,,0.005941840396821108
10.0,5,multiplicative,0.004641588833612777,0.001,20000,budget_exhausted,,1.3750100392796718
10.0,6,multiplicative,0.004641588833612777,0.001,20000,budget_exhausted,,0.8864381674796654
10.0,7,multiplicative,0.004641588833612777,0.001,20000,budget_exhausted,,0.02270359490024346
10.0,8,multiplicative,0.004641588833612777,0.001,20000,budget_exhausted,,0.04857119493263954
10.0,9,multiplicative,0.004641588833612777,0.001,20000,budget_exhausted,,0.008120375361800965
10.0,10,multiplicative,0.004641588833612777,0.001,20000,budget_exhausted,,0.5489262102724755
10.0,11,multiplicative,0.004641588833612777,0.001,20000,budget_exhausted,,0.0074208187589329235
10.0,12,multiplicative,0.004641588833612777,0.001,20000,budget_exhausted,,0.04870476881819345
10.0,13,multiplicative,0.004641588833612777,0.001,20000,budget_exhausted,,0.052345011150244584
10.0,14,multiplicative,0.004641588833612777,0.001,20000,budget_exhausted,,0.003395832684531549
10.0,15,multiplicative,0.004641588833612777,0.001,20000,budget_exhausted,,0.006209966948210189
10.0,16,multiplicative,0.004641588833612777,0.001,20000,budget_exhausted,,0.022794280324915532
10.0,17,multiplicative,0.004641588833612777,0.001,20000,budget_exhausted,,0.008436719526085386
10.0,18,multiplicative,0.004641588833612777,0.001,20000,budget_exhausted,,0.002971080586652709
10.0,19,multiplicative,0.004641588833612777,0.001,20000,budget_exhausted,,3.5495332981242105
10.0,0,multiplicative,0.01,0.001,20000,budget_exhausted,,0.001835321568771458
10.0,1,multiplicative,0.01,0.001,20000,budget_exhausted,,0.0028007763042066846
10.0,2,multiplicative,0.01,0.001,20000,converged,16861.0,0.000999214993806518
10.0,3,multiplicative,0.01,0.001,20000,converged,19010.0,0.0009999091367990025
10.0,4,multiplicative,0.01,0.001,20000,converged,13550.0,0.0009996876911067406
10.0,5,multiplicative,0.01,0.001,20000,converged,19657.0,0.0009997257630624844
10.0,6,multiplicative,0.01,0.001,20000,converged,15602.0,0.0009998716888023895
10.0,7,multiplicative,0.01,0.001,20000,budget_exhausted,,0.06516354084653297
10.0,8,multiplicative,0.01,0.001,20000,budget_exhausted,,0.35408237927207764
10.0,9,multiplicative,0.01,0.001,20000,converged,14710.0,0.000999858923824158
10.0,10,multiplicative,0.01,0.001,20000,budget_exhausted,,0.0011155515138516641
10.0,11,multiplicative,0.01,0.001,20000,converged,13831.0,0.000999866686355308
10.0,12,multiplicative,0.01,0.001,20000,budget_exhausted,,0.3964179545899042
10.0,13,multiplicative,0.01,0.001,20000,budget_exhausted,,0.8842339440045728
10.0,14,multiplicative,0.01,0.001,20000,converged,11651.0,0.000999896707447922
10.0,15,multiplicative,0.01,0.001,20000,converged,14426.0,0.0009996966101494809
10.0,16,multiplicative,0.01,0.001,20000,budget_exhausted,,0.0028694956481960677
10.0,17,multiplicative,0.01,0.001,20000,converged,15834.0,0.0009998275954409177
10.0,18,multiplicative,0.01,0.001,20000,converged,11200.0,0.0009996828200167208
10.0,19,multiplicative,0.01,0.001,20000,converged,18549.0,0.000999847972959301
10.0,0,multiplicative,0.021544346900318822,0.001,20000,converged,9542.0,0.0009980447367274525
10.0,1,multiplicative,0.021544346900318822,0.001,20000,converged,14122.0,0.0009998305235309163
10.0,2,multiplicative,0.021544346900318822,0.001,20000,converged,7825.0,0.000997960003411602
10.0,3,multiplicative,0.021544346900318822,0.001,20000,converged,8823.0,0.0009996835344446072
10.0,4,multiplicative,0.021544346900318822,0.001,20000,converged,6289.0,0.0009991493494668515
10.0,5,multiplicative,0.021544346900318822,0.001,20000,converged,9122.0,0.000999705885032218
10.0,6,multiplicative,0.021544346900318822,0.001,20000,converged,7240.0,0.0009989260547659312
10.0,7,multiplicative,0.021544346900318822,0.001,20000,converged,15576.0,0.0009998634395745243
10.0,8,multiplicative,0.021544346900318822,0.001,20000,converged,11890.0,0.0009991119823539675
10.0,9,multiplicative,0.021544346900318822,0.001,20000,converged,6827.0,0.0009997032534526226
10.0,10,multiplicative,0.021544346900318822,0.001,20000,converged,9330.0,0.0009978968381514637
10.0,11,multiplicative,0.021544346900318822,0.001,20000,converged,6419.0,0.0009994863245363973
10.0,12,multiplicative,0.021544346900318822,0.001,20000,converged,11896.0,0.000998168589750222
10.0,13,multiplicative,0.021544346900318822,0.001,20000,converged,12229.0,0.00099993847118262
10.0,14,multiplicative,0.021544346900318822,0.001,20000,converged,5407.0,0.0009995626448662614
10.0,15,multiplicative,0.021544346900318822,0.001,20000,converged,6695.0,0.000999750456698668
10.0,16,multiplicative,0.021544346900318822,0.001,20000,converged,12529.0,0.0009997931168663225
10.0,17,multiplicative,0.021544346900318822,0.001,20000,converged,7349.0,0.000999647991424163
10.0,18,multiplicative,0.021544346900318822,0.001,20000,converged,5198.0,0.0009988321493244379
10.0,19,multiplicative,0.021544346900318822,0.001,20000,converged,8610.0,0.0009978337807955934
10.0,0,multiplicative,0.046415888336127774,0.001,20000,converged,4427.0,0.0009963983970370678
10.0,1,multiplicative,0.046415888336127774,0.001,20000,converged,6554.0,0.0009999241882249286
10.0,2,multiplicative,0.046415888336127774,0.001,20000,converged,3630.0,0.0009991694705900848
10.0,3,multiplicative,0.046415888336127774,0.001,20000,converged,4094.0,0.0009999416609132394
10.0,4,multiplicative,0.046415888336127774,0.001,20000,converged,2918.0,0.0009993692650896665
10.0,5,multiplicative,0.046415888336127774,0.001,20000,converged,4233.0,0.000995406201800152
10.0,6,multiplicative,0.046415888336127774,0.001,20000,converged,3359.0,0.0009951535715494516
10.0,7,multiplicative,0.046415888336127774,0.001,20000,converged,7228.0,0.0009986652973895456
10.0,8,multiplicative,0.046415888336127774,0.001,20000,converged,5517.0,0.0009983698070991152
10.0,9,multiplicative,0.046415888336127774,0.001,20000,converged,3168.0,0.0009994246176538853
10.0,10,multiplicative,0.046415888336127774,0.001,20000,converged,4328.0,0.0009991367281553505
10.0,11,multiplicative,0.046415888336127774,0.001,20000,converged,2978.0,0.0009999355269536398
10.0,12,multiplicative,0.046415888336127774,0.001,20000,converged,5519.0,0.0009963669668896615
10.0,13,multiplicative,0.046415888336127774,0.001,20000,converged,5675.0,0.000995366340621799
10.0,14,multiplicative,0.046415888336127774,0.001,20000,converged,2509.0,0.0009983780341053217
10.0,15,multiplicative,0.046415888336127774,0.001,20000,converged,3107.0,0.0009992393094223856
10.0,16,multiplicative,0.046415888336127774,0.001,20000,converged,5815.0,0.0009994084446335013
10.0,17,multiplicative,0.046415888336127774,0.001,20000,converged,3411.0,0.0009987163252338628
10.0,18,multiplicative,0.046415888336127774,0.001,20000,converged,2411.0,0.0009998539881261876
10.0,19,multiplicative,0.046415888336127774,0.001,20000,converged,3994.0,0.0009989345423622382
10.0,0,multiplicative,0.1,0.001,20000,converged,2053.0,0.000990909590038707
10.0,1,multiplicative,0.1,0.001,20000,converged,3042.0,0.000999446703091616
10.0,2,multiplicative,0.1,0.001,20000,converged,1684.0,0.000990469081764718
10.0,3,multiplicative,0.1,0.001,20000,converged,1900.0,0.0009978619590294319
10.0,4,multiplicative,0.1,0.001,20000,converged,1354.0,0.0009971190546329146
10.0,5,multiplicative,0.1,0.001,20000,converged,1963.0,0.00099334174730599
10.0,6,multiplicative,0.1,0.001,20000,converged,1557.0,0.0009935100305522855
10.0,7,multiplicative,0.1,0.001,20000,converged,3353.0,0.0009981336546348943
10.0,8,multiplicative,0.1,0.001,20000,converged,2559.0,0.0009957010433246604
10.0,9,multiplicative,0.1,0.001,20000,converged,1470.0,0.0009976029514220759
10.0,10,multiplicative,0.1,0.001,20000,converged,2007.0,0.0009941255828826757
10.0,11,multiplicative,0.1,0.001,20000,converged,1382.0,0.0009960155691944984
10.0,12,multiplicative,0.1,0.001,20000,converged,2560.0,0.0009917645152328135
10.0,13,multiplicative,0.1,0.001,20000,converged,2632.0,0.000994999667586209
10.0,14,multiplicative,0.1,0.001,20000,converged,1164.0,0.0009951996699398937
10.0,15,multiplicative,0.1,0.001,20000,converged,1442.0,0.000996822070540185
10.0,16,multiplicative,0.1,0.001,20000,converged,2698.0,0.0009995120634695084
10.0,17,multiplicative,0.1,0.001,20000,converged,1583.0,0.0009971366478904694
10.0,18,multiplicative,0.1,0.001,20000,converged,1118.0,0.0009986973308861026
10.0,19,multiplicative,0.1,0.001,20000,converged,1852.0,0.000994570971458065
10.0,0,multiplicative,0.21544346900318823,0.001,20000,converged,951.0,0.000980607779405752
10.0,1,multiplicative,0.21544346900318823,0.001,20000,converged,1412.0,0.0009981691090715872
10.0,2,multiplicative,0.21544346900318823,0.001,20000,converged,780.0,0.0009872300826804915
10.0,3,multiplicative,0.21544346900318823,0.001,20000,converged,881.0,0.0009969497129080247
10.0,4,multiplicative,0.21544346900318823,0.001,20000,converged,628.0,0.0009927449855235205
10.0,5,multiplicative,0.21544346900318823,0.001,20000,converged,909.0,0.0009963327712749722
10.0,6,multiplicative,0.21544346900318823,0.001,20000,converged,721.0,0.0009800036429171352
10.0,7,multiplicative,0.21544346900318823,0.001,20000,converged,1555.0,0.0009824822560175897
10.0,8,multiplicative,0.21544346900318823,0.001,20000,converged,1186.0,0.0009899775150583809
10.0,9,multiplicative,0.21544346900318823,0.001,20000,converged,682.0,0.000992655074667866
10.0,10,multiplicative,0.21544346900318823,0.001,20000,converged,929.0,0.0009985668954834417
10.0,11,multiplicative,0.21544346900318823,0.001,20000,converged,640.0,0.0009983779690956268
10.0,12,multiplicative,0.21544346900318823,0.001,20000,converged,1186.0,0.0009904971355689967
10.0,13,multiplicative,0.21544346900318823,0.001,20000,converged,1220.0,0.000983802279785503
10.0,14,multiplicative,0.21544346900318823,0.001,20000,converged,539.0,0.0009957301775422582
10.0,15,multiplicative,0.21544346900318823,0.001,20000,converged,668.0,0.0009998999051187842
10.0,16,multiplicative,0.21544346900318823,0.001,20000,converged,1252.0,0.0009972612320981206
10.0,17,multiplicative,0.21544346900318823,0.001,20000,converged,734.0,0.0009970843724055288
10.0,18,multiplicative,0.21544346900318823,0.001,20000,converged,518.0,0.0009943484691933104
10.0,19,multiplicative,0.21544346900318823,0.001,20000,converged,858.0,0.0009804302111601647
10.0,0,multiplicative,0.46415888336127725,0.001,20000,converged,439.0,0.0009810572104429452
10.0,1,multiplicative,0.46415888336127725,0.001,20000,converged,655.0,0.0009971469171649642
10.0,2,multiplicative,0.46415888336127725,0.001,20000,converged,360.0,0.0009974684603827099
10.0,3,multiplicative,0.46415888336127725,0.001,20000,converged,408.0,0.0009952069459426747
10.0,4,multiplicative,0.46415888336127725,0.001,20000,converged,291.0,0.0009836747549756583
10.0,5,multiplicative,0.46415888336127725,0.001,20000,converged,420.0,0.0009908878864893652
10.0,6,multiplicative,0.46415888336127725,0.001,20000,converged,332.0,0.0009967605784573855
10.0,7,multiplicative,0.46415888336127725,0.001,20000,converged,720.0,0.0009684268647308973
10.0,8,multiplicative,0.46415888336127725,0.001,20000,converged,549.0,0.0009620688499036833
10.0,9,multiplicative,0.46415888336127725,0.001,20000,converged,316.0,0.0009858969538283123
10.0,10,multiplicative,0.46415888336127725,0.001,20000,converged,429.0,0.0009886195638710328
10.0,11,multiplicative,0.46415888336127725,0.001,20000,converged,296.0,0.0009955875773530226
10.0,12,multiplicative,0.46415888336127725,0.001,20000,converged,549.0,0.0009508747101540822
10.0,13,multiplicative,0.46415888336127725,0.001,20000,converged,564.0,0.0009874815590515237
10.0,14,multiplicative,0.46415888336127725,0.001,20000,converged,249.0,0.000994814051492526
10.0,15,multiplicative,0.46415888336127725,0.001,20000,converged,310.0,0.0009873923756188114
10.0,16,multiplicative,0.46415888336127725,0.001,20000,converged,580.0,0.00099800905796043
10.0,17,multiplicative,0.46415888336127725,0.001,20000,converged,340.0,0.0009959147960050818
10.0,18,multiplicative,0.46415888336127725,0.001,20000,converged,239.0,0.0009978817507356821
10.0,19,multiplicative,0.46415888336127725,0.001,20000,converged,396.0,0.0009780332887131978
10.0,0,multiplicative,1.0,0.001,20000,converged,202.0,0.0009012711398312718
10.0,1,multiplicative,1.0,0.001,20000,converged,304.0,0.0009915314118423887
10.0,2,multiplicative,1.0,0.001,20000,negative prices,,
10.0,3,multiplicative,1.0,0.001,20000,converged,189.0,0.0009770051393941045
10.0,4,multiplicative,1.0,0.001,20000,converged,134.0,0.0009869067463355737
10.0,5,multiplicative,1.0,0.001,20000,converged,193.0,0.0009744291943315766
10.0,6,multiplicative,1.0,0.001,20000,converged,152.0,0.0009620801884257432
10.0,7,multiplicative,1.0,0.001,20000,converged,332.0,0.0009734415918479354
10.0,8,multiplicative,1.0,0.001,20000,converged,253.0,0.0009277300911245398
10.0,9,multiplicative,1.0,0.001,20000,converged,146.0,0.0009754986991585291
10.0,10,multiplicative,1.0,0.001,20000,converged,197.0,0.0009503363902681454
10.0,11,multiplicative,1.0,0.001,20000,converged,137.0,0.0009617723598139597
10.0,12,multiplicative,1.0,0.001,20000,converged,252.0,0.0009984791978561271
10.0,13,multiplicative,1.0,0.001,20000,converged,260.0,0.00093237497157108
10.0,14,multiplicative,1.0,0.001,20000,converged,115.0,0.0009647224144104235
10.0,15,multiplicative,1.0,0.001,20000,converged,143.0,0.000987446402631279
10.0,16,multiplicative,1.0,0.001,20000,converged,269.0,0.00098616509989227
10.0,17,multiplicative,1.0,0.001,20000,converged,157.0,0.0009967739941548423
10.0,18,multiplicative,1.0,0.001,20000,converged,110.0,0.000978012394549081
10.0,19,multiplicative,1.0,0.001,20000,converged,182.0,0.000921608589092999
