id,type,rent,application_id,status,currency,total_fare,isDemo
9513,AssigningTasksInstance,,5,complete,,,1
9521,AssigningTasksInstance,,5,complete,,,0
9522,AssigningTasksInstance,,5,complete,,,1
9523,AssigningTasksInstance,,5,complete,,,1
9542,AssigningTasksInstance,,5,complete,,,1
9543,AssigningTasksInstance,,5,complete,,,1
9544,AssigningTasksInstance,,5,complete,,,1
9546,AssigningTasksInstance,,5,complete,,,1
9547,AssigningTasksInstance,,5,complete,,,1
9548,AssigningTasksInstance,,5,complete,,,1
9549,AssigningTasksInstance,,5,complete,,,1
9550,AssigningTasksInstance,,5,complete,,,1
9565,AssigningTasksInstance,,5,complete,,,1
9571,AssigningTasksInstance,,5,complete,,,1
9572,AssigningTasksInstance,,5,complete,,,1
9580,AssigningTasksInstance,,5,complete,,,1
9581,AssigningTasksInstance,,5,complete,,,1
9613,AssigningTasksInstance,,5,complete,,,1
9637,AssigningTasksInstance,,5,complete,,,1
9638,AssigningTasksInstance,,5,complete,,,1
9642,AssigningTasksInstance,,5,complete,,,1
9648,AssigningTasksInstance,,5,complete,,,1
9658,AssigningTasksInstance,,5,complete,,,1
9666,AssigningTasksInstance,,5,complete,,,1
9712,AssigningTasksInstance,,5,complete,,,0
9731,AssigningTasksInstance,,5,complete,,,1
9733,AssigningTasksInstance,,5,complete,,,1
9741,AssigningTasksInstance,,5,complete,,,1
9748,AssigningTasksInstance,,5,complete,,,1
9787,AssigningTasksInstance,,5,complete,,,0
9813,AssigningTasksInstance,,5,complete,,,1
9830,AssigningTasksInstance,,5,complete,,,1
9838,AssigningTasksInstance,,5,complete,,,1
9844,AssigningTasksInstance,,5,complete,,,1
9850,AssigningTasksInstance,,5,complete,,,1
9860,AssigningTasksInstance,,5,complete,,,1
9879,AssigningTasksInstance,,5,complete,,,1
9885,AssigningTasksInstance,,5,complete,,,1
9905,AssigningTasksInstance,,5,complete,,,1
9907,AssigningTasksInstance,,5,complete,,,1
9908,AssigningTasksInstance,,5,complete,,,1
9923,AssigningTasksInstance,,5,complete,,,1
9973,AssigningTasksInstance,,5,complete,,,1
9989,AssigningTasksInstance,,5,complete,,,1
9994,AssigningTasksInstance,,5,complete,,,1
9997,AssigningTasksInstance,,5,complete,,,1
10014,AssigningTasksInstance,,5,complete,,,1
10018,AssigningTasksInstance,,5,complete,,,1
10052,AssigningTasksInstance,,5,complete,,,1
10066,AssigningTasksInstance,,5,complete,,,1
10068,AssigningTasksInstance,,5,complete,,,1
10075,AssigningTasksInstance,,5,complete,,,1
10099,AssigningTasksInstance,,5,complete,,,1
10100,AssigningTasksInstance,,5,complete,,,1
10101,AssigningTasksInstance,,5,complete,,,1
10102,AssigningTasksInstance,,5,complete,,,1
10103,AssigningTasksInstance,,5,complete,,,1
10171,AssigningTasksInstance,,5,complete,,,1
10177,AssigningTasksInstance,,5,complete,,,1
10202,AssigningTasksInstance,,5,complete,,,0
10224,AssigningTasksInstance,,5,complete,,,1
10229,AssigningTasksInstance,,5,complete,,,1
10243,AssigningTasksInstance,,5,complete,,,1
10247,AssigningTasksInstance,,5,complete,,,1
10265,AssigningTasksInstance,,5,complete,,,1
10295,AssigningTasksInstance,,5,complete,,,1
10300,AssigningTasksInstance,,5,complete,,,1
10301,AssigningTasksInstance,,5,complete,,,1
10317,AssigningTasksInstance,,5,complete,,,1
10325,AssigningTasksInstance,,5,complete,,,1
10357,AssigningTasksInstance,,5,complete,,,0
10388,AssigningTasksInstance,,5,complete,,,1
10461,AssigningTasksInstance,,5,complete,,,1
10481,AssigningTasksInstance,,5,complete,,,1
10507,AssigningTasksInstance,,5,complete,,,1
10513,AssigningTasksInstance,,5,complete,,,0
10549,AssigningTasksInstance,,5,complete,,,1
10557,AssigningTasksInstance,,5,complete,,,1
10563,AssigningTasksInstance,,5,complete,,,1
10589,AssigningTasksInstance,,5,complete,,,0
10642,AssigningTasksInstance,,5,complete,,,1
10673,AssigningTasksInstance,,5,complete,,,1
10693,AssigningTasksInstance,,5,complete,,,1
10709,AssigningTasksInstance,,5,complete,,,0
10733,AssigningTasksInstance,,5,complete,,,1
10737,AssigningTasksInstance,,5,complete,,,0
10755,AssigningTasksInstance,,5,complete,,,1
10758,AssigningTasksInstance,,5,complete,,,1
10772,AssigningTasksInstance,,5,complete,,,1
10784,AssigningTasksInstance,,5,complete,,,1
10787,AssigningTasksInstance,,5,complete,,,1
10805,AssigningTasksInstance,,5,complete,,,1
10890,AssigningTasksInstance,,5,complete,,,1
10916,AssigningTasksInstance,,5,complete,,,1
10926,AssigningTasksInstance,,5,complete,,,1
10927,AssigningTasksInstance,,5,complete,,,1
10941,AssigningTasksInstance,,5,complete,,,1
10950,AssigningTasksInstance,,5,complete,,,1
10984,AssigningTasksInstance,,5,complete,,,0
10998,AssigningTasksInstance,,5,complete,,,1
11003,AssigningTasksInstance,,5,complete,,,1
11006,AssigningTasksInstance,,5,complete,,,1
11026,AssigningTasksInstance,,5,complete,,,1
11033,AssigningTasksInstance,,5,complete,,,1
11099,AssigningTasksInstance,,5,complete,,,1
11100,AssigningTasksInstance,,5,complete,,,1
11166,AssigningTasksInstance,,5,complete,,,1
11206,AssigningTasksInstance,,5,complete,,,1
11299,AssigningTasksInstance,,5,complete,,,1
11303,AssigningTasksInstance,,5,complete,,,1
11312,AssigningTasksInstance,,5,complete,,,1
11344,AssigningTasksInstance,,5,complete,,,1
11499,AssigningTasksInstance,,5,complete,,,1
11504,AssigningTasksInstance,,5,complete,,,1
11564,AssigningTasksInstance,,5,complete,,,1
11613,AssigningTasksInstance,,5,complete,,,1
11688,AssigningTasksInstance,,5,complete,,,1
11689,AssigningTasksInstance,,5,complete,,,1
11710,AssigningTasksInstance,,5,complete,,,1
11711,AssigningTasksInstance,,5,complete,,,0
11742,AssigningTasksInstance,,5,complete,,,1
11748,AssigningTasksInstance,,5,complete,,,1
11760,AssigningTasksInstance,,5,complete,,,0
11761,AssigningTasksInstance,,5,complete,,,0
11762,AssigningTasksInstance,,5,complete,,,0
11767,AssigningTasksInstance,,5,complete,,,0
11774,AssigningTasksInstance,,5,complete,,,1
11792,AssigningTasksInstance,,5,complete,,,1
11800,AssigningTasksInstance,,5,complete,,,0
11842,AssigningTasksInstance,,5,complete,,,1
11849,AssigningTasksInstance,,5,complete,,,1
11851,AssigningTasksInstance,,5,complete,,,1
11866,AssigningTasksInstance,,5,complete,,,1
11868,AssigningTasksInstance,,5,complete,,,0
11875,AssigningTasksInstance,,5,complete,,,1
11881,AssigningTasksInstance,,5,complete,,,0
11929,AssigningTasksInstance,,5,complete,,,1
11964,AssigningTasksInstance,,5,complete,,,0
11973,AssigningTasksInstance,,5,complete,,,1
11975,AssigningTasksInstance,,5,complete,,,1
11984,AssigningTasksInstance,,5,complete,,,0
12041,AssigningTasksInstance,,5,complete,,,1
12046,AssigningTasksInstance,,5,complete,,,1
12048,AssigningTasksInstance,,5,complete,,,1
12104,AssigningTasksInstance,,5,complete,,,1
12145,AssigningTasksInstance,,5,complete,,,1
12222,AssigningTasksInstance,,5,complete,,,1
12235,AssigningTasksInstance,,5,complete,,,1
12236,AssigningTasksInstance,,5,complete,,,1
12238,AssigningTasksInstance,,5,complete,,,1
12288,AssigningTasksInstance,,5,complete,,,1
12289,AssigningTasksInstance,,5,complete,,,1
12297,AssigningTasksInstance,,5,complete,,,1
12350,AssigningTasksInstance,,5,complete,,,1
12373,AssigningTasksInstance,,5,complete,,,1
12441,AssigningTasksInstance,,5,complete,,,1
12461,AssigningTasksInstance,,5,complete,,,1
12499,AssigningTasksInstance,,5,complete,,,1
12506,AssigningTasksInstance,,5,complete,,,1
12619,AssigningTasksInstance,,5,complete,,,1
12620,AssigningTasksInstance,,5,complete,,,1
12656,AssigningTasksInstance,,5,complete,,,1
12688,AssigningTasksInstance,,5,complete,,,1
12780,AssigningTasksInstance,,5,complete,,,0
12786,AssigningTasksInstance,,5,complete,,,1
12799,AssigningTasksInstance,,5,complete,,,1
12814,AssigningTasksInstance,,5,complete,,,1
12816,AssigningTasksInstance,,5,complete,,,1
12850,AssigningTasksInstance,,5,complete,,,1
12860,AssigningTasksInstance,,5,complete,,,1
12871,AssigningTasksInstance,,5,complete,,,1
12872,AssigningTasksInstance,,5,complete,,,1
12873,AssigningTasksInstance,,5,complete,,,1
12876,AssigningTasksInstance,,5,complete,,,1
12884,AssigningTasksInstance,,5,complete,,,1
12937,AssigningTasksInstance,,5,complete,,,1
12961,AssigningTasksInstance,,5,complete,,,1
12998,AssigningTasksInstance,,5,complete,,,1
13078,AssigningTasksInstance,,5,complete,,,1
13166,AssigningTasksInstance,,5,complete,,,1
13202,AssigningTasksInstance,,5,complete,,,1
13205,AssigningTasksInstance,,5,complete,,,1
13237,AssigningTasksInstance,,5,complete,,,1
13258,AssigningTasksInstance,,5,complete,,,1
13349,AssigningTasksInstance,,5,complete,,,1
13376,AssigningTasksInstance,,5,complete,,,1
13386,AssigningTasksInstance,,5,complete,,,1
13434,AssigningTasksInstance,,5,complete,,,1
13454,AssigningTasksInstance,,5,complete,,,1
13489,AssigningTasksInstance,,5,complete,,,1
13540,AssigningTasksInstance,,5,complete,,,0
13553,AssigningTasksInstance,,5,complete,,,1
13715,AssigningTasksInstance,,5,complete,,,1
13771,AssigningTasksInstance,,5,complete,,,1
13882,AssigningTasksInstance,,5,complete,,,1
13899,AssigningTasksInstance,,5,complete,,,1
13943,AssigningTasksInstance,,5,complete,,,1
13945,AssigningTasksInstance,,5,complete,,,1
14026,AssigningTasksInstance,,5,complete,,,1
14046,AssigningTasksInstance,,5,complete,,,1
14080,AssigningTasksInstance,,5,complete,,,1
14086,AssigningTasksInstance,,5,complete,,,1
14096,AssigningTasksInstance,,5,complete,,,1
14101,AssigningTasksInstance,,5,complete,,,1
14122,AssigningTasksInstance,,5,complete,,,1
14125,AssigningTasksInstance,,5,complete,,,1
14129,AssigningTasksInstance,,5,complete,,,1
14131,AssigningTasksInstance,,5,complete,,,1
14132,AssigningTasksInstance,,5,complete,,,1
14133,AssigningTasksInstance,,5,complete,,,1
14134,AssigningTasksInstance,,5,complete,,,1
14140,AssigningTasksInstance,,5,complete,,,1
14141,AssigningTasksInstance,,5,complete,,,1
14142,AssigningTasksInstance,,5,complete,,,1
14150,AssigningTasksInstance,,5,complete,,,1
14155,AssigningTasksInstance,,5,complete,,,1
14162,AssigningTasksInstance,,5,complete,,,1
14178,AssigningTasksInstance,,5,complete,,,1
14181,AssigningTasksInstance,,5,complete,,,1
14189,AssigningTasksInstance,,5,complete,,,0
14219,AssigningTasksInstance,,5,complete,,,1
14232,AssigningTasksInstance,,5,complete,,,1
14239,AssigningTasksInstance,,5,complete,,,1
14240,AssigningTasksInstance,,5,complete,,,1
14241,AssigningTasksInstance,,5,complete,,,1
14242,AssigningTasksInstance,,5,complete,,,1
14243,AssigningTasksInstance,,5,complete,,,1
14247,AssigningTasksInstance,,5,complete,,,1
14277,AssigningTasksInstance,,5,complete,,,1
14278,AssigningTasksInstance,,5,complete,,,1
14285,AssigningTasksInstance,,5,complete,,,1
14302,AssigningTasksInstance,,5,complete,,,1
14311,AssigningTasksInstance,,5,complete,,,1
14312,AssigningTasksInstance,,5,complete,,,1
14324,AssigningTasksInstance,,5,complete,,,1
14329,AssigningTasksInstance,,5,complete,,,1
14332,AssigningTasksInstance,,5,complete,,,1
14333,AssigningTasksInstance,,5,complete,,,1
14334,AssigningTasksInstance,,5,complete,,,1
14335,AssigningTasksInstance,,5,complete,,,1
14336,AssigningTasksInstance,,5,complete,,,1
14337,AssigningTasksInstance,,5,complete,,,1
14339,AssigningTasksInstance,,5,complete,,,1
14340,AssigningTasksInstance,,5,complete,,,1
14341,AssigningTasksInstance,,5,complete,,,1
14343,AssigningTasksInstance,,5,complete,,,1
14344,AssigningTasksInstance,,5,complete,,,1
14345,AssigningTasksInstance,,5,complete,,,1
14346,AssigningTasksInstance,,5,complete,,,1
14347,AssigningTasksInstance,,5,complete,,,1
14348,AssigningTasksInstance,,5,complete,,,1
14349,AssigningTasksInstance,,5,complete,,,1
14350,AssigningTasksInstance,,5,complete,,,1
14351,AssigningTasksInstance,,5,complete,,,1
14352,AssigningTasksInstance,,5,complete,,,1
14353,AssigningTasksInstance,,5,complete,,,1
14354,AssigningTasksInstance,,5,complete,,,1
14357,AssigningTasksInstance,,5,complete,,,1
14358,AssigningTasksInstance,,5,complete,,,1
14359,AssigningTasksInstance,,5,complete,,,1
14360,AssigningTasksInstance,,5,complete,,,1
14372,AssigningTasksInstance,,5,complete,,,1
14381,AssigningTasksInstance,,5,complete,,,1
14386,AssigningTasksInstance,,5,complete,,,1
14389,AssigningTasksInstance,,5,complete,,,1
14417,AssigningTasksInstance,,5,complete,,,0
14435,AssigningTasksInstance,,5,complete,,,1
14439,AssigningTasksInstance,,5,complete,,,1
14440,AssigningTasksInstance,,5,complete,,,1
14441,AssigningTasksInstance,,5,complete,,,1
14442,AssigningTasksInstance,,5,complete,,,1
14443,AssigningTasksInstance,,5,complete,,,1
14460,AssigningTasksInstance,,5,complete,,,1
14463,AssigningTasksInstance,,5,complete,,,1
14482,AssigningTasksInstance,,5,complete,,,0
14581,AssigningTasksInstance,,5,complete,,,1
14589,AssigningTasksInstance,,5,complete,,,1
14610,AssigningTasksInstance,,5,complete,,,0
14627,AssigningTasksInstance,,5,complete,,,1
14725,AssigningTasksInstance,,5,complete,,,1
14735,AssigningTasksInstance,,5,complete,,,1
14751,AssigningTasksInstance,,5,complete,,,1
14761,AssigningTasksInstance,,5,complete,,,1
14774,AssigningTasksInstance,,5,complete,,,0
14795,AssigningTasksInstance,,5,complete,,,1
14813,AssigningTasksInstance,,5,complete,,,0
14873,AssigningTasksInstance,,5,complete,,,1
14886,AssigningTasksInstance,,5,complete,,,1
14897,AssigningTasksInstance,,5,complete,,,1
14898,AssigningTasksInstance,,5,complete,,,1
14963,AssigningTasksInstance,,5,complete,,,0
14982,AssigningTasksInstance,,5,complete,,,1
14997,AssigningTasksInstance,,5,complete,,,1
15003,AssigningTasksInstance,,5,complete,,,1
15072,AssigningTasksInstance,,5,complete,,,1
15098,AssigningTasksInstance,,5,complete,,,1
15113,AssigningTasksInstance,,5,complete,,,1
15114,AssigningTasksInstance,,5,complete,,,1
15136,AssigningTasksInstance,,5,complete,,,0
15152,AssigningTasksInstance,,5,complete,,,0
15197,AssigningTasksInstance,,5,complete,,,1
15228,AssigningTasksInstance,,5,complete,,,1
15235,AssigningTasksInstance,,5,complete,,,1
15237,AssigningTasksInstance,,5,complete,,,1
15245,AssigningTasksInstance,,5,complete,,,1
15256,AssigningTasksInstance,,5,complete,,,1
15300,AssigningTasksInstance,,5,complete,,,1
15305,AssigningTasksInstance,,5,complete,,,1
15322,AssigningTasksInstance,,5,complete,,,1
15445,AssigningTasksInstance,,5,complete,,,1
15454,AssigningTasksInstance,,5,complete,,,1
15455,AssigningTasksInstance,,5,complete,,,1
15473,AssigningTasksInstance,,5,complete,,,1
15474,AssigningTasksInstance,,5,complete,,,0
15514,AssigningTasksInstance,,5,complete,,,1
15543,AssigningTasksInstance,,5,complete,,,1
15553,AssigningTasksInstance,,5,complete,,,0
15559,AssigningTasksInstance,,5,complete,,,0
15573,AssigningTasksInstance,,5,complete,,,1
15574,AssigningTasksInstance,,5,complete,,,1
15624,AssigningTasksInstance,,5,complete,,,0
15638,AssigningTasksInstance,,5,complete,,,1
15639,AssigningTasksInstance,,5,complete,,,1
15652,AssigningTasksInstance,,5,complete,,,0
15657,AssigningTasksInstance,,5,complete,,,0
15658,AssigningTasksInstance,,5,complete,,,1
15660,AssigningTasksInstance,,5,complete,,,1
15669,AssigningTasksInstance,,5,complete,,,1
15677,AssigningTasksInstance,,5,complete,,,0
15687,AssigningTasksInstance,,5,complete,,,1
15700,AssigningTasksInstance,,5,complete,,,1
15719,AssigningTasksInstance,,5,complete,,,1
15728,AssigningTasksInstance,,5,complete,,,1
15756,AssigningTasksInstance,,5,complete,,,1
15757,AssigningTasksInstance,,5,complete,,,1
15774,AssigningTasksInstance,,5,complete,,,1
15786,AssigningTasksInstance,,5,complete,,,0
15790,AssigningTasksInstance,,5,complete,,,0
15796,AssigningTasksInstance,,5,complete,,,0
15800,AssigningTasksInstance,,5,complete,,,0
15817,AssigningTasksInstance,,5,complete,,,1
15818,AssigningTasksInstance,,5,complete,,,1
15819,AssigningTasksInstance,,5,complete,,,1
15820,AssigningTasksInstance,,5,complete,,,1
15821,AssigningTasksInstance,,5,complete,,,1
15822,AssigningTasksInstance,,5,complete,,,1
15823,AssigningTasksInstance,,5,complete,,,1
15824,AssigningTasksInstance,,5,complete,,,1
15826,AssigningTasksInstance,,5,complete,,,1
15829,AssigningTasksInstance,,5,complete,,,0
15835,AssigningTasksInstance,,5,complete,,,1
15846,AssigningTasksInstance,,5,complete,,,1
15870,AssigningTasksInstance,,5,complete,,,1
15871,AssigningTasksInstance,,5,complete,,,1
15874,AssigningTasksInstance,,5,complete,,,1
15875,AssigningTasksInstance,,5,complete,,,1
15878,AssigningTasksInstance,,5,complete,,,1
15921,AssigningTasksInstance,,5,complete,,,1
15972,AssigningTasksInstance,,5,complete,,,1
16020,AssigningTasksInstance,,5,complete,,,1
16022,AssigningTasksInstance,,5,complete,,,0
16068,AssigningTasksInstance,,5,complete,,,1
16094,AssigningTasksInstance,,5,complete,,,1
16099,AssigningTasksInstance,,5,complete,,,1
16130,AssigningTasksInstance,,5,complete,,,0
16146,AssigningTasksInstance,,5,complete,,,0
16168,AssigningTasksInstance,,5,complete,,,1
16277,AssigningTasksInstance,,5,complete,,,1
16278,AssigningTasksInstance,,5,complete,,,1
16323,AssigningTasksInstance,,5,complete,,,0
16332,AssigningTasksInstance,,5,complete,,,1
16448,AssigningTasksInstance,,5,complete,,,1
16449,AssigningTasksInstance,,5,complete,,,1
16458,AssigningTasksInstance,,5,complete,,,0
16460,AssigningTasksInstance,,5,complete,,,1
16462,AssigningTasksInstance,,5,complete,,,0
16480,AssigningTasksInstance,,5,complete,,,0
16496,AssigningTasksInstance,,5,complete,,,0
16524,AssigningTasksInstance,,5,complete,,,1
16544,AssigningTasksInstance,,5,complete,,,1
16545,AssigningTasksInstance,,5,complete,,,1
16546,AssigningTasksInstance,,5,complete,,,1
16547,AssigningTasksInstance,,5,complete,,,1
16589,AssigningTasksInstance,,5,complete,,,1
16620,AssigningTasksInstance,,5,complete,,,1
16670,AssigningTasksInstance,,5,complete,,,0
16672,AssigningTasksInstance,,5,complete,,,1
16673,AssigningTasksInstance,,5,complete,,,0
16741,AssigningTasksInstance,,5,complete,,,0
16787,AssigningTasksInstance,,5,complete,,,1
16808,AssigningTasksInstance,,5,complete,,,1
16809,AssigningTasksInstance,,5,complete,,,1
16821,AssigningTasksInstance,,5,complete,,,1
16823,AssigningTasksInstance,,5,complete,,,1
16895,AssigningTasksInstance,,5,complete,,,1
16981,AssigningTasksInstance,,5,complete,,,1
17018,AssigningTasksInstance,,5,complete,,,1
17069,AssigningTasksInstance,,5,complete,,,1
17132,AssigningTasksInstance,,5,complete,,,1
17201,AssigningTasksInstance,,5,complete,,,1
17211,AssigningTasksInstance,,5,complete,,,1
17220,AssigningTasksInstance,,5,complete,,,0
17248,AssigningTasksInstance,,5,complete,,,1
17249,AssigningTasksInstance,,5,complete,,,1
17288,AssigningTasksInstance,,5,complete,,,1
17318,AssigningTasksInstance,,5,complete,,,1
17322,AssigningTasksInstance,,5,complete,,,1
17351,AssigningTasksInstance,,5,complete,,,1
17379,AssigningTasksInstance,,5,complete,,,1
17383,AssigningTasksInstance,,5,complete,,,1
17386,AssigningTasksInstance,,5,complete,,,1
17413,AssigningTasksInstance,,5,complete,,,1
17434,AssigningTasksInstance,,5,complete,,,1
17462,AssigningTasksInstance,,5,complete,,,1
17473,AssigningTasksInstance,,5,complete,,,1
17474,AssigningTasksInstance,,5,complete,,,1
17515,AssigningTasksInstance,,5,complete,,,1
17519,AssigningTasksInstance,,5,complete,,,1
17524,AssigningTasksInstance,,5,complete,,,1
17526,AssigningTasksInstance,,5,complete,,,1
17547,AssigningTasksInstance,,5,complete,,,1
17548,AssigningTasksInstance,,5,complete,,,1
17566,AssigningTasksInstance,,5,complete,,,1
17644,AssigningTasksInstance,,5,complete,,,1
17666,AssigningTasksInstance,,5,complete,,,1
17675,AssigningTasksInstance,,5,complete,,,1
17692,AssigningTasksInstance,,5,complete,,,1
17695,AssigningTasksInstance,,5,complete,,,1
17705,AssigningTasksInstance,,5,complete,,,1
17808,AssigningTasksInstance,,5,complete,,,1
17824,AssigningTasksInstance,,5,complete,,,1
17827,AssigningTasksInstance,,5,complete,,,1
17854,AssigningTasksInstance,,5,complete,,,1
17863,AssigningTasksInstance,,5,complete,,,0
17867,AssigningTasksInstance,,5,complete,,,1
17914,AssigningTasksInstance,,5,complete,,,0
18016,AssigningTasksInstance,,5,complete,,,1
18087,AssigningTasksInstance,,5,complete,,,0
18119,AssigningTasksInstance,,5,complete,,,1
18132,AssigningTasksInstance,,5,complete,,,1
18141,AssigningTasksInstance,,5,complete,,,1
18432,AssigningTasksInstance,,5,complete,,,1
18466,AssigningTasksInstance,,5,complete,,,1
18550,AssigningTasksInstance,,5,complete,,,1
18551,AssigningTasksInstance,,5,complete,,,1
18577,AssigningTasksInstance,,5,complete,,,1
18578,AssigningTasksInstance,,5,complete,,,1
18580,AssigningTasksInstance,,5,complete,,,1
18639,AssigningTasksInstance,,5,complete,,,1
18644,AssigningTasksInstance,,5,complete,,,1
18656,AssigningTasksInstance,,5,complete,,,1
18667,AssigningTasksInstance,,5,complete,,,1
18681,AssigningTasksInstance,,5,complete,,,1
18682,AssigningTasksInstance,,5,complete,,,1
18684,AssigningTasksInstance,,5,complete,,,1
18685,AssigningTasksInstance,,5,complete,,,1
18690,AssigningTasksInstance,,5,complete,,,1
18708,AssigningTasksInstance,,5,complete,,,1
18720,AssigningTasksInstance,,5,complete,,,1
18746,AssigningTasksInstance,,5,complete,,,1
18750,AssigningTasksInstance,,5,complete,,,1
18751,AssigningTasksInstance,,5,complete,,,1
18754,AssigningTasksInstance,,5,complete,,,1
18755,AssigningTasksInstance,,5,complete,,,1
18756,AssigningTasksInstance,,5,complete,,,1
18758,AssigningTasksInstance,,5,complete,,,1
18782,AssigningTasksInstance,,5,complete,,,1
18792,AssigningTasksInstance,,5,complete,,,1
18805,AssigningTasksInstance,,5,complete,,,1
18808,AssigningTasksInstance,,5,complete,,,1
18814,AssigningTasksInstance,,5,complete,,,1
18839,AssigningTasksInstance,,5,complete,,,1
18840,AssigningTasksInstance,,5,complete,,,1
18845,AssigningTasksInstance,,5,complete,,,1
18848,AssigningTasksInstance,,5,complete,,,1
18867,AssigningTasksInstance,,5,complete,,,1
18874,AssigningTasksInstance,,5,complete,,,1
18891,AssigningTasksInstance,,5,complete,,,1
18894,AssigningTasksInstance,,5,complete,,,1
18897,AssigningTasksInstance,,5,complete,,,1
18898,AssigningTasksInstance,,5,complete,,,1
18906,AssigningTasksInstance,,5,complete,,,1
18917,AssigningTasksInstance,,5,complete,,,1
18923,AssigningTasksInstance,,5,complete,,,1
18924,AssigningTasksInstance,,5,complete,,,1
18947,AssigningTasksInstance,,5,complete,,,1
18953,AssigningTasksInstance,,5,complete,,,1
18958,AssigningTasksInstance,,5,complete,,,1
18979,AssigningTasksInstance,,5,complete,,,1
18992,AssigningTasksInstance,,5,complete,,,1
19011,AssigningTasksInstance,,5,complete,,,1
19020,AssigningTasksInstance,,5,complete,,,1
19025,AssigningTasksInstance,,5,complete,,,1
19034,AssigningTasksInstance,,5,complete,,,1
19035,AssigningTasksInstance,,5,complete,,,1
19044,AssigningTasksInstance,,5,complete,,,1
19045,AssigningTasksInstance,,5,complete,,,1
19050,AssigningTasksInstance,,5,complete,,,1
19051,AssigningTasksInstance,,5,complete,,,1
19052,AssigningTasksInstance,,5,complete,,,1
19054,AssigningTasksInstance,,5,complete,,,1
19071,AssigningTasksInstance,,5,complete,,,1
19072,AssigningTasksInstance,,5,complete,,,1
19076,AssigningTasksInstance,,5,complete,,,1
19083,AssigningTasksInstance,,5,complete,,,1
19084,AssigningTasksInstance,,5,complete,,,1
19128,AssigningTasksInstance,,5,complete,,,1
19150,AssigningTasksInstance,,5,complete,,,1
19198,AssigningTasksInstance,,5,complete,,,1
19240,AssigningTasksInstance,,5,complete,,,1
19264,AssigningTasksInstance,,5,complete,,,0
19266,AssigningTasksInstance,,5,complete,,,0
19267,AssigningTasksInstance,,5,complete,,,0
19268,AssigningTasksInstance,,5,complete,,,0
19269,AssigningTasksInstance,,5,complete,,,0
19284,AssigningTasksInstance,,5,complete,,,0
19305,AssigningTasksInstance,,5,complete,,,1
19310,AssigningTasksInstance,,5,complete,,,0
19321,AssigningTasksInstance,,5,complete,,,1
19411,AssigningTasksInstance,,5,complete,,,1
19413,AssigningTasksInstance,,5,complete,,,0
19419,AssigningTasksInstance,,5,complete,,,0
19423,AssigningTasksInstance,,5,complete,,,0
19468,AssigningTasksInstance,,5,complete,,,0
19470,AssigningTasksInstance,,5,complete,,,1
19529,AssigningTasksInstance,,5,complete,,,0
19534,AssigningTasksInstance,,5,complete,,,0
19609,AssigningTasksInstance,,5,complete,,,0
19626,AssigningTasksInstance,,5,complete,,,1
19645,AssigningTasksInstance,,5,complete,,,0
19719,AssigningTasksInstance,,5,complete,,,1
19735,AssigningTasksInstance,,5,complete,,,1
19739,AssigningTasksInstance,,5,complete,,,1
19741,AssigningTasksInstance,,5,complete,,,1
19748,AssigningTasksInstance,,5,complete,,,1
19760,AssigningTasksInstance,,5,complete,,,1
19763,AssigningTasksInstance,,5,complete,,,1
19772,AssigningTasksInstance,,5,complete,,,1
19773,AssigningTasksInstance,,5,complete,,,0
19777,AssigningTasksInstance,,5,complete,,,1
19787,AssigningTasksInstance,,5,complete,,,0
19796,AssigningTasksInstance,,5,complete,,,1
19805,AssigningTasksInstance,,5,complete,,,1
19818,AssigningTasksInstance,,5,complete,,,0
19873,AssigningTasksInstance,,5,complete,,,0
19882,AssigningTasksInstance,,5,complete,,,1
20023,AssigningTasksInstance,,5,complete,,,1
20025,AssigningTasksInstance,,5,complete,,,1
20039,AssigningTasksInstance,,5,complete,,,1
20136,AssigningTasksInstance,,5,complete,,,1
20137,AssigningTasksInstance,,5,complete,,,1
20193,AssigningTasksInstance,,5,complete,,,1
20238,AssigningTasksInstance,,5,complete,,,0
20297,AssigningTasksInstance,,5,complete,,,1
20309,AssigningTasksInstance,,5,complete,,,0
20321,AssigningTasksInstance,,5,complete,,,0
20344,AssigningTasksInstance,,5,complete,,,1
20360,AssigningTasksInstance,,5,complete,,,1
20362,AssigningTasksInstance,,5,complete,,,1
20363,AssigningTasksInstance,,5,complete,,,1
20398,AssigningTasksInstance,,5,complete,,,0
20410,AssigningTasksInstance,,5,complete,,,1
20414,AssigningTasksInstance,,5,complete,,,1
20415,AssigningTasksInstance,,5,complete,,,1
20447,AssigningTasksInstance,,5,complete,,,0
20483,AssigningTasksInstance,,5,complete,,,0
20505,AssigningTasksInstance,,5,complete,,,1
20538,AssigningTasksInstance,,5,complete,,,1
20554,AssigningTasksInstance,,5,complete,,,0
20582,AssigningTasksInstance,,5,complete,,,1
20601,AssigningTasksInstance,,5,complete,,,1
20618,AssigningTasksInstance,,5,complete,,,1
20625,AssigningTasksInstance,,5,complete,,,0
20743,AssigningTasksInstance,,5,complete,,,1
20744,AssigningTasksInstance,,5,complete,,,1
20745,AssigningTasksInstance,,5,complete,,,1
20746,AssigningTasksInstance,,5,complete,,,1
20747,AssigningTasksInstance,,5,complete,,,1
20753,AssigningTasksInstance,,5,complete,,,1
20793,AssigningTasksInstance,,5,complete,,,1
20799,AssigningTasksInstance,,5,complete,,,1
20800,AssigningTasksInstance,,5,complete,,,1
20801,AssigningTasksInstance,,5,complete,,,1
20831,AssigningTasksInstance,,5,complete,,,1
20867,AssigningTasksInstance,,5,complete,,,1
20908,AssigningTasksInstance,,5,complete,,,1
20918,AssigningTasksInstance,,5,complete,,,1
20939,AssigningTasksInstance,,5,complete,,,1
20940,AssigningTasksInstance,,5,complete,,,1
20942,AssigningTasksInstance,,5,complete,,,1
20968,AssigningTasksInstance,,5,complete,,,1
20974,AssigningTasksInstance,,5,complete,,,1
20991,AssigningTasksInstance,,5,complete,,,1
21006,AssigningTasksInstance,,5,complete,,,1
21029,AssigningTasksInstance,,5,complete,,,1
21032,AssigningTasksInstance,,5,complete,,,1
21033,AssigningTasksInstance,,5,complete,,,1
21085,AssigningTasksInstance,,5,complete,,,1
21132,AssigningTasksInstance,,5,complete,,,1
21152,AssigningTasksInstance,,5,complete,,,1
21200,AssigningTasksInstance,,5,complete,,,1
21232,AssigningTasksInstance,,5,complete,,,1
21252,AssigningTasksInstance,,5,complete,,,1
21253,AssigningTasksInstance,,5,complete,,,1
21255,AssigningTasksInstance,,5,complete,,,1
21291,AssigningTasksInstance,,5,complete,,,0
21318,AssigningTasksInstance,,5,complete,,,1
21354,AssigningTasksInstance,,5,complete,,,1
21355,AssigningTasksInstance,,5,complete,,,1
21377,AssigningTasksInstance,,5,complete,,,1
21378,AssigningTasksInstance,,5,complete,,,1
21380,AssigningTasksInstance,,5,complete,,,1
21385,AssigningTasksInstance,,5,complete,,,1
21393,AssigningTasksInstance,,5,complete,,,1
21448,AssigningTasksInstance,,5,complete,,,1
21529,AssigningTasksInstance,,5,complete,,,1
21556,AssigningTasksInstance,,5,complete,,,1
21623,AssigningTasksInstance,,5,complete,,,1
21624,AssigningTasksInstance,,5,complete,,,1
21625,AssigningTasksInstance,,5,complete,,,1
21626,AssigningTasksInstance,,5,complete,,,1
21628,AssigningTasksInstance,,5,complete,,,1
21629,AssigningTasksInstance,,5,complete,,,1
21637,AssigningTasksInstance,,5,complete,,,1
21648,AssigningTasksInstance,,5,complete,,,1
21830,AssigningTasksInstance,,5,complete,,,1
21959,AssigningTasksInstance,,5,complete,,,1
21960,AssigningTasksInstance,,5,complete,,,1
21961,AssigningTasksInstance,,5,complete,,,1
21962,AssigningTasksInstance,,5,complete,,,1
21963,AssigningTasksInstance,,5,complete,,,1
22124,AssigningTasksInstance,,5,complete,,,1
22129,AssigningTasksInstance,,5,complete,,,1
22130,AssigningTasksInstance,,5,complete,,,1
22152,AssigningTasksInstance,,5,complete,,,1
22181,AssigningTasksInstance,,5,complete,,,1
22231,AssigningTasksInstance,,5,complete,,,1
22232,AssigningTasksInstance,,5,complete,,,1
22338,AssigningTasksInstance,,5,complete,,,0
22488,AssigningTasksInstance,,5,complete,,,1
22610,AssigningTasksInstance,,5,complete,,,1
22640,AssigningTasksInstance,,5,complete,,,1
22641,AssigningTasksInstance,,5,complete,,,1
22966,AssigningTasksInstance,,5,complete,,,1
22968,AssigningTasksInstance,,5,complete,,,1
23011,AssigningTasksInstance,,5,complete,,,1
23057,AssigningTasksInstance,,5,complete,,,0
23145,AssigningTasksInstance,,5,complete,,,0
23150,AssigningTasksInstance,,5,complete,,,1
23171,AssigningTasksInstance,,5,complete,,,1
23324,AssigningTasksInstance,,5,complete,,,1
23526,AssigningTasksInstance,,5,complete,,,1
23633,AssigningTasksInstance,,5,complete,,,1
23634,AssigningTasksInstance,,5,complete,,,1
23635,AssigningTasksInstance,,5,complete,,,1
23636,AssigningTasksInstance,,5,complete,,,1
23731,AssigningTasksInstance,,5,complete,,,0
23737,AssigningTasksInstance,,5,complete,,,1
23753,AssigningTasksInstance,,5,complete,,,1
23795,AssigningTasksInstance,,5,complete,,,1
23860,AssigningTasksInstance,,5,complete,,,1
23882,AssigningTasksInstance,,5,complete,,,1
23898,AssigningTasksInstance,,5,complete,,,1
23909,AssigningTasksInstance,,5,complete,,,1
23934,AssigningTasksInstance,,5,complete,,,1
24127,AssigningTasksInstance,,5,complete,,,1
24128,AssigningTasksInstance,,5,complete,,,1
24129,AssigningTasksInstance,,5,complete,,,1
24135,AssigningTasksInstance,,5,complete,,,1
24146,AssigningTasksInstance,,5,complete,,,1
24193,AssigningTasksInstance,,5,complete,,,1
24224,AssigningTasksInstance,,5,complete,,,1
24225,AssigningTasksInstance,,5,complete,,,1
24244,AssigningTasksInstance,,5,complete,,,1
24412,AssigningTasksInstance,,5,complete,,,1
24449,AssigningTasksInstance,,5,complete,,,1
24685,AssigningTasksInstance,,5,complete,,,0
24715,AssigningTasksInstance,,5,complete,,,1
24731,AssigningTasksInstance,,5,complete,,,0
24737,AssigningTasksInstance,,5,complete,,,1
24750,AssigningTasksInstance,,5,complete,,,1
24752,AssigningTasksInstance,,5,complete,,,1
24761,AssigningTasksInstance,,5,complete,,,1
24803,AssigningTasksInstance,,5,complete,,,1
24810,AssigningTasksInstance,,5,complete,,,1
24811,AssigningTasksInstance,,5,complete,,,1
24812,AssigningTasksInstance,,5,complete,,,0
24817,AssigningTasksInstance,,5,complete,,,1
24853,AssigningTasksInstance,,5,complete,,,1
24988,AssigningTasksInstance,,5,complete,,,1
25024,AssigningTasksInstance,,5,complete,,,1
25117,AssigningTasksInstance,,5,complete,,,1
25173,AssigningTasksInstance,,5,complete,,,1
25174,AssigningTasksInstance,,5,complete,,,1
25241,AssigningTasksInstance,,5,complete,,,1
25245,AssigningTasksInstance,,5,complete,,,1
25249,AssigningTasksInstance,,5,complete,,,1
25253,AssigningTasksInstance,,5,complete,,,1
25290,AssigningTasksInstance,,5,complete,,,1
25291,AssigningTasksInstance,,5,complete,,,1
25292,AssigningTasksInstance,,5,complete,,,1
25312,AssigningTasksInstance,,5,complete,,,1
25314,AssigningTasksInstance,,5,complete,,,1
25330,AssigningTasksInstance,,5,complete,,,1
25361,AssigningTasksInstance,,5,complete,,,1
25369,AssigningTasksInstance,,5,complete,,,1
25371,AssigningTasksInstance,,5,complete,,,1
25372,AssigningTasksInstance,,5,complete,,,0
25394,AssigningTasksInstance,,5,complete,,,1
25411,AssigningTasksInstance,,5,complete,,,1
25441,AssigningTasksInstance,,5,complete,,,0
25453,AssigningTasksInstance,,5,complete,,,1
25500,AssigningTasksInstance,,5,complete,,,1
25509,AssigningTasksInstance,,5,complete,,,0
25516,AssigningTasksInstance,,5,complete,,,1
25518,AssigningTasksInstance,,5,complete,,,1
25643,AssigningTasksInstance,,5,complete,,,1
25677,AssigningTasksInstance,,5,complete,,,1
25786,AssigningTasksInstance,,5,complete,,,1
25793,AssigningTasksInstance,,5,complete,,,1
25802,AssigningTasksInstance,,5,complete,,,1
25805,AssigningTasksInstance,,5,complete,,,1
25809,AssigningTasksInstance,,5,complete,,,1
25830,AssigningTasksInstance,,5,complete,,,1
25837,AssigningTasksInstance,,5,complete,,,1
25839,AssigningTasksInstance,,5,complete,,,1
25890,AssigningTasksInstance,,5,complete,,,1
25891,AssigningTasksInstance,,5,complete,,,1
25917,AssigningTasksInstance,,5,complete,,,1
25927,AssigningTasksInstance,,5,complete,,,1
25938,AssigningTasksInstance,,5,complete,,,1
25950,AssigningTasksInstance,,5,complete,,,0
25955,AssigningTasksInstance,,5,complete,,,1
25959,AssigningTasksInstance,,5,complete,,,1
25985,AssigningTasksInstance,,5,complete,,,1
25986,AssigningTasksInstance,,5,complete,,,1
25995,AssigningTasksInstance,,5,complete,,,1
26002,AssigningTasksInstance,,5,complete,,,1
26005,AssigningTasksInstance,,5,complete,,,1
26009,AssigningTasksInstance,,5,complete,,,1
26020,AssigningTasksInstance,,5,complete,,,1
26023,AssigningTasksInstance,,5,complete,,,1
26027,AssigningTasksInstance,,5,complete,,,0
26045,AssigningTasksInstance,,5,complete,,,1
26050,AssigningTasksInstance,,5,complete,,,1
26051,AssigningTasksInstance,,5,complete,,,1
26060,AssigningTasksInstance,,5,complete,,,1
26061,AssigningTasksInstance,,5,complete,,,1
26073,AssigningTasksInstance,,5,complete,,,1
26077,AssigningTasksInstance,,5,complete,,,1
26078,AssigningTasksInstance,,5,complete,,,1
26080,AssigningTasksInstance,,5,complete,,,1
26090,AssigningTasksInstance,,5,complete,,,1
26097,AssigningTasksInstance,,5,complete,,,1
26107,AssigningTasksInstance,,5,complete,,,1
26116,AssigningTasksInstance,,5,complete,,,1
26130,AssigningTasksInstance,,5,complete,,,1
26133,AssigningTasksInstance,,5,complete,,,1
26134,AssigningTasksInstance,,5,complete,,,1
26138,AssigningTasksInstance,,5,complete,,,1
26160,AssigningTasksInstance,,5,complete,,,1
26161,AssigningTasksInstance,,5,complete,,,1
26165,AssigningTasksInstance,,5,complete,,,1
26169,AssigningTasksInstance,,5,complete,,,1
26173,AssigningTasksInstance,,5,complete,,,1
26185,AssigningTasksInstance,,5,complete,,,1
26192,AssigningTasksInstance,,5,complete,,,1
26195,AssigningTasksInstance,,5,complete,,,1
26201,AssigningTasksInstance,,5,complete,,,1
26233,AssigningTasksInstance,,5,complete,,,1
26238,AssigningTasksInstance,,5,complete,,,1
26276,AssigningTasksInstance,,5,complete,,,1
26288,AssigningTasksInstance,,5,complete,,,1
26328,AssigningTasksInstance,,5,complete,,,1
26329,AssigningTasksInstance,,5,complete,,,1
26434,AssigningTasksInstance,,5,complete,,,1
26435,AssigningTasksInstance,,5,complete,,,1
26606,AssigningTasksInstance,,5,complete,,,1
26681,AssigningTasksInstance,,5,complete,,,1
26698,AssigningTasksInstance,,5,complete,,,1
26699,AssigningTasksInstance,,5,complete,,,1
26701,AssigningTasksInstance,,5,complete,,,0
26926,AssigningTasksInstance,,5,complete,,,1
26927,AssigningTasksInstance,,5,complete,,,1
26987,AssigningTasksInstance,,5,complete,,,1
26988,AssigningTasksInstance,,5,complete,,,0
26989,AssigningTasksInstance,,5,complete,,,0
26990,AssigningTasksInstance,,5,complete,,,0
26995,AssigningTasksInstance,,5,complete,,,0
26996,AssigningTasksInstance,,5,complete,,,0
26997,AssigningTasksInstance,,5,complete,,,0
27034,AssigningTasksInstance,,5,complete,,,1
27071,AssigningTasksInstance,,5,complete,,,1
27092,AssigningTasksInstance,,5,complete,,,1
27105,AssigningTasksInstance,,5,complete,,,1
27112,AssigningTasksInstance,,5,complete,,,1
27117,AssigningTasksInstance,,5,complete,,,1
27162,AssigningTasksInstance,,5,complete,,,1
27164,AssigningTasksInstance,,5,complete,,,1
27227,AssigningTasksInstance,,5,complete,,,1
27228,AssigningTasksInstance,,5,complete,,,1
27256,AssigningTasksInstance,,5,complete,,,1
27312,AssigningTasksInstance,,5,complete,,,1
27315,AssigningTasksInstance,,5,complete,,,1
27331,AssigningTasksInstance,,5,complete,,,1
27332,AssigningTasksInstance,,5,complete,,,1
27334,AssigningTasksInstance,,5,complete,,,1
27335,AssigningTasksInstance,,5,complete,,,1
27342,AssigningTasksInstance,,5,complete,,,0
27348,AssigningTasksInstance,,5,complete,,,1
27359,AssigningTasksInstance,,5,complete,,,1
27360,AssigningTasksInstance,,5,complete,,,1
27361,AssigningTasksInstance,,5,complete,,,1
27374,AssigningTasksInstance,,5,complete,,,1
27387,AssigningTasksInstance,,5,complete,,,1
27391,AssigningTasksInstance,,5,complete,,,1
27393,AssigningTasksInstance,,5,complete,,,1
27394,AssigningTasksInstance,,5,complete,,,1
27395,AssigningTasksInstance,,5,complete,,,1
27402,AssigningTasksInstance,,5,complete,,,1
27406,AssigningTasksInstance,,5,complete,,,1
27419,AssigningTasksInstance,,5,complete,,,1
27436,AssigningTasksInstance,,5,complete,,,1
27440,AssigningTasksInstance,,5,complete,,,1
27442,AssigningTasksInstance,,5,complete,,,1
27443,AssigningTasksInstance,,5,complete,,,1
27449,AssigningTasksInstance,,5,complete,,,1
27462,AssigningTasksInstance,,5,complete,,,0
27465,AssigningTasksInstance,,5,complete,,,1
27487,AssigningTasksInstance,,5,complete,,,1
27488,AssigningTasksInstance,,5,complete,,,1
27501,AssigningTasksInstance,,5,complete,,,1
27517,AssigningTasksInstance,,5,complete,,,1
27521,AssigningTasksInstance,,5,complete,,,1
27545,AssigningTasksInstance,,5,complete,,,1
27569,AssigningTasksInstance,,5,complete,,,1
27570,AssigningTasksInstance,,5,complete,,,1
27579,AssigningTasksInstance,,5,complete,,,0
27580,AssigningTasksInstance,,5,complete,,,1
27583,AssigningTasksInstance,,5,complete,,,1
27587,AssigningTasksInstance,,5,complete,,,1
27593,AssigningTasksInstance,,5,complete,,,1
27598,AssigningTasksInstance,,5,complete,,,1
27602,AssigningTasksInstance,,5,complete,,,1
27610,AssigningTasksInstance,,5,complete,,,1
27619,AssigningTasksInstance,,5,complete,,,1
27636,AssigningTasksInstance,,5,complete,,,1
27656,AssigningTasksInstance,,5,complete,,,1
27661,AssigningTasksInstance,,5,complete,,,1
27662,AssigningTasksInstance,,5,complete,,,1
27663,AssigningTasksInstance,,5,complete,,,1
27666,AssigningTasksInstance,,5,complete,,,1
27675,AssigningTasksInstance,,5,complete,,,1
27682,AssigningTasksInstance,,5,complete,,,0
27683,AssigningTasksInstance,,5,complete,,,1
27684,AssigningTasksInstance,,5,complete,,,1
27688,AssigningTasksInstance,,5,complete,,,1
27691,AssigningTasksInstance,,5,complete,,,1
27713,AssigningTasksInstance,,5,complete,,,1
27720,AssigningTasksInstance,,5,complete,,,1
27721,AssigningTasksInstance,,5,complete,,,1
27733,AssigningTasksInstance,,5,complete,,,1
27745,AssigningTasksInstance,,5,complete,,,1
27781,AssigningTasksInstance,,5,complete,,,1
27791,AssigningTasksInstance,,5,complete,,,1
27792,AssigningTasksInstance,,5,complete,,,1
27796,AssigningTasksInstance,,5,complete,,,1
27802,AssigningTasksInstance,,5,complete,,,1
27814,AssigningTasksInstance,,5,complete,,,1
27823,AssigningTasksInstance,,5,complete,,,1
27844,AssigningTasksInstance,,5,complete,,,1
27845,AssigningTasksInstance,,5,complete,,,1
27847,AssigningTasksInstance,,5,complete,,,1
27850,AssigningTasksInstance,,5,complete,,,0
27859,AssigningTasksInstance,,5,complete,,,1
27870,AssigningTasksInstance,,5,complete,,,1
27876,AssigningTasksInstance,,5,complete,,,1
27879,AssigningTasksInstance,,5,complete,,,1
27881,AssigningTasksInstance,,5,complete,,,1
27882,AssigningTasksInstance,,5,complete,,,1
27883,AssigningTasksInstance,,5,complete,,,1
27886,AssigningTasksInstance,,5,complete,,,1
27888,AssigningTasksInstance,,5,complete,,,1
27902,AssigningTasksInstance,,5,complete,,,1
27903,AssigningTasksInstance,,5,complete,,,1
27905,AssigningTasksInstance,,5,complete,,,1
27908,AssigningTasksInstance,,5,complete,,,1
27911,AssigningTasksInstance,,5,complete,,,1
27913,AssigningTasksInstance,,5,complete,,,1
27917,AssigningTasksInstance,,5,complete,,,1
27919,AssigningTasksInstance,,5,complete,,,1
27929,AssigningTasksInstance,,5,complete,,,1
27930,AssigningTasksInstance,,5,complete,,,1
27934,AssigningTasksInstance,,5,complete,,,1
27938,AssigningTasksInstance,,5,complete,,,1
27939,AssigningTasksInstance,,5,complete,,,1
27943,AssigningTasksInstance,,5,complete,,,1
27946,AssigningTasksInstance,,5,complete,,,1
27955,AssigningTasksInstance,,5,complete,,,1
27957,AssigningTasksInstance,,5,complete,,,1
27965,AssigningTasksInstance,,5,complete,,,1
27977,AssigningTasksInstance,,5,complete,,,0
27986,AssigningTasksInstance,,5,complete,,,1
27988,AssigningTasksInstance,,5,complete,,,1
27989,AssigningTasksInstance,,5,complete,,,1
28002,AssigningTasksInstance,,5,complete,,,1
28006,AssigningTasksInstance,,5,complete,,,1
28007,AssigningTasksInstance,,5,complete,,,1
28012,AssigningTasksInstance,,5,complete,,,1
28027,AssigningTasksInstance,,5,complete,,,1
28034,AssigningTasksInstance,,5,complete,,,1
28035,AssigningTasksInstance,,5,complete,,,1
28036,AssigningTasksInstance,,5,complete,,,0
28038,AssigningTasksInstance,,5,complete,,,0
28045,AssigningTasksInstance,,5,complete,,,1
28048,AssigningTasksInstance,,5,complete,,,1
28053,AssigningTasksInstance,,5,complete,,,0
28055,AssigningTasksInstance,,5,complete,,,1
28071,AssigningTasksInstance,,5,complete,,,1
28076,AssigningTasksInstance,,5,complete,,,1
28077,AssigningTasksInstance,,5,complete,,,1
28078,AssigningTasksInstance,,5,complete,,,1
28091,AssigningTasksInstance,,5,complete,,,1
28104,AssigningTasksInstance,,5,complete,,,1
28105,AssigningTasksInstance,,5,complete,,,1
28106,AssigningTasksInstance,,5,complete,,,1
28107,AssigningTasksInstance,,5,complete,,,1
28108,AssigningTasksInstance,,5,complete,,,1
28111,AssigningTasksInstance,,5,complete,,,1
28115,AssigningTasksInstance,,5,complete,,,1
28118,AssigningTasksInstance,,5,complete,,,1
28124,AssigningTasksInstance,,5,complete,,,0
28135,AssigningTasksInstance,,5,complete,,,1
28136,AssigningTasksInstance,,5,complete,,,1
28138,AssigningTasksInstance,,5,complete,,,1
28139,AssigningTasksInstance,,5,complete,,,1
28150,AssigningTasksInstance,,5,complete,,,1
28155,AssigningTasksInstance,,5,complete,,,1
28158,AssigningTasksInstance,,5,complete,,,0
28164,AssigningTasksInstance,,5,complete,,,1
28169,AssigningTasksInstance,,5,complete,,,1
28193,AssigningTasksInstance,,5,complete,,,1
28194,AssigningTasksInstance,,5,complete,,,1
28198,AssigningTasksInstance,,5,complete,,,1
28199,AssigningTasksInstance,,5,complete,,,1
28237,AssigningTasksInstance,,5,complete,,,1
28241,AssigningTasksInstance,,5,complete,,,1
28255,AssigningTasksInstance,,5,complete,,,1
28264,AssigningTasksInstance,,5,complete,,,1
28265,AssigningTasksInstance,,5,complete,,,1
28266,AssigningTasksInstance,,5,complete,,,1
28271,AssigningTasksInstance,,5,complete,,,1
28275,AssigningTasksInstance,,5,complete,,,1
28276,AssigningTasksInstance,,5,complete,,,1
28278,AssigningTasksInstance,,5,complete,,,1
28279,AssigningTasksInstance,,5,complete,,,1
28290,AssigningTasksInstance,,5,complete,,,1
28293,AssigningTasksInstance,,5,complete,,,1
28314,AssigningTasksInstance,,5,complete,,,1
28326,AssigningTasksInstance,,5,complete,,,1
28330,AssigningTasksInstance,,5,complete,,,1
28337,AssigningTasksInstance,,5,complete,,,1
28340,AssigningTasksInstance,,5,complete,,,1
28345,AssigningTasksInstance,,5,complete,,,1
28350,AssigningTasksInstance,,5,complete,,,1
28353,AssigningTasksInstance,,5,complete,,,1
28358,AssigningTasksInstance,,5,complete,,,1
28361,AssigningTasksInstance,,5,complete,,,1
28362,AssigningTasksInstance,,5,complete,,,1
28364,AssigningTasksInstance,,5,complete,,,1
28380,AssigningTasksInstance,,5,complete,,,1
28383,AssigningTasksInstance,,5,complete,,,1
28393,AssigningTasksInstance,,5,complete,,,1
28402,AssigningTasksInstance,,5,complete,,,1
28404,AssigningTasksInstance,,5,complete,,,0
28414,AssigningTasksInstance,,5,complete,,,1
28416,AssigningTasksInstance,,5,complete,,,1
28419,AssigningTasksInstance,,5,complete,,,1
28422,AssigningTasksInstance,,5,complete,,,1
28436,AssigningTasksInstance,,5,complete,,,0
28438,AssigningTasksInstance,,5,complete,,,1
28443,AssigningTasksInstance,,5,complete,,,1
28444,AssigningTasksInstance,,5,complete,,,1
28454,AssigningTasksInstance,,5,complete,,,0
28458,AssigningTasksInstance,,5,complete,,,1
28465,AssigningTasksInstance,,5,complete,,,1
28475,AssigningTasksInstance,,5,complete,,,1
28487,AssigningTasksInstance,,5,complete,,,1
28505,AssigningTasksInstance,,5,complete,,,1
28507,AssigningTasksInstance,,5,complete,,,1
28517,AssigningTasksInstance,,5,complete,,,1
28518,AssigningTasksInstance,,5,complete,,,1
28519,AssigningTasksInstance,,5,complete,,,1
28520,AssigningTasksInstance,,5,complete,,,1
28521,AssigningTasksInstance,,5,complete,,,1
28522,AssigningTasksInstance,,5,complete,,,1
28523,AssigningTasksInstance,,5,complete,,,1
28524,AssigningTasksInstance,,5,complete,,,1
28534,AssigningTasksInstance,,5,complete,,,1
28567,AssigningTasksInstance,,5,complete,,,1
28576,AssigningTasksInstance,,5,complete,,,1
28595,AssigningTasksInstance,,5,complete,,,1
28608,AssigningTasksInstance,,5,complete,,,1
28639,AssigningTasksInstance,,5,complete,,,1
28640,AssigningTasksInstance,,5,complete,,,1
28649,AssigningTasksInstance,,5,complete,,,1
28662,AssigningTasksInstance,,5,complete,,,1
28681,AssigningTasksInstance,,5,complete,,,0
28685,AssigningTasksInstance,,5,complete,,,1
28687,AssigningTasksInstance,,5,complete,,,1
28705,AssigningTasksInstance,,5,complete,,,1
28707,AssigningTasksInstance,,5,complete,,,1
28724,AssigningTasksInstance,,5,complete,,,1
28727,AssigningTasksInstance,,5,complete,,,1
28728,AssigningTasksInstance,,5,complete,,,1
28733,AssigningTasksInstance,,5,complete,,,1
28738,AssigningTasksInstance,,5,complete,,,1
28739,AssigningTasksInstance,,5,complete,,,0
28740,AssigningTasksInstance,,5,complete,,,1
28741,AssigningTasksInstance,,5,complete,,,1
28744,AssigningTasksInstance,,5,complete,,,1
28745,AssigningTasksInstance,,5,complete,,,1
28750,AssigningTasksInstance,,5,complete,,,0
28754,AssigningTasksInstance,,5,complete,,,0
28756,AssigningTasksInstance,,5,complete,,,1
28757,AssigningTasksInstance,,5,complete,,,1
28760,AssigningTasksInstance,,5,complete,,,1
28762,AssigningTasksInstance,,5,complete,,,1
28764,AssigningTasksInstance,,5,complete,,,1
28771,AssigningTasksInstance,,5,complete,,,1
28774,AssigningTasksInstance,,5,complete,,,1
28775,AssigningTasksInstance,,5,complete,,,0
28776,AssigningTasksInstance,,5,complete,,,1
28779,AssigningTasksInstance,,5,complete,,,1
28784,AssigningTasksInstance,,5,complete,,,1
28787,AssigningTasksInstance,,5,complete,,,1
28797,AssigningTasksInstance,,5,complete,,,1
28798,AssigningTasksInstance,,5,complete,,,1
28800,AssigningTasksInstance,,5,complete,,,1
28801,AssigningTasksInstance,,5,complete,,,1
28805,AssigningTasksInstance,,5,complete,,,1
28806,AssigningTasksInstance,,5,complete,,,1
28820,AssigningTasksInstance,,5,complete,,,1
28822,AssigningTasksInstance,,5,complete,,,1
28823,AssigningTasksInstance,,5,complete,,,1
28832,AssigningTasksInstance,,5,complete,,,1
28847,AssigningTasksInstance,,5,complete,,,1
28848,AssigningTasksInstance,,5,complete,,,1
28853,AssigningTasksInstance,,5,complete,,,0
28857,AssigningTasksInstance,,5,complete,,,1
28858,AssigningTasksInstance,,5,complete,,,1
28887,AssigningTasksInstance,,5,complete,,,1
28889,AssigningTasksInstance,,5,complete,,,1
28891,AssigningTasksInstance,,5,complete,,,1
28893,AssigningTasksInstance,,5,complete,,,1
28905,AssigningTasksInstance,,5,complete,,,1
28907,AssigningTasksInstance,,5,complete,,,1
28911,AssigningTasksInstance,,5,complete,,,1
28912,AssigningTasksInstance,,5,complete,,,1
28913,AssigningTasksInstance,,5,complete,,,1
28916,AssigningTasksInstance,,5,complete,,,1
28917,AssigningTasksInstance,,5,complete,,,1
28921,AssigningTasksInstance,,5,complete,,,1
28922,AssigningTasksInstance,,5,complete,,,1
28924,AssigningTasksInstance,,5,complete,,,1
28943,AssigningTasksInstance,,5,complete,,,1
28948,AssigningTasksInstance,,5,complete,,,1
28949,AssigningTasksInstance,,5,complete,,,1
28951,AssigningTasksInstance,,5,complete,,,1
28964,AssigningTasksInstance,,5,complete,,,1
28974,AssigningTasksInstance,,5,complete,,,0
28978,AssigningTasksInstance,,5,complete,,,1
28985,AssigningTasksInstance,,5,complete,,,1
28991,AssigningTasksInstance,,5,complete,,,0
29003,AssigningTasksInstance,,5,complete,,,1
29034,AssigningTasksInstance,,5,complete,,,1
29036,AssigningTasksInstance,,5,complete,,,1
29040,AssigningTasksInstance,,5,complete,,,0
29043,AssigningTasksInstance,,5,complete,,,0
29044,AssigningTasksInstance,,5,complete,,,1
29053,AssigningTasksInstance,,5,complete,,,1
29100,AssigningTasksInstance,,5,complete,,,1
29101,AssigningTasksInstance,,5,complete,,,1
29105,AssigningTasksInstance,,5,complete,,,1
29111,AssigningTasksInstance,,5,complete,,,1
29124,AssigningTasksInstance,,5,complete,,,1
29126,AssigningTasksInstance,,5,complete,,,1
29133,AssigningTasksInstance,,5,complete,,,1
29139,AssigningTasksInstance,,5,complete,,,1
29143,AssigningTasksInstance,,5,complete,,,1
29145,AssigningTasksInstance,,5,complete,,,1
29146,AssigningTasksInstance,,5,complete,,,1
29147,AssigningTasksInstance,,5,complete,,,1
29148,AssigningTasksInstance,,5,complete,,,1
29149,AssigningTasksInstance,,5,complete,,,1
29157,AssigningTasksInstance,,5,complete,,,1
29159,AssigningTasksInstance,,5,complete,,,1
29180,AssigningTasksInstance,,5,complete,,,1
29186,AssigningTasksInstance,,5,complete,,,1
29209,AssigningTasksInstance,,5,complete,,,1
29210,AssigningTasksInstance,,5,complete,,,1
29211,AssigningTasksInstance,,5,complete,,,0
29213,AssigningTasksInstance,,5,complete,,,1
29221,AssigningTasksInstance,,5,complete,,,1
29232,AssigningTasksInstance,,5,complete,,,0
29242,AssigningTasksInstance,,5,complete,,,1
29246,AssigningTasksInstance,,5,complete,,,1
29254,AssigningTasksInstance,,5,complete,,,1
29269,AssigningTasksInstance,,5,complete,,,1
29286,AssigningTasksInstance,,5,complete,,,1
29292,AssigningTasksInstance,,5,complete,,,1
29294,AssigningTasksInstance,,5,complete,,,1
29303,AssigningTasksInstance,,5,complete,,,1
29322,AssigningTasksInstance,,5,complete,,,1
29326,AssigningTasksInstance,,5,complete,,,1
29329,AssigningTasksInstance,,5,complete,,,1
29338,AssigningTasksInstance,,5,complete,,,0
29346,AssigningTasksInstance,,5,complete,,,1
29347,AssigningTasksInstance,,5,complete,,,1
29351,AssigningTasksInstance,,5,complete,,,1
29352,AssigningTasksInstance,,5,complete,,,1
29381,AssigningTasksInstance,,5,complete,,,1
29386,AssigningTasksInstance,,5,complete,,,1
29387,AssigningTasksInstance,,5,complete,,,1
29389,AssigningTasksInstance,,5,complete,,,1
29397,AssigningTasksInstance,,5,complete,,,1
29398,AssigningTasksInstance,,5,complete,,,0
29402,AssigningTasksInstance,,5,complete,,,1
29406,AssigningTasksInstance,,5,complete,,,1
29420,AssigningTasksInstance,,5,complete,,,1
29438,AssigningTasksInstance,,5,complete,,,1
29486,AssigningTasksInstance,,5,complete,,,1
29493,AssigningTasksInstance,,5,complete,,,1
29521,AssigningTasksInstance,,5,complete,,,1
29523,AssigningTasksInstance,,5,complete,,,1
29527,AssigningTasksInstance,,5,complete,,,1
29528,AssigningTasksInstance,,5,complete,,,1
29536,AssigningTasksInstance,,5,complete,,,1
29538,AssigningTasksInstance,,5,complete,,,1
29540,AssigningTasksInstance,,5,complete,,,1
29545,AssigningTasksInstance,,5,complete,,,1
29546,AssigningTasksInstance,,5,complete,,,1
29556,AssigningTasksInstance,,5,complete,,,1
29559,AssigningTasksInstance,,5,complete,,,1
29568,AssigningTasksInstance,,5,complete,,,1
29569,AssigningTasksInstance,,5,complete,,,1
29581,AssigningTasksInstance,,5,complete,,,1
29582,AssigningTasksInstance,,5,complete,,,1
29585,AssigningTasksInstance,,5,complete,,,1
29594,AssigningTasksInstance,,5,complete,,,1
29595,AssigningTasksInstance,,5,complete,,,1
29601,AssigningTasksInstance,,5,complete,,,1
29602,AssigningTasksInstance,,5,complete,,,1
29603,AssigningTasksInstance,,5,complete,,,1
29604,AssigningTasksInstance,,5,complete,,,1
29605,AssigningTasksInstance,,5,complete,,,1
29606,AssigningTasksInstance,,5,complete,,,1
29607,AssigningTasksInstance,,5,complete,,,1
29608,AssigningTasksInstance,,5,complete,,,1
29614,AssigningTasksInstance,,5,complete,,,1
29617,AssigningTasksInstance,,5,complete,,,1
29618,AssigningTasksInstance,,5,complete,,,1
29642,AssigningTasksInstance,,5,complete,,,1
29645,AssigningTasksInstance,,5,complete,,,1
29649,AssigningTasksInstance,,5,complete,,,0
29693,AssigningTasksInstance,,5,complete,,,1
29698,AssigningTasksInstance,,5,complete,,,1
29711,AssigningTasksInstance,,5,complete,,,0
29713,AssigningTasksInstance,,5,complete,,,0
29729,AssigningTasksInstance,,5,complete,,,1
29751,AssigningTasksInstance,,5,complete,,,1
29796,AssigningTasksInstance,,5,complete,,,1
29813,AssigningTasksInstance,,5,complete,,,1
29836,AssigningTasksInstance,,5,complete,,,1
29846,AssigningTasksInstance,,5,complete,,,1
29867,AssigningTasksInstance,,5,complete,,,1
29871,AssigningTasksInstance,,5,complete,,,1
29872,AssigningTasksInstance,,5,complete,,,1
29875,AssigningTasksInstance,,5,complete,,,1
29876,AssigningTasksInstance,,5,complete,,,1
29877,AssigningTasksInstance,,5,complete,,,0
29879,AssigningTasksInstance,,5,complete,,,1
29882,AssigningTasksInstance,,5,complete,,,1
29890,AssigningTasksInstance,,5,complete,,,1
29891,AssigningTasksInstance,,5,complete,,,1
29894,AssigningTasksInstance,,5,complete,,,0
29895,AssigningTasksInstance,,5,complete,,,1
29897,AssigningTasksInstance,,5,complete,,,1
29917,AssigningTasksInstance,,5,complete,,,1
29918,AssigningTasksInstance,,5,complete,,,1
29927,AssigningTasksInstance,,5,complete,,,1
29934,AssigningTasksInstance,,5,complete,,,1
29935,AssigningTasksInstance,,5,complete,,,0
29940,AssigningTasksInstance,,5,complete,,,1
29943,AssigningTasksInstance,,5,complete,,,1
29973,AssigningTasksInstance,,5,complete,,,1
29981,AssigningTasksInstance,,5,complete,,,1
29983,AssigningTasksInstance,,5,complete,,,1
29988,AssigningTasksInstance,,5,complete,,,0
29995,AssigningTasksInstance,,5,complete,,,1
29996,AssigningTasksInstance,,5,complete,,,1
29997,AssigningTasksInstance,,5,complete,,,1
29998,AssigningTasksInstance,,5,complete,,,1
30000,AssigningTasksInstance,,5,complete,,,1
30044,AssigningTasksInstance,,5,complete,,,1
30059,AssigningTasksInstance,,5,complete,,,1
30060,AssigningTasksInstance,,5,complete,,,1
30062,AssigningTasksInstance,,5,complete,,,1
30065,AssigningTasksInstance,,5,complete,,,1
30084,AssigningTasksInstance,,5,complete,,,1
30093,AssigningTasksInstance,,5,complete,,,1
30117,AssigningTasksInstance,,5,complete,,,1
30180,AssigningTasksInstance,,5,complete,,,1
30190,AssigningTasksInstance,,5,complete,,,1
30197,AssigningTasksInstance,,5,complete,,,1
30210,AssigningTasksInstance,,5,complete,,,1
30219,AssigningTasksInstance,,5,complete,,,1
30244,AssigningTasksInstance,,5,complete,,,1
30261,AssigningTasksInstance,,5,complete,,,0
30262,AssigningTasksInstance,,5,complete,,,1
30277,AssigningTasksInstance,,5,complete,,,0
30279,AssigningTasksInstance,,5,complete,,,1
30312,AssigningTasksInstance,,5,complete,,,1
30314,AssigningTasksInstance,,5,complete,,,1
30315,AssigningTasksInstance,,5,complete,,,1
30316,AssigningTasksInstance,,5,complete,,,1
30335,AssigningTasksInstance,,5,complete,,,0
30344,AssigningTasksInstance,,5,complete,,,0
30350,AssigningTasksInstance,,5,complete,,,1
30351,AssigningTasksInstance,,5,complete,,,0
30378,AssigningTasksInstance,,5,complete,,,1
30379,AssigningTasksInstance,,5,complete,,,0
30401,AssigningTasksInstance,,5,complete,,,1
30418,AssigningTasksInstance,,5,complete,,,1
30419,AssigningTasksInstance,,5,complete,,,1
30420,AssigningTasksInstance,,5,complete,,,1
30421,AssigningTasksInstance,,5,complete,,,1
30422,AssigningTasksInstance,,5,complete,,,1
30423,AssigningTasksInstance,,5,complete,,,1
30424,AssigningTasksInstance,,5,complete,,,1
30425,AssigningTasksInstance,,5,complete,,,1
30426,AssigningTasksInstance,,5,complete,,,1
30427,AssigningTasksInstance,,5,complete,,,1
30428,AssigningTasksInstance,,5,complete,,,1
30429,AssigningTasksInstance,,5,complete,,,1
30445,AssigningTasksInstance,,5,complete,,,1
30469,AssigningTasksInstance,,5,complete,,,1
30474,AssigningTasksInstance,,5,complete,,,1
30492,AssigningTasksInstance,,5,complete,,,1
30513,AssigningTasksInstance,,5,complete,,,1
30545,AssigningTasksInstance,,5,complete,,,1
30546,AssigningTasksInstance,,5,complete,,,1
30547,AssigningTasksInstance,,5,complete,,,0
30556,AssigningTasksInstance,,5,complete,,,1
30576,AssigningTasksInstance,,5,complete,,,1
30578,AssigningTasksInstance,,5,complete,,,1
30583,AssigningTasksInstance,,5,complete,,,1
30594,AssigningTasksInstance,,5,complete,,,0
30595,AssigningTasksInstance,,5,complete,,,1
30596,AssigningTasksInstance,,5,complete,,,0
30620,AssigningTasksInstance,,5,complete,,,1
30660,AssigningTasksInstance,,5,complete,,,1
30693,AssigningTasksInstance,,5,complete,,,1
30721,AssigningTasksInstance,,5,complete,,,1
30728,AssigningTasksInstance,,5,complete,,,1
30729,AssigningTasksInstance,,5,complete,,,1
30748,AssigningTasksInstance,,5,complete,,,1
30756,AssigningTasksInstance,,5,complete,,,1
30766,AssigningTasksInstance,,5,complete,,,1
30768,AssigningTasksInstance,,5,complete,,,1
30775,AssigningTasksInstance,,5,complete,,,1
30807,AssigningTasksInstance,,5,complete,,,1
30808,AssigningTasksInstance,,5,complete,,,1
30809,AssigningTasksInstance,,5,complete,,,1
30818,AssigningTasksInstance,,5,complete,,,1
30831,AssigningTasksInstance,,5,complete,,,1
30832,AssigningTasksInstance,,5,complete,,,0
30845,AssigningTasksInstance,,5,complete,,,1
30869,AssigningTasksInstance,,5,complete,,,1
30893,AssigningTasksInstance,,5,complete,,,1
30916,AssigningTasksInstance,,5,complete,,,1
30922,AssigningTasksInstance,,5,complete,,,1
30992,AssigningTasksInstance,,5,complete,,,1
31007,AssigningTasksInstance,,5,complete,,,1
31078,AssigningTasksInstance,,5,complete,,,1
31160,AssigningTasksInstance,,5,complete,,,1
31227,AssigningTasksInstance,,5,complete,,,1
31231,AssigningTasksInstance,,5,complete,,,1
31249,AssigningTasksInstance,,5,complete,,,1
31273,AssigningTasksInstance,,5,complete,,,1
31285,AssigningTasksInstance,,5,complete,,,1
31323,AssigningTasksInstance,,5,complete,,,1
31334,AssigningTasksInstance,,5,complete,,,1
31371,AssigningTasksInstance,,5,complete,,,1
31387,AssigningTasksInstance,,5,complete,,,1
31395,AssigningTasksInstance,,5,complete,,,1
31396,AssigningTasksInstance,,5,complete,,,1
31410,AssigningTasksInstance,,5,complete,,,1
31412,AssigningTasksInstance,,5,complete,,,0
31420,AssigningTasksInstance,,5,complete,,,1
31436,AssigningTasksInstance,,5,complete,,,1
31446,AssigningTasksInstance,,5,complete,,,1
31447,AssigningTasksInstance,,5,complete,,,1
31448,AssigningTasksInstance,,5,complete,,,1
31454,AssigningTasksInstance,,5,complete,,,1
31462,AssigningTasksInstance,,5,complete,,,1
31463,AssigningTasksInstance,,5,complete,,,1
31471,AssigningTasksInstance,,5,complete,,,1
31473,AssigningTasksInstance,,5,complete,,,1
31474,AssigningTasksInstance,,5,complete,,,1
31475,AssigningTasksInstance,,5,complete,,,1
31476,AssigningTasksInstance,,5,complete,,,1
31477,AssigningTasksInstance,,5,complete,,,1
31478,AssigningTasksInstance,,5,complete,,,1
31479,AssigningTasksInstance,,5,complete,,,1
31480,AssigningTasksInstance,,5,complete,,,1
31481,AssigningTasksInstance,,5,complete,,,1
31482,AssigningTasksInstance,,5,complete,,,1
31483,AssigningTasksInstance,,5,complete,,,1
31484,AssigningTasksInstance,,5,complete,,,1
31507,AssigningTasksInstance,,5,complete,,,1
31597,AssigningTasksInstance,,5,complete,,,1
31607,AssigningTasksInstance,,5,complete,,,1
31634,AssigningTasksInstance,,5,complete,,,0
31691,AssigningTasksInstance,,5,complete,,,1
31714,AssigningTasksInstance,,5,complete,,,1
31741,AssigningTasksInstance,,5,complete,,,1
31742,AssigningTasksInstance,,5,complete,,,1
31745,AssigningTasksInstance,,5,complete,,,1
31784,AssigningTasksInstance,,5,complete,,,1
31786,AssigningTasksInstance,,5,complete,,,1
31796,AssigningTasksInstance,,5,complete,,,1
31799,AssigningTasksInstance,,5,complete,,,1
31827,AssigningTasksInstance,,5,complete,,,1
31834,AssigningTasksInstance,,5,complete,,,0
31835,AssigningTasksInstance,,5,complete,,,0
31836,AssigningTasksInstance,,5,complete,,,0
31837,AssigningTasksInstance,,5,complete,,,0
31851,AssigningTasksInstance,,5,complete,,,1
31858,AssigningTasksInstance,,5,complete,,,1
31978,AssigningTasksInstance,,5,complete,,,1
31989,AssigningTasksInstance,,5,complete,,,0
32035,AssigningTasksInstance,,5,complete,,,1
32095,AssigningTasksInstance,,5,complete,,,1
32109,AssigningTasksInstance,,5,complete,,,1
32110,AssigningTasksInstance,,5,complete,,,1
32118,AssigningTasksInstance,,5,complete,,,1
32120,AssigningTasksInstance,,5,complete,,,1
32121,AssigningTasksInstance,,5,complete,,,1
32130,AssigningTasksInstance,,5,complete,,,1
32144,AssigningTasksInstance,,5,complete,,,1
32152,AssigningTasksInstance,,5,complete,,,1
32160,AssigningTasksInstance,,5,complete,,,0
32162,AssigningTasksInstance,,5,complete,,,1
32163,AssigningTasksInstance,,5,complete,,,1
32164,AssigningTasksInstance,,5,complete,,,0
32185,AssigningTasksInstance,,5,complete,,,1
32207,AssigningTasksInstance,,5,complete,,,1
32246,AssigningTasksInstance,,5,complete,,,1
32275,AssigningTasksInstance,,5,complete,,,1
32276,AssigningTasksInstance,,5,complete,,,1
32303,AssigningTasksInstance,,5,complete,,,1
32323,AssigningTasksInstance,,5,complete,,,1
32359,AssigningTasksInstance,,5,complete,,,1
32360,AssigningTasksInstance,,5,complete,,,1
32367,AssigningTasksInstance,,5,complete,,,1
32377,AssigningTasksInstance,,5,complete,,,1
32407,AssigningTasksInstance,,5,complete,,,0
32448,AssigningTasksInstance,,5,complete,,,1
32455,AssigningTasksInstance,,5,complete,,,1
32464,AssigningTasksInstance,,5,complete,,,1
32471,AssigningTasksInstance,,5,complete,,,1
32508,AssigningTasksInstance,,5,complete,,,1
32551,AssigningTasksInstance,,5,complete,,,1
32552,AssigningTasksInstance,,5,complete,,,1
32565,AssigningTasksInstance,,5,complete,,,1
32637,AssigningTasksInstance,,5,complete,,,1
32662,AssigningTasksInstance,,5,complete,,,1
32666,AssigningTasksInstance,,5,complete,,,1
32678,AssigningTasksInstance,,5,complete,,,1
32686,AssigningTasksInstance,,5,complete,,,1
32704,AssigningTasksInstance,,5,complete,,,1
32718,AssigningTasksInstance,,5,complete,,,1
32728,AssigningTasksInstance,,5,complete,,,1
32749,AssigningTasksInstance,,5,complete,,,1
32751,AssigningTasksInstance,,5,complete,,,1
32765,AssigningTasksInstance,,5,complete,,,1
32767,AssigningTasksInstance,,5,complete,,,1
32778,AssigningTasksInstance,,5,complete,,,1
32779,AssigningTasksInstance,,5,complete,,,1
32800,AssigningTasksInstance,,5,complete,,,1
32811,AssigningTasksInstance,,5,complete,,,1
32816,AssigningTasksInstance,,5,complete,,,0
32868,AssigningTasksInstance,,5,complete,,,1
32883,AssigningTasksInstance,,5,complete,,,1
32884,AssigningTasksInstance,,5,complete,,,1
32885,AssigningTasksInstance,,5,complete,,,1
32886,AssigningTasksInstance,,5,complete,,,1
32887,AssigningTasksInstance,,5,complete,,,1
32912,AssigningTasksInstance,,5,complete,,,1
32913,AssigningTasksInstance,,5,complete,,,1
32914,AssigningTasksInstance,,5,complete,,,1
32915,AssigningTasksInstance,,5,complete,,,1
32916,AssigningTasksInstance,,5,complete,,,1
32917,AssigningTasksInstance,,5,complete,,,1
32918,AssigningTasksInstance,,5,complete,,,1
32920,AssigningTasksInstance,,5,complete,,,1
32922,AssigningTasksInstance,,5,complete,,,1
32939,AssigningTasksInstance,,5,complete,,,1
32948,AssigningTasksInstance,,5,complete,,,1
32952,AssigningTasksInstance,,5,complete,,,0
32969,AssigningTasksInstance,,5,complete,,,1
32970,AssigningTasksInstance,,5,complete,,,1
32978,AssigningTasksInstance,,5,complete,,,1
33046,AssigningTasksInstance,,5,complete,,,1
33056,AssigningTasksInstance,,5,complete,,,1
33063,AssigningTasksInstance,,5,complete,,,1
33082,AssigningTasksInstance,,5,complete,,,1
33169,AssigningTasksInstance,,5,complete,,,1
33171,AssigningTasksInstance,,5,complete,,,1
33190,AssigningTasksInstance,,5,complete,,,1
33209,AssigningTasksInstance,,5,complete,,,1
33210,AssigningTasksInstance,,5,complete,,,1
33211,AssigningTasksInstance,,5,complete,,,1
33283,AssigningTasksInstance,,5,complete,,,1
33314,AssigningTasksInstance,,5,complete,,,1
33383,AssigningTasksInstance,,5,complete,,,1
33384,AssigningTasksInstance,,5,complete,,,1
33389,AssigningTasksInstance,,5,complete,,,1
33390,AssigningTasksInstance,,5,complete,,,1
33477,AssigningTasksInstance,,5,complete,,,1
33482,AssigningTasksInstance,,5,complete,,,1
33543,AssigningTasksInstance,,5,complete,,,1
33552,AssigningTasksInstance,,5,complete,,,1
33609,AssigningTasksInstance,,5,complete,,,1
33616,AssigningTasksInstance,,5,complete,,,1
33617,AssigningTasksInstance,,5,complete,,,1
33652,AssigningTasksInstance,,5,complete,,,1
33659,AssigningTasksInstance,,5,complete,,,1
33673,AssigningTasksInstance,,5,complete,,,1
33700,AssigningTasksInstance,,5,complete,,,1
33721,AssigningTasksInstance,,5,complete,,,0
33771,AssigningTasksInstance,,5,complete,,,1
33855,AssigningTasksInstance,,5,complete,,,1
33879,AssigningTasksInstance,,5,complete,,,1
33882,AssigningTasksInstance,,5,complete,,,1
33883,AssigningTasksInstance,,5,complete,,,1
33884,AssigningTasksInstance,,5,complete,,,1
33885,AssigningTasksInstance,,5,complete,,,1
33909,AssigningTasksInstance,,5,complete,,,1
33920,AssigningTasksInstance,,5,complete,,,1
33921,AssigningTasksInstance,,5,complete,,,1
33931,AssigningTasksInstance,,5,complete,,,1
33934,AssigningTasksInstance,,5,complete,,,1
33976,AssigningTasksInstance,,5,complete,,,1
33982,AssigningTasksInstance,,5,complete,,,1
34035,AssigningTasksInstance,,5,complete,,,0
34093,AssigningTasksInstance,,5,complete,,,1
34096,AssigningTasksInstance,,5,complete,,,1
34101,AssigningTasksInstance,,5,complete,,,1
34121,AssigningTasksInstance,,5,complete,,,1
34122,AssigningTasksInstance,,5,complete,,,1
34154,AssigningTasksInstance,,5,complete,,,1
34158,AssigningTasksInstance,,5,complete,,,1
34169,AssigningTasksInstance,,5,complete,,,1
34177,AssigningTasksInstance,,5,complete,,,1
34228,AssigningTasksInstance,,5,complete,,,1
34259,AssigningTasksInstance,,5,complete,,,1
34260,AssigningTasksInstance,,5,complete,,,1
34272,AssigningTasksInstance,,5,complete,,,1
34296,AssigningTasksInstance,,5,complete,,,0
34348,AssigningTasksInstance,,5,complete,,,1
34375,AssigningTasksInstance,,5,complete,,,1
34423,AssigningTasksInstance,,5,complete,,,1
34448,AssigningTasksInstance,,5,complete,,,1
34451,AssigningTasksInstance,,5,complete,,,1
34456,AssigningTasksInstance,,5,complete,,,1
34464,AssigningTasksInstance,,5,complete,,,0
34480,AssigningTasksInstance,,5,complete,,,1
34482,AssigningTasksInstance,,5,complete,,,0
34483,AssigningTasksInstance,,5,complete,,,1
34484,AssigningTasksInstance,,5,complete,,,1
34485,AssigningTasksInstance,,5,complete,,,1
34486,AssigningTasksInstance,,5,complete,,,1
34487,AssigningTasksInstance,,5,complete,,,1
34526,AssigningTasksInstance,,5,complete,,,1
34527,AssigningTasksInstance,,5,complete,,,1
34528,AssigningTasksInstance,,5,complete,,,1
34529,AssigningTasksInstance,,5,complete,,,1
34604,AssigningTasksInstance,,5,complete,,,0
34606,AssigningTasksInstance,,5,complete,,,0
34634,AssigningTasksInstance,,5,complete,,,1
34646,AssigningTasksInstance,,5,complete,,,1
34647,AssigningTasksInstance,,5,complete,,,1
34726,AssigningTasksInstance,,5,complete,,,1
34754,AssigningTasksInstance,,5,complete,,,1
34769,AssigningTasksInstance,,5,complete,,,1
34826,AssigningTasksInstance,,5,complete,,,1
34844,AssigningTasksInstance,,5,complete,,,1
34850,AssigningTasksInstance,,5,complete,,,1
34856,AssigningTasksInstance,,5,complete,,,1
34857,AssigningTasksInstance,,5,complete,,,1
34858,AssigningTasksInstance,,5,complete,,,1
34886,AssigningTasksInstance,,5,complete,,,1
34891,AssigningTasksInstance,,5,complete,,,1
34892,AssigningTasksInstance,,5,complete,,,1
34893,AssigningTasksInstance,,5,complete,,,1
34894,AssigningTasksInstance,,5,complete,,,1
34907,AssigningTasksInstance,,5,complete,,,1
34915,AssigningTasksInstance,,5,complete,,,0
34916,AssigningTasksInstance,,5,complete,,,1
34946,AssigningTasksInstance,,5,complete,,,1
34955,AssigningTasksInstance,,5,complete,,,1
34975,AssigningTasksInstance,,5,complete,,,1
34988,AssigningTasksInstance,,5,complete,,,1
34994,AssigningTasksInstance,,5,complete,,,0
35005,AssigningTasksInstance,,5,complete,,,1
35019,AssigningTasksInstance,,5,complete,,,1
35050,AssigningTasksInstance,,5,complete,,,1
35064,AssigningTasksInstance,,5,complete,,,1
35079,AssigningTasksInstance,,5,complete,,,1
35099,AssigningTasksInstance,,5,complete,,,1
35102,AssigningTasksInstance,,5,complete,,,1
35124,AssigningTasksInstance,,5,complete,,,1
35140,AssigningTasksInstance,,5,complete,,,0
35155,AssigningTasksInstance,,5,complete,,,1
35156,AssigningTasksInstance,,5,complete,,,1
35164,AssigningTasksInstance,,5,complete,,,1
35184,AssigningTasksInstance,,5,complete,,,0
35185,AssigningTasksInstance,,5,complete,,,0
35194,AssigningTasksInstance,,5,complete,,,1
35195,AssigningTasksInstance,,5,complete,,,1
35218,AssigningTasksInstance,,5,complete,,,1
35219,AssigningTasksInstance,,5,complete,,,1
35220,AssigningTasksInstance,,5,complete,,,1
35233,AssigningTasksInstance,,5,complete,,,1
35238,AssigningTasksInstance,,5,complete,,,0
35291,AssigningTasksInstance,,5,complete,,,1
35317,AssigningTasksInstance,,5,complete,,,1
35353,AssigningTasksInstance,,5,complete,,,0
35404,AssigningTasksInstance,,5,complete,,,1
35415,AssigningTasksInstance,,5,complete,,,1
35417,AssigningTasksInstance,,5,complete,,,1
35418,AssigningTasksInstance,,5,complete,,,1
35427,AssigningTasksInstance,,5,complete,,,1
35436,AssigningTasksInstance,,5,complete,,,1
35446,AssigningTasksInstance,,5,complete,,,1
35449,AssigningTasksInstance,,5,complete,,,1
35464,AssigningTasksInstance,,5,complete,,,1
35479,AssigningTasksInstance,,5,complete,,,1
35492,AssigningTasksInstance,,5,complete,,,1
35499,AssigningTasksInstance,,5,complete,,,1
35503,AssigningTasksInstance,,5,complete,,,1
35506,AssigningTasksInstance,,5,complete,,,1
35509,AssigningTasksInstance,,5,complete,,,1
35519,AssigningTasksInstance,,5,complete,,,1
35529,AssigningTasksInstance,,5,complete,,,1
35537,AssigningTasksInstance,,5,complete,,,1
35554,AssigningTasksInstance,,5,complete,,,1
35563,AssigningTasksInstance,,5,complete,,,1
35598,AssigningTasksInstance,,5,complete,,,1
35601,AssigningTasksInstance,,5,complete,,,1
35602,AssigningTasksInstance,,5,complete,,,1
35611,AssigningTasksInstance,,5,complete,,,1
35625,AssigningTasksInstance,,5,complete,,,1
35635,AssigningTasksInstance,,5,complete,,,1
35636,AssigningTasksInstance,,5,complete,,,1
35644,AssigningTasksInstance,,5,complete,,,1
35645,AssigningTasksInstance,,5,complete,,,1
35659,AssigningTasksInstance,,5,complete,,,1
35665,AssigningTasksInstance,,5,complete,,,1
35670,AssigningTasksInstance,,5,complete,,,1
35683,AssigningTasksInstance,,5,complete,,,1
35684,AssigningTasksInstance,,5,complete,,,1
35700,AssigningTasksInstance,,5,complete,,,1
35712,AssigningTasksInstance,,5,complete,,,1
35719,AssigningTasksInstance,,5,complete,,,1
35729,AssigningTasksInstance,,5,complete,,,1
35745,AssigningTasksInstance,,5,complete,,,1
35841,AssigningTasksInstance,,5,complete,,,1
35855,AssigningTasksInstance,,5,complete,,,1
35869,AssigningTasksInstance,,5,complete,,,1
35874,AssigningTasksInstance,,5,complete,,,1
35885,AssigningTasksInstance,,5,complete,,,1
35925,AssigningTasksInstance,,5,complete,,,1
35926,AssigningTasksInstance,,5,complete,,,1
35933,AssigningTasksInstance,,5,complete,,,1
35942,AssigningTasksInstance,,5,complete,,,1
35947,AssigningTasksInstance,,5,complete,,,1
35948,AssigningTasksInstance,,5,complete,,,1
35967,AssigningTasksInstance,,5,complete,,,1
35975,AssigningTasksInstance,,5,complete,,,1
35981,AssigningTasksInstance,,5,complete,,,1
35991,AssigningTasksInstance,,5,complete,,,1
36026,AssigningTasksInstance,,5,complete,,,0
36063,AssigningTasksInstance,,5,complete,,,1
36167,AssigningTasksInstance,,5,complete,,,1
36168,AssigningTasksInstance,,5,complete,,,1
36171,AssigningTasksInstance,,5,complete,,,1
36176,AssigningTasksInstance,,5,complete,,,1
36178,AssigningTasksInstance,,5,complete,,,1
36185,AssigningTasksInstance,,5,complete,,,1
36186,AssigningTasksInstance,,5,complete,,,1
36201,AssigningTasksInstance,,5,complete,,,1
36210,AssigningTasksInstance,,5,complete,,,1
36234,AssigningTasksInstance,,5,complete,,,1
36263,AssigningTasksInstance,,5,complete,,,1
36265,AssigningTasksInstance,,5,complete,,,1
36301,AssigningTasksInstance,,5,complete,,,1
36311,AssigningTasksInstance,,5,complete,,,1
36312,AssigningTasksInstance,,5,complete,,,1
36329,AssigningTasksInstance,,5,complete,,,1
36333,AssigningTasksInstance,,5,complete,,,1
36353,AssigningTasksInstance,,5,complete,,,1
36362,AssigningTasksInstance,,5,complete,,,1
36363,AssigningTasksInstance,,5,complete,,,1
36364,AssigningTasksInstance,,5,complete,,,1
36380,AssigningTasksInstance,,5,complete,,,1
36383,AssigningTasksInstance,,5,complete,,,0
36388,AssigningTasksInstance,,5,complete,,,1
36389,AssigningTasksInstance,,5,complete,,,1
36390,AssigningTasksInstance,,5,complete,,,1
36396,AssigningTasksInstance,,5,complete,,,1
36397,AssigningTasksInstance,,5,complete,,,1
36403,AssigningTasksInstance,,5,complete,,,1
36408,AssigningTasksInstance,,5,complete,,,1
36419,AssigningTasksInstance,,5,complete,,,1
36420,AssigningTasksInstance,,5,complete,,,1
36421,AssigningTasksInstance,,5,complete,,,1
36431,AssigningTasksInstance,,5,complete,,,1
36444,AssigningTasksInstance,,5,complete,,,1
36454,AssigningTasksInstance,,5,complete,,,1
36457,AssigningTasksInstance,,5,complete,,,1
36464,AssigningTasksInstance,,5,complete,,,1
36491,AssigningTasksInstance,,5,complete,,,1
36528,AssigningTasksInstance,,5,complete,,,1
36547,AssigningTasksInstance,,5,complete,,,1
36548,AssigningTasksInstance,,5,complete,,,1
36570,AssigningTasksInstance,,5,complete,,,1
36571,AssigningTasksInstance,,5,complete,,,1
36585,AssigningTasksInstance,,5,complete,,,1
36591,AssigningTasksInstance,,5,complete,,,1
36610,AssigningTasksInstance,,5,complete,,,1
36611,AssigningTasksInstance,,5,complete,,,1
36635,AssigningTasksInstance,,5,complete,,,1
36638,AssigningTasksInstance,,5,complete,,,0
36665,AssigningTasksInstance,,5,complete,,,1
36676,AssigningTasksInstance,,5,complete,,,1
36728,AssigningTasksInstance,,5,complete,,,1
36733,AssigningTasksInstance,,5,complete,,,0
36740,AssigningTasksInstance,,5,complete,,,1
36745,AssigningTasksInstance,,5,complete,,,1
36747,AssigningTasksInstance,,5,complete,,,1
36799,AssigningTasksInstance,,5,complete,,,1
36800,AssigningTasksInstance,,5,complete,,,1
36801,AssigningTasksInstance,,5,complete,,,1
36809,AssigningTasksInstance,,5,complete,,,1
36815,AssigningTasksInstance,,5,complete,,,1
36816,AssigningTasksInstance,,5,complete,,,0
36826,AssigningTasksInstance,,5,complete,,,1
36829,AssigningTasksInstance,,5,complete,,,1
36830,AssigningTasksInstance,,5,complete,,,1
36857,AssigningTasksInstance,,5,complete,,,1
36970,AssigningTasksInstance,,5,complete,,,1
36973,AssigningTasksInstance,,5,complete,,,1
36987,AssigningTasksInstance,,5,complete,,,0
37007,AssigningTasksInstance,,5,complete,,,0
37094,AssigningTasksInstance,,5,complete,,,1
37134,AssigningTasksInstance,,5,complete,,,1
37136,AssigningTasksInstance,,5,complete,,,1
37137,AssigningTasksInstance,,5,complete,,,1
37138,AssigningTasksInstance,,5,complete,,,1
37141,AssigningTasksInstance,,5,complete,,,1
37148,AssigningTasksInstance,,5,complete,,,0
37149,AssigningTasksInstance,,5,complete,,,1
37162,AssigningTasksInstance,,5,complete,,,1
37164,AssigningTasksInstance,,5,complete,,,1
37241,AssigningTasksInstance,,5,complete,,,1
37260,AssigningTasksInstance,,5,complete,,,1
37491,AssigningTasksInstance,,5,complete,,,1
37498,AssigningTasksInstance,,5,complete,,,1
37499,AssigningTasksInstance,,5,complete,,,1
37511,AssigningTasksInstance,,5,complete,,,1
37524,AssigningTasksInstance,,5,complete,,,1
37525,AssigningTasksInstance,,5,complete,,,1
37555,AssigningTasksInstance,,5,complete,,,1
37623,AssigningTasksInstance,,5,complete,,,1
37674,AssigningTasksInstance,,5,complete,,,1
37675,AssigningTasksInstance,,5,complete,,,1
37676,AssigningTasksInstance,,5,complete,,,1
37739,AssigningTasksInstance,,5,complete,,,1
37768,AssigningTasksInstance,,5,complete,,,1
37771,AssigningTasksInstance,,5,complete,,,1
37773,AssigningTasksInstance,,5,complete,,,1
37856,AssigningTasksInstance,,5,complete,,,1
37950,AssigningTasksInstance,,5,complete,,,1
37989,AssigningTasksInstance,,5,complete,,,1
38011,AssigningTasksInstance,,5,complete,,,1
38059,AssigningTasksInstance,,5,complete,,,1
38070,AssigningTasksInstance,,5,complete,,,1
38130,AssigningTasksInstance,,5,complete,,,1
38149,AssigningTasksInstance,,5,complete,,,1
38276,AssigningTasksInstance,,5,complete,,,1
38361,AssigningTasksInstance,,5,complete,,,0
38421,AssigningTasksInstance,,5,complete,,,1
38422,AssigningTasksInstance,,5,complete,,,1
38470,AssigningTasksInstance,,5,complete,,,1
38472,AssigningTasksInstance,,5,complete,,,1
38518,AssigningTasksInstance,,5,complete,,,1
38551,AssigningTasksInstance,,5,complete,,,1
38601,AssigningTasksInstance,,5,complete,,,1
38634,AssigningTasksInstance,,5,complete,,,1
38638,AssigningTasksInstance,,5,complete,,,1
38866,AssigningTasksInstance,,5,complete,,,1
38867,AssigningTasksInstance,,5,complete,,,1
38868,AssigningTasksInstance,,5,complete,,,1
38869,AssigningTasksInstance,,5,complete,,,1
38870,AssigningTasksInstance,,5,complete,,,1
38875,AssigningTasksInstance,,5,complete,,,1
38878,AssigningTasksInstance,,5,complete,,,1
38997,AssigningTasksInstance,,5,complete,,,1
39071,AssigningTasksInstance,,5,complete,,,1
39161,AssigningTasksInstance,,5,complete,,,1
39248,AssigningTasksInstance,,5,complete,,,1
39249,AssigningTasksInstance,,5,complete,,,1
39252,AssigningTasksInstance,,5,complete,,,1
39265,AssigningTasksInstance,,5,complete,,,1
39267,AssigningTasksInstance,,5,complete,,,1
39268,AssigningTasksInstance,,5,complete,,,1
39347,AssigningTasksInstance,,5,complete,,,1
39365,AssigningTasksInstance,,5,complete,,,1
39399,AssigningTasksInstance,,5,complete,,,1
39453,AssigningTasksInstance,,5,complete,,,1
39454,AssigningTasksInstance,,5,complete,,,1
39527,AssigningTasksInstance,,5,complete,,,1
39558,AssigningTasksInstance,,5,complete,,,1
39573,AssigningTasksInstance,,5,complete,,,1
39584,AssigningTasksInstance,,5,complete,,,1
39588,AssigningTasksInstance,,5,complete,,,1
39601,AssigningTasksInstance,,5,complete,,,1
39647,AssigningTasksInstance,,5,complete,,,1
39666,AssigningTasksInstance,,5,complete,,,1
39667,AssigningTasksInstance,,5,complete,,,1
39694,AssigningTasksInstance,,5,complete,,,1
39696,AssigningTasksInstance,,5,complete,,,1
39697,AssigningTasksInstance,,5,complete,,,1
39736,AssigningTasksInstance,,5,complete,,,0
39737,AssigningTasksInstance,,5,complete,,,0
39740,AssigningTasksInstance,,5,complete,,,1
39741,AssigningTasksInstance,,5,complete,,,1
39742,AssigningTasksInstance,,5,complete,,,1
39743,AssigningTasksInstance,,5,complete,,,1
39744,AssigningTasksInstance,,5,complete,,,1
39745,AssigningTasksInstance,,5,complete,,,1
39747,AssigningTasksInstance,,5,complete,,,0
39750,AssigningTasksInstance,,5,complete,,,1
39766,AssigningTasksInstance,,5,complete,,,1
39768,AssigningTasksInstance,,5,complete,,,0
39784,AssigningTasksInstance,,5,complete,,,1
39791,AssigningTasksInstance,,5,complete,,,1
39795,AssigningTasksInstance,,5,complete,,,1
39796,AssigningTasksInstance,,5,complete,,,1
39815,AssigningTasksInstance,,5,complete,,,1
39845,AssigningTasksInstance,,5,complete,,,1
39846,AssigningTasksInstance,,5,complete,,,1
39892,AssigningTasksInstance,,5,complete,,,1
39902,AssigningTasksInstance,,5,complete,,,0
39906,AssigningTasksInstance,,5,complete,,,1
39942,AssigningTasksInstance,,5,complete,,,1
39959,AssigningTasksInstance,,5,complete,,,1
39964,AssigningTasksInstance,,5,complete,,,0
39974,AssigningTasksInstance,,5,complete,,,1
39989,AssigningTasksInstance,,5,complete,,,1
40030,AssigningTasksInstance,,5,complete,,,0
40031,AssigningTasksInstance,,5,complete,,,1
40032,AssigningTasksInstance,,5,complete,,,1
40047,AssigningTasksInstance,,5,complete,,,1
40063,AssigningTasksInstance,,5,complete,,,1
40067,AssigningTasksInstance,,5,complete,,,1
40073,AssigningTasksInstance,,5,complete,,,1
40074,AssigningTasksInstance,,5,complete,,,1
40075,AssigningTasksInstance,,5,complete,,,1
40076,AssigningTasksInstance,,5,complete,,,1
40077,AssigningTasksInstance,,5,complete,,,1
40092,AssigningTasksInstance,,5,complete,,,1
40096,AssigningTasksInstance,,5,complete,,,1
40097,AssigningTasksInstance,,5,complete,,,1
40122,AssigningTasksInstance,,5,complete,,,1
40124,AssigningTasksInstance,,5,complete,,,1
40183,AssigningTasksInstance,,5,complete,,,1
40192,AssigningTasksInstance,,5,complete,,,1
40215,AssigningTasksInstance,,5,complete,,,0
40246,AssigningTasksInstance,,5,complete,,,0
40251,AssigningTasksInstance,,5,complete,,,0
40255,AssigningTasksInstance,,5,complete,,,0
40273,AssigningTasksInstance,,5,complete,,,1
40282,AssigningTasksInstance,,5,complete,,,0
40299,AssigningTasksInstance,,5,complete,,,1
40305,AssigningTasksInstance,,5,complete,,,1
40320,AssigningTasksInstance,,5,complete,,,1
40331,AssigningTasksInstance,,5,complete,,,1
40344,AssigningTasksInstance,,5,complete,,,1
40348,AssigningTasksInstance,,5,complete,,,1
40349,AssigningTasksInstance,,5,complete,,,1
40351,AssigningTasksInstance,,5,complete,,,1
40352,AssigningTasksInstance,,5,complete,,,1
40368,AssigningTasksInstance,,5,complete,,,1
40415,AssigningTasksInstance,,5,complete,,,1
40435,AssigningTasksInstance,,5,complete,,,0
40448,AssigningTasksInstance,,5,complete,,,1
40449,AssigningTasksInstance,,5,complete,,,1
40450,AssigningTasksInstance,,5,complete,,,1
40451,AssigningTasksInstance,,5,complete,,,1
40459,AssigningTasksInstance,,5,complete,,,1
40472,AssigningTasksInstance,,5,complete,,,1
40493,AssigningTasksInstance,,5,complete,,,1
40523,AssigningTasksInstance,,5,complete,,,1
40524,AssigningTasksInstance,,5,complete,,,1
40525,AssigningTasksInstance,,5,complete,,,1
40530,AssigningTasksInstance,,5,complete,,,1
40533,AssigningTasksInstance,,5,complete,,,1
40561,AssigningTasksInstance,,5,complete,,,1
40562,AssigningTasksInstance,,5,complete,,,0
40565,AssigningTasksInstance,,5,complete,,,1
40568,AssigningTasksInstance,,5,complete,,,1
40569,AssigningTasksInstance,,5,complete,,,0
40575,AssigningTasksInstance,,5,complete,,,0
40622,AssigningTasksInstance,,5,complete,,,1
40624,AssigningTasksInstance,,5,complete,,,1
40636,AssigningTasksInstance,,5,complete,,,1
40641,AssigningTasksInstance,,5,complete,,,1
40659,AssigningTasksInstance,,5,complete,,,1
40668,AssigningTasksInstance,,5,complete,,,1
40672,AssigningTasksInstance,,5,complete,,,1
40733,AssigningTasksInstance,,5,complete,,,1
40746,AssigningTasksInstance,,5,complete,,,1
40747,AssigningTasksInstance,,5,complete,,,1
40749,AssigningTasksInstance,,5,complete,,,1
40750,AssigningTasksInstance,,5,complete,,,1
40751,AssigningTasksInstance,,5,complete,,,1
40760,AssigningTasksInstance,,5,complete,,,1
40801,AssigningTasksInstance,,5,complete,,,1
40811,AssigningTasksInstance,,5,complete,,,0
40825,AssigningTasksInstance,,5,complete,,,1
40828,AssigningTasksInstance,,5,complete,,,1
40833,AssigningTasksInstance,,5,complete,,,1
40834,AssigningTasksInstance,,5,complete,,,1
40843,AssigningTasksInstance,,5,complete,,,1
40844,AssigningTasksInstance,,5,complete,,,1
40851,AssigningTasksInstance,,5,complete,,,1
40883,AssigningTasksInstance,,5,complete,,,1
40884,AssigningTasksInstance,,5,complete,,,1
40885,AssigningTasksInstance,,5,complete,,,1
40909,AssigningTasksInstance,,5,complete,,,1
40910,AssigningTasksInstance,,5,complete,,,1
40911,AssigningTasksInstance,,5,complete,,,1
40912,AssigningTasksInstance,,5,complete,,,1
40913,AssigningTasksInstance,,5,complete,,,1
40914,AssigningTasksInstance,,5,complete,,,1
40915,AssigningTasksInstance,,5,complete,,,1
40916,AssigningTasksInstance,,5,complete,,,1
40917,AssigningTasksInstance,,5,complete,,,1
40918,AssigningTasksInstance,,5,complete,,,1
40924,AssigningTasksInstance,,5,complete,,,1
40932,AssigningTasksInstance,,5,complete,,,1
40944,AssigningTasksInstance,,5,complete,,,1
40952,AssigningTasksInstance,,5,complete,,,0
40953,AssigningTasksInstance,,5,complete,,,1
40964,AssigningTasksInstance,,5,complete,,,1
40965,AssigningTasksInstance,,5,complete,,,1
40991,AssigningTasksInstance,,5,complete,,,1
41011,AssigningTasksInstance,,5,complete,,,1
41012,AssigningTasksInstance,,5,complete,,,1
41013,AssigningTasksInstance,,5,complete,,,1
41014,AssigningTasksInstance,,5,complete,,,1
41015,AssigningTasksInstance,,5,complete,,,1
41016,AssigningTasksInstance,,5,complete,,,1
41017,AssigningTasksInstance,,5,complete,,,1
41018,AssigningTasksInstance,,5,complete,,,1
41019,AssigningTasksInstance,,5,complete,,,1
41020,AssigningTasksInstance,,5,complete,,,1
41021,AssigningTasksInstance,,5,complete,,,1
41022,AssigningTasksInstance,,5,complete,,,1
41023,AssigningTasksInstance,,5,complete,,,1
41024,AssigningTasksInstance,,5,complete,,,1
41025,AssigningTasksInstance,,5,complete,,,1
41026,AssigningTasksInstance,,5,complete,,,1
41027,AssigningTasksInstance,,5,complete,,,1
41028,AssigningTasksInstance,,5,complete,,,1
41029,AssigningTasksInstance,,5,complete,,,1
41030,AssigningTasksInstance,,5,complete,,,1
41031,AssigningTasksInstance,,5,complete,,,1
41044,AssigningTasksInstance,,5,complete,,,1
41060,AssigningTasksInstance,,5,complete,,,1
41061,AssigningTasksInstance,,5,complete,,,1
41062,AssigningTasksInstance,,5,complete,,,1
41074,AssigningTasksInstance,,5,complete,,,1
41075,AssigningTasksInstance,,5,complete,,,1
41076,AssigningTasksInstance,,5,complete,,,1
41077,AssigningTasksInstance,,5,complete,,,1
41079,AssigningTasksInstance,,5,complete,,,1
41088,AssigningTasksInstance,,5,complete,,,1
41106,AssigningTasksInstance,,5,complete,,,1
41131,AssigningTasksInstance,,5,complete,,,1
41169,AssigningTasksInstance,,5,complete,,,1
41175,AssigningTasksInstance,,5,complete,,,1
41187,AssigningTasksInstance,,5,complete,,,1
41195,AssigningTasksInstance,,5,complete,,,1
41225,AssigningTasksInstance,,5,complete,,,0
41270,AssigningTasksInstance,,5,complete,,,1
41271,AssigningTasksInstance,,5,complete,,,1
41294,AssigningTasksInstance,,5,complete,,,1
41302,AssigningTasksInstance,,5,complete,,,1
41322,AssigningTasksInstance,,5,complete,,,1
41324,AssigningTasksInstance,,5,complete,,,1
41326,AssigningTasksInstance,,5,complete,,,1
41330,AssigningTasksInstance,,5,complete,,,1
41331,AssigningTasksInstance,,5,complete,,,1
41332,AssigningTasksInstance,,5,complete,,,1
41333,AssigningTasksInstance,,5,complete,,,1
41355,AssigningTasksInstance,,5,complete,,,1
41359,AssigningTasksInstance,,5,complete,,,1
41360,AssigningTasksInstance,,5,complete,,,1
41361,AssigningTasksInstance,,5,complete,,,1
41362,AssigningTasksInstance,,5,complete,,,1
41363,AssigningTasksInstance,,5,complete,,,1
41364,AssigningTasksInstance,,5,complete,,,1
41365,AssigningTasksInstance,,5,complete,,,1
41373,AssigningTasksInstance,,5,complete,,,0
41379,AssigningTasksInstance,,5,complete,,,0
41384,AssigningTasksInstance,,5,complete,,,1
41401,AssigningTasksInstance,,5,complete,,,0
41449,AssigningTasksInstance,,5,complete,,,1
41450,AssigningTasksInstance,,5,complete,,,1
41451,AssigningTasksInstance,,5,complete,,,1
41452,AssigningTasksInstance,,5,complete,,,1
41486,AssigningTasksInstance,,5,complete,,,1
41494,AssigningTasksInstance,,5,complete,,,1
41499,AssigningTasksInstance,,5,complete,,,1
41506,AssigningTasksInstance,,5,complete,,,1
41511,AssigningTasksInstance,,5,complete,,,1
41512,AssigningTasksInstance,,5,complete,,,1
41513,AssigningTasksInstance,,5,complete,,,0
41514,AssigningTasksInstance,,5,complete,,,1
41515,AssigningTasksInstance,,5,complete,,,1
41549,AssigningTasksInstance,,5,complete,,,1
41551,AssigningTasksInstance,,5,complete,,,1
41565,AssigningTasksInstance,,5,complete,,,1
41585,AssigningTasksInstance,,5,complete,,,1
41601,AssigningTasksInstance,,5,complete,,,1
41610,AssigningTasksInstance,,5,complete,,,1
41617,AssigningTasksInstance,,5,complete,,,0
41621,AssigningTasksInstance,,5,complete,,,1
41623,AssigningTasksInstance,,5,complete,,,1
41625,AssigningTasksInstance,,5,complete,,,0
41635,AssigningTasksInstance,,5,complete,,,0
41637,AssigningTasksInstance,,5,complete,,,1
41638,AssigningTasksInstance,,5,complete,,,0
41639,AssigningTasksInstance,,5,complete,,,0
41647,AssigningTasksInstance,,5,complete,,,1
41658,AssigningTasksInstance,,5,complete,,,1
41672,AssigningTasksInstance,,5,complete,,,1
41683,AssigningTasksInstance,,5,complete,,,1
41717,AssigningTasksInstance,,5,complete,,,0
41751,AssigningTasksInstance,,5,complete,,,1
41759,AssigningTasksInstance,,5,complete,,,1
41762,AssigningTasksInstance,,5,complete,,,1
41784,AssigningTasksInstance,,5,complete,,,1
41798,AssigningTasksInstance,,5,complete,,,0
41821,AssigningTasksInstance,,5,complete,,,1
41842,AssigningTasksInstance,,5,complete,,,1
41862,AssigningTasksInstance,,5,complete,,,1
41874,AssigningTasksInstance,,5,complete,,,0
41880,AssigningTasksInstance,,5,complete,,,1
41892,AssigningTasksInstance,,5,complete,,,1
41893,AssigningTasksInstance,,5,complete,,,1
41928,AssigningTasksInstance,,5,complete,,,1
41963,AssigningTasksInstance,,5,complete,,,0
41983,AssigningTasksInstance,,5,complete,,,1
41997,AssigningTasksInstance,,5,complete,,,1
42002,AssigningTasksInstance,,5,complete,,,1
42053,AssigningTasksInstance,,5,complete,,,1
42096,AssigningTasksInstance,,5,complete,,,1
42097,AssigningTasksInstance,,5,complete,,,1
42140,AssigningTasksInstance,,5,complete,,,1
42156,AssigningTasksInstance,,5,complete,,,1
42157,AssigningTasksInstance,,5,complete,,,1
42182,AssigningTasksInstance,,5,complete,,,1
42205,AssigningTasksInstance,,5,complete,,,1
42846,AssigningTasksInstance,,5,complete,,,1
42855,AssigningTasksInstance,,5,complete,,,0
42906,AssigningTasksInstance,,5,complete,,,1
42907,AssigningTasksInstance,,5,complete,,,1
42912,AssigningTasksInstance,,5,complete,,,1
42913,AssigningTasksInstance,,5,complete,,,1
42917,AssigningTasksInstance,,5,complete,,,0
42947,AssigningTasksInstance,,5,complete,,,1
42987,AssigningTasksInstance,,5,complete,,,1
42988,AssigningTasksInstance,,5,complete,,,1
42990,AssigningTasksInstance,,5,complete,,,1
42991,AssigningTasksInstance,,5,complete,,,1
42995,AssigningTasksInstance,,5,complete,,,1
43016,AssigningTasksInstance,,5,complete,,,0
43040,AssigningTasksInstance,,5,complete,,,1
43060,AssigningTasksInstance,,5,complete,,,1
43070,AssigningTasksInstance,,5,complete,,,1
43129,AssigningTasksInstance,,5,complete,,,1
43159,AssigningTasksInstance,,5,complete,,,1
43173,AssigningTasksInstance,,5,complete,,,1
43183,AssigningTasksInstance,,5,complete,,,1
43211,AssigningTasksInstance,,5,complete,,,1
43212,AssigningTasksInstance,,5,complete,,,1
43213,AssigningTasksInstance,,5,complete,,,1
43214,AssigningTasksInstance,,5,complete,,,1
43228,AssigningTasksInstance,,5,complete,,,1
43257,AssigningTasksInstance,,5,complete,,,1
43266,AssigningTasksInstance,,5,complete,,,0
43296,AssigningTasksInstance,,5,complete,,,1
43297,AssigningTasksInstance,,5,complete,,,1
43298,AssigningTasksInstance,,5,complete,,,1
43299,AssigningTasksInstance,,5,complete,,,1
43301,AssigningTasksInstance,,5,complete,,,1
43302,AssigningTasksInstance,,5,complete,,,1
43346,AssigningTasksInstance,,5,complete,,,1
43348,AssigningTasksInstance,,5,complete,,,1
43349,AssigningTasksInstance,,5,complete,,,1
43397,AssigningTasksInstance,,5,complete,,,1
43399,AssigningTasksInstance,,5,complete,,,0
43411,AssigningTasksInstance,,5,complete,,,1
43418,AssigningTasksInstance,,5,complete,,,1
43420,AssigningTasksInstance,,5,complete,,,1
43425,AssigningTasksInstance,,5,complete,,,1
43429,AssigningTasksInstance,,5,complete,,,0
43453,AssigningTasksInstance,,5,complete,,,1
43460,AssigningTasksInstance,,5,complete,,,0
43461,AssigningTasksInstance,,5,complete,,,0
43466,AssigningTasksInstance,,5,complete,,,0
43472,AssigningTasksInstance,,5,complete,,,1
43473,AssigningTasksInstance,,5,complete,,,1
43478,AssigningTasksInstance,,5,complete,,,1
43484,AssigningTasksInstance,,5,complete,,,1
43523,AssigningTasksInstance,,5,complete,,,1
43530,AssigningTasksInstance,,5,complete,,,1
43557,AssigningTasksInstance,,5,complete,,,1
43601,AssigningTasksInstance,,5,complete,,,1
43606,AssigningTasksInstance,,5,complete,,,1
43607,AssigningTasksInstance,,5,complete,,,1
43640,AssigningTasksInstance,,5,complete,,,1
43649,AssigningTasksInstance,,5,complete,,,0
43696,AssigningTasksInstance,,5,complete,,,1
43775,AssigningTasksInstance,,5,complete,,,0
43795,AssigningTasksInstance,,5,complete,,,1
43820,AssigningTasksInstance,,5,complete,,,1
43829,AssigningTasksInstance,,5,complete,,,1
43838,AssigningTasksInstance,,5,complete,,,1
43850,AssigningTasksInstance,,5,complete,,,1
43870,AssigningTasksInstance,,5,complete,,,1
43886,AssigningTasksInstance,,5,complete,,,1
43887,AssigningTasksInstance,,5,complete,,,1
43964,AssigningTasksInstance,,5,complete,,,1
43967,AssigningTasksInstance,,5,complete,,,0
43976,AssigningTasksInstance,,5,complete,,,1
43983,AssigningTasksInstance,,5,complete,,,1
43992,AssigningTasksInstance,,5,complete,,,1
44007,AssigningTasksInstance,,5,complete,,,1
44014,AssigningTasksInstance,,5,complete,,,1
44088,AssigningTasksInstance,,5,complete,,,1
44109,AssigningTasksInstance,,5,complete,,,1
44151,AssigningTasksInstance,,5,complete,,,1
44156,AssigningTasksInstance,,5,complete,,,1
44268,AssigningTasksInstance,,5,complete,,,1
44281,AssigningTasksInstance,,5,complete,,,1
44331,AssigningTasksInstance,,5,complete,,,1
44356,AssigningTasksInstance,,5,complete,,,1
44470,AssigningTasksInstance,,5,complete,,,1
44474,AssigningTasksInstance,,5,complete,,,1
44478,AssigningTasksInstance,,5,complete,,,1
44483,AssigningTasksInstance,,5,complete,,,0
44508,AssigningTasksInstance,,5,complete,,,1
44511,AssigningTasksInstance,,5,complete,,,0
44520,AssigningTasksInstance,,5,complete,,,1
44529,AssigningTasksInstance,,5,complete,,,1
44530,AssigningTasksInstance,,5,complete,,,1
44534,AssigningTasksInstance,,5,complete,,,1
44535,AssigningTasksInstance,,5,complete,,,0
44560,AssigningTasksInstance,,5,complete,,,1
44562,AssigningTasksInstance,,5,complete,,,1
44567,AssigningTasksInstance,,5,complete,,,1
44568,AssigningTasksInstance,,5,complete,,,0
44622,AssigningTasksInstance,,5,complete,,,0
44647,AssigningTasksInstance,,5,complete,,,1
44683,AssigningTasksInstance,,5,complete,,,0
44693,AssigningTasksInstance,,5,complete,,,0
44730,AssigningTasksInstance,,5,complete,,,1
44751,AssigningTasksInstance,,5,complete,,,1
44790,AssigningTasksInstance,,5,complete,,,1
44847,AssigningTasksInstance,,5,complete,,,0
44848,AssigningTasksInstance,,5,complete,,,1
44849,AssigningTasksInstance,,5,complete,,,0
44854,AssigningTasksInstance,,5,complete,,,0
44855,AssigningTasksInstance,,5,complete,,,0
44902,AssigningTasksInstance,,5,complete,,,1
44910,AssigningTasksInstance,,5,complete,,,1
44915,AssigningTasksInstance,,5,complete,,,1
44916,AssigningTasksInstance,,5,complete,,,1
44930,AssigningTasksInstance,,5,complete,,,1
45002,AssigningTasksInstance,,5,complete,,,0
45005,AssigningTasksInstance,,5,complete,,,1
45006,AssigningTasksInstance,,5,complete,,,1
45041,AssigningTasksInstance,,5,complete,,,1
45043,AssigningTasksInstance,,5,complete,,,1
45044,AssigningTasksInstance,,5,complete,,,1
45045,AssigningTasksInstance,,5,complete,,,1
45046,AssigningTasksInstance,,5,complete,,,1
45059,AssigningTasksInstance,,5,complete,,,1
45091,AssigningTasksInstance,,5,complete,,,0
45120,AssigningTasksInstance,,5,complete,,,1
45146,AssigningTasksInstance,,5,complete,,,1
45147,AssigningTasksInstance,,5,complete,,,1
45148,AssigningTasksInstance,,5,complete,,,1
45149,AssigningTasksInstance,,5,complete,,,1
45150,AssigningTasksInstance,,5,complete,,,1
45168,AssigningTasksInstance,,5,complete,,,0
45171,AssigningTasksInstance,,5,complete,,,1
45172,AssigningTasksInstance,,5,complete,,,1
45191,AssigningTasksInstance,,5,complete,,,1
45192,AssigningTasksInstance,,5,complete,,,1
45227,AssigningTasksInstance,,5,complete,,,1
45229,AssigningTasksInstance,,5,complete,,,0
45259,AssigningTasksInstance,,5,complete,,,1
45260,AssigningTasksInstance,,5,complete,,,1
45318,AssigningTasksInstance,,5,complete,,,1
45319,AssigningTasksInstance,,5,complete,,,1
45326,AssigningTasksInstance,,5,complete,,,1
45372,AssigningTasksInstance,,5,complete,,,0
45425,AssigningTasksInstance,,5,complete,,,1
45435,AssigningTasksInstance,,5,complete,,,0
45483,AssigningTasksInstance,,5,complete,,,1
45496,AssigningTasksInstance,,5,complete,,,1
45497,AssigningTasksInstance,,5,complete,,,1
45504,AssigningTasksInstance,,5,complete,,,1
45508,AssigningTasksInstance,,5,complete,,,1
45522,AssigningTasksInstance,,5,complete,,,1
45533,AssigningTasksInstance,,5,complete,,,0
45540,AssigningTasksInstance,,5,complete,,,0
45544,AssigningTasksInstance,,5,complete,,,1
45574,AssigningTasksInstance,,5,complete,,,1
45580,AssigningTasksInstance,,5,complete,,,1
45587,AssigningTasksInstance,,5,complete,,,1
45605,AssigningTasksInstance,,5,complete,,,0
45620,AssigningTasksInstance,,5,complete,,,1
45631,AssigningTasksInstance,,5,complete,,,1
45675,AssigningTasksInstance,,5,complete,,,1
45713,AssigningTasksInstance,,5,complete,,,1
45714,AssigningTasksInstance,,5,complete,,,1
45715,AssigningTasksInstance,,5,complete,,,1
45741,AssigningTasksInstance,,5,complete,,,1
45753,AssigningTasksInstance,,5,complete,,,1
45754,AssigningTasksInstance,,5,complete,,,1
45756,AssigningTasksInstance,,5,complete,,,1
45762,AssigningTasksInstance,,5,complete,,,1
45803,AssigningTasksInstance,,5,complete,,,1
45804,AssigningTasksInstance,,5,complete,,,1
45806,AssigningTasksInstance,,5,complete,,,1
45807,AssigningTasksInstance,,5,complete,,,1
45846,AssigningTasksInstance,,5,complete,,,1
45907,AssigningTasksInstance,,5,complete,,,1
45930,AssigningTasksInstance,,5,complete,,,0
45962,AssigningTasksInstance,,5,complete,,,0
45964,AssigningTasksInstance,,5,complete,,,1
45969,AssigningTasksInstance,,5,complete,,,0
45997,AssigningTasksInstance,,5,complete,,,1
45999,AssigningTasksInstance,,5,complete,,,1
46000,AssigningTasksInstance,,5,complete,,,1
46017,AssigningTasksInstance,,5,complete,,,1
46053,AssigningTasksInstance,,5,complete,,,0
46092,AssigningTasksInstance,,5,complete,,,0
46175,AssigningTasksInstance,,5,complete,,,1
46178,AssigningTasksInstance,,5,complete,,,1
46219,AssigningTasksInstance,,5,complete,,,1
46220,AssigningTasksInstance,,5,complete,,,1
46221,AssigningTasksInstance,,5,complete,,,1
46234,AssigningTasksInstance,,5,complete,,,1
46247,AssigningTasksInstance,,5,complete,,,0
46248,AssigningTasksInstance,,5,complete,,,1
46250,AssigningTasksInstance,,5,complete,,,0
46251,AssigningTasksInstance,,5,complete,,,1
46252,AssigningTasksInstance,,5,complete,,,1
46253,AssigningTasksInstance,,5,complete,,,1
46254,AssigningTasksInstance,,5,complete,,,1
46255,AssigningTasksInstance,,5,complete,,,1
46256,AssigningTasksInstance,,5,complete,,,1
46257,AssigningTasksInstance,,5,complete,,,1
46258,AssigningTasksInstance,,5,complete,,,1
46259,AssigningTasksInstance,,5,complete,,,1
46260,AssigningTasksInstance,,5,complete,,,1
46261,AssigningTasksInstance,,5,complete,,,1
46262,AssigningTasksInstance,,5,complete,,,1
46263,AssigningTasksInstance,,5,complete,,,1
46264,AssigningTasksInstance,,5,complete,,,1
46265,AssigningTasksInstance,,5,complete,,,1
46266,AssigningTasksInstance,,5,complete,,,1
46267,AssigningTasksInstance,,5,complete,,,1
46268,AssigningTasksInstance,,5,complete,,,1
46269,AssigningTasksInstance,,5,complete,,,1
46270,AssigningTasksInstance,,5,complete,,,1
46271,AssigningTasksInstance,,5,complete,,,1
46272,AssigningTasksInstance,,5,complete,,,1
46273,AssigningTasksInstance,,5,complete,,,1
46274,AssigningTasksInstance,,5,complete,,,1
46275,AssigningTasksInstance,,5,complete,,,1
46286,AssigningTasksInstance,,5,complete,,,0
46295,AssigningTasksInstance,,5,complete,,,1
46311,AssigningTasksInstance,,5,complete,,,1
46312,AssigningTasksInstance,,5,complete,,,1
46320,AssigningTasksInstance,,5,complete,,,0
46375,AssigningTasksInstance,,5,complete,,,1
46393,AssigningTasksInstance,,5,complete,,,0
46445,AssigningTasksInstance,,5,complete,,,1
46447,AssigningTasksInstance,,5,complete,,,1
46448,AssigningTasksInstance,,5,complete,,,1
46449,AssigningTasksInstance,,5,complete,,,1
46452,AssigningTasksInstance,,5,complete,,,0
46454,AssigningTasksInstance,,5,complete,,,0
46456,AssigningTasksInstance,,5,complete,,,1
46463,AssigningTasksInstance,,5,complete,,,1
46466,AssigningTasksInstance,,5,complete,,,1
46488,AssigningTasksInstance,,5,complete,,,0
46571,AssigningTasksInstance,,5,complete,,,1
46597,AssigningTasksInstance,,5,complete,,,1
46599,AssigningTasksInstance,,5,complete,,,1
46672,AssigningTasksInstance,,5,complete,,,1
46684,AssigningTasksInstance,,5,complete,,,1
46726,AssigningTasksInstance,,5,complete,,,1
46731,AssigningTasksInstance,,5,complete,,,1
46734,AssigningTasksInstance,,5,complete,,,1
46759,AssigningTasksInstance,,5,complete,,,1
46845,AssigningTasksInstance,,5,complete,,,1
46861,AssigningTasksInstance,,5,complete,,,1
46867,AssigningTasksInstance,,5,complete,,,1
46868,AssigningTasksInstance,,5,complete,,,1
46941,AssigningTasksInstance,,5,complete,,,1
46951,AssigningTasksInstance,,5,complete,,,1
47016,AssigningTasksInstance,,5,complete,,,0
47019,AssigningTasksInstance,,5,complete,,,0
47021,AssigningTasksInstance,,5,complete,,,0
47025,AssigningTasksInstance,,5,complete,,,1
47079,AssigningTasksInstance,,5,complete,,,1
47098,AssigningTasksInstance,,5,complete,,,0
47150,AssigningTasksInstance,,5,complete,,,1
47203,AssigningTasksInstance,,5,complete,,,1
47204,AssigningTasksInstance,,5,complete,,,1
47243,AssigningTasksInstance,,5,complete,,,1
47266,AssigningTasksInstance,,5,complete,,,1
47382,AssigningTasksInstance,,5,complete,,,1
47392,AssigningTasksInstance,,5,complete,,,1
47421,AssigningTasksInstance,,5,complete,,,1
47422,AssigningTasksInstance,,5,complete,,,1
47423,AssigningTasksInstance,,5,complete,,,1
47424,AssigningTasksInstance,,5,complete,,,1
47425,AssigningTasksInstance,,5,complete,,,1
47426,AssigningTasksInstance,,5,complete,,,1
47427,AssigningTasksInstance,,5,complete,,,1
47428,AssigningTasksInstance,,5,complete,,,1
47429,AssigningTasksInstance,,5,complete,,,1
47430,AssigningTasksInstance,,5,complete,,,1
47431,AssigningTasksInstance,,5,complete,,,1
47432,AssigningTasksInstance,,5,complete,,,1
47596,AssigningTasksInstance,,5,complete,,,1
47649,AssigningTasksInstance,,5,complete,,,1
47652,AssigningTasksInstance,,5,complete,,,0
47658,AssigningTasksInstance,,5,complete,,,0
47671,AssigningTasksInstance,,5,complete,,,1
47846,AssigningTasksInstance,,5,complete,,,1
47900,AssigningTasksInstance,,5,complete,,,1
47903,AssigningTasksInstance,,5,complete,,,1
47912,AssigningTasksInstance,,5,complete,,,1
47920,AssigningTasksInstance,,5,complete,,,1
48009,AssigningTasksInstance,,5,complete,,,1
48091,AssigningTasksInstance,,5,complete,,,1
48092,AssigningTasksInstance,,5,complete,,,1
48093,AssigningTasksInstance,,5,complete,,,1
48095,AssigningTasksInstance,,5,complete,,,1
48096,AssigningTasksInstance,,5,complete,,,1
48097,AssigningTasksInstance,,5,complete,,,1
48101,AssigningTasksInstance,,5,complete,,,1
48102,AssigningTasksInstance,,5,complete,,,1
48161,AssigningTasksInstance,,5,complete,,,0
48191,AssigningTasksInstance,,5,complete,,,1
48222,AssigningTasksInstance,,5,complete,,,1
48286,AssigningTasksInstance,,5,complete,,,1
48324,AssigningTasksInstance,,5,complete,,,1
48325,AssigningTasksInstance,,5,complete,,,0
48328,AssigningTasksInstance,,5,complete,,,0
48480,AssigningTasksInstance,,5,complete,,,1
48490,AssigningTasksInstance,,5,complete,,,1
48493,AssigningTasksInstance,,5,complete,,,1
48563,AssigningTasksInstance,,5,complete,,,1
48564,AssigningTasksInstance,,5,complete,,,1
48633,AssigningTasksInstance,,5,complete,,,1
48647,AssigningTasksInstance,,5,complete,,,0
48725,AssigningTasksInstance,,5,complete,,,1
48760,AssigningTasksInstance,,5,complete,,,1
48774,AssigningTasksInstance,,5,complete,,,1
48783,AssigningTasksInstance,,5,complete,,,0
48794,AssigningTasksInstance,,5,complete,,,1
48795,AssigningTasksInstance,,5,complete,,,1
48796,AssigningTasksInstance,,5,complete,,,1
48797,AssigningTasksInstance,,5,complete,,,1
48798,AssigningTasksInstance,,5,complete,,,1
48886,AssigningTasksInstance,,5,complete,,,1
48898,AssigningTasksInstance,,5,complete,,,1
48903,AssigningTasksInstance,,5,complete,,,1
48931,AssigningTasksInstance,,5,complete,,,1
48971,AssigningTasksInstance,,5,complete,,,1
48972,AssigningTasksInstance,,5,complete,,,1
48980,AssigningTasksInstance,,5,complete,,,1
49013,AssigningTasksInstance,,5,complete,,,1
49074,AssigningTasksInstance,,5,complete,,,1
49081,AssigningTasksInstance,,5,complete,,,1
49101,AssigningTasksInstance,,5,complete,,,1
49105,AssigningTasksInstance,,5,complete,,,1
49126,AssigningTasksInstance,,5,complete,,,1
49145,AssigningTasksInstance,,5,complete,,,1
49146,AssigningTasksInstance,,5,complete,,,1
49153,AssigningTasksInstance,,5,complete,,,0
49154,AssigningTasksInstance,,5,complete,,,0
49355,AssigningTasksInstance,,5,complete,,,1
49365,AssigningTasksInstance,,5,complete,,,1
49370,AssigningTasksInstance,,5,complete,,,1
49371,AssigningTasksInstance,,5,complete,,,1
49378,AssigningTasksInstance,,5,complete,,,0
49441,AssigningTasksInstance,,5,complete,,,0
49446,AssigningTasksInstance,,5,complete,,,1
49449,AssigningTasksInstance,,5,complete,,,1
49513,AssigningTasksInstance,,5,complete,,,1
49552,AssigningTasksInstance,,5,complete,,,1
49553,AssigningTasksInstance,,5,complete,,,1
49554,AssigningTasksInstance,,5,complete,,,1
49555,AssigningTasksInstance,,5,complete,,,1
49573,AssigningTasksInstance,,5,complete,,,1
49574,AssigningTasksInstance,,5,complete,,,1
49575,AssigningTasksInstance,,5,complete,,,0
49577,AssigningTasksInstance,,5,complete,,,0
49584,AssigningTasksInstance,,5,complete,,,1
49586,AssigningTasksInstance,,5,complete,,,1
49612,AssigningTasksInstance,,5,complete,,,1
49651,AssigningTasksInstance,,5,complete,,,1
49655,AssigningTasksInstance,,5,complete,,,1
49712,AssigningTasksInstance,,5,complete,,,1
49713,AssigningTasksInstance,,5,complete,,,1
49714,AssigningTasksInstance,,5,complete,,,1
49779,AssigningTasksInstance,,5,complete,,,1
49829,AssigningTasksInstance,,5,complete,,,1
49830,AssigningTasksInstance,,5,complete,,,1
49846,AssigningTasksInstance,,5,complete,,,1
49940,AssigningTasksInstance,,5,complete,,,1
49943,AssigningTasksInstance,,5,complete,,,0
50020,AssigningTasksInstance,,5,complete,,,1
50093,AssigningTasksInstance,,5,complete,,,1
50094,AssigningTasksInstance,,5,complete,,,1
50206,AssigningTasksInstance,,5,complete,,,0
50207,AssigningTasksInstance,,5,complete,,,1
50323,AssigningTasksInstance,,5,complete,,,1
50325,AssigningTasksInstance,,5,complete,,,1
50382,AssigningTasksInstance,,5,complete,,,1
50393,AssigningTasksInstance,,5,complete,,,1
50458,AssigningTasksInstance,,5,complete,,,1
50466,AssigningTasksInstance,,5,complete,,,1
50478,AssigningTasksInstance,,5,complete,,,1
50485,AssigningTasksInstance,,5,complete,,,1
50511,AssigningTasksInstance,,5,complete,,,1
50512,AssigningTasksInstance,,5,complete,,,0
50525,AssigningTasksInstance,,5,complete,,,1
50526,AssigningTasksInstance,,5,complete,,,1
50527,AssigningTasksInstance,,5,complete,,,1
50528,AssigningTasksInstance,,5,complete,,,1
50529,AssigningTasksInstance,,5,complete,,,0
50535,AssigningTasksInstance,,5,complete,,,1
50546,AssigningTasksInstance,,5,complete,,,0
50560,AssigningTasksInstance,,5,complete,,,1
50561,AssigningTasksInstance,,5,complete,,,1
50562,AssigningTasksInstance,,5,complete,,,1
50563,AssigningTasksInstance,,5,complete,,,1
50566,AssigningTasksInstance,,5,complete,,,1
50567,AssigningTasksInstance,,5,complete,,,1
50587,AssigningTasksInstance,,5,complete,,,1
50588,AssigningTasksInstance,,5,complete,,,1
50591,AssigningTasksInstance,,5,complete,,,1
50593,AssigningTasksInstance,,5,complete,,,0
50648,AssigningTasksInstance,,5,complete,,,1
50710,AssigningTasksInstance,,5,complete,,,1
50766,AssigningTasksInstance,,5,complete,,,1
50773,AssigningTasksInstance,,5,complete,,,1
50774,AssigningTasksInstance,,5,complete,,,1
50777,AssigningTasksInstance,,5,complete,,,1
50779,AssigningTasksInstance,,5,complete,,,1
50891,AssigningTasksInstance,,5,complete,,,1
50892,AssigningTasksInstance,,5,complete,,,1
50893,AssigningTasksInstance,,5,complete,,,1
50910,AssigningTasksInstance,,5,complete,,,1
50939,AssigningTasksInstance,,5,complete,,,1
50953,AssigningTasksInstance,,5,complete,,,1
51006,AssigningTasksInstance,,5,complete,,,0
51031,AssigningTasksInstance,,5,complete,,,0
51055,AssigningTasksInstance,,5,complete,,,1
51072,AssigningTasksInstance,,5,complete,,,0
51074,AssigningTasksInstance,,5,complete,,,1
51075,AssigningTasksInstance,,5,complete,,,1
51093,AssigningTasksInstance,,5,complete,,,1
51116,AssigningTasksInstance,,5,complete,,,0
51134,AssigningTasksInstance,,5,complete,,,1
51166,AssigningTasksInstance,,5,complete,,,1
51188,AssigningTasksInstance,,5,complete,,,1
51209,AssigningTasksInstance,,5,complete,,,1
51218,AssigningTasksInstance,,5,complete,,,1
51220,AssigningTasksInstance,,5,complete,,,1
51257,AssigningTasksInstance,,5,complete,,,1
51258,AssigningTasksInstance,,5,complete,,,1
51265,AssigningTasksInstance,,5,complete,,,1
51277,AssigningTasksInstance,,5,complete,,,1
51327,AssigningTasksInstance,,5,complete,,,1
51333,AssigningTasksInstance,,5,complete,,,1
51336,AssigningTasksInstance,,5,complete,,,1
51337,AssigningTasksInstance,,5,complete,,,0
51340,AssigningTasksInstance,,5,complete,,,1
51349,AssigningTasksInstance,,5,complete,,,0
51352,AssigningTasksInstance,,5,complete,,,0
51366,AssigningTasksInstance,,5,complete,,,1
51391,AssigningTasksInstance,,5,complete,,,1
51406,AssigningTasksInstance,,5,complete,,,1
51407,AssigningTasksInstance,,5,complete,,,1
51408,AssigningTasksInstance,,5,complete,,,1
51421,AssigningTasksInstance,,5,complete,,,1
51423,AssigningTasksInstance,,5,complete,,,1
51424,AssigningTasksInstance,,5,complete,,,1
51425,AssigningTasksInstance,,5,complete,,,1
51426,AssigningTasksInstance,,5,complete,,,1
51427,AssigningTasksInstance,,5,complete,,,1
51428,AssigningTasksInstance,,5,complete,,,1
51429,AssigningTasksInstance,,5,complete,,,1
51430,AssigningTasksInstance,,5,complete,,,1
51431,AssigningTasksInstance,,5,complete,,,1
51432,AssigningTasksInstance,,5,complete,,,1
51433,AssigningTasksInstance,,5,complete,,,1
51449,AssigningTasksInstance,,5,complete,,,1
51480,AssigningTasksInstance,,5,complete,,,1
51509,AssigningTasksInstance,,5,complete,,,1
51594,AssigningTasksInstance,,5,complete,,,1
51613,AssigningTasksInstance,,5,complete,,,0
51654,AssigningTasksInstance,,5,complete,,,1
51656,AssigningTasksInstance,,5,complete,,,1
51657,AssigningTasksInstance,,5,complete,,,1
51660,AssigningTasksInstance,,5,complete,,,1
51696,AssigningTasksInstance,,5,complete,,,1
51734,AssigningTasksInstance,,5,complete,,,1
51735,AssigningTasksInstance,,5,complete,,,1
51736,AssigningTasksInstance,,5,complete,,,1
51737,AssigningTasksInstance,,5,complete,,,1
51738,AssigningTasksInstance,,5,complete,,,1
51746,AssigningTasksInstance,,5,complete,,,1
51748,AssigningTasksInstance,,5,complete,,,1
51749,AssigningTasksInstance,,5,complete,,,1
51750,AssigningTasksInstance,,5,complete,,,1
51751,AssigningTasksInstance,,5,complete,,,1
51752,AssigningTasksInstance,,5,complete,,,1
51753,AssigningTasksInstance,,5,complete,,,1
51755,AssigningTasksInstance,,5,complete,,,1
51760,AssigningTasksInstance,,5,complete,,,1
51762,AssigningTasksInstance,,5,complete,,,1
51764,AssigningTasksInstance,,5,complete,,,0
51766,AssigningTasksInstance,,5,complete,,,1
51767,AssigningTasksInstance,,5,complete,,,1
51794,AssigningTasksInstance,,5,complete,,,1
51833,AssigningTasksInstance,,5,complete,,,1
51844,AssigningTasksInstance,,5,complete,,,0
51846,AssigningTasksInstance,,5,complete,,,1
51863,AssigningTasksInstance,,5,complete,,,1
51864,AssigningTasksInstance,,5,complete,,,1
51866,AssigningTasksInstance,,5,complete,,,1
51868,AssigningTasksInstance,,5,complete,,,1
51869,AssigningTasksInstance,,5,complete,,,1
51893,AssigningTasksInstance,,5,complete,,,0
51943,AssigningTasksInstance,,5,complete,,,0
51952,AssigningTasksInstance,,5,complete,,,1
51966,AssigningTasksInstance,,5,complete,,,0
51969,AssigningTasksInstance,,5,complete,,,0
52015,AssigningTasksInstance,,5,complete,,,1
52024,AssigningTasksInstance,,5,complete,,,0
52025,AssigningTasksInstance,,5,complete,,,0
52026,AssigningTasksInstance,,5,complete,,,0
52027,AssigningTasksInstance,,5,complete,,,0
52071,AssigningTasksInstance,,5,complete,,,1
52080,AssigningTasksInstance,,5,complete,,,1
52115,AssigningTasksInstance,,5,complete,,,1
52116,AssigningTasksInstance,,5,complete,,,1
52117,AssigningTasksInstance,,5,complete,,,1
52118,AssigningTasksInstance,,5,complete,,,1
52119,AssigningTasksInstance,,5,complete,,,1
52123,AssigningTasksInstance,,5,complete,,,1
52133,AssigningTasksInstance,,5,complete,,,0
52139,AssigningTasksInstance,,5,complete,,,1
52140,AssigningTasksInstance,,5,complete,,,1
52149,AssigningTasksInstance,,5,complete,,,0
52196,AssigningTasksInstance,,5,complete,,,1
52246,AssigningTasksInstance,,5,complete,,,1
52269,AssigningTasksInstance,,5,complete,,,1
52279,AssigningTasksInstance,,5,complete,,,1
52280,AssigningTasksInstance,,5,complete,,,1
52342,AssigningTasksInstance,,5,complete,,,1
52351,AssigningTasksInstance,,5,complete,,,1
52352,AssigningTasksInstance,,5,complete,,,1
52355,AssigningTasksInstance,,5,complete,,,0
52356,AssigningTasksInstance,,5,complete,,,1
52369,AssigningTasksInstance,,5,complete,,,1
52370,AssigningTasksInstance,,5,complete,,,1
52372,AssigningTasksInstance,,5,complete,,,1
52373,AssigningTasksInstance,,5,complete,,,1
52377,AssigningTasksInstance,,5,complete,,,1
52412,AssigningTasksInstance,,5,complete,,,1
52449,AssigningTasksInstance,,5,complete,,,1
52450,AssigningTasksInstance,,5,complete,,,1
52508,AssigningTasksInstance,,5,complete,,,1
52570,AssigningTasksInstance,,5,complete,,,1
52583,AssigningTasksInstance,,5,complete,,,1
52591,AssigningTasksInstance,,5,complete,,,1
52592,AssigningTasksInstance,,5,complete,,,1
52593,AssigningTasksInstance,,5,complete,,,0
52678,AssigningTasksInstance,,5,complete,,,1
52733,AssigningTasksInstance,,5,complete,,,0
52735,AssigningTasksInstance,,5,complete,,,1
52754,AssigningTasksInstance,,5,complete,,,1
52755,AssigningTasksInstance,,5,complete,,,1
52806,AssigningTasksInstance,,5,complete,,,0
52808,AssigningTasksInstance,,5,complete,,,0
52844,AssigningTasksInstance,,5,complete,,,1
52845,AssigningTasksInstance,,5,complete,,,1
52850,AssigningTasksInstance,,5,complete,,,0
52851,AssigningTasksInstance,,5,complete,,,1
52852,AssigningTasksInstance,,5,complete,,,1
52869,AssigningTasksInstance,,5,complete,,,1
52887,AssigningTasksInstance,,5,complete,,,1
52897,AssigningTasksInstance,,5,complete,,,1
52944,AssigningTasksInstance,,5,complete,,,0
53033,AssigningTasksInstance,,5,complete,,,1
53040,AssigningTasksInstance,,5,complete,,,1
53052,AssigningTasksInstance,,5,complete,,,1
53059,AssigningTasksInstance,,5,complete,,,1
53069,AssigningTasksInstance,,5,complete,,,1
53122,AssigningTasksInstance,,5,complete,,,1
53124,AssigningTasksInstance,,5,complete,,,0
53126,AssigningTasksInstance,,5,complete,,,1
53131,AssigningTasksInstance,,5,complete,,,1
53133,AssigningTasksInstance,,5,complete,,,0
53154,AssigningTasksInstance,,5,complete,,,1
53155,AssigningTasksInstance,,5,complete,,,1
53229,AssigningTasksInstance,,5,complete,,,0
53247,AssigningTasksInstance,,5,complete,,,0
53255,AssigningTasksInstance,,5,complete,,,1
53256,AssigningTasksInstance,,5,complete,,,1
53259,AssigningTasksInstance,,5,complete,,,1
53270,AssigningTasksInstance,,5,complete,,,1
53279,AssigningTasksInstance,,5,complete,,,1
53283,AssigningTasksInstance,,5,complete,,,1
53286,AssigningTasksInstance,,5,complete,,,1
53287,AssigningTasksInstance,,5,complete,,,1
53288,AssigningTasksInstance,,5,complete,,,1
53289,AssigningTasksInstance,,5,complete,,,1
53291,AssigningTasksInstance,,5,complete,,,1
53297,AssigningTasksInstance,,5,complete,,,1
53359,AssigningTasksInstance,,5,complete,,,1
53378,AssigningTasksInstance,,5,complete,,,1
53410,AssigningTasksInstance,,5,complete,,,0
53446,AssigningTasksInstance,,5,complete,,,1
53475,AssigningTasksInstance,,5,complete,,,0
53477,AssigningTasksInstance,,5,complete,,,0
53496,AssigningTasksInstance,,5,complete,,,1
53509,AssigningTasksInstance,,5,complete,,,1
53510,AssigningTasksInstance,,5,complete,,,1
53512,AssigningTasksInstance,,5,complete,,,1
53542,AssigningTasksInstance,,5,complete,,,1
53543,AssigningTasksInstance,,5,complete,,,1
53544,AssigningTasksInstance,,5,complete,,,1
53545,AssigningTasksInstance,,5,complete,,,1
53546,AssigningTasksInstance,,5,complete,,,1
53547,AssigningTasksInstance,,5,complete,,,1
53548,AssigningTasksInstance,,5,complete,,,1
53549,AssigningTasksInstance,,5,complete,,,1
53550,AssigningTasksInstance,,5,complete,,,1
53551,AssigningTasksInstance,,5,complete,,,1
53552,AssigningTasksInstance,,5,complete,,,1
53553,AssigningTasksInstance,,5,complete,,,1
53554,AssigningTasksInstance,,5,complete,,,1
53555,AssigningTasksInstance,,5,complete,,,1
53556,AssigningTasksInstance,,5,complete,,,1
53557,AssigningTasksInstance,,5,complete,,,1
53565,AssigningTasksInstance,,5,complete,,,1
53566,AssigningTasksInstance,,5,complete,,,1
53573,AssigningTasksInstance,,5,complete,,,1
53578,AssigningTasksInstance,,5,complete,,,1
53579,AssigningTasksInstance,,5,complete,,,0
53580,AssigningTasksInstance,,5,complete,,,0
53581,AssigningTasksInstance,,5,complete,,,1
53582,AssigningTasksInstance,,5,complete,,,1
53584,AssigningTasksInstance,,5,complete,,,1
53590,AssigningTasksInstance,,5,complete,,,0
53591,AssigningTasksInstance,,5,complete,,,1
53594,AssigningTasksInstance,,5,complete,,,1
53597,AssigningTasksInstance,,5,complete,,,1
53598,AssigningTasksInstance,,5,complete,,,1
53599,AssigningTasksInstance,,5,complete,,,1
53600,AssigningTasksInstance,,5,complete,,,1
53611,AssigningTasksInstance,,5,complete,,,1
53612,AssigningTasksInstance,,5,complete,,,1
53613,AssigningTasksInstance,,5,complete,,,1
53614,AssigningTasksInstance,,5,complete,,,1
53617,AssigningTasksInstance,,5,complete,,,0
53618,AssigningTasksInstance,,5,complete,,,1
53619,AssigningTasksInstance,,5,complete,,,1
53622,AssigningTasksInstance,,5,complete,,,1
53624,AssigningTasksInstance,,5,complete,,,1
53625,AssigningTasksInstance,,5,complete,,,1
53626,AssigningTasksInstance,,5,complete,,,1
53627,AssigningTasksInstance,,5,complete,,,1
53632,AssigningTasksInstance,,5,complete,,,1
53635,AssigningTasksInstance,,5,complete,,,1
53636,AssigningTasksInstance,,5,complete,,,1
53639,AssigningTasksInstance,,5,complete,,,1
53640,AssigningTasksInstance,,5,complete,,,1
53649,AssigningTasksInstance,,5,complete,,,1
53650,AssigningTasksInstance,,5,complete,,,1
53651,AssigningTasksInstance,,5,complete,,,1
53652,AssigningTasksInstance,,5,complete,,,1
53653,AssigningTasksInstance,,5,complete,,,1
53654,AssigningTasksInstance,,5,complete,,,1
53655,AssigningTasksInstance,,5,complete,,,1
53656,AssigningTasksInstance,,5,complete,,,1
53673,AssigningTasksInstance,,5,complete,,,1
53674,AssigningTasksInstance,,5,complete,,,1
53676,AssigningTasksInstance,,5,complete,,,0
53677,AssigningTasksInstance,,5,complete,,,1
53680,AssigningTasksInstance,,5,complete,,,1
53681,AssigningTasksInstance,,5,complete,,,1
53697,AssigningTasksInstance,,5,complete,,,1
53734,AssigningTasksInstance,,5,complete,,,1
53735,AssigningTasksInstance,,5,complete,,,1
53736,AssigningTasksInstance,,5,complete,,,1
53737,AssigningTasksInstance,,5,complete,,,1
53738,AssigningTasksInstance,,5,complete,,,1
53743,AssigningTasksInstance,,5,complete,,,1
53758,AssigningTasksInstance,,5,complete,,,1
53759,AssigningTasksInstance,,5,complete,,,1
53761,AssigningTasksInstance,,5,complete,,,1
53762,AssigningTasksInstance,,5,complete,,,1
53763,AssigningTasksInstance,,5,complete,,,1
53764,AssigningTasksInstance,,5,complete,,,1
53765,AssigningTasksInstance,,5,complete,,,1
53766,AssigningTasksInstance,,5,complete,,,1
53767,AssigningTasksInstance,,5,complete,,,1
53805,AssigningTasksInstance,,5,complete,,,1
53816,AssigningTasksInstance,,5,complete,,,1
53817,AssigningTasksInstance,,5,complete,,,1
53818,AssigningTasksInstance,,5,complete,,,1
53819,AssigningTasksInstance,,5,complete,,,1
53839,AssigningTasksInstance,,5,complete,,,1
53840,AssigningTasksInstance,,5,complete,,,1
53850,AssigningTasksInstance,,5,complete,,,1
53851,AssigningTasksInstance,,5,complete,,,1
53855,AssigningTasksInstance,,5,complete,,,1
53856,AssigningTasksInstance,,5,complete,,,1
53863,AssigningTasksInstance,,5,complete,,,1
53885,AssigningTasksInstance,,5,complete,,,1
53908,AssigningTasksInstance,,5,complete,,,1
53913,AssigningTasksInstance,,5,complete,,,1
53915,AssigningTasksInstance,,5,complete,,,1
53962,AssigningTasksInstance,,5,complete,,,1
53963,AssigningTasksInstance,,5,complete,,,1
53964,AssigningTasksInstance,,5,complete,,,1
53993,AssigningTasksInstance,,5,complete,,,1
54006,AssigningTasksInstance,,5,complete,,,1
54007,AssigningTasksInstance,,5,complete,,,0
54016,AssigningTasksInstance,,5,complete,,,1
54037,AssigningTasksInstance,,5,complete,,,1
54038,AssigningTasksInstance,,5,complete,,,0
54039,AssigningTasksInstance,,5,complete,,,0
54050,AssigningTasksInstance,,5,complete,,,1
54095,AssigningTasksInstance,,5,complete,,,0
54106,AssigningTasksInstance,,5,complete,,,1
54109,AssigningTasksInstance,,5,complete,,,0
54115,AssigningTasksInstance,,5,complete,,,1
54116,AssigningTasksInstance,,5,complete,,,1
54119,AssigningTasksInstance,,5,complete,,,1
54145,AssigningTasksInstance,,5,complete,,,1
54176,AssigningTasksInstance,,5,complete,,,1
54196,AssigningTasksInstance,,5,complete,,,0
54251,AssigningTasksInstance,,5,complete,,,1
54285,AssigningTasksInstance,,5,complete,,,0
54289,AssigningTasksInstance,,5,complete,,,1
54329,AssigningTasksInstance,,5,complete,,,1
54331,AssigningTasksInstance,,5,complete,,,1
54344,AssigningTasksInstance,,5,complete,,,1
54349,AssigningTasksInstance,,5,complete,,,0
54350,AssigningTasksInstance,,5,complete,,,0
54352,AssigningTasksInstance,,5,complete,,,1
54386,AssigningTasksInstance,,5,complete,,,1
54387,AssigningTasksInstance,,5,complete,,,1
54389,AssigningTasksInstance,,5,complete,,,1
54395,AssigningTasksInstance,,5,complete,,,1
54396,AssigningTasksInstance,,5,complete,,,1
54404,AssigningTasksInstance,,5,complete,,,1
54417,AssigningTasksInstance,,5,complete,,,1
54418,AssigningTasksInstance,,5,complete,,,1
54440,AssigningTasksInstance,,5,complete,,,1
54441,AssigningTasksInstance,,5,complete,,,1
54447,AssigningTasksInstance,,5,complete,,,0
54472,AssigningTasksInstance,,5,complete,,,1
54496,AssigningTasksInstance,,5,complete,,,1
54498,AssigningTasksInstance,,5,complete,,,1
54501,AssigningTasksInstance,,5,complete,,,1
54514,AssigningTasksInstance,,5,complete,,,1
54520,AssigningTasksInstance,,5,complete,,,1
54527,AssigningTasksInstance,,5,complete,,,1
54533,AssigningTasksInstance,,5,complete,,,1
54537,AssigningTasksInstance,,5,complete,,,1
54546,AssigningTasksInstance,,5,complete,,,1
54552,AssigningTasksInstance,,5,complete,,,1
54560,AssigningTasksInstance,,5,complete,,,1
54566,AssigningTasksInstance,,5,complete,,,1
54583,AssigningTasksInstance,,5,complete,,,1
54588,AssigningTasksInstance,,5,complete,,,0
54590,AssigningTasksInstance,,5,complete,,,1
54591,AssigningTasksInstance,,5,complete,,,1
54597,AssigningTasksInstance,,5,complete,,,1
54609,AssigningTasksInstance,,5,complete,,,1
54637,AssigningTasksInstance,,5,complete,,,1
54640,AssigningTasksInstance,,5,complete,,,0
54645,AssigningTasksInstance,,5,complete,,,0
54659,AssigningTasksInstance,,5,complete,,,0
54678,AssigningTasksInstance,,5,complete,,,1
54692,AssigningTasksInstance,,5,complete,,,0
54694,AssigningTasksInstance,,5,complete,,,1
54717,AssigningTasksInstance,,5,complete,,,1
54723,AssigningTasksInstance,,5,complete,,,1
54734,AssigningTasksInstance,,5,complete,,,1
54735,AssigningTasksInstance,,5,complete,,,1
54770,AssigningTasksInstance,,5,complete,,,1
54772,AssigningTasksInstance,,5,complete,,,1
54773,AssigningTasksInstance,,5,complete,,,0
54790,AssigningTasksInstance,,5,complete,,,1
54796,AssigningTasksInstance,,5,complete,,,0
54797,AssigningTasksInstance,,5,complete,,,1
54819,AssigningTasksInstance,,5,complete,,,1
54827,AssigningTasksInstance,,5,complete,,,1
54836,AssigningTasksInstance,,5,complete,,,0
54842,AssigningTasksInstance,,5,complete,,,1
54843,AssigningTasksInstance,,5,complete,,,1
54847,AssigningTasksInstance,,5,complete,,,1
54875,AssigningTasksInstance,,5,complete,,,1
54886,AssigningTasksInstance,,5,complete,,,1
54887,AssigningTasksInstance,,5,complete,,,1
54902,AssigningTasksInstance,,5,complete,,,1
54918,AssigningTasksInstance,,5,complete,,,0
54922,AssigningTasksInstance,,5,complete,,,1
54923,AssigningTasksInstance,,5,complete,,,1
54924,AssigningTasksInstance,,5,complete,,,1
54925,AssigningTasksInstance,,5,complete,,,1
54926,AssigningTasksInstance,,5,complete,,,1
54927,AssigningTasksInstance,,5,complete,,,1
54928,AssigningTasksInstance,,5,complete,,,1
54929,AssigningTasksInstance,,5,complete,,,1
54933,AssigningTasksInstance,,5,complete,,,0
54937,AssigningTasksInstance,,5,complete,,,1
54960,AssigningTasksInstance,,5,complete,,,0
54961,AssigningTasksInstance,,5,complete,,,0
54962,AssigningTasksInstance,,5,complete,,,0
54973,AssigningTasksInstance,,5,complete,,,0
55014,AssigningTasksInstance,,5,complete,,,1
55038,AssigningTasksInstance,,5,complete,,,1
55043,AssigningTasksInstance,,5,complete,,,1
55058,AssigningTasksInstance,,5,complete,,,1
55059,AssigningTasksInstance,,5,complete,,,1
55060,AssigningTasksInstance,,5,complete,,,0
55062,AssigningTasksInstance,,5,complete,,,1
55065,AssigningTasksInstance,,5,complete,,,1
55067,AssigningTasksInstance,,5,complete,,,1
55068,AssigningTasksInstance,,5,complete,,,1
55074,AssigningTasksInstance,,5,complete,,,1
55075,AssigningTasksInstance,,5,complete,,,1
55077,AssigningTasksInstance,,5,complete,,,1
55081,AssigningTasksInstance,,5,complete,,,0
55082,AssigningTasksInstance,,5,complete,,,0
55083,AssigningTasksInstance,,5,complete,,,0
55084,AssigningTasksInstance,,5,complete,,,1
55089,AssigningTasksInstance,,5,complete,,,1
55090,AssigningTasksInstance,,5,complete,,,1
55092,AssigningTasksInstance,,5,complete,,,1
55102,AssigningTasksInstance,,5,complete,,,1
55103,AssigningTasksInstance,,5,complete,,,1
55104,AssigningTasksInstance,,5,complete,,,1
55106,AssigningTasksInstance,,5,complete,,,1
55107,AssigningTasksInstance,,5,complete,,,1
55108,AssigningTasksInstance,,5,complete,,,1
55109,AssigningTasksInstance,,5,complete,,,1
55115,AssigningTasksInstance,,5,complete,,,1
55117,AssigningTasksInstance,,5,complete,,,1
55118,AssigningTasksInstance,,5,complete,,,1
55124,AssigningTasksInstance,,5,complete,,,1
55125,AssigningTasksInstance,,5,complete,,,1
55130,AssigningTasksInstance,,5,complete,,,1
55134,AssigningTasksInstance,,5,complete,,,1
55139,AssigningTasksInstance,,5,complete,,,1
55140,AssigningTasksInstance,,5,complete,,,1
55149,AssigningTasksInstance,,5,complete,,,1
55153,AssigningTasksInstance,,5,complete,,,1
55163,AssigningTasksInstance,,5,complete,,,1
55176,AssigningTasksInstance,,5,complete,,,1
55189,AssigningTasksInstance,,5,complete,,,1
55195,AssigningTasksInstance,,5,complete,,,1
55200,AssigningTasksInstance,,5,complete,,,1
55211,AssigningTasksInstance,,5,complete,,,0
55213,AssigningTasksInstance,,5,complete,,,1
55214,AssigningTasksInstance,,5,complete,,,1
55216,AssigningTasksInstance,,5,complete,,,1
55223,AssigningTasksInstance,,5,complete,,,0
55225,AssigningTasksInstance,,5,complete,,,1
55238,AssigningTasksInstance,,5,complete,,,1
55248,AssigningTasksInstance,,5,complete,,,1
55249,AssigningTasksInstance,,5,complete,,,1
55250,AssigningTasksInstance,,5,complete,,,1
55253,AssigningTasksInstance,,5,complete,,,0
55254,AssigningTasksInstance,,5,complete,,,0
55275,AssigningTasksInstance,,5,complete,,,1
55291,AssigningTasksInstance,,5,complete,,,0
55314,AssigningTasksInstance,,5,complete,,,1
55350,AssigningTasksInstance,,5,complete,,,0
55360,AssigningTasksInstance,,5,complete,,,0
55361,AssigningTasksInstance,,5,complete,,,1
55362,AssigningTasksInstance,,5,complete,,,1
55393,AssigningTasksInstance,,5,complete,,,0
55406,AssigningTasksInstance,,5,complete,,,1
55414,AssigningTasksInstance,,5,complete,,,1
55422,AssigningTasksInstance,,5,complete,,,1
55423,AssigningTasksInstance,,5,complete,,,1
55427,AssigningTasksInstance,,5,complete,,,0
55439,AssigningTasksInstance,,5,complete,,,1
55440,AssigningTasksInstance,,5,complete,,,1
55445,AssigningTasksInstance,,5,complete,,,1
55452,AssigningTasksInstance,,5,complete,,,1
55483,AssigningTasksInstance,,5,complete,,,1
55486,AssigningTasksInstance,,5,complete,,,1
55505,AssigningTasksInstance,,5,complete,,,1
55546,AssigningTasksInstance,,5,complete,,,1
55548,AssigningTasksInstance,,5,complete,,,1
55553,AssigningTasksInstance,,5,complete,,,1
55563,AssigningTasksInstance,,5,complete,,,0
55564,AssigningTasksInstance,,5,complete,,,0
55573,AssigningTasksInstance,,5,complete,,,1
55597,AssigningTasksInstance,,5,complete,,,1
55601,AssigningTasksInstance,,5,complete,,,0
55610,AssigningTasksInstance,,5,complete,,,0
55619,AssigningTasksInstance,,5,complete,,,0
55653,AssigningTasksInstance,,5,complete,,,1
55655,AssigningTasksInstance,,5,complete,,,1
55656,AssigningTasksInstance,,5,complete,,,1
55657,AssigningTasksInstance,,5,complete,,,1
55658,AssigningTasksInstance,,5,complete,,,1
55659,AssigningTasksInstance,,5,complete,,,1
55660,AssigningTasksInstance,,5,complete,,,1
55676,AssigningTasksInstance,,5,complete,,,1
55682,AssigningTasksInstance,,5,complete,,,1
55683,AssigningTasksInstance,,5,complete,,,1
55687,AssigningTasksInstance,,5,complete,,,1
55691,AssigningTasksInstance,,5,complete,,,1
55693,AssigningTasksInstance,,5,complete,,,1
55701,AssigningTasksInstance,,5,complete,,,1
55708,AssigningTasksInstance,,5,complete,,,1
55710,AssigningTasksInstance,,5,complete,,,0
55713,AssigningTasksInstance,,5,complete,,,1
55795,AssigningTasksInstance,,5,complete,,,1
55803,AssigningTasksInstance,,5,complete,,,1
55818,AssigningTasksInstance,,5,complete,,,1
55828,AssigningTasksInstance,,5,complete,,,1
55854,AssigningTasksInstance,,5,complete,,,1
55855,AssigningTasksInstance,,5,complete,,,1
55907,AssigningTasksInstance,,5,complete,,,1
55923,AssigningTasksInstance,,5,complete,,,1
55932,AssigningTasksInstance,,5,complete,,,1
55935,AssigningTasksInstance,,5,complete,,,1
55960,AssigningTasksInstance,,5,complete,,,1
55980,AssigningTasksInstance,,5,complete,,,1
55985,AssigningTasksInstance,,5,complete,,,1
55999,AssigningTasksInstance,,5,complete,,,1
56001,AssigningTasksInstance,,5,complete,,,1
56003,AssigningTasksInstance,,5,complete,,,1
56004,AssigningTasksInstance,,5,complete,,,0
56023,AssigningTasksInstance,,5,complete,,,1
56030,AssigningTasksInstance,,5,complete,,,0
56048,AssigningTasksInstance,,5,complete,,,1
56085,AssigningTasksInstance,,5,complete,,,1
56115,AssigningTasksInstance,,5,complete,,,0
56118,AssigningTasksInstance,,5,complete,,,0
56122,AssigningTasksInstance,,5,complete,,,0
56154,AssigningTasksInstance,,5,complete,,,1
56158,AssigningTasksInstance,,5,complete,,,1
56167,AssigningTasksInstance,,5,complete,,,0
56192,AssigningTasksInstance,,5,complete,,,1
56193,AssigningTasksInstance,,5,complete,,,0
56262,AssigningTasksInstance,,5,complete,,,1
56293,AssigningTasksInstance,,5,complete,,,0
56302,AssigningTasksInstance,,5,complete,,,0
56338,AssigningTasksInstance,,5,complete,,,1
56339,AssigningTasksInstance,,5,complete,,,1
56343,AssigningTasksInstance,,5,complete,,,1
56369,AssigningTasksInstance,,5,complete,,,1
56386,AssigningTasksInstance,,5,complete,,,0
56420,AssigningTasksInstance,,5,complete,,,1
56430,AssigningTasksInstance,,5,complete,,,1
56431,AssigningTasksInstance,,5,complete,,,1
56449,AssigningTasksInstance,,5,complete,,,1
56458,AssigningTasksInstance,,5,complete,,,0
56534,AssigningTasksInstance,,5,complete,,,1
56535,AssigningTasksInstance,,5,complete,,,1
56566,AssigningTasksInstance,,5,complete,,,1
56567,AssigningTasksInstance,,5,complete,,,1
56577,AssigningTasksInstance,,5,complete,,,0
56579,AssigningTasksInstance,,5,complete,,,0
56623,AssigningTasksInstance,,5,complete,,,1
56640,AssigningTasksInstance,,5,complete,,,1
56644,AssigningTasksInstance,,5,complete,,,0
56661,AssigningTasksInstance,,5,complete,,,1
56686,AssigningTasksInstance,,5,complete,,,1
56694,AssigningTasksInstance,,5,complete,,,1
56695,AssigningTasksInstance,,5,complete,,,0
56745,AssigningTasksInstance,,5,complete,,,1
56746,AssigningTasksInstance,,5,complete,,,1
56773,AssigningTasksInstance,,5,complete,,,1
56774,AssigningTasksInstance,,5,complete,,,1
56775,AssigningTasksInstance,,5,complete,,,1
56790,AssigningTasksInstance,,5,complete,,,1
56811,AssigningTasksInstance,,5,complete,,,1
56820,AssigningTasksInstance,,5,complete,,,0
56824,AssigningTasksInstance,,5,complete,,,1
56827,AssigningTasksInstance,,5,complete,,,1
56841,AssigningTasksInstance,,5,complete,,,0
56877,AssigningTasksInstance,,5,complete,,,0
56892,AssigningTasksInstance,,5,complete,,,1
56927,AssigningTasksInstance,,5,complete,,,1
56934,AssigningTasksInstance,,5,complete,,,1
56941,AssigningTasksInstance,,5,complete,,,1
56942,AssigningTasksInstance,,5,complete,,,1
56945,AssigningTasksInstance,,5,complete,,,1
56966,AssigningTasksInstance,,5,complete,,,0
56974,AssigningTasksInstance,,5,complete,,,0
56976,AssigningTasksInstance,,5,complete,,,1
56991,AssigningTasksInstance,,5,complete,,,0
57011,AssigningTasksInstance,,5,complete,,,1
57019,AssigningTasksInstance,,5,complete,,,0
57025,AssigningTasksInstance,,5,complete,,,1
57043,AssigningTasksInstance,,5,complete,,,1
57052,AssigningTasksInstance,,5,complete,,,1
57085,AssigningTasksInstance,,5,complete,,,1
57103,AssigningTasksInstance,,5,complete,,,1
57127,AssigningTasksInstance,,5,complete,,,1
57128,AssigningTasksInstance,,5,complete,,,1
57139,AssigningTasksInstance,,5,complete,,,0
57146,AssigningTasksInstance,,5,complete,,,1
57156,AssigningTasksInstance,,5,complete,,,1
57163,AssigningTasksInstance,,5,complete,,,0
57164,AssigningTasksInstance,,5,complete,,,0
57165,AssigningTasksInstance,,5,complete,,,0
57175,AssigningTasksInstance,,5,complete,,,1
57185,AssigningTasksInstance,,5,complete,,,1
57186,AssigningTasksInstance,,5,complete,,,1
57198,AssigningTasksInstance,,5,complete,,,1
57226,AssigningTasksInstance,,5,complete,,,0
57231,AssigningTasksInstance,,5,complete,,,1
57241,AssigningTasksInstance,,5,complete,,,1
57247,AssigningTasksInstance,,5,complete,,,1
57288,AssigningTasksInstance,,5,complete,,,1
57312,AssigningTasksInstance,,5,complete,,,0
57314,AssigningTasksInstance,,5,complete,,,1
57315,AssigningTasksInstance,,5,complete,,,1
57320,AssigningTasksInstance,,5,complete,,,1
57330,AssigningTasksInstance,,5,complete,,,1
57361,AssigningTasksInstance,,5,complete,,,1
57368,AssigningTasksInstance,,5,complete,,,1
57374,AssigningTasksInstance,,5,complete,,,1
57417,AssigningTasksInstance,,5,complete,,,0
57419,AssigningTasksInstance,,5,complete,,,0
57422,AssigningTasksInstance,,5,complete,,,1
57423,AssigningTasksInstance,,5,complete,,,1
57433,AssigningTasksInstance,,5,complete,,,1
57434,AssigningTasksInstance,,5,complete,,,1
57443,AssigningTasksInstance,,5,complete,,,1
57451,AssigningTasksInstance,,5,complete,,,0
57455,AssigningTasksInstance,,5,complete,,,0
57468,AssigningTasksInstance,,5,complete,,,0
57472,AssigningTasksInstance,,5,complete,,,1
57478,AssigningTasksInstance,,5,complete,,,1
57479,AssigningTasksInstance,,5,complete,,,1
57480,AssigningTasksInstance,,5,complete,,,1
57481,AssigningTasksInstance,,5,complete,,,1
57482,AssigningTasksInstance,,5,complete,,,1
57483,AssigningTasksInstance,,5,complete,,,1
57484,AssigningTasksInstance,,5,complete,,,1
57485,AssigningTasksInstance,,5,complete,,,1
57486,AssigningTasksInstance,,5,complete,,,1
57487,AssigningTasksInstance,,5,complete,,,1
57488,AssigningTasksInstance,,5,complete,,,1
57489,AssigningTasksInstance,,5,complete,,,1
57493,AssigningTasksInstance,,5,complete,,,1
57514,AssigningTasksInstance,,5,complete,,,1
57532,AssigningTasksInstance,,5,complete,,,0
57536,AssigningTasksInstance,,5,complete,,,0
57539,AssigningTasksInstance,,5,complete,,,1
57555,AssigningTasksInstance,,5,complete,,,1
57565,AssigningTasksInstance,,5,complete,,,1
57574,AssigningTasksInstance,,5,complete,,,1
57609,AssigningTasksInstance,,5,complete,,,0
57651,AssigningTasksInstance,,5,complete,,,1
57679,AssigningTasksInstance,,5,complete,,,1
57680,AssigningTasksInstance,,5,complete,,,1
57713,AssigningTasksInstance,,5,complete,,,1
57714,AssigningTasksInstance,,5,complete,,,0
57746,AssigningTasksInstance,,5,complete,,,0
57749,AssigningTasksInstance,,5,complete,,,1
57760,AssigningTasksInstance,,5,complete,,,1
57858,AssigningTasksInstance,,5,complete,,,1
57880,AssigningTasksInstance,,5,complete,,,1
57881,AssigningTasksInstance,,5,complete,,,1
57882,AssigningTasksInstance,,5,complete,,,1
57887,AssigningTasksInstance,,5,complete,,,1
57908,AssigningTasksInstance,,5,complete,,,1
57909,AssigningTasksInstance,,5,complete,,,0
57924,AssigningTasksInstance,,5,complete,,,1
57933,AssigningTasksInstance,,5,complete,,,1
57998,AssigningTasksInstance,,5,complete,,,0
58003,AssigningTasksInstance,,5,complete,,,0
58031,AssigningTasksInstance,,5,complete,,,1
58032,AssigningTasksInstance,,5,complete,,,1
58033,AssigningTasksInstance,,5,complete,,,1
58034,AssigningTasksInstance,,5,complete,,,1
58035,AssigningTasksInstance,,5,complete,,,1
58038,AssigningTasksInstance,,5,complete,,,0
58048,AssigningTasksInstance,,5,complete,,,1
58049,AssigningTasksInstance,,5,complete,,,1
58050,AssigningTasksInstance,,5,complete,,,1
58051,AssigningTasksInstance,,5,complete,,,1
58052,AssigningTasksInstance,,5,complete,,,1
58054,AssigningTasksInstance,,5,complete,,,0
58113,AssigningTasksInstance,,5,complete,,,1
58116,AssigningTasksInstance,,5,complete,,,1
58117,AssigningTasksInstance,,5,complete,,,1
58158,AssigningTasksInstance,,5,complete,,,1
58199,AssigningTasksInstance,,5,complete,,,1
58216,AssigningTasksInstance,,5,complete,,,1
58220,AssigningTasksInstance,,5,complete,,,1
58221,AssigningTasksInstance,,5,complete,,,1
58222,AssigningTasksInstance,,5,complete,,,1
58223,AssigningTasksInstance,,5,complete,,,1
58224,AssigningTasksInstance,,5,complete,,,1
58279,AssigningTasksInstance,,5,complete,,,1
58280,AssigningTasksInstance,,5,complete,,,1
58297,AssigningTasksInstance,,5,complete,,,1
58313,AssigningTasksInstance,,5,complete,,,1
58316,AssigningTasksInstance,,5,complete,,,1
58319,AssigningTasksInstance,,5,complete,,,1
58323,AssigningTasksInstance,,5,complete,,,1
58337,AssigningTasksInstance,,5,complete,,,1
58343,AssigningTasksInstance,,5,complete,,,1
58348,AssigningTasksInstance,,5,complete,,,1
58349,AssigningTasksInstance,,5,complete,,,1
58352,AssigningTasksInstance,,5,complete,,,0
58366,AssigningTasksInstance,,5,complete,,,0
58436,AssigningTasksInstance,,5,complete,,,1
58439,AssigningTasksInstance,,5,complete,,,1
58440,AssigningTasksInstance,,5,complete,,,1
58441,AssigningTasksInstance,,5,complete,,,1
58442,AssigningTasksInstance,,5,complete,,,1
58443,AssigningTasksInstance,,5,complete,,,1
58486,AssigningTasksInstance,,5,complete,,,0
58551,AssigningTasksInstance,,5,complete,,,1
58552,AssigningTasksInstance,,5,complete,,,1
58553,AssigningTasksInstance,,5,complete,,,1
58554,AssigningTasksInstance,,5,complete,,,0
58559,AssigningTasksInstance,,5,complete,,,1
58582,AssigningTasksInstance,,5,complete,,,1
58610,AssigningTasksInstance,,5,complete,,,1
58633,AssigningTasksInstance,,5,complete,,,1
58656,AssigningTasksInstance,,5,complete,,,1
58667,AssigningTasksInstance,,5,complete,,,1
58690,AssigningTasksInstance,,5,complete,,,1
58693,AssigningTasksInstance,,5,complete,,,1
58694,AssigningTasksInstance,,5,complete,,,1
58709,AssigningTasksInstance,,5,complete,,,1
58715,AssigningTasksInstance,,5,complete,,,1
58723,AssigningTasksInstance,,5,complete,,,1
58727,AssigningTasksInstance,,5,complete,,,1
58734,AssigningTasksInstance,,5,complete,,,0
58736,AssigningTasksInstance,,5,complete,,,0
58743,AssigningTasksInstance,,5,complete,,,1
58811,AssigningTasksInstance,,5,complete,,,1
58812,AssigningTasksInstance,,5,complete,,,1
58844,AssigningTasksInstance,,5,complete,,,1
58849,AssigningTasksInstance,,5,complete,,,0
58850,AssigningTasksInstance,,5,complete,,,0
58851,AssigningTasksInstance,,5,complete,,,0
58853,AssigningTasksInstance,,5,complete,,,0
58854,AssigningTasksInstance,,5,complete,,,0
58855,AssigningTasksInstance,,5,complete,,,0
58856,AssigningTasksInstance,,5,complete,,,0
58857,AssigningTasksInstance,,5,complete,,,0
58858,AssigningTasksInstance,,5,complete,,,0
58859,AssigningTasksInstance,,5,complete,,,0
58860,AssigningTasksInstance,,5,complete,,,0
58877,AssigningTasksInstance,,5,complete,,,0
58878,AssigningTasksInstance,,5,complete,,,1
58938,AssigningTasksInstance,,5,complete,,,1
58939,AssigningTasksInstance,,5,complete,,,1
58986,AssigningTasksInstance,,5,complete,,,1
58994,AssigningTasksInstance,,5,complete,,,1
58996,AssigningTasksInstance,,5,complete,,,1
59009,AssigningTasksInstance,,5,complete,,,0
59041,AssigningTasksInstance,,5,complete,,,0
59044,AssigningTasksInstance,,5,complete,,,1
59127,AssigningTasksInstance,,5,complete,,,1
59148,AssigningTasksInstance,,5,complete,,,1
59150,AssigningTasksInstance,,5,complete,,,1
59169,AssigningTasksInstance,,5,complete,,,1
59230,AssigningTasksInstance,,5,complete,,,1
59300,AssigningTasksInstance,,5,complete,,,1
59301,AssigningTasksInstance,,5,complete,,,1
59311,AssigningTasksInstance,,5,complete,,,1
59312,AssigningTasksInstance,,5,complete,,,1
59320,AssigningTasksInstance,,5,complete,,,1
59321,AssigningTasksInstance,,5,complete,,,1
59325,AssigningTasksInstance,,5,complete,,,1
59326,AssigningTasksInstance,,5,complete,,,1
59327,AssigningTasksInstance,,5,complete,,,1
59328,AssigningTasksInstance,,5,complete,,,1
59352,AssigningTasksInstance,,5,complete,,,1
59357,AssigningTasksInstance,,5,complete,,,1
59359,AssigningTasksInstance,,5,complete,,,1
59414,AssigningTasksInstance,,5,complete,,,1
59419,AssigningTasksInstance,,5,complete,,,1
59420,AssigningTasksInstance,,5,complete,,,1
59427,AssigningTasksInstance,,5,complete,,,1
59434,AssigningTasksInstance,,5,complete,,,1
59435,AssigningTasksInstance,,5,complete,,,1
59436,AssigningTasksInstance,,5,complete,,,1
59437,AssigningTasksInstance,,5,complete,,,1
59438,AssigningTasksInstance,,5,complete,,,1
59471,AssigningTasksInstance,,5,complete,,,1
59502,AssigningTasksInstance,,5,complete,,,1
59503,AssigningTasksInstance,,5,complete,,,0
59558,AssigningTasksInstance,,5,complete,,,1
59559,AssigningTasksInstance,,5,complete,,,1
59579,AssigningTasksInstance,,5,complete,,,0
59593,AssigningTasksInstance,,5,complete,,,1
59612,AssigningTasksInstance,,5,complete,,,1
59624,AssigningTasksInstance,,5,complete,,,1
59636,AssigningTasksInstance,,5,complete,,,1
59700,AssigningTasksInstance,,5,complete,,,1
59729,AssigningTasksInstance,,5,complete,,,1
59738,AssigningTasksInstance,,5,complete,,,1
59765,AssigningTasksInstance,,5,complete,,,1
59766,AssigningTasksInstance,,5,complete,,,1
59810,AssigningTasksInstance,,5,complete,,,1
59817,AssigningTasksInstance,,5,complete,,,1
59843,AssigningTasksInstance,,5,complete,,,1
59861,AssigningTasksInstance,,5,complete,,,1
59862,AssigningTasksInstance,,5,complete,,,1
59863,AssigningTasksInstance,,5,complete,,,1
59864,AssigningTasksInstance,,5,complete,,,1
59898,AssigningTasksInstance,,5,complete,,,1
59914,AssigningTasksInstance,,5,complete,,,1
59945,AssigningTasksInstance,,5,complete,,,1
59947,AssigningTasksInstance,,5,complete,,,1
59985,AssigningTasksInstance,,5,complete,,,1
59989,AssigningTasksInstance,,5,complete,,,1
60025,AssigningTasksInstance,,5,complete,,,1
60032,AssigningTasksInstance,,5,complete,,,0
60033,AssigningTasksInstance,,5,complete,,,1
60079,AssigningTasksInstance,,5,complete,,,1
60080,AssigningTasksInstance,,5,complete,,,1
60081,AssigningTasksInstance,,5,complete,,,1
60082,AssigningTasksInstance,,5,complete,,,1
60083,AssigningTasksInstance,,5,complete,,,1
60084,AssigningTasksInstance,,5,complete,,,1
60087,AssigningTasksInstance,,5,complete,,,1
60120,AssigningTasksInstance,,5,complete,,,1
60152,AssigningTasksInstance,,5,complete,,,1
60205,AssigningTasksInstance,,5,complete,,,1
60206,AssigningTasksInstance,,5,complete,,,1
60226,AssigningTasksInstance,,5,complete,,,1
60230,AssigningTasksInstance,,5,complete,,,1
60239,AssigningTasksInstance,,5,complete,,,1
60243,AssigningTasksInstance,,5,complete,,,1
60265,AssigningTasksInstance,,5,complete,,,1
60282,AssigningTasksInstance,,5,complete,,,1
60288,AssigningTasksInstance,,5,complete,,,1
60310,AssigningTasksInstance,,5,complete,,,0
60332,AssigningTasksInstance,,5,complete,,,0
60333,AssigningTasksInstance,,5,complete,,,0
60350,AssigningTasksInstance,,5,complete,,,0
60366,AssigningTasksInstance,,5,complete,,,1
60367,AssigningTasksInstance,,5,complete,,,1
60444,AssigningTasksInstance,,5,complete,,,0
60476,AssigningTasksInstance,,5,complete,,,1
60484,AssigningTasksInstance,,5,complete,,,0
60519,AssigningTasksInstance,,5,complete,,,1
60520,AssigningTasksInstance,,5,complete,,,1
60521,AssigningTasksInstance,,5,complete,,,1
60522,AssigningTasksInstance,,5,complete,,,1
60523,AssigningTasksInstance,,5,complete,,,1
60526,AssigningTasksInstance,,5,complete,,,1
60527,AssigningTasksInstance,,5,complete,,,1
60528,AssigningTasksInstance,,5,complete,,,1
60543,AssigningTasksInstance,,5,complete,,,1
60557,AssigningTasksInstance,,5,complete,,,1
60561,AssigningTasksInstance,,5,complete,,,1
60563,AssigningTasksInstance,,5,complete,,,0
60569,AssigningTasksInstance,,5,complete,,,1
60570,AssigningTasksInstance,,5,complete,,,1
60571,AssigningTasksInstance,,5,complete,,,1
60577,AssigningTasksInstance,,5,complete,,,1
60578,AssigningTasksInstance,,5,complete,,,1
60588,AssigningTasksInstance,,5,complete,,,1
60607,AssigningTasksInstance,,5,complete,,,1
60613,AssigningTasksInstance,,5,complete,,,1
60646,AssigningTasksInstance,,5,complete,,,0
60659,AssigningTasksInstance,,5,complete,,,1
60660,AssigningTasksInstance,,5,complete,,,0
60664,AssigningTasksInstance,,5,complete,,,0
60677,AssigningTasksInstance,,5,complete,,,1
60683,AssigningTasksInstance,,5,complete,,,1
60695,AssigningTasksInstance,,5,complete,,,0
60707,AssigningTasksInstance,,5,complete,,,1
60710,AssigningTasksInstance,,5,complete,,,1
60714,AssigningTasksInstance,,5,complete,,,1
60755,AssigningTasksInstance,,5,complete,,,1
60842,AssigningTasksInstance,,5,complete,,,1
60846,AssigningTasksInstance,,5,complete,,,0
60931,AssigningTasksInstance,,5,complete,,,1
60932,AssigningTasksInstance,,5,complete,,,1
60972,AssigningTasksInstance,,5,complete,,,0
60980,AssigningTasksInstance,,5,complete,,,1
60992,AssigningTasksInstance,,5,complete,,,1
60993,AssigningTasksInstance,,5,complete,,,1
61009,AssigningTasksInstance,,5,complete,,,1
61010,AssigningTasksInstance,,5,complete,,,1
61017,AssigningTasksInstance,,5,complete,,,1
61026,AssigningTasksInstance,,5,complete,,,0
61027,AssigningTasksInstance,,5,complete,,,1
61028,AssigningTasksInstance,,5,complete,,,1
61029,AssigningTasksInstance,,5,complete,,,1
61041,AssigningTasksInstance,,5,complete,,,1
61044,AssigningTasksInstance,,5,complete,,,1
61053,AssigningTasksInstance,,5,complete,,,0
61080,AssigningTasksInstance,,5,complete,,,0
61120,AssigningTasksInstance,,5,complete,,,1
61152,AssigningTasksInstance,,5,complete,,,1
61175,AssigningTasksInstance,,5,complete,,,1
61176,AssigningTasksInstance,,5,complete,,,1
61194,AssigningTasksInstance,,5,complete,,,0
61204,AssigningTasksInstance,,5,complete,,,0
61220,AssigningTasksInstance,,5,complete,,,1
61249,AssigningTasksInstance,,5,complete,,,1
61279,AssigningTasksInstance,,5,complete,,,1
61288,AssigningTasksInstance,,5,complete,,,0
61293,AssigningTasksInstance,,5,complete,,,1
61365,AssigningTasksInstance,,5,complete,,,1
61366,AssigningTasksInstance,,5,complete,,,1
61407,AssigningTasksInstance,,5,complete,,,1
61458,AssigningTasksInstance,,5,complete,,,1
61465,AssigningTasksInstance,,5,complete,,,1
61470,AssigningTasksInstance,,5,complete,,,1
61475,AssigningTasksInstance,,5,complete,,,1
61543,AssigningTasksInstance,,5,complete,,,1
61608,AssigningTasksInstance,,5,complete,,,0
61626,AssigningTasksInstance,,5,complete,,,0
61646,AssigningTasksInstance,,5,complete,,,0
61648,AssigningTasksInstance,,5,complete,,,0
61651,AssigningTasksInstance,,5,complete,,,1
61652,AssigningTasksInstance,,5,complete,,,1
61653,AssigningTasksInstance,,5,complete,,,1
61657,AssigningTasksInstance,,5,complete,,,0
61662,AssigningTasksInstance,,5,complete,,,1
61663,AssigningTasksInstance,,5,complete,,,1
61676,AssigningTasksInstance,,5,complete,,,1
61761,AssigningTasksInstance,,5,complete,,,1
61780,AssigningTasksInstance,,5,complete,,,1
61786,AssigningTasksInstance,,5,complete,,,1
61799,AssigningTasksInstance,,5,complete,,,1
61804,AssigningTasksInstance,,5,complete,,,1
61805,AssigningTasksInstance,,5,complete,,,1
61839,AssigningTasksInstance,,5,complete,,,1
61840,AssigningTasksInstance,,5,complete,,,1
61873,AssigningTasksInstance,,5,complete,,,1
61885,AssigningTasksInstance,,5,complete,,,1
61892,AssigningTasksInstance,,5,complete,,,1
61910,AssigningTasksInstance,,5,complete,,,1
61926,AssigningTasksInstance,,5,complete,,,0
61961,AssigningTasksInstance,,5,complete,,,1
61977,AssigningTasksInstance,,5,complete,,,0
61992,AssigningTasksInstance,,5,complete,,,1
62000,AssigningTasksInstance,,5,complete,,,0
62042,AssigningTasksInstance,,5,complete,,,0
62222,AssigningTasksInstance,,5,complete,,,1
62224,AssigningTasksInstance,,5,complete,,,0
62272,AssigningTasksInstance,,5,complete,,,0
62283,AssigningTasksInstance,,5,complete,,,0
62287,AssigningTasksInstance,,5,complete,,,0
62326,AssigningTasksInstance,,5,complete,,,1
62352,AssigningTasksInstance,,5,complete,,,1
62356,AssigningTasksInstance,,5,complete,,,1
62442,AssigningTasksInstance,,5,complete,,,1
62451,AssigningTasksInstance,,5,complete,,,1
62464,AssigningTasksInstance,,5,complete,,,0
62500,AssigningTasksInstance,,5,complete,,,1
62631,AssigningTasksInstance,,5,complete,,,1
62639,AssigningTasksInstance,,5,complete,,,1
62702,AssigningTasksInstance,,5,complete,,,1
62974,AssigningTasksInstance,,5,complete,,,1
62977,AssigningTasksInstance,,5,complete,,,1
63019,AssigningTasksInstance,,5,complete,,,1
63117,AssigningTasksInstance,,5,complete,,,0
63121,AssigningTasksInstance,,5,complete,,,1
63122,AssigningTasksInstance,,5,complete,,,1
63141,AssigningTasksInstance,,5,complete,,,1
63247,AssigningTasksInstance,,5,complete,,,0
63269,AssigningTasksInstance,,5,complete,,,0
63385,AssigningTasksInstance,,5,complete,,,0
63529,AssigningTasksInstance,,5,complete,,,0
63550,AssigningTasksInstance,,5,complete,,,0
63554,AssigningTasksInstance,,5,complete,,,0
63574,AssigningTasksInstance,,5,complete,,,0
63636,AssigningTasksInstance,,5,complete,,,0
63639,AssigningTasksInstance,,5,complete,,,1
63640,AssigningTasksInstance,,5,complete,,,1
63684,AssigningTasksInstance,,5,complete,,,1
63698,AssigningTasksInstance,,5,complete,,,1
63734,AssigningTasksInstance,,5,complete,,,0
63736,AssigningTasksInstance,,5,complete,,,1
63737,AssigningTasksInstance,,5,complete,,,1
63738,AssigningTasksInstance,,5,complete,,,1
63740,AssigningTasksInstance,,5,complete,,,1
63742,AssigningTasksInstance,,5,complete,,,1
63758,AssigningTasksInstance,,5,complete,,,1
63759,AssigningTasksInstance,,5,complete,,,1
63760,AssigningTasksInstance,,5,complete,,,1
63769,AssigningTasksInstance,,5,complete,,,1
63822,AssigningTasksInstance,,5,complete,,,1
63833,AssigningTasksInstance,,5,complete,,,1
63842,AssigningTasksInstance,,5,complete,,,1
63843,AssigningTasksInstance,,5,complete,,,1
63854,AssigningTasksInstance,,5,complete,,,1
63890,AssigningTasksInstance,,5,complete,,,1
63891,AssigningTasksInstance,,5,complete,,,1
63899,AssigningTasksInstance,,5,complete,,,1
63965,AssigningTasksInstance,,5,complete,,,1
63971,AssigningTasksInstance,,5,complete,,,0
64028,AssigningTasksInstance,,5,complete,,,1
64034,AssigningTasksInstance,,5,complete,,,0
64036,AssigningTasksInstance,,5,complete,,,0
64057,AssigningTasksInstance,,5,complete,,,1
64062,AssigningTasksInstance,,5,complete,,,1
64066,AssigningTasksInstance,,5,complete,,,1
64130,AssigningTasksInstance,,5,complete,,,1
64187,AssigningTasksInstance,,5,complete,,,1
64205,AssigningTasksInstance,,5,complete,,,1
64234,AssigningTasksInstance,,5,complete,,,1
64235,AssigningTasksInstance,,5,complete,,,1
64242,AssigningTasksInstance,,5,complete,,,0
64311,AssigningTasksInstance,,5,complete,,,1
64319,AssigningTasksInstance,,5,complete,,,1
64324,AssigningTasksInstance,,5,complete,,,1
64339,AssigningTasksInstance,,5,complete,,,1
64340,AssigningTasksInstance,,5,complete,,,1
64341,AssigningTasksInstance,,5,complete,,,1
64375,AssigningTasksInstance,,5,complete,,,1
64400,AssigningTasksInstance,,5,complete,,,1
64401,AssigningTasksInstance,,5,complete,,,1
64518,AssigningTasksInstance,,5,complete,,,0
64578,AssigningTasksInstance,,5,complete,,,1
64637,AssigningTasksInstance,,5,complete,,,1
64638,AssigningTasksInstance,,5,complete,,,1
64665,AssigningTasksInstance,,5,complete,,,1
64666,AssigningTasksInstance,,5,complete,,,1
64699,AssigningTasksInstance,,5,complete,,,1
64738,AssigningTasksInstance,,5,complete,,,1
64739,AssigningTasksInstance,,5,complete,,,1
64765,AssigningTasksInstance,,5,complete,,,1
64834,AssigningTasksInstance,,5,complete,,,1
64900,AssigningTasksInstance,,5,complete,,,0
64932,AssigningTasksInstance,,5,complete,,,1
65074,AssigningTasksInstance,,5,complete,,,0
65126,AssigningTasksInstance,,5,complete,,,0
65150,AssigningTasksInstance,,5,complete,,,1
65159,AssigningTasksInstance,,5,complete,,,1
65215,AssigningTasksInstance,,5,complete,,,1
65328,AssigningTasksInstance,,5,complete,,,1
65339,AssigningTasksInstance,,5,complete,,,1
65450,AssigningTasksInstance,,5,complete,,,1
65468,AssigningTasksInstance,,5,complete,,,1
65469,AssigningTasksInstance,,5,complete,,,1
65479,AssigningTasksInstance,,5,complete,,,1
65480,AssigningTasksInstance,,5,complete,,,1
65569,AssigningTasksInstance,,5,complete,,,1
65686,AssigningTasksInstance,,5,complete,,,1
65768,AssigningTasksInstance,,5,complete,,,0
65870,AssigningTasksInstance,,5,complete,,,1
65880,AssigningTasksInstance,,5,complete,,,1
65881,AssigningTasksInstance,,5,complete,,,1
65882,AssigningTasksInstance,,5,complete,,,1
65883,AssigningTasksInstance,,5,complete,,,0
65986,AssigningTasksInstance,,5,complete,,,1
65993,AssigningTasksInstance,,5,complete,,,1
66061,AssigningTasksInstance,,5,complete,,,1
66065,AssigningTasksInstance,,5,complete,,,1
66107,AssigningTasksInstance,,5,complete,,,0
66156,AssigningTasksInstance,,5,complete,,,1
66183,AssigningTasksInstance,,5,complete,,,1
66190,AssigningTasksInstance,,5,complete,,,1
66195,AssigningTasksInstance,,5,complete,,,1
66325,AssigningTasksInstance,,5,complete,,,1
66423,AssigningTasksInstance,,5,complete,,,1
66544,AssigningTasksInstance,,5,complete,,,1
66572,AssigningTasksInstance,,5,complete,,,1
66582,AssigningTasksInstance,,5,complete,,,1
66599,AssigningTasksInstance,,5,complete,,,1
66660,AssigningTasksInstance,,5,complete,,,0
66687,AssigningTasksInstance,,5,complete,,,1
66691,AssigningTasksInstance,,5,complete,,,1
66702,AssigningTasksInstance,,5,complete,,,1
66706,AssigningTasksInstance,,5,complete,,,0
66707,AssigningTasksInstance,,5,complete,,,0
66834,AssigningTasksInstance,,5,complete,,,1
66882,AssigningTasksInstance,,5,complete,,,1
66897,AssigningTasksInstance,,5,complete,,,1
66898,AssigningTasksInstance,,5,complete,,,1
66913,AssigningTasksInstance,,5,complete,,,1
66960,AssigningTasksInstance,,5,complete,,,1
66967,AssigningTasksInstance,,5,complete,,,1
66980,AssigningTasksInstance,,5,complete,,,1
67090,AssigningTasksInstance,,5,complete,,,0
67095,AssigningTasksInstance,,5,complete,,,1
67117,AssigningTasksInstance,,5,complete,,,1
67138,AssigningTasksInstance,,5,complete,,,1
67144,AssigningTasksInstance,,5,complete,,,1
67146,AssigningTasksInstance,,5,complete,,,1
67305,AssigningTasksInstance,,5,complete,,,1
67334,AssigningTasksInstance,,5,complete,,,1
67339,AssigningTasksInstance,,5,complete,,,0
67364,AssigningTasksInstance,,5,complete,,,1
67365,AssigningTasksInstance,,5,complete,,,1
67372,AssigningTasksInstance,,5,complete,,,1
67386,AssigningTasksInstance,,5,complete,,,1
67411,AssigningTasksInstance,,5,complete,,,1
67413,AssigningTasksInstance,,5,complete,,,1
67422,AssigningTasksInstance,,5,complete,,,1
67442,AssigningTasksInstance,,5,complete,,,1
67450,AssigningTasksInstance,,5,complete,,,1
67451,AssigningTasksInstance,,5,complete,,,1
67490,AssigningTasksInstance,,5,complete,,,1
67510,AssigningTasksInstance,,5,complete,,,0
67563,AssigningTasksInstance,,5,complete,,,1
67571,AssigningTasksInstance,,5,complete,,,0
67574,AssigningTasksInstance,,5,complete,,,0
67581,AssigningTasksInstance,,5,complete,,,1
67582,AssigningTasksInstance,,5,complete,,,1
67617,AssigningTasksInstance,,5,complete,,,1
67636,AssigningTasksInstance,,5,complete,,,0
67664,AssigningTasksInstance,,5,complete,,,0
67701,AssigningTasksInstance,,5,complete,,,1
67773,AssigningTasksInstance,,5,complete,,,0
67777,AssigningTasksInstance,,5,complete,,,1
67778,AssigningTasksInstance,,5,complete,,,0
67793,AssigningTasksInstance,,5,complete,,,0
67813,AssigningTasksInstance,,5,complete,,,1
67814,AssigningTasksInstance,,5,complete,,,1
67820,AssigningTasksInstance,,5,complete,,,0
67825,AssigningTasksInstance,,5,complete,,,0
67850,AssigningTasksInstance,,5,complete,,,0
67853,AssigningTasksInstance,,5,complete,,,0
67876,AssigningTasksInstance,,5,complete,,,1
67877,AssigningTasksInstance,,5,complete,,,1
67897,AssigningTasksInstance,,5,complete,,,0
67898,AssigningTasksInstance,,5,complete,,,0
67899,AssigningTasksInstance,,5,complete,,,0
67924,AssigningTasksInstance,,5,complete,,,1
67925,AssigningTasksInstance,,5,complete,,,1
67926,AssigningTasksInstance,,5,complete,,,1
67927,AssigningTasksInstance,,5,complete,,,1
67928,AssigningTasksInstance,,5,complete,,,1
67929,AssigningTasksInstance,,5,complete,,,1
67930,AssigningTasksInstance,,5,complete,,,1
67931,AssigningTasksInstance,,5,complete,,,1
67932,AssigningTasksInstance,,5,complete,,,1
67936,AssigningTasksInstance,,5,complete,,,1
67946,AssigningTasksInstance,,5,complete,,,1
67965,AssigningTasksInstance,,5,complete,,,1
67971,AssigningTasksInstance,,5,complete,,,1
67972,AssigningTasksInstance,,5,complete,,,1
67973,AssigningTasksInstance,,5,complete,,,1
67989,AssigningTasksInstance,,5,complete,,,1
67990,AssigningTasksInstance,,5,complete,,,1
67991,AssigningTasksInstance,,5,complete,,,1
67992,AssigningTasksInstance,,5,complete,,,1
67999,AssigningTasksInstance,,5,complete,,,1
68001,AssigningTasksInstance,,5,complete,,,1
68003,AssigningTasksInstance,,5,complete,,,1
68038,AssigningTasksInstance,,5,complete,,,1
68039,AssigningTasksInstance,,5,complete,,,1
68147,AssigningTasksInstance,,5,complete,,,1
68165,AssigningTasksInstance,,5,complete,,,1
68173,AssigningTasksInstance,,5,complete,,,1
68194,AssigningTasksInstance,,5,complete,,,1
68222,AssigningTasksInstance,,5,complete,,,1
68234,AssigningTasksInstance,,5,complete,,,1
68256,AssigningTasksInstance,,5,complete,,,1
68275,AssigningTasksInstance,,5,complete,,,1
68276,AssigningTasksInstance,,5,complete,,,1
68277,AssigningTasksInstance,,5,complete,,,1
68278,AssigningTasksInstance,,5,complete,,,1
68302,AssigningTasksInstance,,5,complete,,,1
68317,AssigningTasksInstance,,5,complete,,,1
68318,AssigningTasksInstance,,5,complete,,,1
68329,AssigningTasksInstance,,5,complete,,,0
68360,AssigningTasksInstance,,5,complete,,,1
68393,AssigningTasksInstance,,5,complete,,,1
68394,AssigningTasksInstance,,5,complete,,,0
68395,AssigningTasksInstance,,5,complete,,,0
68396,AssigningTasksInstance,,5,complete,,,1
68397,AssigningTasksInstance,,5,complete,,,1
68398,AssigningTasksInstance,,5,complete,,,1
68399,AssigningTasksInstance,,5,complete,,,1
68400,AssigningTasksInstance,,5,complete,,,1
68401,AssigningTasksInstance,,5,complete,,,1
68402,AssigningTasksInstance,,5,complete,,,1
68403,AssigningTasksInstance,,5,complete,,,1
68404,AssigningTasksInstance,,5,complete,,,1
68405,AssigningTasksInstance,,5,complete,,,1
68406,AssigningTasksInstance,,5,complete,,,1
68407,AssigningTasksInstance,,5,complete,,,1
68408,AssigningTasksInstance,,5,complete,,,1
68410,AssigningTasksInstance,,5,complete,,,1
68413,AssigningTasksInstance,,5,complete,,,1
68414,AssigningTasksInstance,,5,complete,,,1
68444,AssigningTasksInstance,,5,complete,,,1
68445,AssigningTasksInstance,,5,complete,,,1
68446,AssigningTasksInstance,,5,complete,,,1
68462,AssigningTasksInstance,,5,complete,,,1
68463,AssigningTasksInstance,,5,complete,,,1
68476,AssigningTasksInstance,,5,complete,,,1
68522,AssigningTasksInstance,,5,complete,,,1
68525,AssigningTasksInstance,,5,complete,,,1
68526,AssigningTasksInstance,,5,complete,,,1
68553,AssigningTasksInstance,,5,complete,,,1
68554,AssigningTasksInstance,,5,complete,,,1
68572,AssigningTasksInstance,,5,complete,,,1
68610,AssigningTasksInstance,,5,complete,,,1
68616,AssigningTasksInstance,,5,complete,,,0
68617,AssigningTasksInstance,,5,complete,,,0
68680,AssigningTasksInstance,,5,complete,,,1
68683,AssigningTasksInstance,,5,complete,,,1
68690,AssigningTasksInstance,,5,complete,,,1
68692,AssigningTasksInstance,,5,complete,,,0
68771,AssigningTasksInstance,,5,complete,,,1
68786,AssigningTasksInstance,,5,complete,,,1
68787,AssigningTasksInstance,,5,complete,,,1
68790,AssigningTasksInstance,,5,complete,,,0
68792,AssigningTasksInstance,,5,complete,,,0
68793,AssigningTasksInstance,,5,complete,,,1
68797,AssigningTasksInstance,,5,complete,,,1
68850,AssigningTasksInstance,,5,complete,,,1
68852,AssigningTasksInstance,,5,complete,,,0
68860,AssigningTasksInstance,,5,complete,,,0
68862,AssigningTasksInstance,,5,complete,,,0
68863,AssigningTasksInstance,,5,complete,,,0
68886,AssigningTasksInstance,,5,complete,,,0
68909,AssigningTasksInstance,,5,complete,,,1
68929,AssigningTasksInstance,,5,complete,,,1
68946,AssigningTasksInstance,,5,complete,,,0
68966,AssigningTasksInstance,,5,complete,,,0
68972,AssigningTasksInstance,,5,complete,,,1
68977,AssigningTasksInstance,,5,complete,,,1
69013,AssigningTasksInstance,,5,complete,,,0
69015,AssigningTasksInstance,,5,complete,,,0
69066,AssigningTasksInstance,,5,complete,,,1
69067,AssigningTasksInstance,,5,complete,,,0
69071,AssigningTasksInstance,,5,complete,,,0
69073,AssigningTasksInstance,,5,complete,,,0
69093,AssigningTasksInstance,,5,complete,,,0
69107,AssigningTasksInstance,,5,complete,,,1
69146,AssigningTasksInstance,,5,complete,,,0
69164,AssigningTasksInstance,,5,complete,,,1
69167,AssigningTasksInstance,,5,complete,,,0
69168,AssigningTasksInstance,,5,complete,,,0
69169,AssigningTasksInstance,,5,complete,,,1
69170,AssigningTasksInstance,,5,complete,,,1
69179,AssigningTasksInstance,,5,complete,,,1
69206,AssigningTasksInstance,,5,complete,,,0
69269,AssigningTasksInstance,,5,complete,,,1
69276,AssigningTasksInstance,,5,complete,,,1
69280,AssigningTasksInstance,,5,complete,,,1
69281,AssigningTasksInstance,,5,complete,,,0
69282,AssigningTasksInstance,,5,complete,,,1
69288,AssigningTasksInstance,,5,complete,,,0
69311,AssigningTasksInstance,,5,complete,,,0
69321,AssigningTasksInstance,,5,complete,,,1
69325,AssigningTasksInstance,,5,complete,,,1
69343,AssigningTasksInstance,,5,complete,,,0
69344,AssigningTasksInstance,,5,complete,,,0
69370,AssigningTasksInstance,,5,complete,,,0
69373,AssigningTasksInstance,,5,complete,,,0
69392,AssigningTasksInstance,,5,complete,,,1
69395,AssigningTasksInstance,,5,complete,,,1
69412,AssigningTasksInstance,,5,complete,,,1
69449,AssigningTasksInstance,,5,complete,,,1
69467,AssigningTasksInstance,,5,complete,,,0
69471,AssigningTasksInstance,,5,complete,,,1
69507,AssigningTasksInstance,,5,complete,,,1
69559,AssigningTasksInstance,,5,complete,,,0
69564,AssigningTasksInstance,,5,complete,,,1
69566,AssigningTasksInstance,,5,complete,,,1
69625,AssigningTasksInstance,,5,complete,,,1
69629,AssigningTasksInstance,,5,complete,,,1
69650,AssigningTasksInstance,,5,complete,,,0
69666,AssigningTasksInstance,,5,complete,,,1
69676,AssigningTasksInstance,,5,complete,,,1
69688,AssigningTasksInstance,,5,complete,,,1
69694,AssigningTasksInstance,,5,complete,,,1
69705,AssigningTasksInstance,,5,complete,,,1
69745,AssigningTasksInstance,,5,complete,,,1
69763,AssigningTasksInstance,,5,complete,,,1
69786,AssigningTasksInstance,,5,complete,,,1
69795,AssigningTasksInstance,,5,complete,,,0
69811,AssigningTasksInstance,,5,complete,,,1
69850,AssigningTasksInstance,,5,complete,,,1
69851,AssigningTasksInstance,,5,complete,,,1
69868,AssigningTasksInstance,,5,complete,,,1
69869,AssigningTasksInstance,,5,complete,,,1
69979,AssigningTasksInstance,,5,complete,,,1
69980,AssigningTasksInstance,,5,complete,,,1
70003,AssigningTasksInstance,,5,complete,,,1
70004,AssigningTasksInstance,,5,complete,,,1
70011,AssigningTasksInstance,,5,complete,,,1
70017,AssigningTasksInstance,,5,complete,,,1
70019,AssigningTasksInstance,,5,complete,,,1
70026,AssigningTasksInstance,,5,complete,,,1
70029,AssigningTasksInstance,,5,complete,,,1
70031,AssigningTasksInstance,,5,complete,,,0
70033,AssigningTasksInstance,,5,complete,,,0
70039,AssigningTasksInstance,,5,complete,,,1
70042,AssigningTasksInstance,,5,complete,,,1
70046,AssigningTasksInstance,,5,complete,,,1
70052,AssigningTasksInstance,,5,complete,,,0
70053,AssigningTasksInstance,,5,complete,,,1
70076,AssigningTasksInstance,,5,complete,,,1
70077,AssigningTasksInstance,,5,complete,,,1
70082,AssigningTasksInstance,,5,complete,,,1
70083,AssigningTasksInstance,,5,complete,,,1
70092,AssigningTasksInstance,,5,complete,,,1
70093,AssigningTasksInstance,,5,complete,,,1
70101,AssigningTasksInstance,,5,complete,,,1
70106,AssigningTasksInstance,,5,complete,,,1
70107,AssigningTasksInstance,,5,complete,,,1
70108,AssigningTasksInstance,,5,complete,,,1
70132,AssigningTasksInstance,,5,complete,,,1
70133,AssigningTasksInstance,,5,complete,,,1
70134,AssigningTasksInstance,,5,complete,,,1
70135,AssigningTasksInstance,,5,complete,,,1
70136,AssigningTasksInstance,,5,complete,,,1
70137,AssigningTasksInstance,,5,complete,,,1
70138,AssigningTasksInstance,,5,complete,,,1
70139,AssigningTasksInstance,,5,complete,,,1
70140,AssigningTasksInstance,,5,complete,,,1
70141,AssigningTasksInstance,,5,complete,,,1
70142,AssigningTasksInstance,,5,complete,,,1
70143,AssigningTasksInstance,,5,complete,,,1
70144,AssigningTasksInstance,,5,complete,,,1
70145,AssigningTasksInstance,,5,complete,,,1
70146,AssigningTasksInstance,,5,complete,,,1
70147,AssigningTasksInstance,,5,complete,,,1
70148,AssigningTasksInstance,,5,complete,,,1
70149,AssigningTasksInstance,,5,complete,,,1
70150,AssigningTasksInstance,,5,complete,,,1
70151,AssigningTasksInstance,,5,complete,,,1
70152,AssigningTasksInstance,,5,complete,,,1
70153,AssigningTasksInstance,,5,complete,,,1
70154,AssigningTasksInstance,,5,complete,,,1
70155,AssigningTasksInstance,,5,complete,,,1
70156,AssigningTasksInstance,,5,complete,,,1
70158,AssigningTasksInstance,,5,complete,,,0
70164,AssigningTasksInstance,,5,complete,,,1
70177,AssigningTasksInstance,,5,complete,,,1
70178,AssigningTasksInstance,,5,complete,,,1
70179,AssigningTasksInstance,,5,complete,,,1
70183,AssigningTasksInstance,,5,complete,,,1
70195,AssigningTasksInstance,,5,complete,,,1
70206,AssigningTasksInstance,,5,complete,,,1
70208,AssigningTasksInstance,,5,complete,,,0
70219,AssigningTasksInstance,,5,complete,,,1
70232,AssigningTasksInstance,,5,complete,,,0
70255,AssigningTasksInstance,,5,complete,,,1
70259,AssigningTasksInstance,,5,complete,,,1
70260,AssigningTasksInstance,,5,complete,,,1
70265,AssigningTasksInstance,,5,complete,,,1
70271,AssigningTasksInstance,,5,complete,,,0
70275,AssigningTasksInstance,,5,complete,,,0
70277,AssigningTasksInstance,,5,complete,,,1
70278,AssigningTasksInstance,,5,complete,,,1
70280,AssigningTasksInstance,,5,complete,,,1
70288,AssigningTasksInstance,,5,complete,,,1
70289,AssigningTasksInstance,,5,complete,,,0
70303,AssigningTasksInstance,,5,complete,,,1
70304,AssigningTasksInstance,,5,complete,,,1
70335,AssigningTasksInstance,,5,complete,,,1
70336,AssigningTasksInstance,,5,complete,,,1
70350,AssigningTasksInstance,,5,complete,,,1
70374,AssigningTasksInstance,,5,complete,,,1
70407,AssigningTasksInstance,,5,complete,,,1
70420,AssigningTasksInstance,,5,complete,,,0
70426,AssigningTasksInstance,,5,complete,,,0
70431,AssigningTasksInstance,,5,complete,,,1
70436,AssigningTasksInstance,,5,complete,,,1
70447,AssigningTasksInstance,,5,complete,,,0
70452,AssigningTasksInstance,,5,complete,,,1
70487,AssigningTasksInstance,,5,complete,,,1
70501,AssigningTasksInstance,,5,complete,,,1
70515,AssigningTasksInstance,,5,complete,,,0
70529,AssigningTasksInstance,,5,complete,,,1
70532,AssigningTasksInstance,,5,complete,,,1
70539,AssigningTasksInstance,,5,complete,,,1
70540,AssigningTasksInstance,,5,complete,,,1
70541,AssigningTasksInstance,,5,complete,,,0
70549,AssigningTasksInstance,,5,complete,,,1
70550,AssigningTasksInstance,,5,complete,,,1
70551,AssigningTasksInstance,,5,complete,,,1
70560,AssigningTasksInstance,,5,complete,,,1
70561,AssigningTasksInstance,,5,complete,,,1
70579,AssigningTasksInstance,,5,complete,,,1
70582,AssigningTasksInstance,,5,complete,,,0
70594,AssigningTasksInstance,,5,complete,,,1
70607,AssigningTasksInstance,,5,complete,,,1
70631,AssigningTasksInstance,,5,complete,,,1
70639,AssigningTasksInstance,,5,complete,,,0
70640,AssigningTasksInstance,,5,complete,,,0
70650,AssigningTasksInstance,,5,complete,,,1
70657,AssigningTasksInstance,,5,complete,,,1
70658,AssigningTasksInstance,,5,complete,,,0
70659,AssigningTasksInstance,,5,complete,,,0
70669,AssigningTasksInstance,,5,complete,,,1
70678,AssigningTasksInstance,,5,complete,,,1
70683,AssigningTasksInstance,,5,complete,,,1
70694,AssigningTasksInstance,,5,complete,,,0
70702,AssigningTasksInstance,,5,complete,,,1
70703,AssigningTasksInstance,,5,complete,,,0
70705,AssigningTasksInstance,,5,complete,,,0
70741,AssigningTasksInstance,,5,complete,,,1
70758,AssigningTasksInstance,,5,complete,,,0
70776,AssigningTasksInstance,,5,complete,,,1
70802,AssigningTasksInstance,,5,complete,,,1
70805,AssigningTasksInstance,,5,complete,,,1
70816,AssigningTasksInstance,,5,complete,,,1
70817,AssigningTasksInstance,,5,complete,,,1
70820,AssigningTasksInstance,,5,complete,,,0
70821,AssigningTasksInstance,,5,complete,,,1
70845,AssigningTasksInstance,,5,complete,,,0
70889,AssigningTasksInstance,,5,complete,,,0
70890,AssigningTasksInstance,,5,complete,,,0
70891,AssigningTasksInstance,,5,complete,,,0
70905,AssigningTasksInstance,,5,complete,,,0
70909,AssigningTasksInstance,,5,complete,,,0
70933,AssigningTasksInstance,,5,complete,,,0
70941,AssigningTasksInstance,,5,complete,,,1
70953,AssigningTasksInstance,,5,complete,,,1
70954,AssigningTasksInstance,,5,complete,,,1
70955,AssigningTasksInstance,,5,complete,,,0
70956,AssigningTasksInstance,,5,complete,,,0
70957,AssigningTasksInstance,,5,complete,,,1
70961,AssigningTasksInstance,,5,complete,,,1
70997,AssigningTasksInstance,,5,complete,,,1
71008,AssigningTasksInstance,,5,complete,,,1
71009,AssigningTasksInstance,,5,complete,,,1
71022,AssigningTasksInstance,,5,complete,,,1
71023,AssigningTasksInstance,,5,complete,,,1
71030,AssigningTasksInstance,,5,complete,,,1
71044,AssigningTasksInstance,,5,complete,,,1
71045,AssigningTasksInstance,,5,complete,,,1
71049,AssigningTasksInstance,,5,complete,,,0
71053,AssigningTasksInstance,,5,complete,,,1
71054,AssigningTasksInstance,,5,complete,,,1
71076,AssigningTasksInstance,,5,complete,,,1
71089,AssigningTasksInstance,,5,complete,,,1
71090,AssigningTasksInstance,,5,complete,,,1
71097,AssigningTasksInstance,,5,complete,,,0
71113,AssigningTasksInstance,,5,complete,,,0
71116,AssigningTasksInstance,,5,complete,,,1
71130,AssigningTasksInstance,,5,complete,,,1
71156,AssigningTasksInstance,,5,complete,,,0
71169,AssigningTasksInstance,,5,complete,,,1
71171,AssigningTasksInstance,,5,complete,,,1
71173,AssigningTasksInstance,,5,complete,,,1
71174,AssigningTasksInstance,,5,complete,,,1
71175,AssigningTasksInstance,,5,complete,,,1
71176,AssigningTasksInstance,,5,complete,,,1
71177,AssigningTasksInstance,,5,complete,,,1
71178,AssigningTasksInstance,,5,complete,,,1
71196,AssigningTasksInstance,,5,complete,,,1
71197,AssigningTasksInstance,,5,complete,,,1
71198,AssigningTasksInstance,,5,complete,,,1
71199,AssigningTasksInstance,,5,complete,,,1
71200,AssigningTasksInstance,,5,complete,,,1
71201,AssigningTasksInstance,,5,complete,,,1
71212,AssigningTasksInstance,,5,complete,,,1
71236,AssigningTasksInstance,,5,complete,,,1
71240,AssigningTasksInstance,,5,complete,,,1
71243,AssigningTasksInstance,,5,complete,,,1
71276,AssigningTasksInstance,,5,complete,,,1
71279,AssigningTasksInstance,,5,complete,,,1
71298,AssigningTasksInstance,,5,complete,,,0
71305,AssigningTasksInstance,,5,complete,,,1
71312,AssigningTasksInstance,,5,complete,,,0
71360,AssigningTasksInstance,,5,complete,,,1
71361,AssigningTasksInstance,,5,complete,,,1
71367,AssigningTasksInstance,,5,complete,,,1
71368,AssigningTasksInstance,,5,complete,,,1
71411,AssigningTasksInstance,,5,complete,,,1
71412,AssigningTasksInstance,,5,complete,,,1
71421,AssigningTasksInstance,,5,complete,,,1
71429,AssigningTasksInstance,,5,complete,,,1
71452,AssigningTasksInstance,,5,complete,,,1
71453,AssigningTasksInstance,,5,complete,,,1
71476,AssigningTasksInstance,,5,complete,,,0
71496,AssigningTasksInstance,,5,complete,,,1
71497,AssigningTasksInstance,,5,complete,,,1
71507,AssigningTasksInstance,,5,complete,,,1
71508,AssigningTasksInstance,,5,complete,,,0
71534,AssigningTasksInstance,,5,complete,,,1
71538,AssigningTasksInstance,,5,complete,,,1
71539,AssigningTasksInstance,,5,complete,,,0
71557,AssigningTasksInstance,,5,complete,,,1
71571,AssigningTasksInstance,,5,complete,,,1
71610,AssigningTasksInstance,,5,complete,,,0
71634,AssigningTasksInstance,,5,complete,,,1
71643,AssigningTasksInstance,,5,complete,,,0
71656,AssigningTasksInstance,,5,complete,,,0
71665,AssigningTasksInstance,,5,complete,,,1
71667,AssigningTasksInstance,,5,complete,,,1
71671,AssigningTasksInstance,,5,complete,,,1
71672,AssigningTasksInstance,,5,complete,,,1
71683,AssigningTasksInstance,,5,complete,,,1
71685,AssigningTasksInstance,,5,complete,,,0
71711,AssigningTasksInstance,,5,complete,,,1
71715,AssigningTasksInstance,,5,complete,,,1
71734,AssigningTasksInstance,,5,complete,,,1
71738,AssigningTasksInstance,,5,complete,,,1
71740,AssigningTasksInstance,,5,complete,,,1
71741,AssigningTasksInstance,,5,complete,,,1
71743,AssigningTasksInstance,,5,complete,,,1
71747,AssigningTasksInstance,,5,complete,,,1
71789,AssigningTasksInstance,,5,complete,,,1
71795,AssigningTasksInstance,,5,complete,,,1
71796,AssigningTasksInstance,,5,complete,,,1
71811,AssigningTasksInstance,,5,complete,,,1
71861,AssigningTasksInstance,,5,complete,,,0
71867,AssigningTasksInstance,,5,complete,,,1
71868,AssigningTasksInstance,,5,complete,,,1
71886,AssigningTasksInstance,,5,complete,,,1
71887,AssigningTasksInstance,,5,complete,,,1
71917,AssigningTasksInstance,,5,complete,,,1
71918,AssigningTasksInstance,,5,complete,,,1
71919,AssigningTasksInstance,,5,complete,,,1
71920,AssigningTasksInstance,,5,complete,,,1
71921,AssigningTasksInstance,,5,complete,,,1
71922,AssigningTasksInstance,,5,complete,,,1
71923,AssigningTasksInstance,,5,complete,,,1
71952,AssigningTasksInstance,,5,complete,,,1
71955,AssigningTasksInstance,,5,complete,,,1
71979,AssigningTasksInstance,,5,complete,,,0
71984,AssigningTasksInstance,,5,complete,,,1
72039,AssigningTasksInstance,,5,complete,,,0
72061,AssigningTasksInstance,,5,complete,,,0
72069,AssigningTasksInstance,,5,complete,,,0
72080,AssigningTasksInstance,,5,complete,,,0
72083,AssigningTasksInstance,,5,complete,,,1
72084,AssigningTasksInstance,,5,complete,,,1
72086,AssigningTasksInstance,,5,complete,,,1
72088,AssigningTasksInstance,,5,complete,,,1
72090,AssigningTasksInstance,,5,complete,,,1
72094,AssigningTasksInstance,,5,complete,,,1
72110,AssigningTasksInstance,,5,complete,,,1
72112,AssigningTasksInstance,,5,complete,,,1
72124,AssigningTasksInstance,,5,complete,,,0
72130,AssigningTasksInstance,,5,complete,,,1
72152,AssigningTasksInstance,,5,complete,,,0
72247,AssigningTasksInstance,,5,complete,,,1
72255,AssigningTasksInstance,,5,complete,,,1
72258,AssigningTasksInstance,,5,complete,,,0
72261,AssigningTasksInstance,,5,complete,,,1
72276,AssigningTasksInstance,,5,complete,,,0
72277,AssigningTasksInstance,,5,complete,,,0
72278,AssigningTasksInstance,,5,complete,,,0
72311,AssigningTasksInstance,,5,complete,,,0
72332,AssigningTasksInstance,,5,complete,,,1
72334,AssigningTasksInstance,,5,complete,,,1
72354,AssigningTasksInstance,,5,complete,,,1
72355,AssigningTasksInstance,,5,complete,,,1
72373,AssigningTasksInstance,,5,complete,,,1
72391,AssigningTasksInstance,,5,complete,,,1
72397,AssigningTasksInstance,,5,complete,,,1
72416,AssigningTasksInstance,,5,complete,,,0
72448,AssigningTasksInstance,,5,complete,,,1
72450,AssigningTasksInstance,,5,complete,,,1
72451,AssigningTasksInstance,,5,complete,,,1
72540,AssigningTasksInstance,,5,complete,,,0
72563,AssigningTasksInstance,,5,complete,,,0
72573,AssigningTasksInstance,,5,complete,,,0
72576,AssigningTasksInstance,,5,complete,,,0
72581,AssigningTasksInstance,,5,complete,,,1
72587,AssigningTasksInstance,,5,complete,,,1
72607,AssigningTasksInstance,,5,complete,,,1
72621,AssigningTasksInstance,,5,complete,,,1
72640,AssigningTasksInstance,,5,complete,,,1
72641,AssigningTasksInstance,,5,complete,,,0
72647,AssigningTasksInstance,,5,complete,,,1
72652,AssigningTasksInstance,,5,complete,,,1
72688,AssigningTasksInstance,,5,complete,,,1
72740,AssigningTasksInstance,,5,complete,,,1
72765,AssigningTasksInstance,,5,complete,,,0
72767,AssigningTasksInstance,,5,complete,,,0
72768,AssigningTasksInstance,,5,complete,,,1
72769,AssigningTasksInstance,,5,complete,,,1
72770,AssigningTasksInstance,,5,complete,,,1
72771,AssigningTasksInstance,,5,complete,,,1
72790,AssigningTasksInstance,,5,complete,,,0
72797,AssigningTasksInstance,,5,complete,,,1
72798,AssigningTasksInstance,,5,complete,,,1
72803,AssigningTasksInstance,,5,complete,,,1
72808,AssigningTasksInstance,,5,complete,,,1
72813,AssigningTasksInstance,,5,complete,,,0
72823,AssigningTasksInstance,,5,complete,,,1
72827,AssigningTasksInstance,,5,complete,,,1
72893,AssigningTasksInstance,,5,complete,,,0
72894,AssigningTasksInstance,,5,complete,,,1
72896,AssigningTasksInstance,,5,complete,,,1
72909,AssigningTasksInstance,,5,complete,,,0
72910,AssigningTasksInstance,,5,complete,,,0
72918,AssigningTasksInstance,,5,complete,,,0
72942,AssigningTasksInstance,,5,complete,,,0
72946,AssigningTasksInstance,,5,complete,,,1
72986,AssigningTasksInstance,,5,complete,,,1
72987,AssigningTasksInstance,,5,complete,,,1
72988,AssigningTasksInstance,,5,complete,,,0
72989,AssigningTasksInstance,,5,complete,,,0
72993,AssigningTasksInstance,,5,complete,,,1
73029,AssigningTasksInstance,,5,complete,,,0
73053,AssigningTasksInstance,,5,complete,,,0
73065,AssigningTasksInstance,,5,complete,,,1
73069,AssigningTasksInstance,,5,complete,,,1
73070,AssigningTasksInstance,,5,complete,,,1
73071,AssigningTasksInstance,,5,complete,,,1
73097,AssigningTasksInstance,,5,complete,,,1
73101,AssigningTasksInstance,,5,complete,,,0
73114,AssigningTasksInstance,,5,complete,,,0
73118,AssigningTasksInstance,,5,complete,,,1
73144,AssigningTasksInstance,,5,complete,,,1
73147,AssigningTasksInstance,,5,complete,,,1
73154,AssigningTasksInstance,,5,complete,,,1
73155,AssigningTasksInstance,,5,complete,,,1
73158,AssigningTasksInstance,,5,complete,,,0
73185,AssigningTasksInstance,,5,complete,,,0
73190,AssigningTasksInstance,,5,complete,,,0
73195,AssigningTasksInstance,,5,complete,,,1
73197,AssigningTasksInstance,,5,complete,,,1
73198,AssigningTasksInstance,,5,complete,,,1
73199,AssigningTasksInstance,,5,complete,,,1
73200,AssigningTasksInstance,,5,complete,,,1
73201,AssigningTasksInstance,,5,complete,,,1
73202,AssigningTasksInstance,,5,complete,,,1
73203,AssigningTasksInstance,,5,complete,,,1
73204,AssigningTasksInstance,,5,complete,,,1
73205,AssigningTasksInstance,,5,complete,,,1
73214,AssigningTasksInstance,,5,complete,,,0
73215,AssigningTasksInstance,,5,complete,,,0
73243,AssigningTasksInstance,,5,complete,,,0
73269,AssigningTasksInstance,,5,complete,,,1
73286,AssigningTasksInstance,,5,complete,,,0
73316,AssigningTasksInstance,,5,complete,,,1
73321,AssigningTasksInstance,,5,complete,,,0
73322,AssigningTasksInstance,,5,complete,,,1
73351,AssigningTasksInstance,,5,complete,,,1
73365,AssigningTasksInstance,,5,complete,,,1
73366,AssigningTasksInstance,,5,complete,,,0
73372,AssigningTasksInstance,,5,complete,,,1
73373,AssigningTasksInstance,,5,complete,,,1
73374,AssigningTasksInstance,,5,complete,,,1
73375,AssigningTasksInstance,,5,complete,,,1
73379,AssigningTasksInstance,,5,complete,,,0
73416,AssigningTasksInstance,,5,complete,,,0
73427,AssigningTasksInstance,,5,complete,,,1
73432,AssigningTasksInstance,,5,complete,,,1
73463,AssigningTasksInstance,,5,complete,,,1
73467,AssigningTasksInstance,,5,complete,,,0
73470,AssigningTasksInstance,,5,complete,,,1
73476,AssigningTasksInstance,,5,complete,,,1
73480,AssigningTasksInstance,,5,complete,,,1
73491,AssigningTasksInstance,,5,complete,,,0
73494,AssigningTasksInstance,,5,complete,,,0
73495,AssigningTasksInstance,,5,complete,,,0
73518,AssigningTasksInstance,,5,complete,,,1
73558,AssigningTasksInstance,,5,complete,,,1
73566,AssigningTasksInstance,,5,complete,,,1
73574,AssigningTasksInstance,,5,complete,,,0
73593,AssigningTasksInstance,,5,complete,,,1
73644,AssigningTasksInstance,,5,complete,,,1
73645,AssigningTasksInstance,,5,complete,,,1
73664,AssigningTasksInstance,,5,complete,,,1
73665,AssigningTasksInstance,,5,complete,,,1
73691,AssigningTasksInstance,,5,complete,,,1
73759,AssigningTasksInstance,,5,complete,,,1
73780,AssigningTasksInstance,,5,complete,,,1
73784,AssigningTasksInstance,,5,complete,,,1
73823,AssigningTasksInstance,,5,complete,,,1
73824,AssigningTasksInstance,,5,complete,,,1
73840,AssigningTasksInstance,,5,complete,,,0
73841,AssigningTasksInstance,,5,complete,,,0
73851,AssigningTasksInstance,,5,complete,,,0
73861,AssigningTasksInstance,,5,complete,,,1
73889,AssigningTasksInstance,,5,complete,,,1
73924,AssigningTasksInstance,,5,complete,,,1
73925,AssigningTasksInstance,,5,complete,,,1
73927,AssigningTasksInstance,,5,complete,,,0
73942,AssigningTasksInstance,,5,complete,,,1
73943,AssigningTasksInstance,,5,complete,,,1
73954,AssigningTasksInstance,,5,complete,,,1
73956,AssigningTasksInstance,,5,complete,,,0
73958,AssigningTasksInstance,,5,complete,,,0
73970,AssigningTasksInstance,,5,complete,,,1
73972,AssigningTasksInstance,,5,complete,,,0
73977,AssigningTasksInstance,,5,complete,,,1
74086,AssigningTasksInstance,,5,complete,,,0
74116,AssigningTasksInstance,,5,complete,,,0
74117,AssigningTasksInstance,,5,complete,,,0
74126,AssigningTasksInstance,,5,complete,,,0
74131,AssigningTasksInstance,,5,complete,,,1
74138,AssigningTasksInstance,,5,complete,,,1
74209,AssigningTasksInstance,,5,complete,,,0
74226,AssigningTasksInstance,,5,complete,,,1
74246,AssigningTasksInstance,,5,complete,,,0
74256,AssigningTasksInstance,,5,complete,,,1
74273,AssigningTasksInstance,,5,complete,,,0
74274,AssigningTasksInstance,,5,complete,,,1
74275,AssigningTasksInstance,,5,complete,,,1
74280,AssigningTasksInstance,,5,complete,,,1
74304,AssigningTasksInstance,,5,complete,,,1
74317,AssigningTasksInstance,,5,complete,,,0
74318,AssigningTasksInstance,,5,complete,,,0
74350,AssigningTasksInstance,,5,complete,,,0
74352,AssigningTasksInstance,,5,complete,,,1
74353,AssigningTasksInstance,,5,complete,,,1
74354,AssigningTasksInstance,,5,complete,,,1
74365,AssigningTasksInstance,,5,complete,,,1
74381,AssigningTasksInstance,,5,complete,,,0
74391,AssigningTasksInstance,,5,complete,,,1
74397,AssigningTasksInstance,,5,complete,,,0
74398,AssigningTasksInstance,,5,complete,,,1
74399,AssigningTasksInstance,,5,complete,,,0
74409,AssigningTasksInstance,,5,complete,,,1
74410,AssigningTasksInstance,,5,complete,,,1
74411,AssigningTasksInstance,,5,complete,,,1
74419,AssigningTasksInstance,,5,complete,,,1
74420,AssigningTasksInstance,,5,complete,,,1
74430,AssigningTasksInstance,,5,complete,,,1
74439,AssigningTasksInstance,,5,complete,,,1
74460,AssigningTasksInstance,,5,complete,,,0
74470,AssigningTasksInstance,,5,complete,,,1
74484,AssigningTasksInstance,,5,complete,,,1
74485,AssigningTasksInstance,,5,complete,,,1
74486,AssigningTasksInstance,,5,complete,,,0
74496,AssigningTasksInstance,,5,complete,,,1
74497,AssigningTasksInstance,,5,complete,,,1
74499,AssigningTasksInstance,,5,complete,,,0
74512,AssigningTasksInstance,,5,complete,,,0
74570,AssigningTasksInstance,,5,complete,,,0
74571,AssigningTasksInstance,,5,complete,,,1
74572,AssigningTasksInstance,,5,complete,,,1
74577,AssigningTasksInstance,,5,complete,,,1
74580,AssigningTasksInstance,,5,complete,,,0
74581,AssigningTasksInstance,,5,complete,,,1
74582,AssigningTasksInstance,,5,complete,,,1
74589,AssigningTasksInstance,,5,complete,,,0
74625,AssigningTasksInstance,,5,complete,,,1
74631,AssigningTasksInstance,,5,complete,,,0
74640,AssigningTasksInstance,,5,complete,,,1
74655,AssigningTasksInstance,,5,complete,,,1
74656,AssigningTasksInstance,,5,complete,,,1
74657,AssigningTasksInstance,,5,complete,,,1
74663,AssigningTasksInstance,,5,complete,,,0
74664,AssigningTasksInstance,,5,complete,,,1
74673,AssigningTasksInstance,,5,complete,,,1
74674,AssigningTasksInstance,,5,complete,,,1
74688,AssigningTasksInstance,,5,complete,,,1
74693,AssigningTasksInstance,,5,complete,,,1
74717,AssigningTasksInstance,,5,complete,,,1
74718,AssigningTasksInstance,,5,complete,,,1
74726,AssigningTasksInstance,,5,complete,,,1
74738,AssigningTasksInstance,,5,complete,,,0
74764,AssigningTasksInstance,,5,complete,,,1
74777,AssigningTasksInstance,,5,complete,,,1
74781,AssigningTasksInstance,,5,complete,,,0
74804,AssigningTasksInstance,,5,complete,,,1
74805,AssigningTasksInstance,,5,complete,,,1
74806,AssigningTasksInstance,,5,complete,,,1
74807,AssigningTasksInstance,,5,complete,,,1
74809,AssigningTasksInstance,,5,complete,,,0
74810,AssigningTasksInstance,,5,complete,,,1
74811,AssigningTasksInstance,,5,complete,,,1
74813,AssigningTasksInstance,,5,complete,,,1
74871,AssigningTasksInstance,,5,complete,,,0
74872,AssigningTasksInstance,,5,complete,,,1
74882,AssigningTasksInstance,,5,complete,,,1
74910,AssigningTasksInstance,,5,complete,,,1
74911,AssigningTasksInstance,,5,complete,,,1
74912,AssigningTasksInstance,,5,complete,,,1
74914,AssigningTasksInstance,,5,complete,,,0
74916,AssigningTasksInstance,,5,complete,,,0
74923,AssigningTasksInstance,,5,complete,,,1
74924,AssigningTasksInstance,,5,complete,,,1
74954,AssigningTasksInstance,,5,complete,,,0
74968,AssigningTasksInstance,,5,complete,,,0
74970,AssigningTasksInstance,,5,complete,,,1
74971,AssigningTasksInstance,,5,complete,,,1
74976,AssigningTasksInstance,,5,complete,,,0
75016,AssigningTasksInstance,,5,complete,,,1
75017,AssigningTasksInstance,,5,complete,,,1
75039,AssigningTasksInstance,,5,complete,,,0
75084,AssigningTasksInstance,,5,complete,,,0
75086,AssigningTasksInstance,,5,complete,,,1
75103,AssigningTasksInstance,,5,complete,,,1
75116,AssigningTasksInstance,,5,complete,,,1
75137,AssigningTasksInstance,,5,complete,,,1
75176,AssigningTasksInstance,,5,complete,,,1
75177,AssigningTasksInstance,,5,complete,,,1
75178,AssigningTasksInstance,,5,complete,,,1
75181,AssigningTasksInstance,,5,complete,,,0
75186,AssigningTasksInstance,,5,complete,,,1
75187,AssigningTasksInstance,,5,complete,,,1
75188,AssigningTasksInstance,,5,complete,,,0
75191,AssigningTasksInstance,,5,complete,,,1
75211,AssigningTasksInstance,,5,complete,,,1
75213,AssigningTasksInstance,,5,complete,,,1
75214,AssigningTasksInstance,,5,complete,,,1
75217,AssigningTasksInstance,,5,complete,,,1
75219,AssigningTasksInstance,,5,complete,,,1
75263,AssigningTasksInstance,,5,complete,,,1
75265,AssigningTasksInstance,,5,complete,,,0
75283,AssigningTasksInstance,,5,complete,,,0
75299,AssigningTasksInstance,,5,complete,,,1
75305,AssigningTasksInstance,,5,complete,,,1
75320,AssigningTasksInstance,,5,complete,,,1
75321,AssigningTasksInstance,,5,complete,,,0
75334,AssigningTasksInstance,,5,complete,,,1
75335,AssigningTasksInstance,,5,complete,,,1
75342,AssigningTasksInstance,,5,complete,,,1
75346,AssigningTasksInstance,,5,complete,,,1
75350,AssigningTasksInstance,,5,complete,,,1
75377,AssigningTasksInstance,,5,complete,,,1
75379,AssigningTasksInstance,,5,complete,,,0
75382,AssigningTasksInstance,,5,complete,,,1
75383,AssigningTasksInstance,,5,complete,,,1
75385,AssigningTasksInstance,,5,complete,,,1
75386,AssigningTasksInstance,,5,complete,,,1
75396,AssigningTasksInstance,,5,complete,,,1
75397,AssigningTasksInstance,,5,complete,,,1
75398,AssigningTasksInstance,,5,complete,,,1
75399,AssigningTasksInstance,,5,complete,,,1
75405,AssigningTasksInstance,,5,complete,,,1
75406,AssigningTasksInstance,,5,complete,,,1
75426,AssigningTasksInstance,,5,complete,,,0
75438,AssigningTasksInstance,,5,complete,,,0
75450,AssigningTasksInstance,,5,complete,,,1
75452,AssigningTasksInstance,,5,complete,,,0
75458,AssigningTasksInstance,,5,complete,,,1
75459,AssigningTasksInstance,,5,complete,,,1
75460,AssigningTasksInstance,,5,complete,,,1
75461,AssigningTasksInstance,,5,complete,,,1
75462,AssigningTasksInstance,,5,complete,,,1
75463,AssigningTasksInstance,,5,complete,,,1
75470,AssigningTasksInstance,,5,complete,,,0
75483,AssigningTasksInstance,,5,complete,,,0
75499,AssigningTasksInstance,,5,complete,,,0
75500,AssigningTasksInstance,,5,complete,,,0
75542,AssigningTasksInstance,,5,complete,,,0
75561,AssigningTasksInstance,,5,complete,,,1
75564,AssigningTasksInstance,,5,complete,,,1
75579,AssigningTasksInstance,,5,complete,,,0
75597,AssigningTasksInstance,,5,complete,,,0
75606,AssigningTasksInstance,,5,complete,,,1
75631,AssigningTasksInstance,,5,complete,,,1
75657,AssigningTasksInstance,,5,complete,,,0
75692,AssigningTasksInstance,,5,complete,,,0
75699,AssigningTasksInstance,,5,complete,,,1
75700,AssigningTasksInstance,,5,complete,,,1
75708,AssigningTasksInstance,,5,complete,,,0
75716,AssigningTasksInstance,,5,complete,,,1
75739,AssigningTasksInstance,,5,complete,,,0
75745,AssigningTasksInstance,,5,complete,,,0
75746,AssigningTasksInstance,,5,complete,,,1
75747,AssigningTasksInstance,,5,complete,,,1
75748,AssigningTasksInstance,,5,complete,,,0
75757,AssigningTasksInstance,,5,complete,,,1
75759,AssigningTasksInstance,,5,complete,,,1
75760,AssigningTasksInstance,,5,complete,,,0
75763,AssigningTasksInstance,,5,complete,,,0
75784,AssigningTasksInstance,,5,complete,,,1
75813,AssigningTasksInstance,,5,complete,,,1
75816,AssigningTasksInstance,,5,complete,,,0
75817,AssigningTasksInstance,,5,complete,,,0
75818,AssigningTasksInstance,,5,complete,,,0
75819,AssigningTasksInstance,,5,complete,,,0
75820,AssigningTasksInstance,,5,complete,,,1
75823,AssigningTasksInstance,,5,complete,,,0
75881,AssigningTasksInstance,,5,complete,,,1
75882,AssigningTasksInstance,,5,complete,,,0
75884,AssigningTasksInstance,,5,complete,,,0
75899,AssigningTasksInstance,,5,complete,,,0
75915,AssigningTasksInstance,,5,complete,,,1
75920,AssigningTasksInstance,,5,complete,,,0
75943,AssigningTasksInstance,,5,complete,,,0
75944,AssigningTasksInstance,,5,complete,,,1
75947,AssigningTasksInstance,,5,complete,,,0
75960,AssigningTasksInstance,,5,complete,,,0
75988,AssigningTasksInstance,,5,complete,,,1
75989,AssigningTasksInstance,,5,complete,,,1
75990,AssigningTasksInstance,,5,complete,,,0
76011,AssigningTasksInstance,,5,complete,,,1
76027,AssigningTasksInstance,,5,complete,,,0
76036,AssigningTasksInstance,,5,complete,,,1
76041,AssigningTasksInstance,,5,complete,,,1
76045,AssigningTasksInstance,,5,complete,,,0
76061,AssigningTasksInstance,,5,complete,,,1
76062,AssigningTasksInstance,,5,complete,,,1
76134,AssigningTasksInstance,,5,complete,,,1
76151,AssigningTasksInstance,,5,complete,,,1
76155,AssigningTasksInstance,,5,complete,,,0
76157,AssigningTasksInstance,,5,complete,,,0
76167,AssigningTasksInstance,,5,complete,,,1
76184,AssigningTasksInstance,,5,complete,,,0
76188,AssigningTasksInstance,,5,complete,,,0
76205,AssigningTasksInstance,,5,complete,,,1
76208,AssigningTasksInstance,,5,complete,,,1
76219,AssigningTasksInstance,,5,complete,,,1
76321,AssigningTasksInstance,,5,complete,,,0
76330,AssigningTasksInstance,,5,complete,,,0
76356,AssigningTasksInstance,,5,complete,,,1
76358,AssigningTasksInstance,,5,complete,,,0
76359,AssigningTasksInstance,,5,complete,,,1
76364,AssigningTasksInstance,,5,complete,,,0
76368,AssigningTasksInstance,,5,complete,,,1
76369,AssigningTasksInstance,,5,complete,,,1
76384,AssigningTasksInstance,,5,complete,,,1
76413,AssigningTasksInstance,,5,complete,,,1
76414,AssigningTasksInstance,,5,complete,,,1
76425,AssigningTasksInstance,,5,complete,,,1
76435,AssigningTasksInstance,,5,complete,,,1
76439,AssigningTasksInstance,,5,complete,,,1
76450,AssigningTasksInstance,,5,complete,,,0
76452,AssigningTasksInstance,,5,complete,,,0
76455,AssigningTasksInstance,,5,complete,,,1
76460,AssigningTasksInstance,,5,complete,,,0
76488,AssigningTasksInstance,,5,complete,,,1
76490,AssigningTasksInstance,,5,complete,,,1
76502,AssigningTasksInstance,,5,complete,,,0
76505,AssigningTasksInstance,,5,complete,,,0
76529,AssigningTasksInstance,,5,complete,,,1
76601,AssigningTasksInstance,,5,complete,,,1
76602,AssigningTasksInstance,,5,complete,,,1
76604,AssigningTasksInstance,,5,complete,,,0
76642,AssigningTasksInstance,,5,complete,,,0
76664,AssigningTasksInstance,,5,complete,,,1
76671,AssigningTasksInstance,,5,complete,,,0
76708,AssigningTasksInstance,,5,complete,,,0
76710,AssigningTasksInstance,,5,complete,,,1
76711,AssigningTasksInstance,,5,complete,,,0
76742,AssigningTasksInstance,,5,complete,,,1
76743,AssigningTasksInstance,,5,complete,,,1
76744,AssigningTasksInstance,,5,complete,,,1
76745,AssigningTasksInstance,,5,complete,,,1
76746,AssigningTasksInstance,,5,complete,,,1
76750,AssigningTasksInstance,,5,complete,,,0
76752,AssigningTasksInstance,,5,complete,,,1
76756,AssigningTasksInstance,,5,complete,,,0
76768,AssigningTasksInstance,,5,complete,,,1
76795,AssigningTasksInstance,,5,complete,,,1
76796,AssigningTasksInstance,,5,complete,,,1
76802,AssigningTasksInstance,,5,complete,,,1
76843,AssigningTasksInstance,,5,complete,,,1
76847,AssigningTasksInstance,,5,complete,,,0
76848,AssigningTasksInstance,,5,complete,,,0
76851,AssigningTasksInstance,,5,complete,,,0
76870,AssigningTasksInstance,,5,complete,,,1
76884,AssigningTasksInstance,,5,complete,,,0
76901,AssigningTasksInstance,,5,complete,,,0
76908,AssigningTasksInstance,,5,complete,,,0
76929,AssigningTasksInstance,,5,complete,,,1
76957,AssigningTasksInstance,,5,complete,,,0
76969,AssigningTasksInstance,,5,complete,,,0
76976,AssigningTasksInstance,,5,complete,,,1
77008,AssigningTasksInstance,,5,complete,,,1
77023,AssigningTasksInstance,,5,complete,,,0
77025,AssigningTasksInstance,,5,complete,,,0
77026,AssigningTasksInstance,,5,complete,,,0
77027,AssigningTasksInstance,,5,complete,,,0
77028,AssigningTasksInstance,,5,complete,,,0
77029,AssigningTasksInstance,,5,complete,,,0
77043,AssigningTasksInstance,,5,complete,,,1
77068,AssigningTasksInstance,,5,complete,,,1
77072,AssigningTasksInstance,,5,complete,,,1
77073,AssigningTasksInstance,,5,complete,,,0
77075,AssigningTasksInstance,,5,complete,,,1
77078,AssigningTasksInstance,,5,complete,,,0
77080,AssigningTasksInstance,,5,complete,,,1
77081,AssigningTasksInstance,,5,complete,,,0
77082,AssigningTasksInstance,,5,complete,,,1
77110,AssigningTasksInstance,,5,complete,,,1
77170,AssigningTasksInstance,,5,complete,,,0
77171,AssigningTasksInstance,,5,complete,,,1
77211,AssigningTasksInstance,,5,complete,,,0
77212,AssigningTasksInstance,,5,complete,,,0
77258,AssigningTasksInstance,,5,complete,,,1
77262,AssigningTasksInstance,,5,complete,,,0
77277,AssigningTasksInstance,,5,complete,,,1
77278,AssigningTasksInstance,,5,complete,,,1
77315,AssigningTasksInstance,,5,complete,,,0
77334,AssigningTasksInstance,,5,complete,,,1
77339,AssigningTasksInstance,,5,complete,,,0
77342,AssigningTasksInstance,,5,complete,,,1
77360,AssigningTasksInstance,,5,complete,,,1
77361,AssigningTasksInstance,,5,complete,,,1
77362,AssigningTasksInstance,,5,complete,,,1
77363,AssigningTasksInstance,,5,complete,,,1
77373,AssigningTasksInstance,,5,complete,,,1
77375,AssigningTasksInstance,,5,complete,,,1
77380,AssigningTasksInstance,,5,complete,,,0
77490,AssigningTasksInstance,,5,complete,,,0
77503,AssigningTasksInstance,,5,complete,,,0
77504,AssigningTasksInstance,,5,complete,,,0
77508,AssigningTasksInstance,,5,complete,,,0
77547,AssigningTasksInstance,,5,complete,,,0
77553,AssigningTasksInstance,,5,complete,,,0
77586,AssigningTasksInstance,,5,complete,,,1
77595,AssigningTasksInstance,,5,complete,,,1
77602,AssigningTasksInstance,,5,complete,,,0
77603,AssigningTasksInstance,,5,complete,,,0
77620,AssigningTasksInstance,,5,complete,,,0
77636,AssigningTasksInstance,,5,complete,,,1
77639,AssigningTasksInstance,,5,complete,,,1
77640,AssigningTasksInstance,,5,complete,,,1
77651,AssigningTasksInstance,,5,complete,,,1
77676,AssigningTasksInstance,,5,complete,,,0
77682,AssigningTasksInstance,,5,complete,,,1
77697,AssigningTasksInstance,,5,complete,,,0
77705,AssigningTasksInstance,,5,complete,,,1
77716,AssigningTasksInstance,,5,complete,,,1
77719,AssigningTasksInstance,,5,complete,,,1
77746,AssigningTasksInstance,,5,complete,,,0
77756,AssigningTasksInstance,,5,complete,,,1
77785,AssigningTasksInstance,,5,complete,,,0
77793,AssigningTasksInstance,,5,complete,,,1
77818,AssigningTasksInstance,,5,complete,,,1
77820,AssigningTasksInstance,,5,complete,,,1
77838,AssigningTasksInstance,,5,complete,,,0
77840,AssigningTasksInstance,,5,complete,,,0
77887,AssigningTasksInstance,,5,complete,,,0
77888,AssigningTasksInstance,,5,complete,,,1
77889,AssigningTasksInstance,,5,complete,,,1
77913,AssigningTasksInstance,,5,complete,,,0
77918,AssigningTasksInstance,,5,complete,,,1
77934,AssigningTasksInstance,,5,complete,,,0
77965,AssigningTasksInstance,,5,complete,,,0
77967,AssigningTasksInstance,,5,complete,,,0
78004,AssigningTasksInstance,,5,complete,,,1
78005,AssigningTasksInstance,,5,complete,,,0
78007,AssigningTasksInstance,,5,complete,,,1
78013,AssigningTasksInstance,,5,complete,,,0
78021,AssigningTasksInstance,,5,complete,,,0
78022,AssigningTasksInstance,,5,complete,,,1
78025,AssigningTasksInstance,,5,complete,,,1
78026,AssigningTasksInstance,,5,complete,,,1
78042,AssigningTasksInstance,,5,complete,,,1
78077,AssigningTasksInstance,,5,complete,,,0
78089,AssigningTasksInstance,,5,complete,,,1
78098,AssigningTasksInstance,,5,complete,,,0
78126,AssigningTasksInstance,,5,complete,,,1
78135,AssigningTasksInstance,,5,complete,,,1
78137,AssigningTasksInstance,,5,complete,,,1
78143,AssigningTasksInstance,,5,complete,,,1
78185,AssigningTasksInstance,,5,complete,,,1
78186,AssigningTasksInstance,,5,complete,,,1
78190,AssigningTasksInstance,,5,complete,,,0
78191,AssigningTasksInstance,,5,complete,,,0
78227,AssigningTasksInstance,,5,complete,,,1
78228,AssigningTasksInstance,,5,complete,,,1
78234,AssigningTasksInstance,,5,complete,,,1
78345,AssigningTasksInstance,,5,complete,,,1
78346,AssigningTasksInstance,,5,complete,,,1
78352,AssigningTasksInstance,,5,complete,,,0
78360,AssigningTasksInstance,,5,complete,,,0
78430,AssigningTasksInstance,,5,complete,,,1
78434,AssigningTasksInstance,,5,complete,,,1
78435,AssigningTasksInstance,,5,complete,,,1
78452,AssigningTasksInstance,,5,complete,,,1
78464,AssigningTasksInstance,,5,complete,,,1
78470,AssigningTasksInstance,,5,complete,,,1
78486,AssigningTasksInstance,,5,complete,,,1
78489,AssigningTasksInstance,,5,complete,,,1
78498,AssigningTasksInstance,,5,complete,,,0
78503,AssigningTasksInstance,,5,complete,,,0
78515,AssigningTasksInstance,,5,complete,,,0
78516,AssigningTasksInstance,,5,complete,,,0
78555,AssigningTasksInstance,,5,complete,,,1
78563,AssigningTasksInstance,,5,complete,,,1
78572,AssigningTasksInstance,,5,complete,,,1
78577,AssigningTasksInstance,,5,complete,,,0
78580,AssigningTasksInstance,,5,complete,,,1
78581,AssigningTasksInstance,,5,complete,,,1
78582,AssigningTasksInstance,,5,complete,,,1
78587,AssigningTasksInstance,,5,complete,,,1
78595,AssigningTasksInstance,,5,complete,,,1
78609,AssigningTasksInstance,,5,complete,,,1
78633,AssigningTasksInstance,,5,complete,,,1
78639,AssigningTasksInstance,,5,complete,,,1
78640,AssigningTasksInstance,,5,complete,,,1
78641,AssigningTasksInstance,,5,complete,,,1
78657,AssigningTasksInstance,,5,complete,,,1
78658,AssigningTasksInstance,,5,complete,,,1
78681,AssigningTasksInstance,,5,complete,,,1
78721,AssigningTasksInstance,,5,complete,,,1
78731,AssigningTasksInstance,,5,complete,,,0
78737,AssigningTasksInstance,,5,complete,,,1
78785,AssigningTasksInstance,,5,complete,,,1
78791,AssigningTasksInstance,,5,complete,,,1
78805,AssigningTasksInstance,,5,complete,,,1
78806,AssigningTasksInstance,,5,complete,,,1
78808,AssigningTasksInstance,,5,complete,,,1
78809,AssigningTasksInstance,,5,complete,,,1
78810,AssigningTasksInstance,,5,complete,,,1
78811,AssigningTasksInstance,,5,complete,,,1
78830,AssigningTasksInstance,,5,complete,,,1
78831,AssigningTasksInstance,,5,complete,,,1
78836,AssigningTasksInstance,,5,complete,,,0
78838,AssigningTasksInstance,,5,complete,,,1
78865,AssigningTasksInstance,,5,complete,,,1
78866,AssigningTasksInstance,,5,complete,,,0
78908,AssigningTasksInstance,,5,complete,,,0
78920,AssigningTasksInstance,,5,complete,,,0
78935,AssigningTasksInstance,,5,complete,,,1
78937,AssigningTasksInstance,,5,complete,,,1
78938,AssigningTasksInstance,,5,complete,,,1
78939,AssigningTasksInstance,,5,complete,,,1
78953,AssigningTasksInstance,,5,complete,,,1
78983,AssigningTasksInstance,,5,complete,,,0
79006,AssigningTasksInstance,,5,complete,,,1
79009,AssigningTasksInstance,,5,complete,,,1
79044,AssigningTasksInstance,,5,complete,,,1
79052,AssigningTasksInstance,,5,complete,,,0
79077,AssigningTasksInstance,,5,complete,,,1
79078,AssigningTasksInstance,,5,complete,,,1
79079,AssigningTasksInstance,,5,complete,,,0
79080,AssigningTasksInstance,,5,complete,,,0
79085,AssigningTasksInstance,,5,complete,,,1
79098,AssigningTasksInstance,,5,complete,,,1
79172,AssigningTasksInstance,,5,complete,,,1
79173,AssigningTasksInstance,,5,complete,,,1
79174,AssigningTasksInstance,,5,complete,,,1
79175,AssigningTasksInstance,,5,complete,,,1
79203,AssigningTasksInstance,,5,complete,,,1
79221,AssigningTasksInstance,,5,complete,,,1
79245,AssigningTasksInstance,,5,complete,,,1
79307,AssigningTasksInstance,,5,complete,,,1
79308,AssigningTasksInstance,,5,complete,,,1
79315,AssigningTasksInstance,,5,complete,,,1
79332,AssigningTasksInstance,,5,complete,,,1
79349,AssigningTasksInstance,,5,complete,,,1
79376,AssigningTasksInstance,,5,complete,,,0
79414,AssigningTasksInstance,,5,complete,,,1
79448,AssigningTasksInstance,,5,complete,,,1
79449,AssigningTasksInstance,,5,complete,,,1
79489,AssigningTasksInstance,,5,complete,,,1
79504,AssigningTasksInstance,,5,complete,,,1
79545,AssigningTasksInstance,,5,complete,,,1
79606,AssigningTasksInstance,,5,complete,,,1
79655,AssigningTasksInstance,,5,complete,,,0
79679,AssigningTasksInstance,,5,complete,,,1
79686,AssigningTasksInstance,,5,complete,,,1
79695,AssigningTasksInstance,,5,complete,,,1
79833,AssigningTasksInstance,,5,complete,,,1
79834,AssigningTasksInstance,,5,complete,,,1
79835,AssigningTasksInstance,,5,complete,,,1
79836,AssigningTasksInstance,,5,complete,,,1
79849,AssigningTasksInstance,,5,complete,,,1
79851,AssigningTasksInstance,,5,complete,,,1
79873,AssigningTasksInstance,,5,complete,,,1
79885,AssigningTasksInstance,,5,complete,,,0
79990,AssigningTasksInstance,,5,complete,,,1
80002,AssigningTasksInstance,,5,complete,,,1
80018,AssigningTasksInstance,,5,complete,,,0
80031,AssigningTasksInstance,,5,complete,,,1
80043,AssigningTasksInstance,,5,complete,,,0
80075,AssigningTasksInstance,,5,complete,,,0
80104,AssigningTasksInstance,,5,complete,,,1
80105,AssigningTasksInstance,,5,complete,,,1
80106,AssigningTasksInstance,,5,complete,,,1
80107,AssigningTasksInstance,,5,complete,,,1
80115,AssigningTasksInstance,,5,complete,,,1
80117,AssigningTasksInstance,,5,complete,,,0
80181,AssigningTasksInstance,,5,complete,,,1
80197,AssigningTasksInstance,,5,complete,,,1
80227,AssigningTasksInstance,,5,complete,,,1
80244,AssigningTasksInstance,,5,complete,,,1
80265,AssigningTasksInstance,,5,complete,,,1
80279,AssigningTasksInstance,,5,complete,,,1
80291,AssigningTasksInstance,,5,complete,,,1
80319,AssigningTasksInstance,,5,complete,,,0
80338,AssigningTasksInstance,,5,complete,,,1
80352,AssigningTasksInstance,,5,complete,,,1
80353,AssigningTasksInstance,,5,complete,,,1
80354,AssigningTasksInstance,,5,complete,,,1
80387,AssigningTasksInstance,,5,complete,,,1
80404,AssigningTasksInstance,,5,complete,,,0
80440,AssigningTasksInstance,,5,complete,,,1
80461,AssigningTasksInstance,,5,complete,,,1
80499,AssigningTasksInstance,,5,complete,,,0
80501,AssigningTasksInstance,,5,complete,,,1
80503,AssigningTasksInstance,,5,complete,,,1
80541,AssigningTasksInstance,,5,complete,,,1
80546,AssigningTasksInstance,,5,complete,,,1
80549,AssigningTasksInstance,,5,complete,,,0
80554,AssigningTasksInstance,,5,complete,,,1
80575,AssigningTasksInstance,,5,complete,,,0
80713,AssigningTasksInstance,,5,complete,,,0
80749,AssigningTasksInstance,,5,complete,,,1
80762,AssigningTasksInstance,,5,complete,,,0
80798,AssigningTasksInstance,,5,complete,,,1
80801,AssigningTasksInstance,,5,complete,,,1
80835,AssigningTasksInstance,,5,complete,,,1
80836,AssigningTasksInstance,,5,complete,,,1
80837,AssigningTasksInstance,,5,complete,,,0
80969,AssigningTasksInstance,,5,complete,,,1
80970,AssigningTasksInstance,,5,complete,,,0
80984,AssigningTasksInstance,,5,complete,,,1
80992,AssigningTasksInstance,,5,complete,,,0
81015,AssigningTasksInstance,,5,complete,,,0
81016,AssigningTasksInstance,,5,complete,,,0
81021,AssigningTasksInstance,,5,complete,,,0
81039,AssigningTasksInstance,,5,complete,,,0
81074,AssigningTasksInstance,,5,complete,,,1
81075,AssigningTasksInstance,,5,complete,,,0
81076,AssigningTasksInstance,,5,complete,,,1
81099,AssigningTasksInstance,,5,complete,,,1
81100,AssigningTasksInstance,,5,complete,,,1
81101,AssigningTasksInstance,,5,complete,,,1
81129,AssigningTasksInstance,,5,complete,,,0
81164,AssigningTasksInstance,,5,complete,,,0
81189,AssigningTasksInstance,,5,complete,,,1
81195,AssigningTasksInstance,,5,complete,,,0
81196,AssigningTasksInstance,,5,complete,,,1
81203,AssigningTasksInstance,,5,complete,,,0
81224,AssigningTasksInstance,,5,complete,,,1
81225,AssigningTasksInstance,,5,complete,,,1
81231,AssigningTasksInstance,,5,complete,,,0
81237,AssigningTasksInstance,,5,complete,,,1
81257,AssigningTasksInstance,,5,complete,,,0
81264,AssigningTasksInstance,,5,complete,,,0
81266,AssigningTasksInstance,,5,complete,,,0
81272,AssigningTasksInstance,,5,complete,,,0
81278,AssigningTasksInstance,,5,complete,,,1
81279,AssigningTasksInstance,,5,complete,,,1
81281,AssigningTasksInstance,,5,complete,,,0
81284,AssigningTasksInstance,,5,complete,,,0
81287,AssigningTasksInstance,,5,complete,,,0
81298,AssigningTasksInstance,,5,complete,,,1
81327,AssigningTasksInstance,,5,complete,,,1
81338,AssigningTasksInstance,,5,complete,,,1
81348,AssigningTasksInstance,,5,complete,,,1
81355,AssigningTasksInstance,,5,complete,,,0
81358,AssigningTasksInstance,,5,complete,,,0
81365,AssigningTasksInstance,,5,complete,,,1
81366,AssigningTasksInstance,,5,complete,,,1
81371,AssigningTasksInstance,,5,complete,,,1
81386,AssigningTasksInstance,,5,complete,,,0
81389,AssigningTasksInstance,,5,complete,,,1
81404,AssigningTasksInstance,,5,complete,,,0
81407,AssigningTasksInstance,,5,complete,,,0
81413,AssigningTasksInstance,,5,complete,,,1
81415,AssigningTasksInstance,,5,complete,,,1
81416,AssigningTasksInstance,,5,complete,,,1
81425,AssigningTasksInstance,,5,complete,,,1
81441,AssigningTasksInstance,,5,complete,,,1
81442,AssigningTasksInstance,,5,complete,,,1
81443,AssigningTasksInstance,,5,complete,,,1
81444,AssigningTasksInstance,,5,complete,,,1
81445,AssigningTasksInstance,,5,complete,,,1
81446,AssigningTasksInstance,,5,complete,,,1
81447,AssigningTasksInstance,,5,complete,,,1
81448,AssigningTasksInstance,,5,complete,,,1
81449,AssigningTasksInstance,,5,complete,,,1
81450,AssigningTasksInstance,,5,complete,,,1
81469,AssigningTasksInstance,,5,complete,,,1
81472,AssigningTasksInstance,,5,complete,,,1
81517,AssigningTasksInstance,,5,complete,,,1
81541,AssigningTasksInstance,,5,complete,,,1
81542,AssigningTasksInstance,,5,complete,,,1
81545,AssigningTasksInstance,,5,complete,,,1
81555,AssigningTasksInstance,,5,complete,,,1
81556,AssigningTasksInstance,,5,complete,,,1
81557,AssigningTasksInstance,,5,complete,,,1
81558,AssigningTasksInstance,,5,complete,,,1
81573,AssigningTasksInstance,,5,complete,,,1
81577,AssigningTasksInstance,,5,complete,,,1
81578,AssigningTasksInstance,,5,complete,,,0
81583,AssigningTasksInstance,,5,complete,,,1
81584,AssigningTasksInstance,,5,complete,,,1
81591,AssigningTasksInstance,,5,complete,,,0
81594,AssigningTasksInstance,,5,complete,,,1
81595,AssigningTasksInstance,,5,complete,,,1
81596,AssigningTasksInstance,,5,complete,,,1
81612,AssigningTasksInstance,,5,complete,,,1
81633,AssigningTasksInstance,,5,complete,,,0
81634,AssigningTasksInstance,,5,complete,,,0
81636,AssigningTasksInstance,,5,complete,,,1
81669,AssigningTasksInstance,,5,complete,,,1
81679,AssigningTasksInstance,,5,complete,,,1
81700,AssigningTasksInstance,,5,complete,,,1
81701,AssigningTasksInstance,,5,complete,,,1
81716,AssigningTasksInstance,,5,complete,,,0
81717,AssigningTasksInstance,,5,complete,,,0
81725,AssigningTasksInstance,,5,complete,,,1
81726,AssigningTasksInstance,,5,complete,,,1
81750,AssigningTasksInstance,,5,complete,,,0
81760,AssigningTasksInstance,,5,complete,,,0
81766,AssigningTasksInstance,,5,complete,,,0
81778,AssigningTasksInstance,,5,complete,,,1
81780,AssigningTasksInstance,,5,complete,,,1
81782,AssigningTasksInstance,,5,complete,,,1
81787,AssigningTasksInstance,,5,complete,,,1
81830,AssigningTasksInstance,,5,complete,,,0
81848,AssigningTasksInstance,,5,complete,,,1
81851,AssigningTasksInstance,,5,complete,,,1
81852,AssigningTasksInstance,,5,complete,,,1
81853,AssigningTasksInstance,,5,complete,,,0
81862,AssigningTasksInstance,,5,complete,,,1
81863,AssigningTasksInstance,,5,complete,,,1
81864,AssigningTasksInstance,,5,complete,,,1
81865,AssigningTasksInstance,,5,complete,,,0
81867,AssigningTasksInstance,,5,complete,,,0
81883,AssigningTasksInstance,,5,complete,,,1
81899,AssigningTasksInstance,,5,complete,,,1
81909,AssigningTasksInstance,,5,complete,,,1
81913,AssigningTasksInstance,,5,complete,,,1
81920,AssigningTasksInstance,,5,complete,,,1
81944,AssigningTasksInstance,,5,complete,,,0
81954,AssigningTasksInstance,,5,complete,,,1
81955,AssigningTasksInstance,,5,complete,,,1
81959,AssigningTasksInstance,,5,complete,,,1
81967,AssigningTasksInstance,,5,complete,,,1
81983,AssigningTasksInstance,,5,complete,,,1
81984,AssigningTasksInstance,,5,complete,,,1
81986,AssigningTasksInstance,,5,complete,,,1
81993,AssigningTasksInstance,,5,complete,,,1
81994,AssigningTasksInstance,,5,complete,,,0
82006,AssigningTasksInstance,,5,complete,,,1
82007,AssigningTasksInstance,,5,complete,,,1
82008,AssigningTasksInstance,,5,complete,,,1
82009,AssigningTasksInstance,,5,complete,,,1
82010,AssigningTasksInstance,,5,complete,,,1
82011,AssigningTasksInstance,,5,complete,,,1
82016,AssigningTasksInstance,,5,complete,,,1
82029,AssigningTasksInstance,,5,complete,,,1
82030,AssigningTasksInstance,,5,complete,,,1
82031,AssigningTasksInstance,,5,complete,,,1
82032,AssigningTasksInstance,,5,complete,,,1
82033,AssigningTasksInstance,,5,complete,,,1
82035,AssigningTasksInstance,,5,complete,,,1
82036,AssigningTasksInstance,,5,complete,,,1
82042,AssigningTasksInstance,,5,complete,,,1
82049,AssigningTasksInstance,,5,complete,,,1
82057,AssigningTasksInstance,,5,complete,,,1
82061,AssigningTasksInstance,,5,complete,,,1
82092,AssigningTasksInstance,,5,complete,,,1
82096,AssigningTasksInstance,,5,complete,,,1
82097,AssigningTasksInstance,,5,complete,,,1
82116,AssigningTasksInstance,,5,complete,,,1
82117,AssigningTasksInstance,,5,complete,,,1
82118,AssigningTasksInstance,,5,complete,,,1
82119,AssigningTasksInstance,,5,complete,,,0
82138,AssigningTasksInstance,,5,complete,,,0
82148,AssigningTasksInstance,,5,complete,,,0
82152,AssigningTasksInstance,,5,complete,,,1
82166,AssigningTasksInstance,,5,complete,,,0
82192,AssigningTasksInstance,,5,complete,,,1
82193,AssigningTasksInstance,,5,complete,,,1
82194,AssigningTasksInstance,,5,complete,,,0
82201,AssigningTasksInstance,,5,complete,,,1
82202,AssigningTasksInstance,,5,complete,,,1
82203,AssigningTasksInstance,,5,complete,,,1
82204,AssigningTasksInstance,,5,complete,,,1
82220,AssigningTasksInstance,,5,complete,,,1
82222,AssigningTasksInstance,,5,complete,,,1
82236,AssigningTasksInstance,,5,complete,,,1
82237,AssigningTasksInstance,,5,complete,,,1
82238,AssigningTasksInstance,,5,complete,,,1
82241,AssigningTasksInstance,,5,complete,,,0
82249,AssigningTasksInstance,,5,complete,,,0
82250,AssigningTasksInstance,,5,complete,,,1
82251,AssigningTasksInstance,,5,complete,,,1
82252,AssigningTasksInstance,,5,complete,,,1
82253,AssigningTasksInstance,,5,complete,,,0
82254,AssigningTasksInstance,,5,complete,,,1
82266,AssigningTasksInstance,,5,complete,,,0
82271,AssigningTasksInstance,,5,complete,,,0
82274,AssigningTasksInstance,,5,complete,,,0
82275,AssigningTasksInstance,,5,complete,,,1
82276,AssigningTasksInstance,,5,complete,,,1
82278,AssigningTasksInstance,,5,complete,,,1
82279,AssigningTasksInstance,,5,complete,,,1
82281,AssigningTasksInstance,,5,complete,,,1
82282,AssigningTasksInstance,,5,complete,,,1
82283,AssigningTasksInstance,,5,complete,,,1
82303,AssigningTasksInstance,,5,complete,,,1
82304,AssigningTasksInstance,,5,complete,,,1
82305,AssigningTasksInstance,,5,complete,,,1
82306,AssigningTasksInstance,,5,complete,,,1
82307,AssigningTasksInstance,,5,complete,,,0
82320,AssigningTasksInstance,,5,complete,,,1
82346,AssigningTasksInstance,,5,complete,,,0
82347,AssigningTasksInstance,,5,complete,,,1
82373,AssigningTasksInstance,,5,complete,,,0
82379,AssigningTasksInstance,,5,complete,,,1
82380,AssigningTasksInstance,,5,complete,,,1
82395,AssigningTasksInstance,,5,complete,,,0
82397,AssigningTasksInstance,,5,complete,,,0
82399,AssigningTasksInstance,,5,complete,,,1
82401,AssigningTasksInstance,,5,complete,,,0
82407,AssigningTasksInstance,,5,complete,,,1
82414,AssigningTasksInstance,,5,complete,,,0
82415,AssigningTasksInstance,,5,complete,,,0
82416,AssigningTasksInstance,,5,complete,,,1
82418,AssigningTasksInstance,,5,complete,,,0
82419,AssigningTasksInstance,,5,complete,,,1
82421,AssigningTasksInstance,,5,complete,,,1
82422,AssigningTasksInstance,,5,complete,,,1
82441,AssigningTasksInstance,,5,complete,,,0
82443,AssigningTasksInstance,,5,complete,,,1
82450,AssigningTasksInstance,,5,complete,,,1
82471,AssigningTasksInstance,,5,complete,,,1
82472,AssigningTasksInstance,,5,complete,,,1
82474,AssigningTasksInstance,,5,complete,,,1
82485,AssigningTasksInstance,,5,complete,,,1
82494,AssigningTasksInstance,,5,complete,,,0
82495,AssigningTasksInstance,,5,complete,,,0
82512,AssigningTasksInstance,,5,complete,,,1
82513,AssigningTasksInstance,,5,complete,,,1
82516,AssigningTasksInstance,,5,complete,,,1
82522,AssigningTasksInstance,,5,complete,,,1
82523,AssigningTasksInstance,,5,complete,,,1
82536,AssigningTasksInstance,,5,complete,,,1
82537,AssigningTasksInstance,,5,complete,,,0
82545,AssigningTasksInstance,,5,complete,,,1
82546,AssigningTasksInstance,,5,complete,,,0
82547,AssigningTasksInstance,,5,complete,,,1
82557,AssigningTasksInstance,,5,complete,,,1
82560,AssigningTasksInstance,,5,complete,,,1
82568,AssigningTasksInstance,,5,complete,,,0
82574,AssigningTasksInstance,,5,complete,,,0
82576,AssigningTasksInstance,,5,complete,,,0
82585,AssigningTasksInstance,,5,complete,,,1
82614,AssigningTasksInstance,,5,complete,,,1
82636,AssigningTasksInstance,,5,complete,,,0
82637,AssigningTasksInstance,,5,complete,,,0
82640,AssigningTasksInstance,,5,complete,,,1
82647,AssigningTasksInstance,,5,complete,,,1
82648,AssigningTasksInstance,,5,complete,,,1
82649,AssigningTasksInstance,,5,complete,,,1
82671,AssigningTasksInstance,,5,complete,,,1
82672,AssigningTasksInstance,,5,complete,,,1
82674,AssigningTasksInstance,,5,complete,,,0
82677,AssigningTasksInstance,,5,complete,,,1
82678,AssigningTasksInstance,,5,complete,,,1
82684,AssigningTasksInstance,,5,complete,,,1
82685,AssigningTasksInstance,,5,complete,,,1
82686,AssigningTasksInstance,,5,complete,,,1
82688,AssigningTasksInstance,,5,complete,,,1
82689,AssigningTasksInstance,,5,complete,,,1
82690,AssigningTasksInstance,,5,complete,,,1
82691,AssigningTasksInstance,,5,complete,,,1
82692,AssigningTasksInstance,,5,complete,,,1
82725,AssigningTasksInstance,,5,complete,,,0
82731,AssigningTasksInstance,,5,complete,,,1
82749,AssigningTasksInstance,,5,complete,,,1
82822,AssigningTasksInstance,,5,complete,,,1
82823,AssigningTasksInstance,,5,complete,,,1
82916,AssigningTasksInstance,,5,complete,,,1
82936,AssigningTasksInstance,,5,complete,,,1
82945,AssigningTasksInstance,,5,complete,,,1
82964,AssigningTasksInstance,,5,complete,,,0
83061,AssigningTasksInstance,,5,complete,,,1
83062,AssigningTasksInstance,,5,complete,,,1
83125,AssigningTasksInstance,,5,complete,,,1
83126,AssigningTasksInstance,,5,complete,,,1
83128,AssigningTasksInstance,,5,complete,,,1
83131,AssigningTasksInstance,,5,complete,,,1
83132,AssigningTasksInstance,,5,complete,,,1
83187,AssigningTasksInstance,,5,complete,,,1
83194,AssigningTasksInstance,,5,complete,,,1
83215,AssigningTasksInstance,,5,complete,,,0
83216,AssigningTasksInstance,,5,complete,,,0
83223,AssigningTasksInstance,,5,complete,,,0
83226,AssigningTasksInstance,,5,complete,,,0
83227,AssigningTasksInstance,,5,complete,,,1
83241,AssigningTasksInstance,,5,complete,,,0
83245,AssigningTasksInstance,,5,complete,,,0
83247,AssigningTasksInstance,,5,complete,,,0
83255,AssigningTasksInstance,,5,complete,,,1
83257,AssigningTasksInstance,,5,complete,,,1
83258,AssigningTasksInstance,,5,complete,,,1
83266,AssigningTasksInstance,,5,complete,,,1
83267,AssigningTasksInstance,,5,complete,,,1
83318,AssigningTasksInstance,,5,complete,,,1
83319,AssigningTasksInstance,,5,complete,,,1
83321,AssigningTasksInstance,,5,complete,,,0
83322,AssigningTasksInstance,,5,complete,,,0
83324,AssigningTasksInstance,,5,complete,,,0
83328,AssigningTasksInstance,,5,complete,,,1
83334,AssigningTasksInstance,,5,complete,,,1
83359,AssigningTasksInstance,,5,complete,,,1
83367,AssigningTasksInstance,,5,complete,,,0
83373,AssigningTasksInstance,,5,complete,,,0
83374,AssigningTasksInstance,,5,complete,,,1
83379,AssigningTasksInstance,,5,complete,,,0
83380,AssigningTasksInstance,,5,complete,,,1
83383,AssigningTasksInstance,,5,complete,,,1
83390,AssigningTasksInstance,,5,complete,,,1
83397,AssigningTasksInstance,,5,complete,,,1
83431,AssigningTasksInstance,,5,complete,,,1
83432,AssigningTasksInstance,,5,complete,,,1
83447,AssigningTasksInstance,,5,complete,,,1
83448,AssigningTasksInstance,,5,complete,,,1
83449,AssigningTasksInstance,,5,complete,,,0
83456,AssigningTasksInstance,,5,complete,,,1
83491,AssigningTasksInstance,,5,complete,,,0
83500,AssigningTasksInstance,,5,complete,,,0
83514,AssigningTasksInstance,,5,complete,,,1
83566,AssigningTasksInstance,,5,complete,,,1
83570,AssigningTasksInstance,,5,complete,,,0
83572,AssigningTasksInstance,,5,complete,,,1
83680,AssigningTasksInstance,,5,complete,,,1
83684,AssigningTasksInstance,,5,complete,,,1
83685,AssigningTasksInstance,,5,complete,,,0
83686,AssigningTasksInstance,,5,complete,,,0
83687,AssigningTasksInstance,,5,complete,,,0
83688,AssigningTasksInstance,,5,complete,,,1
83689,AssigningTasksInstance,,5,complete,,,1
83690,AssigningTasksInstance,,5,complete,,,1
83691,AssigningTasksInstance,,5,complete,,,1
83713,AssigningTasksInstance,,5,complete,,,1
83715,AssigningTasksInstance,,5,complete,,,0
83728,AssigningTasksInstance,,5,complete,,,1
83736,AssigningTasksInstance,,5,complete,,,0
83737,AssigningTasksInstance,,5,complete,,,0
83739,AssigningTasksInstance,,5,complete,,,1
83750,AssigningTasksInstance,,5,complete,,,1
83751,AssigningTasksInstance,,5,complete,,,1
83777,AssigningTasksInstance,,5,complete,,,1
83778,AssigningTasksInstance,,5,complete,,,1
83780,AssigningTasksInstance,,5,complete,,,1
83781,AssigningTasksInstance,,5,complete,,,1
83782,AssigningTasksInstance,,5,complete,,,1
83783,AssigningTasksInstance,,5,complete,,,1
83784,AssigningTasksInstance,,5,complete,,,1
83785,AssigningTasksInstance,,5,complete,,,1
83786,AssigningTasksInstance,,5,complete,,,1
83787,AssigningTasksInstance,,5,complete,,,1
83825,AssigningTasksInstance,,5,complete,,,0
83826,AssigningTasksInstance,,5,complete,,,0
83840,AssigningTasksInstance,,5,complete,,,0
83851,AssigningTasksInstance,,5,complete,,,1
83852,AssigningTasksInstance,,5,complete,,,1
83876,AssigningTasksInstance,,5,complete,,,0
83884,AssigningTasksInstance,,5,complete,,,0
83886,AssigningTasksInstance,,5,complete,,,1
83894,AssigningTasksInstance,,5,complete,,,0
83900,AssigningTasksInstance,,5,complete,,,1
83907,AssigningTasksInstance,,5,complete,,,1
83908,AssigningTasksInstance,,5,complete,,,1
83951,AssigningTasksInstance,,5,complete,,,0
83964,AssigningTasksInstance,,5,complete,,,1
83965,AssigningTasksInstance,,5,complete,,,1
83974,AssigningTasksInstance,,5,complete,,,1
83978,AssigningTasksInstance,,5,complete,,,1
84015,AssigningTasksInstance,,5,complete,,,1
84041,AssigningTasksInstance,,5,complete,,,1
84091,AssigningTasksInstance,,5,complete,,,0
84110,AssigningTasksInstance,,5,complete,,,1
84139,AssigningTasksInstance,,5,complete,,,1
84145,AssigningTasksInstance,,5,complete,,,1
84168,AssigningTasksInstance,,5,complete,,,0
84170,AssigningTasksInstance,,5,complete,,,0
84182,AssigningTasksInstance,,5,complete,,,1
84183,AssigningTasksInstance,,5,complete,,,1
84235,AssigningTasksInstance,,5,complete,,,1
84236,AssigningTasksInstance,,5,complete,,,0
84246,AssigningTasksInstance,,5,complete,,,1
84247,AssigningTasksInstance,,5,complete,,,1
84255,AssigningTasksInstance,,5,complete,,,0
84257,AssigningTasksInstance,,5,complete,,,1
84266,AssigningTasksInstance,,5,complete,,,0
84288,AssigningTasksInstance,,5,complete,,,1
84297,AssigningTasksInstance,,5,complete,,,1
84302,AssigningTasksInstance,,5,complete,,,1
84320,AssigningTasksInstance,,5,complete,,,0
84322,AssigningTasksInstance,,5,complete,,,1
84323,AssigningTasksInstance,,5,complete,,,0
84343,AssigningTasksInstance,,5,complete,,,0
84344,AssigningTasksInstance,,5,complete,,,0
84356,AssigningTasksInstance,,5,complete,,,1
84399,AssigningTasksInstance,,5,complete,,,1
84400,AssigningTasksInstance,,5,complete,,,1
84401,AssigningTasksInstance,,5,complete,,,1
84402,AssigningTasksInstance,,5,complete,,,1
84403,AssigningTasksInstance,,5,complete,,,1
84409,AssigningTasksInstance,,5,complete,,,1
84411,AssigningTasksInstance,,5,complete,,,1
84413,AssigningTasksInstance,,5,complete,,,1
84435,AssigningTasksInstance,,5,complete,,,1
84450,AssigningTasksInstance,,5,complete,,,0
84462,AssigningTasksInstance,,5,complete,,,1
84463,AssigningTasksInstance,,5,complete,,,0
84464,AssigningTasksInstance,,5,complete,,,0
84471,AssigningTasksInstance,,5,complete,,,0
84494,AssigningTasksInstance,,5,complete,,,1
84508,AssigningTasksInstance,,5,complete,,,1
84512,AssigningTasksInstance,,5,complete,,,1
84513,AssigningTasksInstance,,5,complete,,,1
84518,AssigningTasksInstance,,5,complete,,,1
84544,AssigningTasksInstance,,5,complete,,,1
84545,AssigningTasksInstance,,5,complete,,,1
84547,AssigningTasksInstance,,5,complete,,,0
84594,AssigningTasksInstance,,5,complete,,,1
84606,AssigningTasksInstance,,5,complete,,,0
84607,AssigningTasksInstance,,5,complete,,,0
84630,AssigningTasksInstance,,5,complete,,,1
84631,AssigningTasksInstance,,5,complete,,,1
84632,AssigningTasksInstance,,5,complete,,,1
84633,AssigningTasksInstance,,5,complete,,,1
84634,AssigningTasksInstance,,5,complete,,,0
84635,AssigningTasksInstance,,5,complete,,,1
84636,AssigningTasksInstance,,5,complete,,,1
84637,AssigningTasksInstance,,5,complete,,,1
84647,AssigningTasksInstance,,5,complete,,,1
84648,AssigningTasksInstance,,5,complete,,,1
84649,AssigningTasksInstance,,5,complete,,,1
84687,AssigningTasksInstance,,5,complete,,,1
84696,AssigningTasksInstance,,5,complete,,,1
84697,AssigningTasksInstance,,5,complete,,,1
84698,AssigningTasksInstance,,5,complete,,,1
84708,AssigningTasksInstance,,5,complete,,,1
84709,AssigningTasksInstance,,5,complete,,,1
84710,AssigningTasksInstance,,5,complete,,,1
84711,AssigningTasksInstance,,5,complete,,,1
84712,AssigningTasksInstance,,5,complete,,,1
84713,AssigningTasksInstance,,5,complete,,,1
84714,AssigningTasksInstance,,5,complete,,,1
84715,AssigningTasksInstance,,5,complete,,,1
84741,AssigningTasksInstance,,5,complete,,,1
84743,AssigningTasksInstance,,5,complete,,,0
84744,AssigningTasksInstance,,5,complete,,,1
84760,AssigningTasksInstance,,5,complete,,,0
84763,AssigningTasksInstance,,5,complete,,,0
84766,AssigningTasksInstance,,5,complete,,,0
84794,AssigningTasksInstance,,5,complete,,,1
84801,AssigningTasksInstance,,5,complete,,,1
84820,AssigningTasksInstance,,5,complete,,,1
84833,AssigningTasksInstance,,5,complete,,,1
84842,AssigningTasksInstance,,5,complete,,,1
84854,AssigningTasksInstance,,5,complete,,,0
84860,AssigningTasksInstance,,5,complete,,,1
84874,AssigningTasksInstance,,5,complete,,,1
84879,AssigningTasksInstance,,5,complete,,,1
84882,AssigningTasksInstance,,5,complete,,,0
84894,AssigningTasksInstance,,5,complete,,,0
84896,AssigningTasksInstance,,5,complete,,,1
84901,AssigningTasksInstance,,5,complete,,,1
84933,AssigningTasksInstance,,5,complete,,,0
84946,AssigningTasksInstance,,5,complete,,,0
84956,AssigningTasksInstance,,5,complete,,,0
84957,AssigningTasksInstance,,5,complete,,,1
85041,AssigningTasksInstance,,5,complete,,,1
85044,AssigningTasksInstance,,5,complete,,,0
85051,AssigningTasksInstance,,5,complete,,,1
85052,AssigningTasksInstance,,5,complete,,,1
85056,AssigningTasksInstance,,5,complete,,,1
85059,AssigningTasksInstance,,5,complete,,,0
85073,AssigningTasksInstance,,5,complete,,,0
85084,AssigningTasksInstance,,5,complete,,,1
85085,AssigningTasksInstance,,5,complete,,,1
85149,AssigningTasksInstance,,5,complete,,,1
85166,AssigningTasksInstance,,5,complete,,,1
85174,AssigningTasksInstance,,5,complete,,,1
85182,AssigningTasksInstance,,5,complete,,,1
85184,AssigningTasksInstance,,5,complete,,,1
85185,AssigningTasksInstance,,5,complete,,,1
85186,AssigningTasksInstance,,5,complete,,,0
85187,AssigningTasksInstance,,5,complete,,,1
85188,AssigningTasksInstance,,5,complete,,,0
85193,AssigningTasksInstance,,5,complete,,,0
85194,AssigningTasksInstance,,5,complete,,,1
85209,AssigningTasksInstance,,5,complete,,,0
85213,AssigningTasksInstance,,5,complete,,,0
85217,AssigningTasksInstance,,5,complete,,,1
85235,AssigningTasksInstance,,5,complete,,,0
85256,AssigningTasksInstance,,5,complete,,,0
85261,AssigningTasksInstance,,5,complete,,,0
85271,AssigningTasksInstance,,5,complete,,,1
85302,AssigningTasksInstance,,5,complete,,,1
85309,AssigningTasksInstance,,5,complete,,,1
85312,AssigningTasksInstance,,5,complete,,,1
85342,AssigningTasksInstance,,5,complete,,,1
85343,AssigningTasksInstance,,5,complete,,,1
85344,AssigningTasksInstance,,5,complete,,,1
85345,AssigningTasksInstance,,5,complete,,,1
85352,AssigningTasksInstance,,5,complete,,,0
85369,AssigningTasksInstance,,5,complete,,,1
85379,AssigningTasksInstance,,5,complete,,,0
85390,AssigningTasksInstance,,5,complete,,,1
85391,AssigningTasksInstance,,5,complete,,,1
85412,AssigningTasksInstance,,5,complete,,,1
85413,AssigningTasksInstance,,5,complete,,,1
85431,AssigningTasksInstance,,5,complete,,,1
85439,AssigningTasksInstance,,5,complete,,,1
85440,AssigningTasksInstance,,5,complete,,,1
85441,AssigningTasksInstance,,5,complete,,,1
85452,AssigningTasksInstance,,5,complete,,,1
85453,AssigningTasksInstance,,5,complete,,,1
85523,AssigningTasksInstance,,5,complete,,,0
85525,AssigningTasksInstance,,5,complete,,,0
85562,AssigningTasksInstance,,5,complete,,,1
85599,AssigningTasksInstance,,5,complete,,,1
85601,AssigningTasksInstance,,5,complete,,,0
85602,AssigningTasksInstance,,5,complete,,,1
85607,AssigningTasksInstance,,5,complete,,,0
85610,AssigningTasksInstance,,5,complete,,,1
85618,AssigningTasksInstance,,5,complete,,,1
85641,AssigningTasksInstance,,5,complete,,,1
85642,AssigningTasksInstance,,5,complete,,,1
85643,AssigningTasksInstance,,5,complete,,,1
85644,AssigningTasksInstance,,5,complete,,,1
85677,AssigningTasksInstance,,5,complete,,,1
85679,AssigningTasksInstance,,5,complete,,,1
85680,AssigningTasksInstance,,5,complete,,,1
85689,AssigningTasksInstance,,5,complete,,,0
85698,AssigningTasksInstance,,5,complete,,,0
85700,AssigningTasksInstance,,5,complete,,,0
85701,AssigningTasksInstance,,5,complete,,,0
85713,AssigningTasksInstance,,5,complete,,,1
85714,AssigningTasksInstance,,5,complete,,,1
85717,AssigningTasksInstance,,5,complete,,,0
85722,AssigningTasksInstance,,5,complete,,,0
85735,AssigningTasksInstance,,5,complete,,,0
85737,AssigningTasksInstance,,5,complete,,,1
85750,AssigningTasksInstance,,5,complete,,,0
85751,AssigningTasksInstance,,5,complete,,,0
85753,AssigningTasksInstance,,5,complete,,,0
85757,AssigningTasksInstance,,5,complete,,,1
85766,AssigningTasksInstance,,5,complete,,,1
85775,AssigningTasksInstance,,5,complete,,,1
85790,AssigningTasksInstance,,5,complete,,,0
85809,AssigningTasksInstance,,5,complete,,,1
85824,AssigningTasksInstance,,5,complete,,,1
85825,AssigningTasksInstance,,5,complete,,,1
85832,AssigningTasksInstance,,5,complete,,,0
85838,AssigningTasksInstance,,5,complete,,,0
85857,AssigningTasksInstance,,5,complete,,,0
85866,AssigningTasksInstance,,5,complete,,,0
85904,AssigningTasksInstance,,5,complete,,,1
85907,AssigningTasksInstance,,5,complete,,,1
85931,AssigningTasksInstance,,5,complete,,,1
85939,AssigningTasksInstance,,5,complete,,,1
85940,AssigningTasksInstance,,5,complete,,,1
85941,AssigningTasksInstance,,5,complete,,,1
85957,AssigningTasksInstance,,5,complete,,,1
85965,AssigningTasksInstance,,5,complete,,,1
85972,AssigningTasksInstance,,5,complete,,,1
85973,AssigningTasksInstance,,5,complete,,,1
85977,AssigningTasksInstance,,5,complete,,,1
85978,AssigningTasksInstance,,5,complete,,,1
85979,AssigningTasksInstance,,5,complete,,,1
85982,AssigningTasksInstance,,5,complete,,,1
85983,AssigningTasksInstance,,5,complete,,,1
85988,AssigningTasksInstance,,5,complete,,,1
85989,AssigningTasksInstance,,5,complete,,,0
86006,AssigningTasksInstance,,5,complete,,,1
86019,AssigningTasksInstance,,5,complete,,,0
86020,AssigningTasksInstance,,5,complete,,,1
86023,AssigningTasksInstance,,5,complete,,,1
86024,AssigningTasksInstance,,5,complete,,,1
86025,AssigningTasksInstance,,5,complete,,,1
86030,AssigningTasksInstance,,5,complete,,,1
86031,AssigningTasksInstance,,5,complete,,,1
86039,AssigningTasksInstance,,5,complete,,,0
86048,AssigningTasksInstance,,5,complete,,,1
86049,AssigningTasksInstance,,5,complete,,,1
86061,AssigningTasksInstance,,5,complete,,,0
86066,AssigningTasksInstance,,5,complete,,,1
86067,AssigningTasksInstance,,5,complete,,,1
86073,AssigningTasksInstance,,5,complete,,,1
86074,AssigningTasksInstance,,5,complete,,,1
86075,AssigningTasksInstance,,5,complete,,,1
86084,AssigningTasksInstance,,5,complete,,,0
86087,AssigningTasksInstance,,5,complete,,,1
86094,AssigningTasksInstance,,5,complete,,,0
86103,AssigningTasksInstance,,5,complete,,,0
86117,AssigningTasksInstance,,5,complete,,,0
86131,AssigningTasksInstance,,5,complete,,,0
86145,AssigningTasksInstance,,5,complete,,,1
86146,AssigningTasksInstance,,5,complete,,,1
86148,AssigningTasksInstance,,5,complete,,,1
86154,AssigningTasksInstance,,5,complete,,,1
86170,AssigningTasksInstance,,5,complete,,,0
86195,AssigningTasksInstance,,5,complete,,,1
86228,AssigningTasksInstance,,5,complete,,,1
86229,AssigningTasksInstance,,5,complete,,,1
86236,AssigningTasksInstance,,5,complete,,,1
86242,AssigningTasksInstance,,5,complete,,,0
86243,AssigningTasksInstance,,5,complete,,,0
86247,AssigningTasksInstance,,5,complete,,,0
86251,AssigningTasksInstance,,5,complete,,,1
86254,AssigningTasksInstance,,5,complete,,,0
86261,AssigningTasksInstance,,5,complete,,,0
86267,AssigningTasksInstance,,5,complete,,,0
86293,AssigningTasksInstance,,5,complete,,,1
86296,AssigningTasksInstance,,5,complete,,,1
86297,AssigningTasksInstance,,5,complete,,,1
86310,AssigningTasksInstance,,5,complete,,,1
86311,AssigningTasksInstance,,5,complete,,,1
86314,AssigningTasksInstance,,5,complete,,,1
86315,AssigningTasksInstance,,5,complete,,,1
86316,AssigningTasksInstance,,5,complete,,,1
86317,AssigningTasksInstance,,5,complete,,,1
86318,AssigningTasksInstance,,5,complete,,,1
86319,AssigningTasksInstance,,5,complete,,,1
86320,AssigningTasksInstance,,5,complete,,,1
86321,AssigningTasksInstance,,5,complete,,,1
86323,AssigningTasksInstance,,5,complete,,,1
86325,AssigningTasksInstance,,5,complete,,,1
86326,AssigningTasksInstance,,5,complete,,,1
86327,AssigningTasksInstance,,5,complete,,,1
86328,AssigningTasksInstance,,5,complete,,,1
86329,AssigningTasksInstance,,5,complete,,,1
86330,AssigningTasksInstance,,5,complete,,,1
86338,AssigningTasksInstance,,5,complete,,,1
86348,AssigningTasksInstance,,5,complete,,,1
86349,AssigningTasksInstance,,5,complete,,,0
86369,AssigningTasksInstance,,5,complete,,,1
86375,AssigningTasksInstance,,5,complete,,,1
86376,AssigningTasksInstance,,5,complete,,,1
86427,AssigningTasksInstance,,5,complete,,,1
86439,AssigningTasksInstance,,5,complete,,,0
86444,AssigningTasksInstance,,5,complete,,,1
86458,AssigningTasksInstance,,5,complete,,,0
86462,AssigningTasksInstance,,5,complete,,,1
86471,AssigningTasksInstance,,5,complete,,,1
86477,AssigningTasksInstance,,5,complete,,,1
86501,AssigningTasksInstance,,5,complete,,,1
86511,AssigningTasksInstance,,5,complete,,,1
86535,AssigningTasksInstance,,5,complete,,,1
86536,AssigningTasksInstance,,5,complete,,,1
86537,AssigningTasksInstance,,5,complete,,,1
86545,AssigningTasksInstance,,5,complete,,,1
86556,AssigningTasksInstance,,5,complete,,,1
86557,AssigningTasksInstance,,5,complete,,,1
86580,AssigningTasksInstance,,5,complete,,,1
86601,AssigningTasksInstance,,5,complete,,,1
86602,AssigningTasksInstance,,5,complete,,,1
86603,AssigningTasksInstance,,5,complete,,,1
86609,AssigningTasksInstance,,5,complete,,,0
86629,AssigningTasksInstance,,5,complete,,,0
86644,AssigningTasksInstance,,5,complete,,,1
86645,AssigningTasksInstance,,5,complete,,,1
86646,AssigningTasksInstance,,5,complete,,,1
86687,AssigningTasksInstance,,5,complete,,,0
86741,AssigningTasksInstance,,5,complete,,,1
86743,AssigningTasksInstance,,5,complete,,,1
86822,AssigningTasksInstance,,5,complete,,,0
86825,AssigningTasksInstance,,5,complete,,,1
86828,AssigningTasksInstance,,5,complete,,,0
86849,AssigningTasksInstance,,5,complete,,,1
86886,AssigningTasksInstance,,5,complete,,,1
86907,AssigningTasksInstance,,5,complete,,,0
86908,AssigningTasksInstance,,5,complete,,,0
86909,AssigningTasksInstance,,5,complete,,,0
86913,AssigningTasksInstance,,5,complete,,,1
86931,AssigningTasksInstance,,5,complete,,,1
86937,AssigningTasksInstance,,5,complete,,,1
86940,AssigningTasksInstance,,5,complete,,,0
86958,AssigningTasksInstance,,5,complete,,,0
86984,AssigningTasksInstance,,5,complete,,,1
87140,AssigningTasksInstance,,5,complete,,,0
87173,AssigningTasksInstance,,5,complete,,,1
87174,AssigningTasksInstance,,5,complete,,,1
87186,AssigningTasksInstance,,5,complete,,,1
87187,AssigningTasksInstance,,5,complete,,,1
87272,AssigningTasksInstance,,5,complete,,,1
87310,AssigningTasksInstance,,5,complete,,,1
87331,AssigningTasksInstance,,5,complete,,,1
87338,AssigningTasksInstance,,5,complete,,,0
87376,AssigningTasksInstance,,5,complete,,,1
87391,AssigningTasksInstance,,5,complete,,,1
87401,AssigningTasksInstance,,5,complete,,,1
87467,AssigningTasksInstance,,5,complete,,,0
87473,AssigningTasksInstance,,5,complete,,,1
87510,AssigningTasksInstance,,5,complete,,,1
87542,AssigningTasksInstance,,5,complete,,,0
87543,AssigningTasksInstance,,5,complete,,,0
87586,AssigningTasksInstance,,5,complete,,,1
87639,AssigningTasksInstance,,5,complete,,,1
87655,AssigningTasksInstance,,5,complete,,,1
87663,AssigningTasksInstance,,5,complete,,,1
87664,AssigningTasksInstance,,5,complete,,,1
87685,AssigningTasksInstance,,5,complete,,,1
87686,AssigningTasksInstance,,5,complete,,,1
87715,AssigningTasksInstance,,5,complete,,,0
87718,AssigningTasksInstance,,5,complete,,,1
87719,AssigningTasksInstance,,5,complete,,,1
87720,AssigningTasksInstance,,5,complete,,,1
87721,AssigningTasksInstance,,5,complete,,,1
87722,AssigningTasksInstance,,5,complete,,,1
87736,AssigningTasksInstance,,5,complete,,,1
87744,AssigningTasksInstance,,5,complete,,,1
87775,AssigningTasksInstance,,5,complete,,,0
87776,AssigningTasksInstance,,5,complete,,,0
87780,AssigningTasksInstance,,5,complete,,,1
87820,AssigningTasksInstance,,5,complete,,,1
87825,AssigningTasksInstance,,5,complete,,,1
87826,AssigningTasksInstance,,5,complete,,,1
87827,AssigningTasksInstance,,5,complete,,,1
87828,AssigningTasksInstance,,5,complete,,,1
87829,AssigningTasksInstance,,5,complete,,,1
87830,AssigningTasksInstance,,5,complete,,,1
87831,AssigningTasksInstance,,5,complete,,,1
87832,AssigningTasksInstance,,5,complete,,,1
87839,AssigningTasksInstance,,5,complete,,,1
87869,AssigningTasksInstance,,5,complete,,,1
87870,AssigningTasksInstance,,5,complete,,,1
87882,AssigningTasksInstance,,5,complete,,,1
87907,AssigningTasksInstance,,5,complete,,,1
87925,AssigningTasksInstance,,5,complete,,,1
87926,AssigningTasksInstance,,5,complete,,,1
87939,AssigningTasksInstance,,5,complete,,,1
87940,AssigningTasksInstance,,5,complete,,,1
87941,AssigningTasksInstance,,5,complete,,,1
87942,AssigningTasksInstance,,5,complete,,,1
87944,AssigningTasksInstance,,5,complete,,,0
87948,AssigningTasksInstance,,5,complete,,,1
87952,AssigningTasksInstance,,5,complete,,,1
87998,AssigningTasksInstance,,5,complete,,,0
88057,AssigningTasksInstance,,5,complete,,,1
88060,AssigningTasksInstance,,5,complete,,,1
88061,AssigningTasksInstance,,5,complete,,,1
88062,AssigningTasksInstance,,5,complete,,,1
88069,AssigningTasksInstance,,5,complete,,,0
88079,AssigningTasksInstance,,5,complete,,,0
88144,AssigningTasksInstance,,5,complete,,,1
88149,AssigningTasksInstance,,5,complete,,,1
88183,AssigningTasksInstance,,5,complete,,,1
88184,AssigningTasksInstance,,5,complete,,,1
88216,AssigningTasksInstance,,5,complete,,,0
88283,AssigningTasksInstance,,5,complete,,,1
88315,AssigningTasksInstance,,5,complete,,,1
88316,AssigningTasksInstance,,5,complete,,,1
88317,AssigningTasksInstance,,5,complete,,,1
88327,AssigningTasksInstance,,5,complete,,,1
88337,AssigningTasksInstance,,5,complete,,,1
88338,AssigningTasksInstance,,5,complete,,,1
88339,AssigningTasksInstance,,5,complete,,,1
88342,AssigningTasksInstance,,5,complete,,,1
88408,AssigningTasksInstance,,5,complete,,,1
88431,AssigningTasksInstance,,5,complete,,,0
88506,AssigningTasksInstance,,5,complete,,,1
88507,AssigningTasksInstance,,5,complete,,,1
88601,AssigningTasksInstance,,5,complete,,,1
88672,AssigningTasksInstance,,5,complete,,,1
88673,AssigningTasksInstance,,5,complete,,,1
88674,AssigningTasksInstance,,5,complete,,,1
88715,AssigningTasksInstance,,5,complete,,,0
88730,AssigningTasksInstance,,5,complete,,,1
88817,AssigningTasksInstance,,5,complete,,,1
88875,AssigningTasksInstance,,5,complete,,,0
88889,AssigningTasksInstance,,5,complete,,,1
88890,AssigningTasksInstance,,5,complete,,,1
88898,AssigningTasksInstance,,5,complete,,,0
88925,AssigningTasksInstance,,5,complete,,,1
88945,AssigningTasksInstance,,5,complete,,,1
89004,AssigningTasksInstance,,5,complete,,,1
89017,AssigningTasksInstance,,5,complete,,,1
89038,AssigningTasksInstance,,5,complete,,,1
89063,AssigningTasksInstance,,5,complete,,,1
89167,AssigningTasksInstance,,5,complete,,,1
89242,AssigningTasksInstance,,5,complete,,,1
89243,AssigningTasksInstance,,5,complete,,,1
89283,AssigningTasksInstance,,5,complete,,,1
89284,AssigningTasksInstance,,5,complete,,,1
89286,AssigningTasksInstance,,5,complete,,,1
89290,AssigningTasksInstance,,5,complete,,,1
89291,AssigningTasksInstance,,5,complete,,,0
89315,AssigningTasksInstance,,5,complete,,,0
89367,AssigningTasksInstance,,5,complete,,,1
89396,AssigningTasksInstance,,5,complete,,,1
89428,AssigningTasksInstance,,5,complete,,,1
89449,AssigningTasksInstance,,5,complete,,,1
89464,AssigningTasksInstance,,5,complete,,,1
89485,AssigningTasksInstance,,5,complete,,,1
89520,AssigningTasksInstance,,5,complete,,,1
89524,AssigningTasksInstance,,5,complete,,,1
89525,AssigningTasksInstance,,5,complete,,,0
89536,AssigningTasksInstance,,5,complete,,,0
89540,AssigningTasksInstance,,5,complete,,,0
89564,AssigningTasksInstance,,5,complete,,,1
89565,AssigningTasksInstance,,5,complete,,,1
89566,AssigningTasksInstance,,5,complete,,,1
89578,AssigningTasksInstance,,5,complete,,,1
89579,AssigningTasksInstance,,5,complete,,,1
89593,AssigningTasksInstance,,5,complete,,,1
89609,AssigningTasksInstance,,5,complete,,,1
89611,AssigningTasksInstance,,5,complete,,,0
89617,AssigningTasksInstance,,5,complete,,,1
89640,AssigningTasksInstance,,5,complete,,,1
89676,AssigningTasksInstance,,5,complete,,,1
89700,AssigningTasksInstance,,5,complete,,,1
89701,AssigningTasksInstance,,5,complete,,,1
89721,AssigningTasksInstance,,5,complete,,,1
89744,AssigningTasksInstance,,5,complete,,,1
89751,AssigningTasksInstance,,5,complete,,,1
89762,AssigningTasksInstance,,5,complete,,,1
89771,AssigningTasksInstance,,5,complete,,,1
89795,AssigningTasksInstance,,5,complete,,,0
89818,AssigningTasksInstance,,5,complete,,,0
89847,AssigningTasksInstance,,5,complete,,,0
89848,AssigningTasksInstance,,5,complete,,,1
89872,AssigningTasksInstance,,5,complete,,,1
89873,AssigningTasksInstance,,5,complete,,,0
89991,AssigningTasksInstance,,5,complete,,,0
90010,AssigningTasksInstance,,5,complete,,,1
90031,AssigningTasksInstance,,5,complete,,,1
90057,AssigningTasksInstance,,5,complete,,,1
90077,AssigningTasksInstance,,5,complete,,,0
90081,AssigningTasksInstance,,5,complete,,,1
90113,AssigningTasksInstance,,5,complete,,,0
90123,AssigningTasksInstance,,5,complete,,,1
90129,AssigningTasksInstance,,5,complete,,,0
90132,AssigningTasksInstance,,5,complete,,,1
90134,AssigningTasksInstance,,5,complete,,,1
90162,AssigningTasksInstance,,5,complete,,,1
90187,AssigningTasksInstance,,5,complete,,,1
90188,AssigningTasksInstance,,5,complete,,,1
90191,AssigningTasksInstance,,5,complete,,,0
90223,AssigningTasksInstance,,5,complete,,,0
90224,AssigningTasksInstance,,5,complete,,,0
90241,AssigningTasksInstance,,5,complete,,,0
90253,AssigningTasksInstance,,5,complete,,,1
90255,AssigningTasksInstance,,5,complete,,,1
90262,AssigningTasksInstance,,5,complete,,,0
90267,AssigningTasksInstance,,5,complete,,,1
90269,AssigningTasksInstance,,5,complete,,,1
90284,AssigningTasksInstance,,5,complete,,,0
90294,AssigningTasksInstance,,5,complete,,,0
90303,AssigningTasksInstance,,5,complete,,,1
90304,AssigningTasksInstance,,5,complete,,,1
90314,AssigningTasksInstance,,5,complete,,,1
90324,AssigningTasksInstance,,5,complete,,,0
90328,AssigningTasksInstance,,5,complete,,,1
90329,AssigningTasksInstance,,5,complete,,,1
90334,AssigningTasksInstance,,5,complete,,,1
90362,AssigningTasksInstance,,5,complete,,,1
90367,AssigningTasksInstance,,5,complete,,,1
90379,AssigningTasksInstance,,5,complete,,,1
90380,AssigningTasksInstance,,5,complete,,,0
90398,AssigningTasksInstance,,5,complete,,,1
90415,AssigningTasksInstance,,5,complete,,,1
90416,AssigningTasksInstance,,5,complete,,,0
90447,AssigningTasksInstance,,5,complete,,,1
90448,AssigningTasksInstance,,5,complete,,,1
90449,AssigningTasksInstance,,5,complete,,,1
90450,AssigningTasksInstance,,5,complete,,,1
90451,AssigningTasksInstance,,5,complete,,,1
90452,AssigningTasksInstance,,5,complete,,,1
90490,AssigningTasksInstance,,5,complete,,,1
90492,AssigningTasksInstance,,5,complete,,,0
90494,AssigningTasksInstance,,5,complete,,,0
90500,AssigningTasksInstance,,5,complete,,,0
90506,AssigningTasksInstance,,5,complete,,,1
90528,AssigningTasksInstance,,5,complete,,,0
90542,AssigningTasksInstance,,5,complete,,,1
90547,AssigningTasksInstance,,5,complete,,,1
90551,AssigningTasksInstance,,5,complete,,,0
90553,AssigningTasksInstance,,5,complete,,,0
90560,AssigningTasksInstance,,5,complete,,,1
90561,AssigningTasksInstance,,5,complete,,,1
90562,AssigningTasksInstance,,5,complete,,,0
90563,AssigningTasksInstance,,5,complete,,,1
90583,AssigningTasksInstance,,5,complete,,,0
90591,AssigningTasksInstance,,5,complete,,,1
90605,AssigningTasksInstance,,5,complete,,,1
90622,AssigningTasksInstance,,5,complete,,,1
90623,AssigningTasksInstance,,5,complete,,,1
90624,AssigningTasksInstance,,5,complete,,,1
90638,AssigningTasksInstance,,5,complete,,,1
90650,AssigningTasksInstance,,5,complete,,,1
90655,AssigningTasksInstance,,5,complete,,,1
90661,AssigningTasksInstance,,5,complete,,,1
90666,AssigningTasksInstance,,5,complete,,,1
90675,AssigningTasksInstance,,5,complete,,,1
90676,AssigningTasksInstance,,5,complete,,,0
90681,AssigningTasksInstance,,5,complete,,,1
90689,AssigningTasksInstance,,5,complete,,,1
90690,AssigningTasksInstance,,5,complete,,,1
90692,AssigningTasksInstance,,5,complete,,,1
90698,AssigningTasksInstance,,5,complete,,,0
90739,AssigningTasksInstance,,5,complete,,,1
90750,AssigningTasksInstance,,5,complete,,,1
90755,AssigningTasksInstance,,5,complete,,,1
90757,AssigningTasksInstance,,5,complete,,,1
90760,AssigningTasksInstance,,5,complete,,,1
90761,AssigningTasksInstance,,5,complete,,,1
90795,AssigningTasksInstance,,5,complete,,,1
90814,AssigningTasksInstance,,5,complete,,,0
90816,AssigningTasksInstance,,5,complete,,,1
90821,AssigningTasksInstance,,5,complete,,,1
90823,AssigningTasksInstance,,5,complete,,,1
90824,AssigningTasksInstance,,5,complete,,,1
90850,AssigningTasksInstance,,5,complete,,,1
90859,AssigningTasksInstance,,5,complete,,,0
90866,AssigningTasksInstance,,5,complete,,,0
90869,AssigningTasksInstance,,5,complete,,,1
90880,AssigningTasksInstance,,5,complete,,,1
90882,AssigningTasksInstance,,5,complete,,,1
90887,AssigningTasksInstance,,5,complete,,,1
90888,AssigningTasksInstance,,5,complete,,,1
90889,AssigningTasksInstance,,5,complete,,,1
90894,AssigningTasksInstance,,5,complete,,,1
90896,AssigningTasksInstance,,5,complete,,,0
90897,AssigningTasksInstance,,5,complete,,,0
90898,AssigningTasksInstance,,5,complete,,,0
90900,AssigningTasksInstance,,5,complete,,,0
90902,AssigningTasksInstance,,5,complete,,,1
90906,AssigningTasksInstance,,5,complete,,,1
90915,AssigningTasksInstance,,5,complete,,,0
90916,AssigningTasksInstance,,5,complete,,,0
90918,AssigningTasksInstance,,5,complete,,,1
90920,AssigningTasksInstance,,5,complete,,,1
90928,AssigningTasksInstance,,5,complete,,,0
90941,AssigningTasksInstance,,5,complete,,,1
90944,AssigningTasksInstance,,5,complete,,,1
90946,AssigningTasksInstance,,5,complete,,,0
90948,AssigningTasksInstance,,5,complete,,,1
90957,AssigningTasksInstance,,5,complete,,,1
90961,AssigningTasksInstance,,5,complete,,,0
90973,AssigningTasksInstance,,5,complete,,,0
90975,AssigningTasksInstance,,5,complete,,,1
90976,AssigningTasksInstance,,5,complete,,,0
90980,AssigningTasksInstance,,5,complete,,,0
90981,AssigningTasksInstance,,5,complete,,,0
90986,AssigningTasksInstance,,5,complete,,,0
90987,AssigningTasksInstance,,5,complete,,,0
90988,AssigningTasksInstance,,5,complete,,,0
90998,AssigningTasksInstance,,5,complete,,,1
90999,AssigningTasksInstance,,5,complete,,,1
91000,AssigningTasksInstance,,5,complete,,,1
91002,AssigningTasksInstance,,5,complete,,,1
91005,AssigningTasksInstance,,5,complete,,,1
91006,AssigningTasksInstance,,5,complete,,,1
91007,AssigningTasksInstance,,5,complete,,,0
91017,AssigningTasksInstance,,5,complete,,,0
91025,AssigningTasksInstance,,5,complete,,,1
91028,AssigningTasksInstance,,5,complete,,,0
91036,AssigningTasksInstance,,5,complete,,,1
91039,AssigningTasksInstance,,5,complete,,,1
91057,AssigningTasksInstance,,5,complete,,,1
91060,AssigningTasksInstance,,5,complete,,,1
91061,AssigningTasksInstance,,5,complete,,,1
91064,AssigningTasksInstance,,5,complete,,,0
91075,AssigningTasksInstance,,5,complete,,,1
91076,AssigningTasksInstance,,5,complete,,,1
91077,AssigningTasksInstance,,5,complete,,,1
91078,AssigningTasksInstance,,5,complete,,,1
91083,AssigningTasksInstance,,5,complete,,,1
91084,AssigningTasksInstance,,5,complete,,,1
91085,AssigningTasksInstance,,5,complete,,,1
91104,AssigningTasksInstance,,5,complete,,,0
91124,AssigningTasksInstance,,5,complete,,,1
91193,AssigningTasksInstance,,5,complete,,,0
91227,AssigningTasksInstance,,5,complete,,,1
91232,AssigningTasksInstance,,5,complete,,,1
91233,AssigningTasksInstance,,5,complete,,,1
91286,AssigningTasksInstance,,5,complete,,,1
91365,AssigningTasksInstance,,5,complete,,,1
91371,AssigningTasksInstance,,5,complete,,,0
91589,AssigningTasksInstance,,5,complete,,,1
91667,AssigningTasksInstance,,5,complete,,,0
91767,AssigningTasksInstance,,5,complete,,,1
91768,AssigningTasksInstance,,5,complete,,,1
91769,AssigningTasksInstance,,5,complete,,,1
91770,AssigningTasksInstance,,5,complete,,,1
91771,AssigningTasksInstance,,5,complete,,,1
91772,AssigningTasksInstance,,5,complete,,,1
91773,AssigningTasksInstance,,5,complete,,,1
91777,AssigningTasksInstance,,5,complete,,,1
91778,AssigningTasksInstance,,5,complete,,,1
91779,AssigningTasksInstance,,5,complete,,,1
91786,AssigningTasksInstance,,5,complete,,,1
91794,AssigningTasksInstance,,5,complete,,,1
91806,AssigningTasksInstance,,5,complete,,,1
91810,AssigningTasksInstance,,5,complete,,,1
91811,AssigningTasksInstance,,5,complete,,,1
91813,AssigningTasksInstance,,5,complete,,,0
91818,AssigningTasksInstance,,5,complete,,,0
91838,AssigningTasksInstance,,5,complete,,,1
91867,AssigningTasksInstance,,5,complete,,,1
91868,AssigningTasksInstance,,5,complete,,,1
91870,AssigningTasksInstance,,5,complete,,,1
91875,AssigningTasksInstance,,5,complete,,,1
91879,AssigningTasksInstance,,5,complete,,,0
91880,AssigningTasksInstance,,5,complete,,,0
91888,AssigningTasksInstance,,5,complete,,,0
91896,AssigningTasksInstance,,5,complete,,,1
91900,AssigningTasksInstance,,5,complete,,,1
91902,AssigningTasksInstance,,5,complete,,,1
91909,AssigningTasksInstance,,5,complete,,,1
91934,AssigningTasksInstance,,5,complete,,,0
91977,AssigningTasksInstance,,5,complete,,,1
91996,AssigningTasksInstance,,5,complete,,,0
92010,AssigningTasksInstance,,5,complete,,,0
92025,AssigningTasksInstance,,5,complete,,,1
92026,AssigningTasksInstance,,5,complete,,,1
92028,AssigningTasksInstance,,5,complete,,,1
92033,AssigningTasksInstance,,5,complete,,,1
92036,AssigningTasksInstance,,5,complete,,,0
92044,AssigningTasksInstance,,5,complete,,,1
92060,AssigningTasksInstance,,5,complete,,,1
92093,AssigningTasksInstance,,5,complete,,,1
92099,AssigningTasksInstance,,5,complete,,,0
92111,AssigningTasksInstance,,5,complete,,,1
92113,AssigningTasksInstance,,5,complete,,,1
92119,AssigningTasksInstance,,5,complete,,,1
92126,AssigningTasksInstance,,5,complete,,,1
92127,AssigningTasksInstance,,5,complete,,,1
92128,AssigningTasksInstance,,5,complete,,,1
92140,AssigningTasksInstance,,5,complete,,,1
92165,AssigningTasksInstance,,5,complete,,,0
92180,AssigningTasksInstance,,5,complete,,,0
92210,AssigningTasksInstance,,5,complete,,,1
92215,AssigningTasksInstance,,5,complete,,,0
92231,AssigningTasksInstance,,5,complete,,,0
92242,AssigningTasksInstance,,5,complete,,,1
92255,AssigningTasksInstance,,5,complete,,,1
92262,AssigningTasksInstance,,5,complete,,,1
92265,AssigningTasksInstance,,5,complete,,,0
92268,AssigningTasksInstance,,5,complete,,,0
92293,AssigningTasksInstance,,5,complete,,,1
92294,AssigningTasksInstance,,5,complete,,,1
92295,AssigningTasksInstance,,5,complete,,,1
92329,AssigningTasksInstance,,5,complete,,,0
92337,AssigningTasksInstance,,5,complete,,,1
92360,AssigningTasksInstance,,5,complete,,,0
92361,AssigningTasksInstance,,5,complete,,,1
92363,AssigningTasksInstance,,5,complete,,,0
92379,AssigningTasksInstance,,5,complete,,,1
92380,AssigningTasksInstance,,5,complete,,,1
92381,AssigningTasksInstance,,5,complete,,,1
92403,AssigningTasksInstance,,5,complete,,,1
92409,AssigningTasksInstance,,5,complete,,,1
92410,AssigningTasksInstance,,5,complete,,,0
92447,AssigningTasksInstance,,5,complete,,,1
92448,AssigningTasksInstance,,5,complete,,,1
92457,AssigningTasksInstance,,5,complete,,,1
92463,AssigningTasksInstance,,5,complete,,,1
92465,AssigningTasksInstance,,5,complete,,,1
92493,AssigningTasksInstance,,5,complete,,,1
92511,AssigningTasksInstance,,5,complete,,,1
92512,AssigningTasksInstance,,5,complete,,,1
92518,AssigningTasksInstance,,5,complete,,,1
92519,AssigningTasksInstance,,5,complete,,,1
92525,AssigningTasksInstance,,5,complete,,,0
92539,AssigningTasksInstance,,5,complete,,,1
92540,AssigningTasksInstance,,5,complete,,,1
92563,AssigningTasksInstance,,5,complete,,,1
92591,AssigningTasksInstance,,5,complete,,,1
92601,AssigningTasksInstance,,5,complete,,,1
92610,AssigningTasksInstance,,5,complete,,,1
92639,AssigningTasksInstance,,5,complete,,,1
92640,AssigningTasksInstance,,5,complete,,,1
92641,AssigningTasksInstance,,5,complete,,,1
92642,AssigningTasksInstance,,5,complete,,,1
92643,AssigningTasksInstance,,5,complete,,,1
92644,AssigningTasksInstance,,5,complete,,,1
92653,AssigningTasksInstance,,5,complete,,,0
92675,AssigningTasksInstance,,5,complete,,,1
92683,AssigningTasksInstance,,5,complete,,,1
92693,AssigningTasksInstance,,5,complete,,,1
92698,AssigningTasksInstance,,5,complete,,,1
92702,AssigningTasksInstance,,5,complete,,,1
92705,AssigningTasksInstance,,5,complete,,,1
92713,AssigningTasksInstance,,5,complete,,,1
92714,AssigningTasksInstance,,5,complete,,,1
92726,AssigningTasksInstance,,5,complete,,,1
92742,AssigningTasksInstance,,5,complete,,,1
92764,AssigningTasksInstance,,5,complete,,,1
92775,AssigningTasksInstance,,5,complete,,,1
92783,AssigningTasksInstance,,5,complete,,,1
92789,AssigningTasksInstance,,5,complete,,,0
92803,AssigningTasksInstance,,5,complete,,,1
92804,AssigningTasksInstance,,5,complete,,,1
92807,AssigningTasksInstance,,5,complete,,,1
92813,AssigningTasksInstance,,5,complete,,,0
92846,AssigningTasksInstance,,5,complete,,,1
92858,AssigningTasksInstance,,5,complete,,,1
92868,AssigningTasksInstance,,5,complete,,,1
92926,AssigningTasksInstance,,5,complete,,,1
92928,AssigningTasksInstance,,5,complete,,,0
92932,AssigningTasksInstance,,5,complete,,,0
92933,AssigningTasksInstance,,5,complete,,,1
92944,AssigningTasksInstance,,5,complete,,,0
92945,AssigningTasksInstance,,5,complete,,,1
92952,AssigningTasksInstance,,5,complete,,,1
92987,AssigningTasksInstance,,5,complete,,,0
93021,AssigningTasksInstance,,5,complete,,,1
93026,AssigningTasksInstance,,5,complete,,,1
93027,AssigningTasksInstance,,5,complete,,,1
93032,AssigningTasksInstance,,5,complete,,,1
93033,AssigningTasksInstance,,5,complete,,,1
93034,AssigningTasksInstance,,5,complete,,,1
93035,AssigningTasksInstance,,5,complete,,,1
93036,AssigningTasksInstance,,5,complete,,,1
93041,AssigningTasksInstance,,5,complete,,,1
93046,AssigningTasksInstance,,5,complete,,,1
93090,AssigningTasksInstance,,5,complete,,,0
93167,AssigningTasksInstance,,5,complete,,,1
93180,AssigningTasksInstance,,5,complete,,,0
93189,AssigningTasksInstance,,5,complete,,,1
93235,AssigningTasksInstance,,5,complete,,,1
93239,AssigningTasksInstance,,5,complete,,,1
93263,AssigningTasksInstance,,5,complete,,,1
93312,AssigningTasksInstance,,5,complete,,,0
93315,AssigningTasksInstance,,5,complete,,,1
93316,AssigningTasksInstance,,5,complete,,,1
93433,AssigningTasksInstance,,5,complete,,,0
93463,AssigningTasksInstance,,5,complete,,,1
93465,AssigningTasksInstance,,5,complete,,,0
93532,AssigningTasksInstance,,5,complete,,,0
93535,AssigningTasksInstance,,5,complete,,,0
93552,AssigningTasksInstance,,5,complete,,,1
93559,AssigningTasksInstance,,5,complete,,,1
93567,AssigningTasksInstance,,5,complete,,,1
93568,AssigningTasksInstance,,5,complete,,,1
93573,AssigningTasksInstance,,5,complete,,,0
93574,AssigningTasksInstance,,5,complete,,,0
93606,AssigningTasksInstance,,5,complete,,,1
93611,AssigningTasksInstance,,5,complete,,,1
93620,AssigningTasksInstance,,5,complete,,,0
93665,AssigningTasksInstance,,5,complete,,,1
93686,AssigningTasksInstance,,5,complete,,,1
93694,AssigningTasksInstance,,5,complete,,,1
93695,AssigningTasksInstance,,5,complete,,,1
93696,AssigningTasksInstance,,5,complete,,,1
93699,AssigningTasksInstance,,5,complete,,,1
93713,AssigningTasksInstance,,5,complete,,,1
93714,AssigningTasksInstance,,5,complete,,,1
93715,AssigningTasksInstance,,5,complete,,,1
93717,AssigningTasksInstance,,5,complete,,,0
93719,AssigningTasksInstance,,5,complete,,,0
93725,AssigningTasksInstance,,5,complete,,,1
93737,AssigningTasksInstance,,5,complete,,,0
93749,AssigningTasksInstance,,5,complete,,,0
93752,AssigningTasksInstance,,5,complete,,,0
93753,AssigningTasksInstance,,5,complete,,,0
93755,AssigningTasksInstance,,5,complete,,,1
93756,AssigningTasksInstance,,5,complete,,,0
93757,AssigningTasksInstance,,5,complete,,,0
93758,AssigningTasksInstance,,5,complete,,,0
93759,AssigningTasksInstance,,5,complete,,,0
93760,AssigningTasksInstance,,5,complete,,,0
93761,AssigningTasksInstance,,5,complete,,,0
93768,AssigningTasksInstance,,5,complete,,,0
93777,AssigningTasksInstance,,5,complete,,,1
93784,AssigningTasksInstance,,5,complete,,,1
93793,AssigningTasksInstance,,5,complete,,,1
93794,AssigningTasksInstance,,5,complete,,,1
93822,AssigningTasksInstance,,5,complete,,,1
93823,AssigningTasksInstance,,5,complete,,,0
93834,AssigningTasksInstance,,5,complete,,,1
93849,AssigningTasksInstance,,5,complete,,,1
93880,AssigningTasksInstance,,5,complete,,,0
93889,AssigningTasksInstance,,5,complete,,,1
93897,AssigningTasksInstance,,5,complete,,,1
93908,AssigningTasksInstance,,5,complete,,,1
93913,AssigningTasksInstance,,5,complete,,,0
93918,AssigningTasksInstance,,5,complete,,,1
93930,AssigningTasksInstance,,5,complete,,,1
93932,AssigningTasksInstance,,5,complete,,,1
93933,AssigningTasksInstance,,5,complete,,,1
93939,AssigningTasksInstance,,5,complete,,,1
93943,AssigningTasksInstance,,5,complete,,,1
93946,AssigningTasksInstance,,5,complete,,,1
93947,AssigningTasksInstance,,5,complete,,,1
93967,AssigningTasksInstance,,5,complete,,,1
93970,AssigningTasksInstance,,5,complete,,,1
93981,AssigningTasksInstance,,5,complete,,,0
94022,AssigningTasksInstance,,5,complete,,,1
94027,AssigningTasksInstance,,5,complete,,,0
94041,AssigningTasksInstance,,5,complete,,,1
94044,AssigningTasksInstance,,5,complete,,,1
94045,AssigningTasksInstance,,5,complete,,,1
94054,AssigningTasksInstance,,5,complete,,,1
94068,AssigningTasksInstance,,5,complete,,,1
94085,AssigningTasksInstance,,5,complete,,,0
94091,AssigningTasksInstance,,5,complete,,,1
94102,AssigningTasksInstance,,5,complete,,,0
94105,AssigningTasksInstance,,5,complete,,,1
94108,AssigningTasksInstance,,5,complete,,,1
94115,AssigningTasksInstance,,5,complete,,,1
94135,AssigningTasksInstance,,5,complete,,,1
94136,AssigningTasksInstance,,5,complete,,,1
94172,AssigningTasksInstance,,5,complete,,,1
94176,AssigningTasksInstance,,5,complete,,,1
94197,AssigningTasksInstance,,5,complete,,,1
94198,AssigningTasksInstance,,5,complete,,,1
94205,AssigningTasksInstance,,5,complete,,,1
94206,AssigningTasksInstance,,5,complete,,,1
94218,AssigningTasksInstance,,5,complete,,,1
94230,AssigningTasksInstance,,5,complete,,,1
94237,AssigningTasksInstance,,5,complete,,,1
94240,AssigningTasksInstance,,5,complete,,,1
94253,AssigningTasksInstance,,5,complete,,,1
94274,AssigningTasksInstance,,5,complete,,,1
94276,AssigningTasksInstance,,5,complete,,,0
94289,AssigningTasksInstance,,5,complete,,,1
94295,AssigningTasksInstance,,5,complete,,,0
94298,AssigningTasksInstance,,5,complete,,,1
94313,AssigningTasksInstance,,5,complete,,,1
94314,AssigningTasksInstance,,5,complete,,,0
94330,AssigningTasksInstance,,5,complete,,,1
94331,AssigningTasksInstance,,5,complete,,,0
94333,AssigningTasksInstance,,5,complete,,,1
94334,AssigningTasksInstance,,5,complete,,,1
94335,AssigningTasksInstance,,5,complete,,,0
94337,AssigningTasksInstance,,5,complete,,,1
94362,AssigningTasksInstance,,5,complete,,,0
94371,AssigningTasksInstance,,5,complete,,,1
94383,AssigningTasksInstance,,5,complete,,,1
94391,AssigningTasksInstance,,5,complete,,,1
94416,AssigningTasksInstance,,5,complete,,,1
94436,AssigningTasksInstance,,5,complete,,,1
94469,AssigningTasksInstance,,5,complete,,,1
94475,AssigningTasksInstance,,5,complete,,,0
94478,AssigningTasksInstance,,5,complete,,,1
94492,AssigningTasksInstance,,5,complete,,,1
94493,AssigningTasksInstance,,5,complete,,,1
94494,AssigningTasksInstance,,5,complete,,,1
94496,AssigningTasksInstance,,5,complete,,,0
94508,AssigningTasksInstance,,5,complete,,,0
94509,AssigningTasksInstance,,5,complete,,,0
94539,AssigningTasksInstance,,5,complete,,,0
94544,AssigningTasksInstance,,5,complete,,,1
94548,AssigningTasksInstance,,5,complete,,,0
94553,AssigningTasksInstance,,5,complete,,,1
94612,AssigningTasksInstance,,5,complete,,,1
94622,AssigningTasksInstance,,5,complete,,,1
94627,AssigningTasksInstance,,5,complete,,,1
94671,AssigningTasksInstance,,5,complete,,,1
94677,AssigningTasksInstance,,5,complete,,,1
94684,AssigningTasksInstance,,5,complete,,,1
94696,AssigningTasksInstance,,5,complete,,,1
94697,AssigningTasksInstance,,5,complete,,,1
94698,AssigningTasksInstance,,5,complete,,,1
94699,AssigningTasksInstance,,5,complete,,,1
94700,AssigningTasksInstance,,5,complete,,,1
94701,AssigningTasksInstance,,5,complete,,,1
94702,AssigningTasksInstance,,5,complete,,,1
94703,AssigningTasksInstance,,5,complete,,,1
94704,AssigningTasksInstance,,5,complete,,,1
94705,AssigningTasksInstance,,5,complete,,,1
94707,AssigningTasksInstance,,5,complete,,,0
94715,AssigningTasksInstance,,5,complete,,,1
94732,AssigningTasksInstance,,5,complete,,,1
94774,AssigningTasksInstance,,5,complete,,,1
94793,AssigningTasksInstance,,5,complete,,,1
94795,AssigningTasksInstance,,5,complete,,,1
94804,AssigningTasksInstance,,5,complete,,,1
94818,AssigningTasksInstance,,5,complete,,,1
94847,AssigningTasksInstance,,5,complete,,,0
94880,AssigningTasksInstance,,5,complete,,,1
94881,AssigningTasksInstance,,5,complete,,,1
94904,AssigningTasksInstance,,5,complete,,,1
94905,AssigningTasksInstance,,5,complete,,,1
94906,AssigningTasksInstance,,5,complete,,,0
94924,AssigningTasksInstance,,5,complete,,,0
94926,AssigningTasksInstance,,5,complete,,,0
94928,AssigningTasksInstance,,5,complete,,,1
94929,AssigningTasksInstance,,5,complete,,,1
94939,AssigningTasksInstance,,5,complete,,,1
94956,AssigningTasksInstance,,5,complete,,,1
94977,AssigningTasksInstance,,5,complete,,,0
95001,AssigningTasksInstance,,5,complete,,,1
95003,AssigningTasksInstance,,5,complete,,,1
95004,AssigningTasksInstance,,5,complete,,,1
95005,AssigningTasksInstance,,5,complete,,,1
95006,AssigningTasksInstance,,5,complete,,,1
95007,AssigningTasksInstance,,5,complete,,,1
95008,AssigningTasksInstance,,5,complete,,,1
95009,AssigningTasksInstance,,5,complete,,,1
95010,AssigningTasksInstance,,5,complete,,,1
95011,AssigningTasksInstance,,5,complete,,,1
95012,AssigningTasksInstance,,5,complete,,,1
95013,AssigningTasksInstance,,5,complete,,,1
95023,AssigningTasksInstance,,5,complete,,,0
95024,AssigningTasksInstance,,5,complete,,,1
95053,AssigningTasksInstance,,5,complete,,,1
95055,AssigningTasksInstance,,5,complete,,,0
95090,AssigningTasksInstance,,5,complete,,,1
95118,AssigningTasksInstance,,5,complete,,,1
95119,AssigningTasksInstance,,5,complete,,,1
95120,AssigningTasksInstance,,5,complete,,,1
95121,AssigningTasksInstance,,5,complete,,,1
95122,AssigningTasksInstance,,5,complete,,,1
95123,AssigningTasksInstance,,5,complete,,,1
95141,AssigningTasksInstance,,5,complete,,,1
95155,AssigningTasksInstance,,5,complete,,,0
95167,AssigningTasksInstance,,5,complete,,,1
95168,AssigningTasksInstance,,5,complete,,,1
95173,AssigningTasksInstance,,5,complete,,,0
95228,AssigningTasksInstance,,5,complete,,,1
95235,AssigningTasksInstance,,5,complete,,,1
95275,AssigningTasksInstance,,5,complete,,,0
95276,AssigningTasksInstance,,5,complete,,,1
95277,AssigningTasksInstance,,5,complete,,,1
95278,AssigningTasksInstance,,5,complete,,,1
95350,AssigningTasksInstance,,5,complete,,,1
95374,AssigningTasksInstance,,5,complete,,,1
95380,AssigningTasksInstance,,5,complete,,,1
95382,AssigningTasksInstance,,5,complete,,,1
95415,AssigningTasksInstance,,5,complete,,,0
95417,AssigningTasksInstance,,5,complete,,,0
95424,AssigningTasksInstance,,5,complete,,,1
95425,AssigningTasksInstance,,5,complete,,,1
95426,AssigningTasksInstance,,5,complete,,,1
95428,AssigningTasksInstance,,5,complete,,,0
95436,AssigningTasksInstance,,5,complete,,,1
95482,AssigningTasksInstance,,5,complete,,,0
95484,AssigningTasksInstance,,5,complete,,,1
95525,AssigningTasksInstance,,5,complete,,,1
95526,AssigningTasksInstance,,5,complete,,,1
95527,AssigningTasksInstance,,5,complete,,,1
95529,AssigningTasksInstance,,5,complete,,,1
95591,AssigningTasksInstance,,5,complete,,,0
95600,AssigningTasksInstance,,5,complete,,,0
95720,AssigningTasksInstance,,5,complete,,,1
95721,AssigningTasksInstance,,5,complete,,,1
95738,AssigningTasksInstance,,5,complete,,,1
95739,AssigningTasksInstance,,5,complete,,,1
95741,AssigningTasksInstance,,5,complete,,,1
95742,AssigningTasksInstance,,5,complete,,,1
95743,AssigningTasksInstance,,5,complete,,,1
95758,AssigningTasksInstance,,5,complete,,,0
95760,AssigningTasksInstance,,5,complete,,,0
95774,AssigningTasksInstance,,5,complete,,,0
95777,AssigningTasksInstance,,5,complete,,,0
95790,AssigningTasksInstance,,5,complete,,,1
95791,AssigningTasksInstance,,5,complete,,,1
95804,AssigningTasksInstance,,5,complete,,,0
95847,AssigningTasksInstance,,5,complete,,,1
95848,AssigningTasksInstance,,5,complete,,,0
95879,AssigningTasksInstance,,5,complete,,,1
95886,AssigningTasksInstance,,5,complete,,,1
95887,AssigningTasksInstance,,5,complete,,,0
95943,AssigningTasksInstance,,5,complete,,,0
95966,AssigningTasksInstance,,5,complete,,,0
95973,AssigningTasksInstance,,5,complete,,,1
96003,AssigningTasksInstance,,5,complete,,,1
96055,AssigningTasksInstance,,5,complete,,,1
96071,AssigningTasksInstance,,5,complete,,,1
96073,AssigningTasksInstance,,5,complete,,,0
96074,AssigningTasksInstance,,5,complete,,,0
96083,AssigningTasksInstance,,5,complete,,,1
96084,AssigningTasksInstance,,5,complete,,,1
96095,AssigningTasksInstance,,5,complete,,,0
96117,AssigningTasksInstance,,5,complete,,,1
96118,AssigningTasksInstance,,5,complete,,,1
96122,AssigningTasksInstance,,5,complete,,,1
96167,AssigningTasksInstance,,5,complete,,,1
96168,AssigningTasksInstance,,5,complete,,,1
96169,AssigningTasksInstance,,5,complete,,,1
96172,AssigningTasksInstance,,5,complete,,,1
96177,AssigningTasksInstance,,5,complete,,,1
96254,AssigningTasksInstance,,5,complete,,,1
96271,AssigningTasksInstance,,5,complete,,,1
96272,AssigningTasksInstance,,5,complete,,,1
96273,AssigningTasksInstance,,5,complete,,,1
96275,AssigningTasksInstance,,5,complete,,,1
96304,AssigningTasksInstance,,5,complete,,,1
96305,AssigningTasksInstance,,5,complete,,,1
96306,AssigningTasksInstance,,5,complete,,,1
96319,AssigningTasksInstance,,5,complete,,,1
96320,AssigningTasksInstance,,5,complete,,,1
96321,AssigningTasksInstance,,5,complete,,,0
96322,AssigningTasksInstance,,5,complete,,,1
96323,AssigningTasksInstance,,5,complete,,,1
96324,AssigningTasksInstance,,5,complete,,,1
96325,AssigningTasksInstance,,5,complete,,,1
96326,AssigningTasksInstance,,5,complete,,,1
96338,AssigningTasksInstance,,5,complete,,,1
96369,AssigningTasksInstance,,5,complete,,,0
96373,AssigningTasksInstance,,5,complete,,,1
96374,AssigningTasksInstance,,5,complete,,,1
96391,AssigningTasksInstance,,5,complete,,,1
96413,AssigningTasksInstance,,5,complete,,,1
96414,AssigningTasksInstance,,5,complete,,,1
96417,AssigningTasksInstance,,5,complete,,,1
96496,AssigningTasksInstance,,5,complete,,,1
96497,AssigningTasksInstance,,5,complete,,,1
96498,AssigningTasksInstance,,5,complete,,,1
96499,AssigningTasksInstance,,5,complete,,,1
96500,AssigningTasksInstance,,5,complete,,,1
96510,AssigningTasksInstance,,5,complete,,,1
96586,AssigningTasksInstance,,5,complete,,,1
96593,AssigningTasksInstance,,5,complete,,,0
96620,AssigningTasksInstance,,5,complete,,,1
96621,AssigningTasksInstance,,5,complete,,,1
96622,AssigningTasksInstance,,5,complete,,,1
96670,AssigningTasksInstance,,5,complete,,,0
96676,AssigningTasksInstance,,5,complete,,,1
96690,AssigningTasksInstance,,5,complete,,,1
96737,AssigningTasksInstance,,5,complete,,,1
96768,AssigningTasksInstance,,5,complete,,,1
96785,AssigningTasksInstance,,5,complete,,,1
96801,AssigningTasksInstance,,5,complete,,,1
96802,AssigningTasksInstance,,5,complete,,,1
96834,AssigningTasksInstance,,5,complete,,,1
96835,AssigningTasksInstance,,5,complete,,,1
96857,AssigningTasksInstance,,5,complete,,,1
96858,AssigningTasksInstance,,5,complete,,,1
96860,AssigningTasksInstance,,5,complete,,,1
96922,AssigningTasksInstance,,5,complete,,,1
96926,AssigningTasksInstance,,5,complete,,,1
96968,AssigningTasksInstance,,5,complete,,,1
96969,AssigningTasksInstance,,5,complete,,,0
96987,AssigningTasksInstance,,5,complete,,,0
96998,AssigningTasksInstance,,5,complete,,,0
96999,AssigningTasksInstance,,5,complete,,,0
97003,AssigningTasksInstance,,5,complete,,,0
97055,AssigningTasksInstance,,5,complete,,,1
97093,AssigningTasksInstance,,5,complete,,,1
97118,AssigningTasksInstance,,5,complete,,,1
97135,AssigningTasksInstance,,5,complete,,,0
97161,AssigningTasksInstance,,5,complete,,,1
97169,AssigningTasksInstance,,5,complete,,,1
97188,AssigningTasksInstance,,5,complete,,,1
97231,AssigningTasksInstance,,5,complete,,,0
97243,AssigningTasksInstance,,5,complete,,,1
97247,AssigningTasksInstance,,5,complete,,,1
97274,AssigningTasksInstance,,5,complete,,,0
97281,AssigningTasksInstance,,5,complete,,,0
97284,AssigningTasksInstance,,5,complete,,,1
97351,AssigningTasksInstance,,5,complete,,,1
97366,AssigningTasksInstance,,5,complete,,,1
97448,AssigningTasksInstance,,5,complete,,,1
97470,AssigningTasksInstance,,5,complete,,,1
97510,AssigningTasksInstance,,5,complete,,,0
97529,AssigningTasksInstance,,5,complete,,,1
97534,AssigningTasksInstance,,5,complete,,,0
97542,AssigningTasksInstance,,5,complete,,,0
97561,AssigningTasksInstance,,5,complete,,,1
97576,AssigningTasksInstance,,5,complete,,,1
97577,AssigningTasksInstance,,5,complete,,,1
97589,AssigningTasksInstance,,5,complete,,,0
97628,AssigningTasksInstance,,5,complete,,,0
97642,AssigningTasksInstance,,5,complete,,,1
97654,AssigningTasksInstance,,5,complete,,,1
97655,AssigningTasksInstance,,5,complete,,,1
97700,AssigningTasksInstance,,5,complete,,,1
97760,AssigningTasksInstance,,5,complete,,,0
97780,AssigningTasksInstance,,5,complete,,,1
97789,AssigningTasksInstance,,5,complete,,,0
97799,AssigningTasksInstance,,5,complete,,,1
97839,AssigningTasksInstance,,5,complete,,,0
97844,AssigningTasksInstance,,5,complete,,,0
97855,AssigningTasksInstance,,5,complete,,,0
97906,AssigningTasksInstance,,5,complete,,,1
97910,AssigningTasksInstance,,5,complete,,,1
97911,AssigningTasksInstance,,5,complete,,,1
97913,AssigningTasksInstance,,5,complete,,,1
97948,AssigningTasksInstance,,5,complete,,,1
98016,AssigningTasksInstance,,5,complete,,,1
98024,AssigningTasksInstance,,5,complete,,,1
98046,AssigningTasksInstance,,5,complete,,,1
98060,AssigningTasksInstance,,5,complete,,,1
98066,AssigningTasksInstance,,5,complete,,,0
98074,AssigningTasksInstance,,5,complete,,,0
98088,AssigningTasksInstance,,5,complete,,,1
98103,AssigningTasksInstance,,5,complete,,,1
98123,AssigningTasksInstance,,5,complete,,,1
98138,AssigningTasksInstance,,5,complete,,,1
98147,AssigningTasksInstance,,5,complete,,,0
98170,AssigningTasksInstance,,5,complete,,,0
98173,AssigningTasksInstance,,5,complete,,,1
98202,AssigningTasksInstance,,5,complete,,,0
98203,AssigningTasksInstance,,5,complete,,,0
98227,AssigningTasksInstance,,5,complete,,,1
98237,AssigningTasksInstance,,5,complete,,,1
98287,AssigningTasksInstance,,5,complete,,,0
98288,AssigningTasksInstance,,5,complete,,,0
98289,AssigningTasksInstance,,5,complete,,,0
98299,AssigningTasksInstance,,5,complete,,,1
98325,AssigningTasksInstance,,5,complete,,,1
98347,AssigningTasksInstance,,5,complete,,,0
98351,AssigningTasksInstance,,5,complete,,,1
98367,AssigningTasksInstance,,5,complete,,,0
98368,AssigningTasksInstance,,5,complete,,,0
98369,AssigningTasksInstance,,5,complete,,,0
98375,AssigningTasksInstance,,5,complete,,,1
98376,AssigningTasksInstance,,5,complete,,,1
98396,AssigningTasksInstance,,5,complete,,,0
98448,AssigningTasksInstance,,5,complete,,,1
98499,AssigningTasksInstance,,5,complete,,,1
98502,AssigningTasksInstance,,5,complete,,,0
98533,AssigningTasksInstance,,5,complete,,,1
98575,AssigningTasksInstance,,5,complete,,,0
98576,AssigningTasksInstance,,5,complete,,,1
98587,AssigningTasksInstance,,5,complete,,,0
98596,AssigningTasksInstance,,5,complete,,,1
98598,AssigningTasksInstance,,5,complete,,,1
98599,AssigningTasksInstance,,5,complete,,,1
98601,AssigningTasksInstance,,5,complete,,,1
98604,AssigningTasksInstance,,5,complete,,,0
98607,AssigningTasksInstance,,5,complete,,,1
98608,AssigningTasksInstance,,5,complete,,,1
98609,AssigningTasksInstance,,5,complete,,,1
98613,AssigningTasksInstance,,5,complete,,,1
98619,AssigningTasksInstance,,5,complete,,,1
98630,AssigningTasksInstance,,5,complete,,,0
98631,AssigningTasksInstance,,5,complete,,,0
98634,AssigningTasksInstance,,5,complete,,,0
98644,AssigningTasksInstance,,5,complete,,,1
98648,AssigningTasksInstance,,5,complete,,,1
98649,AssigningTasksInstance,,5,complete,,,1
98650,AssigningTasksInstance,,5,complete,,,1
98678,AssigningTasksInstance,,5,complete,,,1
98679,AssigningTasksInstance,,5,complete,,,0
98721,AssigningTasksInstance,,5,complete,,,0
98722,AssigningTasksInstance,,5,complete,,,0
98733,AssigningTasksInstance,,5,complete,,,0
98734,AssigningTasksInstance,,5,complete,,,0
98736,AssigningTasksInstance,,5,complete,,,1
98744,AssigningTasksInstance,,5,complete,,,1
98748,AssigningTasksInstance,,5,complete,,,1
98749,AssigningTasksInstance,,5,complete,,,1
98750,AssigningTasksInstance,,5,complete,,,1
98755,AssigningTasksInstance,,5,complete,,,1
98761,AssigningTasksInstance,,5,complete,,,1
98762,AssigningTasksInstance,,5,complete,,,1
98763,AssigningTasksInstance,,5,complete,,,1
98791,AssigningTasksInstance,,5,complete,,,1
98795,AssigningTasksInstance,,5,complete,,,1
98796,AssigningTasksInstance,,5,complete,,,1
98830,AssigningTasksInstance,,5,complete,,,1
98837,AssigningTasksInstance,,5,complete,,,1
98839,AssigningTasksInstance,,5,complete,,,1
98903,AssigningTasksInstance,,5,complete,,,1
98905,AssigningTasksInstance,,5,complete,,,0
98907,AssigningTasksInstance,,5,complete,,,0
98908,AssigningTasksInstance,,5,complete,,,1
98919,AssigningTasksInstance,,5,complete,,,0
98929,AssigningTasksInstance,,5,complete,,,0
98945,AssigningTasksInstance,,5,complete,,,1
98950,AssigningTasksInstance,,5,complete,,,1
98951,AssigningTasksInstance,,5,complete,,,0
98956,AssigningTasksInstance,,5,complete,,,0
98966,AssigningTasksInstance,,5,complete,,,1
98969,AssigningTasksInstance,,5,complete,,,1
98970,AssigningTasksInstance,,5,complete,,,1
98971,AssigningTasksInstance,,5,complete,,,1
98995,AssigningTasksInstance,,5,complete,,,0
98997,AssigningTasksInstance,,5,complete,,,0
99003,AssigningTasksInstance,,5,complete,,,1
99029,AssigningTasksInstance,,5,complete,,,1
99030,AssigningTasksInstance,,5,complete,,,1
99037,AssigningTasksInstance,,5,complete,,,1
99038,AssigningTasksInstance,,5,complete,,,1
99039,AssigningTasksInstance,,5,complete,,,1
99040,AssigningTasksInstance,,5,complete,,,1
99041,AssigningTasksInstance,,5,complete,,,1
99042,AssigningTasksInstance,,5,complete,,,1
99043,AssigningTasksInstance,,5,complete,,,1
99044,AssigningTasksInstance,,5,complete,,,1
99045,AssigningTasksInstance,,5,complete,,,1
99046,AssigningTasksInstance,,5,complete,,,1
99047,AssigningTasksInstance,,5,complete,,,1
99049,AssigningTasksInstance,,5,complete,,,1
99062,AssigningTasksInstance,,5,complete,,,0
99065,AssigningTasksInstance,,5,complete,,,1
99068,AssigningTasksInstance,,5,complete,,,1
99081,AssigningTasksInstance,,5,complete,,,1
99092,AssigningTasksInstance,,5,complete,,,1
99100,AssigningTasksInstance,,5,complete,,,1
99101,AssigningTasksInstance,,5,complete,,,1
99104,AssigningTasksInstance,,5,complete,,,1
99107,AssigningTasksInstance,,5,complete,,,1
99115,AssigningTasksInstance,,5,complete,,,1
99116,AssigningTasksInstance,,5,complete,,,1
99117,AssigningTasksInstance,,5,complete,,,1
99118,AssigningTasksInstance,,5,complete,,,1
99119,AssigningTasksInstance,,5,complete,,,1
99120,AssigningTasksInstance,,5,complete,,,1
99121,AssigningTasksInstance,,5,complete,,,1
99122,AssigningTasksInstance,,5,complete,,,1
99123,AssigningTasksInstance,,5,complete,,,1
99132,AssigningTasksInstance,,5,complete,,,1
99139,AssigningTasksInstance,,5,complete,,,0
99142,AssigningTasksInstance,,5,complete,,,0
99153,AssigningTasksInstance,,5,complete,,,1
99160,AssigningTasksInstance,,5,complete,,,0
99166,AssigningTasksInstance,,5,complete,,,1
99168,AssigningTasksInstance,,5,complete,,,1
101614,AssigningTasksInstance,,5,complete,,,1
101626,AssigningTasksInstance,,5,complete,,,1
101629,AssigningTasksInstance,,5,complete,,,1
101647,AssigningTasksInstance,,5,complete,,,1
101676,AssigningTasksInstance,,5,complete,,,1
101677,AssigningTasksInstance,,5,complete,,,1
101679,AssigningTasksInstance,,5,complete,,,1
101683,AssigningTasksInstance,,5,complete,,,1
101684,AssigningTasksInstance,,5,complete,,,1
101697,AssigningTasksInstance,,5,complete,,,0
101698,AssigningTasksInstance,,5,complete,,,1
101707,AssigningTasksInstance,,5,complete,,,1
101708,AssigningTasksInstance,,5,complete,,,1
101713,AssigningTasksInstance,,5,complete,,,1
101716,AssigningTasksInstance,,5,complete,,,1
101719,AssigningTasksInstance,,5,complete,,,1
101728,AssigningTasksInstance,,5,complete,,,1
101729,AssigningTasksInstance,,5,complete,,,1
101730,AssigningTasksInstance,,5,complete,,,1
101745,AssigningTasksInstance,,5,complete,,,1
101747,AssigningTasksInstance,,5,complete,,,1
101751,AssigningTasksInstance,,5,complete,,,1
101755,AssigningTasksInstance,,5,complete,,,1
101756,AssigningTasksInstance,,5,complete,,,1
101757,AssigningTasksInstance,,5,complete,,,1
101758,AssigningTasksInstance,,5,complete,,,1
101759,AssigningTasksInstance,,5,complete,,,1
101760,AssigningTasksInstance,,5,complete,,,1
101769,AssigningTasksInstance,,5,complete,,,1
101775,AssigningTasksInstance,,5,complete,,,1
101822,AssigningTasksInstance,,5,complete,,,1
101829,AssigningTasksInstance,,5,complete,,,1
101844,AssigningTasksInstance,,5,complete,,,1
101845,AssigningTasksInstance,,5,complete,,,1
101849,AssigningTasksInstance,,5,complete,,,1
101938,AssigningTasksInstance,,5,complete,,,0
101968,AssigningTasksInstance,,5,complete,,,0
102020,AssigningTasksInstance,,5,complete,,,1
102056,AssigningTasksInstance,,5,complete,,,1
102071,AssigningTasksInstance,,5,complete,,,1
102072,AssigningTasksInstance,,5,complete,,,1
102073,AssigningTasksInstance,,5,complete,,,1
102074,AssigningTasksInstance,,5,complete,,,1
102075,AssigningTasksInstance,,5,complete,,,1
102079,AssigningTasksInstance,,5,complete,,,1
102080,AssigningTasksInstance,,5,complete,,,1
102168,AssigningTasksInstance,,5,complete,,,1
102256,AssigningTasksInstance,,5,complete,,,1
102264,AssigningTasksInstance,,5,complete,,,1
102347,AssigningTasksInstance,,5,complete,,,1
102348,AssigningTasksInstance,,5,complete,,,1
102356,AssigningTasksInstance,,5,complete,,,1
102357,AssigningTasksInstance,,5,complete,,,1
102368,AssigningTasksInstance,,5,complete,,,1
102377,AssigningTasksInstance,,5,complete,,,1
102382,AssigningTasksInstance,,5,complete,,,1
102402,AssigningTasksInstance,,5,complete,,,1
102405,AssigningTasksInstance,,5,complete,,,1
102433,AssigningTasksInstance,,5,complete,,,1
102448,AssigningTasksInstance,,5,complete,,,1
102511,AssigningTasksInstance,,5,complete,,,0
102540,AssigningTasksInstance,,5,complete,,,1
102545,AssigningTasksInstance,,5,complete,,,1
102564,AssigningTasksInstance,,5,complete,,,1
102594,AssigningTasksInstance,,5,complete,,,1
102606,AssigningTasksInstance,,5,complete,,,1
102633,AssigningTasksInstance,,5,complete,,,1
102686,AssigningTasksInstance,,5,complete,,,1
102691,AssigningTasksInstance,,5,complete,,,1
102701,AssigningTasksInstance,,5,complete,,,1
102708,AssigningTasksInstance,,5,complete,,,1
102714,AssigningTasksInstance,,5,complete,,,1
102721,AssigningTasksInstance,,5,complete,,,0
102743,AssigningTasksInstance,,5,complete,,,1
102772,AssigningTasksInstance,,5,complete,,,1
102797,AssigningTasksInstance,,5,complete,,,1
102832,AssigningTasksInstance,,5,complete,,,0
102833,AssigningTasksInstance,,5,complete,,,0
102834,AssigningTasksInstance,,5,complete,,,0
102888,AssigningTasksInstance,,5,complete,,,1
102891,AssigningTasksInstance,,5,complete,,,1
102900,AssigningTasksInstance,,5,complete,,,1
102901,AssigningTasksInstance,,5,complete,,,1
102908,AssigningTasksInstance,,5,complete,,,1
102913,AssigningTasksInstance,,5,complete,,,1
