id,agent_id,resource_id,instance_id,ownership,price,order
19794,29297,31125,9513,0,,
19795,29298,31125,9513,2,,
19796,29297,31124,9513,3,,
19797,29298,31124,9513,11,,
19798,29297,31123,9513,7,,
19799,29298,31123,9513,0,,
19800,29297,31122,9513,0,,
19801,29298,31122,9513,2,,
19823,29322,31142,9521,0,,
19824,29323,31142,9521,12,,
19825,29322,31140,9521,282,,
19826,29323,31140,9521,261,,
19827,29322,31141,9521,0,,
19828,29323,31141,9521,23,,
19829,29324,31146,9522,2,,
19830,29325,31146,9522,0,,
19831,29324,31144,9522,7,,
19832,29325,31144,9522,0,,
19833,29324,31145,9522,2,,
19834,29325,31145,9522,12,,
19835,29324,31143,9522,2,,
19836,29325,31143,9522,0,,
19837,29326,31148,9523,0,,
19838,29327,31148,9523,4,,
19839,29326,31147,9523,13,,
19840,29327,31147,9523,7,,
19882,29382,31181,9542,0,,
19883,29380,31181,9542,0,,
19884,29381,31181,9542,2,,
19885,29382,31182,9542,0,,
19886,29380,31182,9542,0,,
19887,29381,31182,9542,7,,
19888,29382,31183,9542,6,,
19889,29380,31183,9542,6,,
19890,29381,31183,9542,2,,
19891,29384,31185,9543,7,,
19892,29385,31185,9543,0,,
19893,29383,31185,9543,0,,
19894,29384,31184,9543,2,,
19895,29385,31184,9543,0,,
19896,29383,31184,9543,0,,
19897,29384,31186,9543,2,,
19898,29385,31186,9543,6,,
19899,29383,31186,9543,6,,
19900,29388,31187,9544,0,,
19901,29386,31187,9544,0,,
19902,29387,31187,9544,2,,
19903,29388,31189,9544,6,,
19904,29386,31189,9544,7,,
19905,29387,31189,9544,1,,
19906,29388,31188,9544,0,,
19907,29386,31188,9544,0,,
19908,29387,31188,9544,7,,
19913,29395,31195,9546,0,,
19914,29394,31195,9546,7,,
19915,29393,31195,9546,0,,
19916,29395,31194,9546,2,,
19917,29394,31194,9546,0,,
19918,29393,31194,9546,0,,
19919,29395,31196,9546,4,,
19920,29394,31196,9546,3,,
19921,29393,31196,9546,7,,
19922,29398,31197,9547,2,,
19923,29397,31197,9547,0,,
19924,29396,31197,9547,0,,
19925,29398,31199,9547,4,,
19926,29397,31199,9547,4,,
19927,29396,31199,9547,6,,
19928,29398,31198,9547,0,,
19929,29397,31198,9547,7,,
19930,29396,31198,9547,0,,
19931,29401,31202,9548,4,,
19932,29400,31202,9548,4,,
19933,29399,31202,9548,6,,
19934,29401,31200,9548,2,,
19935,29400,31200,9548,0,,
19936,29399,31200,9548,0,,
19937,29401,31201,9548,0,,
19938,29400,31201,9548,7,,
19939,29399,31201,9548,0,,
19940,29404,31208,9549,0,,
19941,29403,31208,9549,4,,
19942,29402,31208,9549,0,,
19943,29404,31209,9549,14,,
19944,29403,31209,9549,0,,
19945,29402,31209,9549,0,,
19946,29404,31203,9549,0,,
19947,29403,31203,9549,2,,
19948,29402,31203,9549,0,,
19949,29404,31206,9549,7,,
19950,29403,31206,9549,0,,
19951,29402,31206,9549,3,,
19952,29404,31207,9549,0,,
19953,29403,31207,9549,0,,
19954,29402,31207,9549,5,,
19955,29404,31204,9549,0,,
19956,29403,31204,9549,0,,
19957,29402,31204,9549,7,,
19958,29404,31205,9549,0,,
19959,29403,31205,9549,11,,
19960,29402,31205,9549,3,,
19961,29407,31210,9550,0,,
19962,29406,31210,9550,2,,
19963,29405,31210,9550,0,,
19964,29407,31211,9550,0,,
19965,29406,31211,9550,0,,
19966,29405,31211,9550,7,,
19967,29407,31214,9550,0,,
19968,29406,31214,9550,0,,
19969,29405,31214,9550,5,,
19970,29407,31215,9550,0,,
19971,29406,31215,9550,4,,
19972,29405,31215,9550,0,,
19973,29407,31212,9550,0,,
19974,29406,31212,9550,10,,
19975,29405,31212,9550,4,,
19976,29407,31213,9550,6,,
19977,29406,31213,9550,0,,
19978,29405,31213,9550,4,,
19979,29407,31216,9550,14,,
19980,29406,31216,9550,0,,
19981,29405,31216,9550,0,,
20017,29449,31251,9565,0,,
20018,29450,31251,9565,2,,
20019,29449,31254,9565,2,,
20020,29450,31254,9565,0,,
20021,29449,31252,9565,7,,
20022,29450,31252,9565,0,,
20023,29449,31253,9565,6,,
20024,29450,31253,9565,8,,
20028,29479,31275,9571,0,,
20029,29480,31275,9571,7,,
20030,29479,31274,9571,0,,
20031,29480,31274,9571,2,,
20032,29479,31277,9571,0,,
20033,29480,31277,9571,2,,
20034,29479,31276,9571,12,,
20035,29480,31276,9571,2,,
20036,29482,31280,9572,1,,
20037,29481,31280,9572,13,,
20038,29482,31281,9572,2,,
20039,29481,31281,9572,0,,
20040,29482,31279,9572,7,,
20041,29481,31279,9572,0,,
20042,29482,31278,9572,2,,
20043,29481,31278,9572,0,,
20061,29502,31307,9580,2,,
20062,29503,31307,9580,0,,
20063,29502,31306,9580,2,,
20064,29503,31306,9580,12,,
20065,29502,31305,9580,7,,
20066,29503,31305,9580,0,,
20067,29502,31304,9580,2,,
20068,29503,31304,9580,0,,
20069,29505,31311,9581,2,,
20070,29504,31311,9581,0,,
20071,29505,31310,9581,2,,
20072,29504,31310,9581,12,,
20073,29505,31309,9581,7,,
20074,29504,31309,9581,0,,
20075,29505,31308,9581,2,,
20076,29504,31308,9581,0,,
20142,29606,31407,9613,0,,
20143,29605,31407,9613,2,,
20144,29606,31409,9613,9,,
20145,29605,31409,9613,5,,
20146,29606,31408,9613,0,,
20147,29605,31408,9613,7,,
20148,29606,31410,9613,2,,
20149,29605,31410,9613,0,,
20198,29683,31481,9637,2,,
20199,29682,31481,9637,0,,
20200,29683,31480,9637,0,,
20201,29682,31480,9637,14,,
20202,29683,31479,9637,7,,
20203,29682,31479,9637,0,,
20204,29683,31478,9637,0,,
20205,29682,31478,9637,2,,
20206,29685,31485,9638,2,,
20207,29684,31485,9638,0,,
20208,29685,31484,9638,2,,
20209,29684,31484,9638,12,,
20210,29685,31483,9638,7,,
20211,29684,31483,9638,0,,
20212,29685,31482,9638,2,,
20213,29684,31482,9638,0,,
20234,29694,31504,9642,2,,
20235,29693,31504,9642,0,,
20236,29694,31505,9642,0,,
20237,29693,31505,9642,7,,
20238,29694,31506,9642,8,,
20239,29693,31506,9642,6,,
20240,29694,31507,9642,0,,
20241,29693,31507,9642,2,,
20261,29711,31523,9648,2,,
20262,29710,31523,9648,0,,
20263,29711,31526,9648,2,,
20264,29710,31526,9648,0,,
20265,29711,31525,9648,4,,
20266,29710,31525,9648,10,,
20267,29711,31524,9648,7,,
20268,29710,31524,9648,0,,
20285,29740,31556,9658,1,,
20286,29739,31556,9658,1,,
20287,29740,31553,9658,0,,
20288,29739,31553,9658,2,,
20289,29740,31555,9658,14,,
20290,29739,31555,9658,0,,
20291,29740,31554,9658,0,,
20292,29739,31554,9658,7,,
20307,29763,31585,9666,2,,
20308,29762,31585,9666,0,,
20309,29763,31584,9666,1,,
20310,29762,31584,9666,13,,
20311,29763,31582,9666,2,,
20312,29762,31582,9666,0,,
20313,29763,31583,9666,7,,
20314,29762,31583,9666,0,,
20414,29904,31701,9712,0,,
20415,29902,31701,9712,0,,
20416,29903,31701,9712,0,,
20417,29901,31701,9712,1,,
20418,29904,31700,9712,0,,
20419,29902,31700,9712,0,,
20420,29903,31700,9712,2,,
20421,29901,31700,9712,0,,
20422,29904,31703,9712,0,,
20423,29902,31703,9712,0,,
20424,29903,31703,9712,4,,
20425,29901,31703,9712,0,,
20426,29904,31702,9712,0,,
20427,29902,31702,9712,5,,
20428,29903,31702,9712,2,,
20429,29901,31702,9712,1,,
20430,29904,31699,9712,4,,
20431,29902,31699,9712,0,,
20432,29903,31699,9712,0,,
20433,29901,31699,9712,2,,
20434,29904,31698,9712,0,,
20435,29902,31698,9712,0,,
20436,29903,31698,9712,4,,
20437,29901,31698,9712,0,,
20479,29961,31768,9731,0,,
20480,29960,31768,9731,1,,
20481,29961,31769,9731,1,,
20482,29960,31769,9731,0,,
20483,29961,31766,9731,0,,
20484,29960,31766,9731,1,,
20485,29961,31767,9731,1,,
20486,29960,31767,9731,0,,
20490,29965,31772,9733,5,,
20491,29966,31772,9733,9,,
20492,29965,31773,9733,0,,
20493,29966,31773,9733,2,,
20494,29965,31770,9733,2,,
20495,29966,31770,9733,0,,
20496,29965,31771,9733,7,,
20497,29966,31771,9733,0,,
20511,29993,31800,9741,1,,
20512,29992,31800,9741,13,,
20513,29993,31801,9741,2,,
20514,29992,31801,9741,0,,
20515,29993,31798,9741,2,,
20516,29992,31798,9741,0,,
20517,29993,31799,9741,7,,
20518,29992,31799,9741,0,,
20525,30010,31817,9748,0,,
20526,30011,31817,9748,2,,
20527,30010,31816,9748,4,,
20528,30011,31816,9748,10,,
20529,30010,31815,9748,7,,
20530,30011,31815,9748,0,,
20531,30010,31814,9748,2,,
20532,30011,31814,9748,0,,
20600,30129,31908,9787,3,,
20601,30128,31908,9787,0,,
20602,30126,31908,9787,0,,
20603,30127,31908,9787,0,,
20604,30129,31909,9787,10,,
20605,30128,31909,9787,0,,
20606,30126,31909,9787,0,,
20607,30127,31909,9787,0,,
20608,30129,31910,9787,15,,
20609,30128,31910,9787,0,,
20610,30126,31910,9787,0,,
20611,30127,31910,9787,0,,
20612,30129,31911,9787,10,,
20613,30128,31911,9787,30,,
20614,30126,31911,9787,29,,
20615,30127,31911,9787,30,,
20681,30214,31979,9813,2,,
20682,30213,31979,9813,0,,
20683,30214,31980,9813,7,,
20684,30213,31980,9813,0,,
20685,30214,31981,9813,1,,
20686,30213,31981,9813,13,,
20687,30214,31982,9813,2,,
20688,30213,31982,9813,0,,
20709,30266,32039,9830,2,,
20710,30267,32039,9830,0,,
20711,30266,32038,9830,2,,
20712,30267,32038,9830,12,,
20713,30266,32037,9830,7,,
20714,30267,32037,9830,0,,
20715,30266,32036,9830,2,,
20716,30267,32036,9830,0,,
20818,30286,32063,9838,2,,
20819,30285,32063,9838,0,,
20820,30286,32065,9838,3,,
20821,30285,32065,9838,11,,
20822,30286,32064,9838,7,,
20823,30285,32064,9838,0,,
20824,30286,32066,9838,2,,
20825,30285,32066,9838,0,,
20846,30302,32089,9844,0,,
20847,30303,32089,9844,2,,
20848,30302,32090,9844,0,,
20849,30303,32090,9844,7,,
20850,30302,32091,9844,9,,
20851,30303,32091,9844,5,,
20852,30302,32092,9844,0,,
20853,30303,32092,9844,2,,
20867,30319,32114,9850,14,,
20868,30320,32114,9850,0,,
20869,30319,32115,9850,0,,
20870,30320,32115,9850,2,,
20871,30319,32112,9850,0,,
20872,30320,32112,9850,2,,
20873,30319,32113,9850,1,,
20874,30320,32113,9850,6,,
20893,30350,32140,9860,0,,
20894,30349,32140,9860,14,,
20895,30350,32141,9860,2,,
20896,30349,32141,9860,0,,
20897,30350,32138,9860,2,,
20898,30349,32138,9860,0,,
20899,30350,32139,9860,7,,
20900,30349,32139,9860,0,,
20936,30408,32198,9879,2,,
20937,30409,32198,9879,0,,
20938,30408,32199,9879,7,,
20939,30409,32199,9879,0,,
20940,30408,32200,9879,0,,
20941,30409,32200,9879,14,,
20942,30408,32201,9879,1,,
20943,30409,32201,9879,1,,
20959,30423,32217,9885,0,,
20960,30424,32217,9885,7,,
20961,30423,32216,9885,2,,
20962,30424,32216,9885,0,,
20963,30423,32219,9885,2,,
20964,30424,32219,9885,0,,
20965,30423,32218,9885,11,,
20966,30424,32218,9885,3,,
20992,30491,32271,9905,2,,
20993,30492,32271,9905,0,,
20994,30491,32274,9905,2,,
20995,30492,32274,9905,0,,
20996,30491,32272,9905,7,,
20997,30492,32272,9905,0,,
20998,30491,32273,9905,2,,
20999,30492,32273,9905,12,,
21004,30499,32282,9907,0,,
21005,30498,32282,9907,0,,
21006,30497,32282,9907,2,,
21007,30499,32280,9907,7,,
21008,30498,32280,9907,0,,
21009,30497,32280,9907,0,,
21010,30499,32281,9907,1,,
21011,30498,32281,9907,7,,
21012,30497,32281,9907,6,,
21013,30499,32279,9907,2,,
21014,30498,32279,9907,0,,
21015,30497,32279,9907,0,,
21016,30501,32283,9908,2,,
21017,30500,32283,9908,0,,
21018,30501,32286,9908,0,,
21019,30500,32286,9908,2,,
21020,30501,32284,9908,7,,
21021,30500,32284,9908,0,,
21022,30501,32285,9908,5,,
21023,30500,32285,9908,9,,
21050,30543,32323,9923,0,,
21051,30542,32323,9923,2,,
21052,30543,32322,9923,13,,
21053,30542,32322,9923,1,,
21054,30543,32321,9923,7,,
21055,30542,32321,9923,0,,
21056,30543,32320,9923,2,,
21057,30542,32320,9923,0,,
21200,30702,32497,9973,7,,
21201,30701,32497,9973,0,,
21202,30702,32496,9973,2,,
21203,30701,32496,9973,0,,
21204,30702,32499,9973,2,,
21205,30701,32499,9973,0,,
21206,30702,32498,9973,2,,
21207,30701,32498,9973,12,,
21239,30748,32537,9989,2,,
21240,30747,32537,9989,0,,
21241,30748,32538,9989,7,,
21242,30747,32538,9989,0,,
21243,30748,32539,9989,2,,
21244,30747,32539,9989,12,,
21245,30748,32540,9989,2,,
21246,30747,32540,9989,0,,
21251,30757,32543,9994,2,,
21252,30758,32543,9994,0,,
21253,30757,32546,9994,2,,
21254,30758,32546,9994,0,,
21255,30757,32545,9994,2,,
21256,30758,32545,9994,12,,
21257,30757,32544,9994,7,,
21258,30758,32544,9994,0,,
21267,30768,32555,9997,2,,
21268,30767,32555,9997,0,,
21269,30768,32558,9997,0,,
21270,30767,32558,9997,2,,
21271,30768,32557,9997,0,,
21272,30767,32557,9997,14,,
21273,30768,32556,9997,7,,
21274,30767,32556,9997,0,,
21309,30825,32604,10014,0,,
21310,30824,32604,10014,2,,
21311,30825,32605,10014,0,,
21312,30824,32605,10014,7,,
21313,30825,32606,10014,6,,
21314,30824,32606,10014,8,,
21315,30825,32607,10014,2,,
21316,30824,32607,10014,0,,
21326,30835,32613,10018,10,,
21327,30836,32613,10018,0,,
21328,30837,32613,10018,0,,
21329,30838,32613,10018,0,,
21330,30835,32612,10018,0,,
21331,30836,32612,10018,0,,
21332,30837,32612,10018,20,,
21333,30838,32612,10018,0,,
21334,30835,32611,10018,3,,
21335,30836,32611,10018,11,,
21336,30837,32611,10018,1,,
21337,30838,32611,10018,5,,
21338,30835,32610,10018,0,,
21339,30836,32610,10018,0,,
21340,30837,32610,10018,1,,
21341,30838,32610,10018,0,,
21409,30948,32716,10052,0,,
21410,30949,32716,10052,2,,
21411,30948,32713,10052,0,,
21412,30949,32713,10052,2,,
21413,30948,32714,10052,7,,
21414,30949,32714,10052,0,,
21415,30948,32715,10052,6,,
21416,30949,32715,10052,8,,
21449,30994,32763,10066,2,,
21450,30995,32763,10066,0,,
21451,30994,32762,10066,2,,
21452,30995,32762,10066,12,,
21453,30994,32761,10066,7,,
21454,30995,32761,10066,0,,
21455,30994,32760,10066,2,,
21456,30995,32760,10066,0,,
21457,31000,32783,10068,2,,
21458,31001,32783,10068,0,,
21459,31000,32785,10068,0,,
21460,31001,32785,10068,14,,
21461,31000,32784,10068,7,,
21462,31001,32784,10068,0,,
21463,31000,32786,10068,0,,
21464,31001,32786,10068,2,,
21485,31024,32803,10075,2,,
21486,31025,32803,10075,0,,
21487,31024,32806,10075,2,,
21488,31025,32806,10075,0,,
21489,31024,32804,10075,0,,
21490,31025,32804,10075,7,,
21491,31024,32805,10075,4,,
21492,31025,32805,10075,10,,
21545,31096,32883,10099,1,,
21546,31097,32883,10099,1,,
21547,31096,32882,10099,0,,
21548,31097,32882,10099,14,,
21549,31096,32881,10099,7,,
21550,31097,32881,10099,0,,
21551,31096,32880,10099,2,,
21552,31097,32880,10099,0,,
21557,31098,32887,10100,2,,
21558,31099,32887,10100,0,,
21559,31098,32886,10100,14,,
21560,31099,32886,10100,0,,
21561,31098,32885,10100,1,,
21562,31099,32885,10100,6,,
21563,31098,32884,10100,2,,
21564,31099,32884,10100,0,,
21565,31100,32891,10101,0,,
21566,31101,32891,10101,2,,
21567,31100,32890,10101,7,,
21568,31101,32890,10101,7,,
21569,31100,32889,10101,7,,
21570,31101,32889,10101,0,,
21571,31100,32888,10101,0,,
21572,31101,32888,10101,2,,
21573,31102,32895,10102,0,,
21574,31103,32895,10102,2,,
21575,31102,32894,10102,14,,
21576,31103,32894,10102,0,,
21577,31102,32893,10102,7,,
21578,31103,32893,10102,0,,
21579,31102,32892,10102,0,,
21580,31103,32892,10102,2,,
21581,31104,32897,10103,0,,
21582,31105,32897,10103,7,,
21583,31104,32896,10103,2,,
21584,31105,32896,10103,0,,
21585,31104,32899,10103,0,,
21586,31105,32899,10103,2,,
21587,31104,32898,10103,7,,
21588,31105,32898,10103,7,,
21688,31366,33149,10171,14,,
21689,31365,33149,10171,0,,
21690,31366,33148,10171,0,,
21691,31365,33148,10171,7,,
21692,31366,33150,10171,2,,
21693,31365,33150,10171,0,,
21694,31366,33147,10171,2,,
21695,31365,33147,10171,0,,
21711,31383,33167,10177,2,,
21712,31382,33167,10177,0,,
21713,31383,33166,10177,5,,
21714,31382,33166,10177,9,,
21715,31383,33165,10177,7,,
21716,31382,33165,10177,0,,
21717,31383,33164,10177,2,,
21718,31382,33164,10177,0,,
21754,31455,33234,10202,1,,
21755,31454,33234,10202,0,,
21756,31455,33232,10202,0,,
21757,31454,33232,10202,4,,
21758,31455,33233,10202,0,,
21759,31454,33233,10202,1,,
21760,31455,33231,10202,4,,
21761,31454,33231,10202,0,,
21813,31518,33292,10224,2,,
21814,31519,33292,10224,0,,
21815,31518,33293,10224,7,,
21816,31519,33293,10224,0,,
21817,31518,33294,10224,2,,
21818,31519,33294,10224,12,,
21819,31518,33295,10224,2,,
21820,31519,33295,10224,0,,
21831,31535,33309,10229,2,,
21832,31534,33309,10229,0,,
21833,31535,33311,10229,2,,
21834,31534,33311,10229,12,,
21835,31535,33310,10229,7,,
21836,31534,33310,10229,0,,
21837,31535,33312,10229,2,,
21838,31534,33312,10229,0,,
21883,31584,33361,10243,7,,
21884,31583,33361,10243,0,,
21885,31584,33360,10243,0,,
21886,31583,33360,10243,2,,
21887,31584,33363,10243,0,,
21888,31583,33363,10243,2,,
21889,31584,33362,10243,7,,
21890,31583,33362,10243,7,,
21894,31596,33373,10247,2,,
21895,31595,33373,10247,0,,
21896,31596,33375,10247,9,,
21897,31595,33375,10247,5,,
21898,31596,33374,10247,0,,
21899,31595,33374,10247,7,,
21900,31596,33376,10247,2,,
21901,31595,33376,10247,0,,
21945,31648,33436,10265,7,,
21946,31649,33436,10265,0,,
21947,31648,33437,10265,9,,
21948,31649,33437,10265,5,,
21949,31648,33438,10265,0,,
21950,31649,33438,10265,2,,
21951,31648,33435,10265,0,,
21952,31649,33435,10265,2,,
22023,31747,33530,10295,2,,
22024,31746,33530,10295,0,,
22025,31747,33531,10295,7,,
22026,31746,33531,10295,0,,
22027,31747,33532,10295,3,,
22028,31746,33532,10295,11,,
22029,31747,33533,10295,2,,
22030,31746,33533,10295,0,,
22044,31759,33550,10300,1,,
22045,31758,33550,10300,0,,
22046,31759,33548,10300,1,,
22047,31758,33548,10300,0,,
22048,31759,33549,10300,1,,
22049,31758,33549,10300,0,,
22050,31759,33547,10300,0,,
22051,31758,33547,10300,1,,
22052,31760,33551,10301,0,,
22053,31761,33551,10301,1,,
22054,31760,33554,10301,0,,
22055,31761,33554,10301,1,,
22056,31760,33553,10301,0,,
22057,31761,33553,10301,1,,
22058,31760,33552,10301,1,,
22059,31761,33552,10301,0,,
22104,31815,33603,10317,2,,
22105,31814,33603,10317,0,,
22106,31815,33606,10317,2,,
22107,31814,33606,10317,0,,
22108,31815,33604,10317,7,,
22109,31814,33604,10317,0,,
22110,31815,33605,10317,4,,
22111,31814,33605,10317,10,,
22116,31836,33627,10325,10,,
22117,31837,33627,10325,4,,
22118,31836,33626,10325,0,,
22119,31837,33626,10325,7,,
22120,31836,33625,10325,2,,
22121,31837,33625,10325,0,,
22122,31836,33628,10325,2,,
22123,31837,33628,10325,0,,
22180,31939,33716,10357,0,,
22181,31940,33716,10357,1,,
22182,31941,33716,10357,0,,
22183,31939,33713,10357,1,,
22184,31940,33713,10357,0,,
22185,31941,33713,10357,0,,
22186,31939,33714,10357,1,,
22187,31940,33714,10357,0,,
22188,31941,33714,10357,0,,
22189,31939,33715,10357,0,,
22190,31940,33715,10357,1,,
22191,31941,33715,10357,0,,
22258,32043,33815,10388,2,,
22259,32042,33815,10388,0,,
22260,32043,33817,10388,1,,
22261,32042,33817,10388,13,,
22262,32043,33816,10388,7,,
22263,32042,33816,10388,0,,
22264,32043,33818,10388,2,,
22265,32042,33818,10388,0,,
22399,32269,34031,10461,7,,
22400,32268,34031,10461,0,,
22401,32269,34030,10461,0,,
22402,32268,34030,10461,2,,
22403,32269,34032,10461,2,,
22404,32268,34032,10461,12,,
22405,32269,34033,10461,2,,
22406,32268,34033,10461,0,,
22450,32324,34084,10481,2,,
22451,32323,34084,10481,0,,
22452,32324,34085,10481,7,,
22453,32323,34085,10481,0,,
22454,32324,34086,10481,6,,
22455,32323,34086,10481,8,,
22456,32324,34087,10481,0,,
22457,32323,34087,10481,2,,
22512,32395,34156,10507,0,,
22513,32396,34156,10507,1,,
22514,32395,34157,10507,0,,
22515,32396,34157,10507,1,,
22516,32395,34154,10507,1,,
22517,32396,34154,10507,0,,
22518,32395,34155,10507,2,,
22519,32396,34155,10507,0,,
22539,32411,34179,10513,0,,
22540,32412,34179,10513,1,,
22541,32411,34173,10513,0,,
22542,32412,34173,10513,4,,
22543,32411,34178,10513,0,,
22544,32412,34178,10513,1,,
22545,32411,34172,10513,0,,
22546,32412,34172,10513,18,,
22547,32411,34177,10513,0,,
22548,32412,34177,10513,4,,
22549,32411,34175,10513,0,,
22550,32412,34175,10513,4,,
22551,32411,34176,10513,0,,
22552,32412,34176,10513,4,,
22553,32411,34174,10513,0,,
22554,32412,34174,10513,3,,
22555,32411,34183,10513,0,,
22556,32412,34183,10513,3,,
22557,32411,34182,10513,0,,
22558,32412,34182,10513,1,,
22559,32411,34181,10513,0,,
22560,32412,34181,10513,3,,
22561,32411,34171,10513,50,,
22562,32412,34171,10513,0,,
22563,32411,34180,10513,0,,
22564,32412,34180,10513,1,,
22659,32532,34300,10549,7,,
22660,32533,34300,10549,0,,
22661,32532,34301,10549,8,,
22662,32533,34301,10549,6,,
22663,32532,34302,10549,0,,
22664,32533,34302,10549,2,,
22665,32532,34299,10549,0,,
22666,32533,34299,10549,2,,
22687,32555,34325,10557,0,,
22688,32554,34325,10557,14,,
22689,32555,34324,10557,7,,
22690,32554,34324,10557,0,,
22691,32555,34326,10557,2,,
22692,32554,34326,10557,0,,
22693,32555,34323,10557,2,,
22694,32554,34323,10557,0,,
22701,32571,34342,10563,2,,
22702,32572,34342,10563,0,,
22703,32571,34343,10563,0,,
22704,32572,34343,10563,7,,
22705,32571,34344,10563,3,,
22706,32572,34344,10563,11,,
22707,32571,34345,10563,0,,
22708,32572,34345,10563,2,,
22775,32656,34423,10589,0,,
22776,32655,34423,10589,4,,
22777,32656,34422,10589,0,,
22778,32655,34422,10589,4,,
22779,32656,34427,10589,1,,
22780,32655,34427,10589,0,,
22781,32656,34426,10589,4,,
22782,32655,34426,10589,0,,
22783,32656,34425,10589,0,,
22784,32655,34425,10589,5,,
22785,32656,34424,10589,4,,
22786,32655,34424,10589,0,,
22787,32656,34431,10589,1,,
22788,32655,34431,10589,0,,
22789,32656,34430,10589,0,,
22790,32655,34430,10589,2,,
22791,32656,34429,10589,0,,
22792,32655,34429,10589,2,,
22793,32656,34428,10589,0,,
22794,32655,34428,10589,1,,
22873,32818,34583,10642,2,,
22874,32817,34583,10642,0,,
22875,32818,34586,10642,2,,
22876,32817,34586,10642,0,,
22877,32818,34585,10642,1,,
22878,32817,34585,10642,13,,
22879,32818,34584,10642,7,,
22880,32817,34584,10642,0,,
22965,32915,34673,10673,7,,
22966,32916,34673,10673,0,,
22967,32915,34672,10673,0,,
22968,32916,34672,10673,2,,
22969,32915,34675,10673,2,,
22970,32916,34675,10673,0,,
22971,32915,34674,10673,4,,
22972,32916,34674,10673,10,,
23018,32976,34733,10693,2,,
23019,32975,34733,10693,0,,
23020,32976,34735,10693,11,,
23021,32975,34735,10693,3,,
23022,32976,34734,10693,0,,
23023,32975,34734,10693,7,,
23024,32976,34736,10693,0,,
23025,32975,34736,10693,2,,
23041,33022,34774,10709,1,,
23042,33023,34774,10709,0,,
23043,33022,34775,10709,0,,
23044,33023,34775,10709,1,,
23091,33102,34841,10733,2,,
23092,33103,34841,10733,0,,
23093,33102,34843,10733,1,,
23094,33103,34843,10733,13,,
23095,33102,34842,10733,7,,
23096,33103,34842,10733,0,,
23097,33102,34844,10733,2,,
23098,33103,34844,10733,0,,
23107,33115,34856,10737,0,,
23108,33114,34856,10737,1,,
23109,33113,34856,10737,0,,
23110,33112,34856,10737,0,,
23111,33115,34857,10737,1,,
23112,33114,34857,10737,0,,
23113,33113,34857,10737,0,,
23114,33112,34857,10737,0,,
23115,33115,34854,10737,1,,
23116,33114,34854,10737,0,,
23117,33113,34854,10737,0,,
23118,33112,34854,10737,0,,
23119,33115,34855,10737,1,,
23120,33114,34855,10737,0,,
23121,33113,34855,10737,0,,
23122,33112,34855,10737,0,,
23123,33115,34853,10737,0,,
23124,33114,34853,10737,0,,
23125,33113,34853,10737,0,,
23126,33112,34853,10737,1,,
23169,33167,34905,10755,123,,
23170,33166,34905,10755,123,,
23171,33165,34905,10755,119,,
23172,33167,34907,10755,0,,
23173,33166,34907,10755,0,,
23174,33165,34907,10755,1,,
23175,33167,34906,10755,0,,
23176,33166,34906,10755,0,,
23177,33165,34906,10755,1,,
23187,33174,34918,10758,162,,
23188,33175,34918,10758,203,,
23189,33174,34917,10758,365,,
23190,33175,34917,10758,0,,
23209,33225,34951,10772,0,,
23210,33224,34951,10772,7,,
23211,33225,34950,10772,2,,
23212,33224,34950,10772,0,,
23213,33225,34953,10772,2,,
23214,33224,34953,10772,0,,
23215,33225,34952,10772,6,,
23216,33224,34952,10772,8,,
23233,33266,34987,10784,3,,
23234,33267,34987,10784,11,,
23235,33266,34986,10784,7,,
23236,33267,34986,10784,0,,
23237,33266,34985,10784,2,,
23238,33267,34985,10784,0,,
23239,33266,34988,10784,2,,
23240,33267,34988,10784,0,,
23241,33274,34994,10787,0,,
23242,33275,34994,10787,2,,
23243,33274,34995,10787,0,,
23244,33275,34995,10787,7,,
23245,33274,34996,10787,8,,
23246,33275,34996,10787,6,,
23247,33274,34997,10787,2,,
23248,33275,34997,10787,0,,
23287,33337,35051,10805,2,,
23288,33336,35051,10805,0,,
23289,33337,35050,10805,1,,
23290,33336,35050,10805,13,,
23291,33337,35049,10805,7,,
23292,33336,35049,10805,0,,
23293,33337,35048,10805,2,,
23294,33336,35048,10805,0,,
23440,33608,35286,10890,0,,
23441,33609,35286,10890,2,,
23442,33608,35284,10890,0,,
23443,33609,35284,10890,7,,
23444,33608,35285,10890,14,,
23445,33609,35285,10890,0,,
23446,33608,35283,10890,2,,
23447,33609,35283,10890,0,,
23493,33703,35368,10916,2,,
23494,33704,35368,10916,0,,
23495,33703,35366,10916,0,,
23496,33704,35366,10916,7,,
23497,33703,35367,10916,10,,
23498,33704,35367,10916,4,,
23499,33703,35365,10916,0,,
23500,33704,35365,10916,2,,
23514,33752,35405,10926,2,,
23515,33753,35405,10926,0,,
23516,33752,35406,10926,7,,
23517,33753,35406,10926,0,,
23518,33752,35407,10926,1,,
23519,33753,35407,10926,13,,
23520,33752,35408,10926,2,,
23521,33753,35408,10926,0,,
23522,33754,35409,10927,2,,
23523,33755,35409,10927,0,,
23524,33754,35411,10927,4,,
23525,33755,35411,10927,10,,
23526,33754,35410,10927,7,,
23527,33755,35410,10927,0,,
23528,33754,35412,10927,2,,
23529,33755,35412,10927,0,,
23553,33804,35461,10941,3,,
23554,33805,35461,10941,4,,
23555,33804,35460,10941,0,,
23556,33805,35460,10941,2,,
23557,33804,35463,10941,0,,
23558,33805,35463,10941,2,,
23559,33804,35462,10941,14,,
23560,33805,35462,10941,0,,
23584,33834,35500,10950,0,,
23585,33835,35500,10950,2,,
23586,33834,35499,10950,8,,
23587,33835,35499,10950,6,,
23588,33834,35498,10950,7,,
23589,33835,35498,10950,0,,
23590,33834,35497,10950,0,,
23591,33835,35497,10950,2,,
23660,33931,35590,10984,0,,
23661,33930,35590,10984,2,,
23662,33933,35590,10984,0,,
23663,33932,35590,10984,0,,
23664,33931,35588,10984,0,,
23665,33930,35588,10984,3,,
23666,33933,35588,10984,0,,
23667,33932,35588,10984,0,,
23668,33931,35589,10984,0,,
23669,33930,35589,10984,0,,
23670,33933,35589,10984,1,,
23671,33932,35589,10984,0,,
23672,33931,35586,10984,3,,
23673,33930,35586,10984,0,,
23674,33933,35586,10984,0,,
23675,33932,35586,10984,0,,
23676,33931,35587,10984,0,,
23677,33930,35587,10984,0,,
23678,33933,35587,10984,0,,
23679,33932,35587,10984,2,,
23680,33931,35584,10984,2,,
23681,33930,35584,10984,1,,
23682,33933,35584,10984,3,,
23683,33932,35584,10984,1,,
23684,33931,35585,10984,0,,
23685,33930,35585,10984,0,,
23686,33933,35585,10984,0,,
23687,33932,35585,10984,2,,
23704,33976,35630,10998,2,,
23705,33975,35630,10998,0,,
23706,33976,35631,10998,0,,
23707,33975,35631,10998,7,,
23708,33976,35633,10998,2,,
23709,33975,35633,10998,0,,
23710,33976,35632,10998,3,,
23711,33975,35632,10998,11,,
23725,33989,35650,11003,0,,
23726,33988,35650,11003,14,,
23727,33989,35651,11003,2,,
23728,33988,35651,11003,0,,
23729,33989,35648,11003,2,,
23730,33988,35648,11003,0,,
23731,33989,35649,11003,7,,
23732,33988,35649,11003,0,,
23733,33996,35658,11006,7,,
23734,33995,35658,11006,0,,
23735,33996,35659,11006,0,,
23736,33995,35659,11006,14,,
23737,33996,35657,11006,1,,
23738,33995,35657,11006,1,,
23739,33996,35660,11006,0,,
23740,33995,35660,11006,2,,
23772,34060,35718,11026,2,,
23773,34061,35718,11026,0,,
23774,34060,35717,11026,3,,
23775,34061,35717,11026,11,,
23776,34060,35716,11026,7,,
23777,34061,35716,11026,0,,
23778,34060,35715,11026,2,,
23779,34061,35715,11026,0,,
23804,34082,35745,11033,0,,
23805,34083,35745,11033,1,,
23806,34082,35744,11033,2,,
23807,34083,35744,11033,0,,
23808,34082,35746,11033,0,,
23809,34083,35746,11033,1,,
23810,34082,35742,11033,0,,
23811,34083,35742,11033,7,,
23812,34082,35743,11033,14,,
23813,34083,35743,11033,0,,
23814,34082,35741,11033,0,,
23815,34083,35741,11033,2,,
23903,34288,35920,11099,0,,
23904,34289,35920,11099,2,,
23905,34288,35917,11099,0,,
23906,34289,35917,11099,2,,
23907,34288,35918,11099,7,,
23908,34289,35918,11099,0,,
23909,34288,35919,11099,9,,
23910,34289,35919,11099,5,,
23911,34290,35924,11100,0,,
23912,34291,35924,11100,2,,
23913,34290,35921,11100,0,,
23914,34291,35921,11100,2,,
23915,34290,35923,11100,9,,
23916,34291,35923,11100,5,,
23917,34290,35922,11100,7,,
23918,34291,35922,11100,0,,
23997,34505,36128,11166,0,,
23998,34504,36128,11166,1,,
23999,34507,36128,11166,0,,
24000,34506,36128,11166,0,,
24001,34503,36128,11166,0,,
24002,34505,36129,11166,0,,
24003,34504,36129,11166,0,,
24004,34507,36129,11166,0,,
24005,34506,36129,11166,0,,
24006,34503,36129,11166,1,,
24007,34505,36130,11166,2,,
24008,34504,36130,11166,1,,
24009,34507,36130,11166,0,,
24010,34506,36130,11166,0,,
24011,34503,36130,11166,0,,
24012,34505,36131,11166,0,,
24013,34504,36131,11166,0,,
24014,34507,36131,11166,4,,
24015,34506,36131,11166,3,,
24016,34503,36131,11166,0,,
24017,34505,36127,11166,0,,
24018,34504,36127,11166,0,,
24019,34507,36127,11166,0,,
24020,34506,36127,11166,0,,
24021,34503,36127,11166,1,,
24022,34505,36126,11166,0,,
24023,34504,36126,11166,1,,
24024,34507,36126,11166,0,,
24025,34506,36126,11166,0,,
24026,34503,36126,11166,0,,
24027,34505,36125,11166,0,,
24028,34504,36125,11166,0,,
24029,34507,36125,11166,0,,
24030,34506,36125,11166,0,,
24031,34503,36125,11166,1,,
24032,34505,36124,11166,0,,
24033,34504,36124,11166,0,,
24034,34507,36124,11166,0,,
24035,34506,36124,11166,0,,
24036,34503,36124,11166,1,,
24118,34638,36250,11206,2,,
24119,34637,36250,11206,0,,
24120,34638,36248,11206,7,,
24121,34637,36248,11206,0,,
24122,34638,36249,11206,2,,
24123,34637,36249,11206,12,,
24124,34638,36247,11206,2,,
24125,34637,36247,11206,0,,
24312,34998,36584,11299,2,,
24313,34997,36584,11299,0,,
24314,34998,36583,11299,12,,
24315,34997,36583,11299,2,,
24316,34998,36582,11299,0,,
24317,34997,36582,11299,7,,
24318,34998,36581,11299,0,,
24319,34997,36581,11299,2,,
24320,35011,36595,11303,0,,
24321,35010,36595,11303,2,,
24322,35011,36598,11303,2,,
24323,35010,36598,11303,0,,
24324,35011,36596,11303,7,,
24325,35010,36596,11303,0,,
24326,35011,36597,11303,2,,
24327,35010,36597,11303,12,,
24356,35050,36639,11312,0,,
24357,35049,36639,11312,2,,
24358,35050,36638,11312,12,,
24359,35049,36638,11312,2,,
24360,35050,36637,11312,7,,
24361,35049,36637,11312,0,,
24362,35050,36636,11312,0,,
24363,35049,36636,11312,2,,
24401,35158,36739,11344,0,,
24402,35157,36739,11344,2,,
24403,35158,36738,11344,4,,
24404,35157,36738,11344,10,,
24405,35158,36737,11344,7,,
24406,35157,36737,11344,0,,
24407,35158,36736,11344,2,,
24408,35157,36736,11344,0,,
24654,35656,37231,11499,7,,
24655,35655,37231,11499,0,,
24656,35656,37230,11499,2,,
24657,35655,37230,11499,0,,
24658,35656,37232,11499,0,,
24659,35655,37232,11499,14,,
24660,35656,37233,11499,2,,
24661,35655,37233,11499,0,,
24665,35670,37248,11504,5,,
24666,35669,37248,11504,9,,
24667,35670,37246,11504,2,,
24668,35669,37246,11504,0,,
24669,35670,37249,11504,2,,
24670,35669,37249,11504,0,,
24671,35670,37247,11504,0,,
24672,35669,37247,11504,7,,
24743,35863,37430,11564,2,,
24744,35864,37430,11564,12,,
24745,35863,37431,11564,2,,
24746,35864,37431,11564,0,,
24747,35863,37428,11564,2,,
24748,35864,37428,11564,0,,
24749,35863,37429,11564,7,,
24750,35864,37429,11564,0,,
24835,36026,37668,11613,2,,
24836,36027,37668,11613,0,,
24837,36026,37665,11613,2,,
24838,36027,37665,11613,0,,
24839,36026,37667,11613,1,,
24840,36027,37667,11613,13,,
24841,36026,37666,11613,7,,
24842,36027,37666,11613,0,,
25091,36295,37927,11688,10,,
25092,36294,37927,11688,4,,
25093,36295,37926,11688,0,,
25094,36294,37926,11688,7,,
25095,36295,37925,11688,2,,
25096,36294,37925,11688,0,,
25097,36295,37931,11688,0,,
25098,36294,37931,11688,2,,
25099,36295,37930,11688,0,,
25100,36294,37930,11688,2,,
25101,36295,37929,11688,5,,
25102,36294,37929,11688,0,,
25103,36295,37928,11688,0,,
25104,36294,37928,11688,2,,
25105,36295,37932,11688,0,,
25106,36294,37932,11688,1,,
25107,36297,37938,11689,0,,
25108,36296,37938,11689,2,,
25109,36297,37939,11689,0,,
25110,36296,37939,11689,2,,
25111,36297,37936,11689,0,,
25112,36296,37936,11689,2,,
25113,36297,37937,11689,5,,
25114,36296,37937,11689,0,,
25115,36297,37940,11689,0,,
25116,36296,37940,11689,1,,
25117,36297,37935,11689,10,,
25118,36296,37935,11689,4,,
25119,36297,37934,11689,0,,
25120,36296,37934,11689,7,,
25121,36297,37933,11689,2,,
25122,36296,37933,11689,0,,
25146,36359,38004,11710,0,,
25147,36360,38004,11710,2,,
25148,36359,38002,11710,7,,
25149,36360,38002,11710,0,,
25150,36359,38003,11710,2,,
25151,36360,38003,11710,12,,
25152,36359,38001,11710,2,,
25153,36360,38001,11710,0,,
25154,36361,38006,11711,0,,
25155,36362,38006,11711,4,,
25156,36361,38005,11711,5,,
25157,36362,38005,11711,0,,
25205,36458,38100,11742,4,,
25206,36459,38100,11742,2,,
25207,36460,38100,11742,2,,
25208,36458,38099,11742,1,,
25209,36459,38099,11742,0,,
25210,36460,38099,11742,0,,
25211,36458,38098,11742,0,,
25212,36459,38098,11742,0,,
25213,36460,38098,11742,7,,
25227,36474,38118,11748,0,,
25228,36473,38118,11748,14,,
25229,36474,38119,11748,2,,
25230,36473,38119,11748,0,,
25231,36474,38116,11748,2,,
25232,36473,38116,11748,0,,
25233,36474,38117,11748,6,,
25234,36473,38117,11748,1,,
25269,36510,38167,11760,2,,
25270,36511,38167,11760,0,,
25271,36510,38168,11760,0,,
25272,36511,38168,11760,1,,
25273,36513,38170,11761,1,,
25274,36512,38170,11761,0,,
25275,36513,38169,11761,1,,
25276,36512,38169,11761,1,,
25277,36515,38171,11762,0,,
25278,36514,38171,11762,2,,
25279,36515,38172,11762,1,,
25280,36514,38172,11762,0,,
25281,36530,38192,11767,1,,
25282,36531,38192,11767,0,,
25283,36530,38193,11767,0,,
25284,36531,38193,11767,1,,
25285,36530,38194,11767,0,,
25286,36531,38194,11767,1,,
25287,36530,38195,11767,0,,
25288,36531,38195,11767,1,,
25289,36530,38196,11767,0,,
25290,36531,38196,11767,1,,
25291,36530,38197,11767,1,,
25292,36531,38197,11767,0,,
25293,36530,38198,11767,0,,
25294,36531,38198,11767,1,,
25295,36530,38199,11767,0,,
25296,36531,38199,11767,1,,
25297,36530,38200,11767,0,,
25298,36531,38200,11767,1,,
25299,36530,38201,11767,0,,
25300,36531,38201,11767,1,,
25301,36530,38202,11767,0,,
25302,36531,38202,11767,1,,
25303,36530,38203,11767,0,,
25304,36531,38203,11767,1,,
25305,36530,38204,11767,0,,
25306,36531,38204,11767,1,,
25307,36530,38205,11767,0,,
25308,36531,38205,11767,1,,
25309,36530,38206,11767,0,,
25310,36531,38206,11767,1,,
25311,36530,38207,11767,0,,
25312,36531,38207,11767,1,,
25313,36530,38214,11767,1,,
25314,36531,38214,11767,0,,
25315,36530,38213,11767,1,,
25316,36531,38213,11767,0,,
25317,36530,38212,11767,1,,
25318,36531,38212,11767,0,,
25319,36530,38211,11767,1,,
25320,36531,38211,11767,0,,
25321,36530,38210,11767,1,,
25322,36531,38210,11767,0,,
25323,36530,38209,11767,1,,
25324,36531,38209,11767,0,,
25325,36530,38208,11767,1,,
25326,36531,38208,11767,0,,
25327,36530,38185,11767,0,,
25328,36531,38185,11767,1,,
25329,36530,38184,11767,1,,
25330,36531,38184,11767,0,,
25331,36530,38187,11767,1,,
25332,36531,38187,11767,0,,
25333,36530,38186,11767,1,,
25334,36531,38186,11767,0,,
25335,36530,38189,11767,1,,
25336,36531,38189,11767,0,,
25337,36530,38188,11767,1,,
25338,36531,38188,11767,0,,
25339,36530,38191,11767,1,,
25340,36531,38191,11767,0,,
25341,36530,38190,11767,0,,
25342,36531,38190,11767,1,,
25359,36553,38238,11774,0,,
25360,36554,38238,11774,2,,
25361,36553,38236,11774,0,,
25362,36554,38236,11774,7,,
25363,36553,38237,11774,8,,
25364,36554,38237,11774,6,,
25365,36553,38235,11774,2,,
25366,36554,38235,11774,0,,
25422,36616,38304,11792,2,,
25423,36617,38304,11792,0,,
25424,36616,38305,11792,7,,
25425,36617,38305,11792,0,,
25426,36616,38306,11792,2,,
25427,36617,38306,11792,12,,
25428,36616,38307,11792,2,,
25429,36617,38307,11792,0,,
25444,36638,38329,11800,1,,
25445,36637,38329,11800,0,,
25446,36638,38328,11800,1,,
25447,36637,38328,11800,0,,
25448,36638,38331,11800,1,,
25449,36637,38331,11800,0,,
25450,36638,38330,11800,1,,
25451,36637,38330,11800,0,,
25452,36638,38333,11800,1,,
25453,36637,38333,11800,0,,
25454,36638,38332,11800,0,,
25455,36637,38332,11800,1,,
25456,36638,38335,11800,0,,
25457,36637,38335,11800,1,,
25458,36638,38334,11800,0,,
25459,36637,38334,11800,1,,
25460,36638,38327,11800,1,,
25461,36637,38327,11800,0,,
25462,36638,38363,11800,0,,
25463,36637,38363,11800,1,,
25464,36638,38362,11800,0,,
25465,36637,38362,11800,1,,
25466,36638,38361,11800,0,,
25467,36637,38361,11800,1,,
25468,36638,38360,11800,0,,
25469,36637,38360,11800,1,,
25470,36638,38359,11800,0,,
25471,36637,38359,11800,1,,
25472,36638,38358,11800,1,,
25473,36637,38358,11800,0,,
25474,36638,38357,11800,1,,
25475,36637,38357,11800,0,,
25476,36638,38356,11800,1,,
25477,36637,38356,11800,0,,
25478,36638,38355,11800,1,,
25479,36637,38355,11800,0,,
25480,36638,38354,11800,1,,
25481,36637,38354,11800,0,,
25482,36638,38353,11800,0,,
25483,36637,38353,11800,1,,
25484,36638,38352,11800,0,,
25485,36637,38352,11800,1,,
25486,36638,38350,11800,0,,
25487,36637,38350,11800,1,,
25488,36638,38351,11800,0,,
25489,36637,38351,11800,1,,
25490,36638,38348,11800,0,,
25491,36637,38348,11800,1,,
25492,36638,38349,11800,0,,
25493,36637,38349,11800,1,,
25494,36638,38346,11800,0,,
25495,36637,38346,11800,1,,
25496,36638,38347,11800,0,,
25497,36637,38347,11800,1,,
25498,36638,38344,11800,1,,
25499,36637,38344,11800,0,,
25500,36638,38345,11800,0,,
25501,36637,38345,11800,1,,
25502,36638,38342,11800,1,,
25503,36637,38342,11800,0,,
25504,36638,38343,11800,1,,
25505,36637,38343,11800,0,,
25506,36638,38340,11800,1,,
25507,36637,38340,11800,0,,
25508,36638,38341,11800,1,,
25509,36637,38341,11800,0,,
25510,36638,38338,11800,1,,
25511,36637,38338,11800,0,,
25512,36638,38339,11800,1,,
25513,36637,38339,11800,0,,
25514,36638,38336,11800,1,,
25515,36637,38336,11800,0,,
25516,36638,38337,11800,1,,
25517,36637,38337,11800,0,,
25599,36781,38490,11842,2,,
25600,36782,38490,11842,0,,
25601,36781,38491,11842,7,,
25602,36782,38491,11842,0,,
25603,36781,38492,11842,2,,
25604,36782,38492,11842,12,,
25605,36781,38493,11842,2,,
25606,36782,38493,11842,0,,
25612,36803,38514,11849,2,,
25613,36804,38514,11849,12,,
25614,36803,38515,11849,2,,
25615,36804,38515,11849,0,,
25616,36803,38512,11849,2,,
25617,36804,38512,11849,0,,
25618,36803,38513,11849,7,,
25619,36804,38513,11849,0,,
25624,36810,38522,11851,14,,
25625,36809,38522,11851,0,,
25626,36810,38523,11851,1,,
25627,36809,38523,11851,1,,
25628,36810,38520,11851,2,,
25629,36809,38520,11851,0,,
25630,36810,38521,11851,0,,
25631,36809,38521,11851,7,,
25666,36845,38570,11866,0,,
25667,36844,38570,11866,1,,
25668,36847,38570,11866,0,,
25669,36846,38570,11866,0,,
25670,36845,38571,11866,2,,
25671,36844,38571,11866,0,,
25672,36847,38571,11866,0,,
25673,36846,38571,11866,0,,
25674,36845,38568,11866,0,,
25675,36844,38568,11866,0,,
25676,36847,38568,11866,1,,
25677,36846,38568,11866,0,,
25678,36845,38569,11866,0,,
25679,36844,38569,11866,0,,
25680,36847,38569,11866,0,,
25681,36846,38569,11866,2,,
25686,36875,38621,11875,2,,
25687,36876,38621,11875,0,,
25688,36875,38623,11875,1,,
25689,36876,38623,11875,13,,
25690,36875,38622,11875,7,,
25691,36876,38622,11875,0,,
25692,36875,38624,11875,2,,
25693,36876,38624,11875,0,,
25707,36892,38643,11881,3,,
25708,36893,38643,11881,0,,
25709,36892,38642,11881,0,,
25710,36893,38642,11881,1,,
25711,36892,38641,11881,1,,
25712,36893,38641,11881,0,,
25713,36892,38640,11881,1,,
25714,36893,38640,11881,0,,
25715,36892,38644,11881,0,,
25716,36893,38644,11881,2,,
25801,37045,38790,11929,10,,
25802,37044,38790,11929,4,,
25803,37045,38791,11929,0,,
25804,37044,38791,11929,2,,
25805,37045,38788,11929,0,,
25806,37044,38788,11929,2,,
25807,37045,38789,11929,0,,
25808,37044,38789,11929,7,,
25809,36850,38600,11868,0,,
25810,36851,38600,11868,0,,
25811,36852,38600,11868,0,,
25812,36853,38600,11868,2,,
25813,36854,38600,11868,0,,
25814,36855,38600,11868,0,,
25815,36850,38601,11868,0,,
25816,36851,38601,11868,0,,
25817,36852,38601,11868,0,,
25818,36853,38601,11868,2,,
25819,36854,38601,11868,0,,
25820,36855,38601,11868,0,,
25821,36850,38602,11868,0,,
25822,36851,38602,11868,0,,
25823,36852,38602,11868,0,,
25824,36853,38602,11868,2,,
25825,36854,38602,11868,0,,
25826,36855,38602,11868,0,,
25827,36850,38592,11868,0,,
25828,36851,38592,11868,0,,
25829,36852,38592,11868,0,,
25830,36853,38592,11868,0,,
25831,36854,38592,11868,2,,
25832,36855,38592,11868,0,,
25833,36850,38593,11868,0,,
25834,36851,38593,11868,0,,
25835,36852,38593,11868,2,,
25836,36853,38593,11868,0,,
25837,36854,38593,11868,0,,
25838,36855,38593,11868,0,,
25839,36850,38594,11868,0,,
25840,36851,38594,11868,0,,
25841,36852,38594,11868,0,,
25842,36853,38594,11868,0,,
25843,36854,38594,11868,0,,
25844,36855,38594,11868,2,,
25845,36850,38595,11868,1,,
25846,36851,38595,11868,0,,
25847,36852,38595,11868,0,,
25848,36853,38595,11868,1,,
25849,36854,38595,11868,0,,
25850,36855,38595,11868,0,,
25851,36850,38596,11868,0,,
25852,36851,38596,11868,0,,
25853,36852,38596,11868,0,,
25854,36853,38596,11868,0,,
25855,36854,38596,11868,2,,
25856,36855,38596,11868,0,,
25857,36850,38597,11868,0,,
25858,36851,38597,11868,0,,
25859,36852,38597,11868,0,,
25860,36853,38597,11868,2,,
25861,36854,38597,11868,0,,
25862,36855,38597,11868,0,,
25863,36850,38598,11868,0,,
25864,36851,38598,11868,0,,
25865,36852,38598,11868,0,,
25866,36853,38598,11868,2,,
25867,36854,38598,11868,0,,
25868,36855,38598,11868,0,,
25869,36850,38599,11868,0,,
25870,36851,38599,11868,2,,
25871,36852,38599,11868,0,,
25872,36853,38599,11868,0,,
25873,36854,38599,11868,0,,
25874,36855,38599,11868,0,,
25875,36850,38575,11868,0,,
25876,36851,38575,11868,0,,
25877,36852,38575,11868,0,,
25878,36853,38575,11868,2,,
25879,36854,38575,11868,0,,
25880,36855,38575,11868,0,,
25881,36850,38591,11868,2,,
25882,36851,38591,11868,0,,
25883,36852,38591,11868,0,,
25884,36853,38591,11868,0,,
25885,36854,38591,11868,0,,
25886,36855,38591,11868,0,,
25887,36850,38590,11868,0,,
25888,36851,38590,11868,2,,
25889,36852,38590,11868,0,,
25890,36853,38590,11868,0,,
25891,36854,38590,11868,0,,
25892,36855,38590,11868,0,,
25893,36850,38589,11868,0,,
25894,36851,38589,11868,0,,
25895,36852,38589,11868,0,,
25896,36853,38589,11868,0,,
25897,36854,38589,11868,0,,
25898,36855,38589,11868,2,,
25899,36850,38588,11868,0,,
25900,36851,38588,11868,0,,
25901,36852,38588,11868,0,,
25902,36853,38588,11868,2,,
25903,36854,38588,11868,0,,
25904,36855,38588,11868,0,,
25905,36850,38587,11868,2,,
25906,36851,38587,11868,0,,
25907,36852,38587,11868,0,,
25908,36853,38587,11868,0,,
25909,36854,38587,11868,0,,
25910,36855,38587,11868,0,,
25911,36850,38586,11868,0,,
25912,36851,38586,11868,0,,
25913,36852,38586,11868,0,,
25914,36853,38586,11868,2,,
25915,36854,38586,11868,0,,
25916,36855,38586,11868,0,,
25917,36850,38585,11868,0,,
25918,36851,38585,11868,0,,
25919,36852,38585,11868,2,,
25920,36853,38585,11868,0,,
25921,36854,38585,11868,0,,
25922,36855,38585,11868,0,,
25923,36850,38584,11868,0,,
25924,36851,38584,11868,0,,
25925,36852,38584,11868,0,,
25926,36853,38584,11868,1,,
25927,36854,38584,11868,1,,
25928,36855,38584,11868,0,,
25929,36850,38583,11868,0,,
25930,36851,38583,11868,2,,
25931,36852,38583,11868,0,,
25932,36853,38583,11868,0,,
25933,36854,38583,11868,0,,
25934,36855,38583,11868,0,,
25935,36850,38582,11868,0,,
25936,36851,38582,11868,0,,
25937,36852,38582,11868,0,,
25938,36853,38582,11868,2,,
25939,36854,38582,11868,0,,
25940,36855,38582,11868,0,,
25941,36850,38581,11868,0,,
25942,36851,38581,11868,0,,
25943,36852,38581,11868,2,,
25944,36853,38581,11868,0,,
25945,36854,38581,11868,0,,
25946,36855,38581,11868,0,,
25947,36850,38580,11868,0,,
25948,36851,38580,11868,0,,
25949,36852,38580,11868,0,,
25950,36853,38580,11868,0,,
25951,36854,38580,11868,0,,
25952,36855,38580,11868,2,,
25953,36850,38579,11868,2,,
25954,36851,38579,11868,0,,
25955,36852,38579,11868,0,,
25956,36853,38579,11868,0,,
25957,36854,38579,11868,0,,
25958,36855,38579,11868,0,,
25959,36850,38578,11868,0,,
25960,36851,38578,11868,0,,
25961,36852,38578,11868,0,,
25962,36853,38578,11868,2,,
25963,36854,38578,11868,0,,
25964,36855,38578,11868,0,,
25965,36850,38577,11868,0,,
25966,36851,38577,11868,0,,
25967,36852,38577,11868,0,,
25968,36853,38577,11868,2,,
25969,36854,38577,11868,0,,
25970,36855,38577,11868,0,,
25971,36850,38576,11868,0,,
25972,36851,38576,11868,0,,
25973,36852,38576,11868,2,,
25974,36853,38576,11868,0,,
25975,36854,38576,11868,0,,
25976,36855,38576,11868,0,,
26032,37160,38905,11964,0,,
26033,37159,38905,11964,1,,
26034,37158,38905,11964,0,,
26035,37160,38904,11964,4,,
26036,37159,38904,11964,0,,
26037,37158,38904,11964,0,,
26038,37160,38899,11964,0,,
26039,37159,38899,11964,4,,
26040,37158,38899,11964,0,,
26041,37160,38898,11964,0,,
26042,37159,38898,11964,4,,
26043,37158,38898,11964,0,,
26044,37160,38901,11964,0,,
26045,37159,38901,11964,0,,
26046,37158,38901,11964,4,,
26047,37160,38900,11964,0,,
26048,37159,38900,11964,0,,
26049,37158,38900,11964,4,,
26050,37160,38903,11964,4,,
26051,37159,38903,11964,0,,
26052,37158,38903,11964,0,,
26053,37160,38902,11964,0,,
26054,37159,38902,11964,1,,
26055,37158,38902,11964,2,,
26063,37190,38929,11973,0,,
26064,37189,38929,11973,5,,
26065,37188,38929,11973,7,,
26066,37187,38929,11973,0,,
26067,37186,38929,11973,6,,
26068,37190,38930,11973,0,,
26069,37189,38930,11973,4,,
26070,37188,38930,11973,0,,
26071,37187,38930,11973,0,,
26072,37186,38930,11973,0,,
26073,37190,38931,11973,2,,
26074,37189,38931,11973,0,,
26075,37188,38931,11973,0,,
26076,37187,38931,11973,0,,
26077,37186,38931,11973,1,,
26078,37190,38932,11973,0,,
26079,37189,38932,11973,0,,
26080,37188,38932,11973,0,,
26081,37187,38932,11973,3,,
26082,37186,38932,11973,0,,
26083,37190,38933,11973,1,,
26084,37189,38933,11973,0,,
26085,37188,38933,11973,0,,
26086,37187,38933,11973,0,,
26087,37186,38933,11973,0,,
26088,37190,38934,11973,1,,
26089,37189,38934,11973,0,,
26090,37188,38934,11973,0,,
26091,37187,38934,11973,0,,
26092,37186,38934,11973,0,,
26093,37190,38935,11973,1,,
26094,37189,38935,11973,0,,
26095,37188,38935,11973,0,,
26096,37187,38935,11973,0,,
26097,37186,38935,11973,0,,
26101,37195,38939,11975,2,,
26102,37194,38939,11975,0,,
26103,37195,38940,11975,7,,
26104,37194,38940,11975,0,,
26105,37195,38941,11975,3,,
26106,37194,38941,11975,11,,
26107,37195,38942,11975,0,,
26108,37194,38942,11975,2,,
26112,37231,38974,11984,0,,
26113,37230,38974,11984,7,,
26114,37231,38975,11984,3,,
26115,37230,38975,11984,0,,
26116,37231,38976,11984,2,,
26117,37230,38976,11984,0,,
26193,37426,39154,12041,2,,
26194,37425,39154,12041,0,,
26195,37426,39153,12041,2,,
26196,37425,39153,12041,12,,
26197,37426,39152,12041,7,,
26198,37425,39152,12041,0,,
26199,37426,39151,12041,2,,
26200,37425,39151,12041,0,,
26210,37438,39171,12046,11,,
26211,37439,39171,12046,3,,
26212,37438,39170,12046,0,,
26213,37439,39170,12046,7,,
26214,37438,39169,12046,0,,
26215,37439,39169,12046,2,,
26216,37438,39172,12046,2,,
26217,37439,39172,12046,0,,
26218,37443,39178,12048,2,,
26219,37444,39178,12048,0,,
26220,37443,39177,12048,12,,
26221,37444,39177,12048,2,,
26222,37443,39176,12048,0,,
26223,37444,39176,12048,7,,
26224,37443,39175,12048,0,,
26225,37444,39175,12048,2,,
26295,37614,39336,12104,1,,
26296,37613,39336,12104,0,,
26297,37614,39337,12104,0,,
26298,37613,39337,12104,1,,
26299,37614,39338,12104,0,,
26300,37613,39338,12104,1,,
26301,37614,39339,12104,1,,
26302,37613,39339,12104,0,,
26364,37739,39463,12145,2,,
26365,37740,39463,12145,0,,
26366,37739,39462,12145,8,,
26367,37740,39462,12145,6,,
26368,37739,39461,12145,7,,
26369,37740,39461,12145,0,,
26370,37739,39460,12145,0,,
26371,37740,39460,12145,2,,
26473,37986,39708,12222,14,,
26474,37985,39708,12222,0,,
26475,37986,39709,12222,2,,
26476,37985,39709,12222,0,,
26477,37986,39706,12222,0,,
26478,37985,39706,12222,2,,
26479,37986,39707,12222,2,,
26480,37985,39707,12222,5,,
26499,38024,39751,12235,2,,
26500,38025,39751,12235,0,,
26501,38024,39750,12235,8,,
26502,38025,39750,12235,6,,
26503,38024,39749,12235,7,,
26504,38025,39749,12235,0,,
26505,38024,39748,12235,0,,
26506,38025,39748,12235,2,,
26507,38026,39755,12236,0,,
26508,38027,39755,12236,12,,
26509,38026,39754,12236,12,,
26510,38027,39754,12236,0,,
26511,38026,39753,12236,28,,
26512,38027,39753,12236,2,,
26513,38026,39752,12236,0,,
26514,38027,39752,12236,4,,
26515,38026,39757,12236,0,,
26516,38027,39757,12236,2,,
26517,38026,39756,12236,2,,
26518,38027,39756,12236,0,,
26519,38030,39762,12238,1,,
26520,38031,39762,12238,13,,
26521,38030,39763,12238,0,,
26522,38031,39763,12238,2,,
26523,38030,39760,12238,2,,
26524,38031,39760,12238,0,,
26525,38030,39761,12238,7,,
26526,38031,39761,12238,0,,
26596,38177,39899,12288,2,,
26597,38176,39899,12288,0,,
26598,38177,39898,12288,1,,
26599,38176,39898,12288,13,,
26600,38177,39897,12288,7,,
26601,38176,39897,12288,0,,
26602,38177,39896,12288,1,,
26603,38176,39896,12288,0,,
26604,38177,39900,12288,2,,
26605,38176,39900,12288,0,,
26606,38179,39904,12289,2,,
26607,38178,39904,12289,0,,
26608,38179,39905,12289,2,,
26609,38178,39905,12289,0,,
26610,38179,39903,12289,1,,
26611,38178,39903,12289,13,,
26612,38179,39902,12289,7,,
26613,38178,39902,12289,0,,
26614,38179,39901,12289,1,,
26615,38178,39901,12289,0,,
26624,38198,39921,12297,0,,
26625,38199,39921,12297,2,,
26626,38198,39923,12297,9,,
26627,38199,39923,12297,5,,
26628,38198,39922,12297,7,,
26629,38199,39922,12297,0,,
26630,38198,39924,12297,0,,
26631,38199,39924,12297,2,,
26699,38363,40075,12350,2,,
26700,38362,40075,12350,0,,
26701,38363,40076,12350,0,,
26702,38362,40076,12350,7,,
26703,38363,40077,12350,9,,
26704,38362,40077,12350,5,,
26705,38363,40078,12350,0,,
26706,38362,40078,12350,2,,
26752,38433,40140,12373,0,,
26753,38432,40140,12373,2,,
26754,38433,40141,12373,7,,
26755,38432,40141,12373,0,,
26756,38433,40142,12373,7,,
26757,38432,40142,12373,7,,
26758,38433,40143,12373,2,,
26759,38432,40143,12373,0,,
26840,38638,40347,12441,0,,
26841,38639,40347,12441,2,,
26842,38638,40346,12441,5,,
26843,38639,40346,12441,9,,
26844,38638,40345,12441,7,,
26845,38639,40345,12441,0,,
26846,38638,40344,12441,0,,
26847,38639,40344,12441,2,,
26888,38700,40406,12461,2,,
26889,38699,40406,12461,0,,
26890,38700,40405,12461,5,,
26891,38699,40405,12461,9,,
26892,38700,40404,12461,7,,
26893,38699,40404,12461,0,,
26894,38700,40403,12461,0,,
26895,38699,40403,12461,2,,
26959,38816,40521,12499,0,,
26960,38817,40521,12499,7,,
26961,38816,40520,12499,2,,
26962,38817,40520,12499,0,,
26963,38816,40523,12499,2,,
26964,38817,40523,12499,0,,
26965,38816,40522,12499,10,,
26966,38817,40522,12499,4,,
26976,38841,40547,12506,0,,
26977,38840,40547,12506,2,,
26978,38841,40546,12506,11,,
26979,38840,40546,12506,3,,
26980,38841,40545,12506,0,,
26981,38840,40545,12506,7,,
26982,38841,40544,12506,2,,
26983,38840,40544,12506,0,,
27105,39226,40898,12619,7,,
27106,39227,40898,12619,0,,
27107,39226,40899,12619,1,,
27108,39227,40899,12619,13,,
27109,39226,40897,12619,2,,
27110,39227,40897,12619,0,,
27111,39226,40900,12619,2,,
27112,39227,40900,12619,0,,
27113,39228,40904,12620,2,,
27114,39229,40904,12620,0,,
27115,39228,40902,12620,7,,
27116,39229,40902,12620,0,,
27117,39228,40903,12620,1,,
27118,39229,40903,12620,13,,
27119,39228,40901,12620,2,,
27120,39229,40901,12620,0,,
27177,39337,41007,12656,2,,
27178,39338,41007,12656,0,,
27179,39337,41009,12656,2,,
27180,39338,41009,12656,12,,
27181,39337,41008,12656,7,,
27182,39338,41008,12656,0,,
27183,39337,41010,12656,2,,
27184,39338,41010,12656,0,,
27244,39440,41120,12688,0,,
27245,39441,41120,12688,2,,
27246,39440,41118,12688,5,,
27247,39441,41118,12688,2,,
27248,39440,41119,12688,0,,
27249,39441,41119,12688,14,,
27250,39440,41117,12688,0,,
27251,39441,41117,12688,2,,
27399,39738,41394,12780,3,,
27400,39739,41394,12780,0,,
27401,39738,41395,12780,4,,
27402,39739,41395,12780,0,,
27403,39738,41393,12780,2,,
27404,39739,41393,12780,0,,
27405,39738,41396,12780,0,,
27406,39739,41396,12780,5,,
27415,39757,41413,12786,0,,
27416,39756,41413,12786,7,,
27417,39757,41412,12786,2,,
27418,39756,41412,12786,0,,
27419,39757,41415,12786,0,,
27420,39756,41415,12786,2,,
27421,39757,41414,12786,9,,
27422,39756,41414,12786,5,,
27451,39793,41458,12799,4,,
27452,39794,41458,12799,10,,
27453,39793,41459,12799,2,,
27454,39794,41459,12799,0,,
27455,39793,41456,12799,0,,
27456,39794,41456,12799,2,,
27457,39793,41457,12799,7,,
27458,39794,41457,12799,0,,
27484,39841,41504,12814,0,,
27485,39842,41504,12814,2,,
27486,39841,41505,12814,7,,
27487,39842,41505,12814,0,,
27488,39841,41506,12814,6,,
27489,39842,41506,12814,8,,
27490,39841,41507,12814,2,,
27491,39842,41507,12814,0,,
27498,39845,41516,12816,2,,
27499,39846,41516,12816,0,,
27500,39845,41513,12816,2,,
27501,39846,41513,12816,0,,
27502,39845,41514,12816,7,,
27503,39846,41514,12816,0,,
27504,39845,41515,12816,1,,
27505,39846,41515,12816,13,,
27560,39960,41626,12850,5,,
27561,39961,41626,12850,9,,
27562,39960,41627,12850,0,,
27563,39961,41627,12850,2,,
27564,39960,41624,12850,2,,
27565,39961,41624,12850,0,,
27566,39960,41625,12850,7,,
27567,39961,41625,12850,0,,
27574,39990,41671,12860,10,,
27575,39991,41671,12860,4,,
27576,39990,41670,12860,0,,
27577,39991,41670,12860,7,,
27578,39990,41669,12860,0,,
27579,39991,41669,12860,2,,
27580,39990,41672,12860,0,,
27581,39991,41672,12860,2,,
27595,40024,41701,12871,0,,
27596,40025,41701,12871,2,,
27597,40024,41703,12871,7,,
27598,40025,41703,12871,7,,
27599,40024,41702,12871,7,,
27600,40025,41702,12871,0,,
27601,40024,41704,12871,2,,
27602,40025,41704,12871,0,,
27603,40026,41705,12872,0,,
27604,40027,41705,12872,2,,
27605,40026,41707,12872,7,,
27606,40027,41707,12872,7,,
27607,40026,41706,12872,7,,
27608,40027,41706,12872,0,,
27609,40026,41708,12872,2,,
27610,40027,41708,12872,0,,
27611,40028,41712,12873,2,,
27612,40029,41712,12873,0,,
27613,40028,41709,12873,0,,
27614,40029,41709,12873,2,,
27615,40028,41711,12873,7,,
27616,40029,41711,12873,7,,
27617,40028,41710,12873,7,,
27618,40029,41710,12873,0,,
27626,40038,41720,12876,2,,
27627,40037,41720,12876,0,,
27628,40038,41721,12876,0,,
27629,40037,41721,12876,7,,
27630,40038,41722,12876,4,,
27631,40037,41722,12876,10,,
27632,40038,41723,12876,2,,
27633,40037,41723,12876,0,,
27644,40064,41752,12884,2,,
27645,40065,41752,12884,0,,
27646,40064,41749,12884,0,,
27647,40065,41749,12884,2,,
27648,40064,41751,12884,6,,
27649,40065,41751,12884,8,,
27650,40064,41750,12884,7,,
27651,40065,41750,12884,0,,
27736,40235,41914,12937,1,,
27737,40234,41914,12937,13,,
27738,40235,41915,12937,2,,
27739,40234,41915,12937,0,,
27740,40235,41912,12937,2,,
27741,40234,41912,12937,0,,
27742,40235,41913,12937,7,,
27743,40234,41913,12937,0,,
27791,40308,41986,12961,1,,
27792,40306,41986,12961,0,,
27793,40307,41986,12961,0,,
27794,40308,41984,12961,1,,
27795,40306,41984,12961,0,,
27796,40307,41984,12961,0,,
27797,40308,41985,12961,0,,
27798,40306,41985,12961,0,,
27799,40307,41985,12961,1,,
27878,40426,42101,12998,1,,
27879,40427,42101,12998,1,,
27880,40426,42103,12998,0,,
27881,40427,42103,12998,14,,
27882,40426,42102,12998,7,,
27883,40427,42102,12998,0,,
27884,40426,42104,12998,2,,
27885,40427,42104,12998,0,,
28050,40675,42342,13078,0,,
28051,40676,42342,13078,2,,
28052,40675,42340,13078,0,,
28053,40676,42340,13078,7,,
28054,40675,42341,13078,14,,
28055,40676,42341,13078,0,,
28056,40675,42339,13078,0,,
28057,40676,42339,13078,2,,
28184,40962,42613,13166,0,,
28185,40963,42613,13166,7,,
28186,40962,42612,13166,0,,
28187,40963,42612,13166,2,,
28188,40962,42615,13166,2,,
28189,40963,42615,13166,0,,
28190,40962,42614,13166,8,,
28191,40963,42614,13166,6,,
28343,41071,42773,13202,0,,
28344,41073,42773,13202,2,,
28345,41072,42773,13202,0,,
28346,41071,42772,13202,2,,
28347,41073,42772,13202,5,,
28348,41072,42772,13202,7,,
28349,41071,42771,13202,7,,
28350,41073,42771,13202,0,,
28351,41072,42771,13202,0,,
28352,41071,42770,13202,2,,
28353,41073,42770,13202,0,,
28354,41072,42770,13202,0,,
28367,41081,42788,13205,5,,
28368,41080,42788,13205,6,,
28369,41082,42788,13205,3,,
28370,41081,42789,13205,0,,
28371,41080,42789,13205,2,,
28372,41082,42789,13205,0,,
28373,41081,42786,13205,0,,
28374,41080,42786,13205,0,,
28375,41082,42786,13205,2,,
28376,41081,42787,13205,7,,
28377,41080,42787,13205,0,,
28378,41082,42787,13205,0,,
28471,41187,42916,13237,2,,
28472,41186,42916,13237,0,,
28473,41187,42915,13237,8,,
28474,41186,42915,13237,6,,
28475,41187,42914,13237,0,,
28476,41186,42914,13237,7,,
28477,41187,42913,13237,2,,
28478,41186,42913,13237,0,,
28495,41247,42975,13258,0,,
28496,41248,42975,13258,1,,
28497,41247,42978,13258,0,,
28498,41248,42978,13258,1,,
28499,41247,42977,13258,0,,
28500,41248,42977,13258,1,,
28501,41247,42976,13258,2,,
28502,41248,42976,13258,0,,
28704,41538,43265,13349,2,,
28705,41537,43265,13349,0,,
28706,41538,43266,13349,7,,
28707,41537,43266,13349,0,,
28708,41538,43267,13349,5,,
28709,41537,43267,13349,9,,
28710,41538,43268,13349,0,,
28711,41537,43268,13349,2,,
28749,41626,43353,13376,2,,
28750,41625,43353,13376,0,,
28751,41626,43352,13376,0,,
28752,41625,43352,13376,14,,
28753,41626,43351,13376,7,,
28754,41625,43351,13376,0,,
28755,41626,43350,13376,2,,
28756,41625,43350,13376,0,,
28772,41657,43386,13386,0,,
28773,41658,43386,13386,1,,
28774,41659,43386,13386,0,,
28775,41657,43385,13386,2,,
28776,41658,43385,13386,0,,
28777,41659,43385,13386,2,,
28778,41657,43384,13386,1,,
28779,41658,43384,13386,0,,
28780,41659,43384,13386,0,,
28850,41817,43542,13434,0,,
28851,41816,43542,13434,2,,
28852,41817,43541,13434,3,,
28853,41816,43541,13434,11,,
28854,41817,43540,13434,7,,
28855,41816,43540,13434,0,,
28856,41817,43539,13434,0,,
28857,41816,43539,13434,2,,
28888,41877,43607,13454,2,,
28889,41878,43607,13454,0,,
28890,41877,43606,13454,2,,
28891,41878,43606,13454,12,,
28892,41877,43605,13454,7,,
28893,41878,43605,13454,0,,
28894,41877,43604,13454,2,,
28895,41878,43604,13454,0,,
28934,41988,43712,13489,2,,
28935,41989,43712,13489,0,,
28936,41988,43709,13489,0,,
28937,41989,43709,13489,2,,
28938,41988,43710,13489,7,,
28939,41989,43710,13489,0,,
28940,41988,43711,13489,7,,
28941,41989,43711,13489,7,,
29001,42172,43878,13540,500,,
29002,42173,43878,13540,0,,
29003,42172,43879,13540,0,,
29004,42173,43879,13540,500,,
29026,42206,43908,13553,2,,
29027,42207,43908,13553,0,,
29028,42206,43905,13553,0,,
29029,42207,43905,13553,2,,
29030,42206,43907,13553,3,,
29031,42207,43907,13553,11,,
29032,42206,43906,13553,7,,
29033,42207,43906,13553,0,,
29349,42716,44415,13715,3,,
29350,42717,44415,13715,11,,
29351,42716,44416,13715,2,,
29352,42717,44416,13715,0,,
29353,42716,44414,13715,7,,
29354,42717,44414,13715,0,,
29355,42716,44413,13715,0,,
29356,42717,44413,13715,2,,
29438,42904,44608,13771,0,,
29439,42903,44608,13771,2,,
29440,42904,44605,13771,2,,
29441,42903,44605,13771,0,,
29442,42904,44607,13771,8,,
29443,42903,44607,13771,6,,
29444,42904,44606,13771,0,,
29445,42903,44606,13771,7,,
29579,43270,44933,13882,2,,
29580,43271,44933,13882,0,,
29581,43270,44932,13882,1,,
29582,43271,44932,13882,13,,
29583,43270,44931,13882,7,,
29584,43271,44931,13882,0,,
29585,43270,44930,13882,2,,
29586,43271,44930,13882,0,,
29609,43329,44984,13899,10,,
29610,43330,44984,13899,4,,
29611,43329,44985,13899,0,,
29612,43330,44985,13899,2,,
29613,43329,44982,13899,2,,
29614,43330,44982,13899,0,,
29615,43329,44983,13899,0,,
29616,43330,44983,13899,7,,
29681,43481,45116,13943,0,,
29682,43482,45116,13943,2,,
29683,43481,45117,13943,6,,
29684,43482,45117,13943,1,,
29685,43481,45118,13943,0,,
29686,43482,45118,13943,14,,
29687,43481,45119,13943,0,,
29688,43482,45119,13943,2,,
29693,43489,45128,13945,1,,
29694,43488,45128,13945,0,,
29695,43487,45128,13945,0,,
29696,43489,45127,13945,0,,
29697,43488,45127,13945,0,,
29698,43487,45127,13945,2,,
29699,43489,45126,13945,11,,
29700,43488,45126,13945,10,,
29701,43487,45126,13945,7,,
29702,43489,45125,13945,4,,
29703,43488,45125,13945,0,,
29704,43487,45125,13945,0,,
29705,43489,45124,13945,0,,
29706,43488,45124,13945,12,,
29707,43487,45124,13945,0,,
29860,43772,45374,14026,0,,
29861,43773,45374,14026,7,,
29862,43772,45375,14026,7,,
29863,43773,45375,14026,7,,
29864,43772,45373,14026,0,,
29865,43773,45373,14026,2,,
29866,43772,45376,14026,2,,
29867,43773,45376,14026,0,,
29910,43848,45443,14046,2,,
29911,43847,45443,14046,0,,
29912,43848,45444,14046,1,,
29913,43847,45444,14046,6,,
29914,43848,45445,14046,14,,
29915,43847,45445,14046,0,,
29916,43848,45446,14046,2,,
29917,43847,45446,14046,0,,
29996,43952,45592,14080,4,,
29997,43951,45592,14080,10,,
29998,43952,45593,14080,0,,
29999,43951,45593,14080,2,,
30000,43952,45590,14080,2,,
30001,43951,45590,14080,0,,
30002,43952,45591,14080,7,,
30003,43951,45591,14080,0,,
30014,43971,45616,14086,2,,
30015,43972,45616,14086,0,,
30016,43971,45617,14086,7,,
30017,43972,45617,14086,0,,
30018,43971,45618,14086,1,,
30019,43972,45618,14086,13,,
30020,43971,45619,14086,2,,
30021,43972,45619,14086,0,,
30038,44005,45647,14096,1,,
30039,44004,45647,14096,1,,
30040,44005,45648,14096,1,,
30041,44004,45648,14096,0,,
30042,44005,45649,14096,0,,
30043,44004,45649,14096,3,,
30050,44019,45663,14101,0,,
30051,44020,45663,14101,2,,
30052,44019,45665,14101,6,,
30053,44020,45665,14101,8,,
30054,44019,45664,14101,7,,
30055,44020,45664,14101,0,,
30056,44019,45666,14101,2,,
30057,44020,45666,14101,0,,
30113,44089,45735,14122,2,,
30114,44088,45735,14122,0,,
30115,44089,45736,14122,7,,
30116,44088,45736,14122,0,,
30117,44089,45737,14122,2,,
30118,44088,45737,14122,12,,
30119,44089,45738,14122,2,,
30120,44088,45738,14122,0,,
30125,44096,45748,14125,0,,
30126,44097,45748,14125,2,,
30127,44096,45745,14125,0,,
30128,44097,45745,14125,2,,
30129,44096,45747,14125,7,,
30130,44097,45747,14125,7,,
30131,44096,45746,14125,7,,
30132,44097,45746,14125,0,,
30142,44108,45760,14129,9,,
30143,44107,45760,14129,5,,
30144,44108,45761,14129,0,,
30145,44107,45761,14129,2,,
30146,44108,45759,14129,0,,
30147,44107,45759,14129,7,,
30148,44108,45758,14129,2,,
30149,44107,45758,14129,0,,
30150,44113,45766,14131,7,,
30151,44112,45766,14131,0,,
30152,44113,45767,14131,1,,
30153,44112,45767,14131,13,,
30154,44113,45765,14131,0,,
30155,44112,45765,14131,2,,
30156,44113,45768,14131,2,,
30157,44112,45768,14131,0,,
30158,44115,45776,14132,0,,
30159,44114,45776,14132,3,,
30160,44115,45770,14132,3,,
30161,44114,45770,14132,0,,
30162,44115,45771,14132,1,,
30163,44114,45771,14132,0,,
30164,44115,45769,14132,6,,
30165,44114,45769,14132,0,,
30166,44115,45774,14132,0,,
30167,44114,45774,14132,1,,
30168,44115,45775,14132,8,,
30169,44114,45775,14132,12,,
30170,44115,45772,14132,0,,
30171,44114,45772,14132,1,,
30172,44115,45773,14132,0,,
30173,44114,45773,14132,1,,
30174,44117,45779,14133,10,,
30175,44116,45779,14133,4,,
30176,44117,45778,14133,0,,
30177,44116,45778,14133,7,,
30178,44117,45777,14133,0,,
30179,44116,45777,14133,2,,
30180,44117,45780,14133,2,,
30181,44116,45780,14133,0,,
30182,44119,45783,14134,1,,
30183,44118,45783,14134,13,,
30184,44119,45782,14134,7,,
30185,44118,45782,14134,0,,
30186,44119,45781,14134,2,,
30187,44118,45781,14134,0,,
30188,44119,45784,14134,2,,
30189,44118,45784,14134,0,,
30200,44140,45808,14140,2,,
30201,44141,45808,14140,0,,
30202,44140,45805,14140,2,,
30203,44141,45805,14140,0,,
30204,44140,45806,14140,0,,
30205,44141,45806,14140,7,,
30206,44140,45807,14140,10,,
30207,44141,45807,14140,4,,
30208,44142,45809,14141,0,,
30209,44143,45809,14141,2,,
30210,44142,45811,14141,14,,
30211,44143,45811,14141,0,,
30212,44142,45810,14141,7,,
30213,44143,45810,14141,0,,
30214,44142,45812,14141,2,,
30215,44143,45812,14141,0,,
30216,44145,45813,14142,1,,
30217,44144,45813,14142,1,,
30218,44145,45815,14142,14,,
30219,44144,45815,14142,0,,
30220,44145,45814,14142,0,,
30221,44144,45814,14142,7,,
30222,44145,45816,14142,2,,
30223,44144,45816,14142,0,,
30245,44171,45840,14150,0,,
30246,44170,45840,14150,0,,
30247,44169,45840,14150,1,,
30248,44168,45840,14150,0,,
30249,44171,45841,14150,0,,
30250,44170,45841,14150,0,,
30251,44169,45841,14150,0,,
30252,44168,45841,14150,1,,
30253,44171,45842,14150,0,,
30254,44170,45842,14150,1,,
30255,44169,45842,14150,0,,
30256,44168,45842,14150,0,,
30257,44171,45843,14150,0,,
30258,44170,45843,14150,0,,
30259,44169,45843,14150,0,,
30260,44168,45843,14150,1,,
30274,44186,45863,14155,2,,
30275,44187,45863,14155,0,,
30276,44186,45862,14155,3,,
30277,44187,45862,14155,11,,
30278,44186,45861,14155,7,,
30279,44187,45861,14155,0,,
30280,44186,45860,14155,0,,
30281,44187,45860,14155,2,,
30291,44212,45886,14162,0,,
30292,44213,45886,14162,7,,
30293,44212,45887,14162,10,,
30294,44213,45887,14162,4,,
30295,44212,45885,14162,2,,
30296,44213,45885,14162,0,,
30297,44212,45888,14162,2,,
30298,44213,45888,14162,0,,
30315,44277,45944,14178,6,,
30316,44278,45944,14178,8,,
30317,44277,45945,14178,2,,
30318,44278,45945,14178,0,,
30319,44277,45942,14178,2,,
30320,44278,45942,14178,0,,
30321,44277,45943,14178,0,,
30322,44278,45943,14178,7,,
30333,44284,45956,14181,0,,
30334,44285,45956,14181,7,,
30335,44284,45957,14181,7,,
30336,44285,45957,14181,7,,
30337,44284,45958,14181,2,,
30338,44285,45958,14181,0,,
30339,44284,45955,14181,0,,
30340,44285,45955,14181,2,,
30346,44307,45975,14189,50,,
30347,44306,45975,14189,0,,
30348,44307,45974,14189,1,,
30349,44306,45974,14189,0,,
30350,44307,45981,14189,0,,
30351,44306,45981,14189,4,,
30352,44307,45980,14189,0,,
30353,44306,45980,14189,50,,
30354,44307,45982,14189,19,,
30355,44306,45982,14189,31,,
30356,44307,45977,14189,0,,
30357,44306,45977,14189,1,,
30358,44307,45976,14189,1,,
30359,44306,45976,14189,0,,
30360,44307,45979,14189,1,,
30361,44306,45979,14189,0,,
30362,44307,45978,14189,0,,
30363,44306,45978,14189,4,,
30435,44429,46083,14219,10,,
30436,44430,46083,14219,4,,
30437,44429,46082,14219,7,,
30438,44430,46082,14219,0,,
30439,44429,46081,14219,0,,
30440,44430,46081,14219,2,,
30441,44429,46084,14219,0,,
30442,44430,46084,14219,2,,
30460,44464,46119,14232,0,,
30461,44465,46119,14232,2,,
30462,44464,46121,14232,3,,
30463,44465,46121,14232,11,,
30464,44464,46120,14232,7,,
30465,44465,46120,14232,0,,
30466,44464,46122,14232,2,,
30467,44465,46122,14232,0,,
30475,44489,46146,14239,2,,
30476,44488,46146,14239,0,,
30477,44489,46145,14239,2,,
30478,44488,46145,14239,12,,
30479,44489,46144,14239,7,,
30480,44488,46144,14239,0,,
30481,44489,46143,14239,2,,
30482,44488,46143,14239,0,,
30483,44491,46150,14240,2,,
30484,44490,46150,14240,0,,
30485,44491,46149,14240,1,,
30486,44490,46149,14240,13,,
30487,44491,46148,14240,7,,
30488,44490,46148,14240,0,,
30489,44491,46147,14240,2,,
30490,44490,46147,14240,0,,
30491,44493,46151,14241,2,,
30492,44492,46151,14241,0,,
30493,44493,46154,14241,2,,
30494,44492,46154,14241,0,,
30495,44493,46153,14241,1,,
30496,44492,46153,14241,13,,
30497,44493,46152,14241,7,,
30498,44492,46152,14241,0,,
30499,44495,46158,14242,2,,
30500,44494,46158,14242,0,,
30501,44495,46157,14242,2,,
30502,44494,46157,14242,12,,
30503,44495,46156,14242,7,,
30504,44494,46156,14242,0,,
30505,44495,46155,14242,2,,
30506,44494,46155,14242,0,,
30507,44496,46162,14243,2,,
30508,44497,46162,14243,0,,
30509,44496,46160,14243,7,,
30510,44497,46160,14243,0,,
30511,44496,46161,14243,1,,
30512,44497,46161,14243,13,,
30513,44496,46159,14243,2,,
30514,44497,46159,14243,0,,
30526,44504,46172,14247,2,,
30527,44505,46172,14247,0,,
30528,44504,46170,14247,7,,
30529,44505,46170,14247,0,,
30530,44504,46171,14247,1,,
30531,44505,46171,14247,13,,
30532,44504,46169,14247,2,,
30533,44505,46169,14247,0,,
30577,44593,46264,14277,2,,
30578,44594,46264,14277,0,,
30579,44593,46261,14277,0,,
30580,44594,46261,14277,2,,
30581,44593,46263,14277,9,,
30582,44594,46263,14277,5,,
30583,44593,46262,14277,0,,
30584,44594,46262,14277,7,,
30585,44596,46265,14278,2,,
30586,44595,46265,14278,0,,
30587,44596,46267,14278,5,,
30588,44595,46267,14278,9,,
30589,44596,46266,14278,7,,
30590,44595,46266,14278,0,,
30591,44596,46268,14278,2,,
30592,44595,46268,14278,0,,
30605,44612,46287,14285,2,,
30606,44613,46287,14285,0,,
30607,44612,46290,14285,2,,
30608,44613,46290,14285,0,,
30609,44612,46289,14285,14,,
30610,44613,46289,14285,0,,
30611,44612,46288,14285,0,,
30612,44613,46288,14285,7,,
30635,44669,46339,14302,7,,
30636,44668,46339,14302,0,,
30637,44669,46338,14302,2,,
30638,44668,46338,14302,0,,
30639,44669,46341,14302,2,,
30640,44668,46341,14302,0,,
30641,44669,46340,14302,2,,
30642,44668,46340,14302,12,,
30664,44698,46371,14311,1,,
30665,44697,46371,14311,6,,
30666,44698,46370,14311,0,,
30667,44697,46370,14311,2,,
30668,44698,46373,14311,2,,
30669,44697,46373,14311,0,,
30670,44698,46372,14311,14,,
30671,44697,46372,14311,0,,
30672,44702,46375,14312,0,,
30673,44703,46375,14312,3,,
30674,44700,46375,14312,0,,
30675,44701,46375,14312,0,,
30676,44699,46375,14312,0,,
30677,44702,46374,14312,10,,
30678,44703,46374,14312,0,,
30679,44700,46374,14312,0,,
30680,44701,46374,14312,0,,
30681,44699,46374,14312,0,,
30682,44702,46379,14312,4,,
30683,44703,46379,14312,4,,
30684,44700,46379,14312,9,,
30685,44701,46379,14312,7,,
30686,44699,46379,14312,6,,
30687,44702,46378,14312,5,,
30688,44703,46378,14312,0,,
30689,44700,46378,14312,0,,
30690,44701,46378,14312,0,,
30691,44699,46378,14312,0,,
30692,44702,46377,14312,0,,
30693,44703,46377,14312,20,,
30694,44700,46377,14312,0,,
30695,44701,46377,14312,0,,
30696,44699,46377,14312,0,,
30697,44702,46376,14312,5,,
30698,44703,46376,14312,0,,
30699,44700,46376,14312,0,,
30700,44701,46376,14312,0,,
30701,44699,46376,14312,0,,
30718,44747,46416,14324,0,,
30719,44746,46416,14324,1,,
30720,44745,46416,14324,0,,
30721,44744,46416,14324,0,,
30722,44743,46416,14324,0,,
30723,44747,46417,14324,0,,
30724,44746,46417,14324,0,,
30725,44745,46417,14324,0,,
30726,44744,46417,14324,1,,
30727,44743,46417,14324,0,,
30728,44747,46415,14324,0,,
30729,44746,46415,14324,0,,
30730,44745,46415,14324,1,,
30731,44744,46415,14324,0,,
30732,44743,46415,14324,0,,
30733,44747,46414,14324,1,,
30734,44746,46414,14324,0,,
30735,44745,46414,14324,0,,
30736,44744,46414,14324,0,,
30737,44743,46414,14324,0,,
30745,44760,46435,14329,2,,
30746,44761,46435,14329,0,,
30747,44760,46434,14329,12,,
30748,44761,46434,14329,2,,
30749,44760,46433,14329,0,,
30750,44761,46433,14329,7,,
30751,44760,46432,14329,2,,
30752,44761,46432,14329,0,,
30760,44769,46448,14332,8,,
30761,44768,46448,14332,0,,
30762,44769,46449,14332,0,,
30763,44768,46449,14332,10,,
30764,44769,46447,14332,25,,
30765,44768,46447,14332,5,,
30766,44769,46446,14332,0,,
30767,44768,46446,14332,7,,
30768,44769,46445,14332,0,,
30769,44768,46445,14332,2,,
30770,44771,46454,14333,0,,
30771,44770,46454,14333,10,,
30772,44771,46452,14333,15,,
30773,44770,46452,14333,15,,
30774,44771,46453,14333,8,,
30775,44770,46453,14333,0,,
30776,44771,46450,14333,0,,
30777,44770,46450,14333,2,,
30778,44771,46451,14333,0,,
30779,44770,46451,14333,7,,
30780,44773,46455,14334,2,,
30781,44772,46455,14334,0,,
30782,44773,46458,14334,8,,
30783,44772,46458,14334,0,,
30784,44773,46459,14334,27,,
30785,44772,46459,14334,73,,
30786,44773,46456,14334,7,,
30787,44772,46456,14334,0,,
30788,44773,46457,14334,30,,
30789,44772,46457,14334,0,,
30790,44775,46464,14335,123,,
30791,44774,46464,14335,77,,
30792,44775,46462,14335,0,,
30793,44774,46462,14335,30,,
30794,44775,46463,14335,0,,
30795,44774,46463,14335,8,,
30796,44775,46460,14335,0,,
30797,44774,46460,14335,2,,
30798,44775,46461,14335,0,,
30799,44774,46461,14335,7,,
30800,44777,46465,14336,0,,
30801,44776,46465,14336,2,,
30802,44777,46466,14336,7,,
30803,44776,46466,14336,0,,
30804,44777,46467,14336,30,,
30805,44776,46467,14336,0,,
30806,44777,46468,14336,0,,
30807,44776,46468,14336,8,,
30808,44777,46469,14336,200,,
30809,44776,46469,14336,0,,
30810,44777,46470,14336,10,,
30811,44776,46470,14336,40,,
30812,44779,46472,14337,7,,
30813,44778,46472,14337,0,,
30814,44779,46473,14337,30,,
30815,44778,46473,14337,0,,
30816,44779,46474,14337,0,,
30817,44778,46474,14337,8,,
30818,44779,46475,14337,200,,
30819,44778,46475,14337,0,,
30820,44779,46476,14337,9,,
30821,44778,46476,14337,41,,
30822,44779,46471,14337,0,,
30823,44778,46471,14337,2,,
30824,44786,46481,14339,7,,
30825,44787,46481,14339,0,,
30826,44786,46480,14339,2,,
30827,44787,46480,14339,0,,
30828,44786,46483,14339,8,,
30829,44787,46483,14339,0,,
30830,44786,46482,14339,30,,
30831,44787,46482,14339,0,,
30832,44786,46484,14339,854,,
30833,44787,46484,14339,1146,,
30834,44788,46489,14340,677,,
30835,44789,46489,14340,1323,,
30836,44788,46488,14340,8,,
30837,44789,46488,14340,0,,
30838,44788,46490,14340,4,,
30839,44789,46490,14340,0,,
30840,44788,46485,14340,2,,
30841,44789,46485,14340,0,,
30842,44788,46487,14340,30,,
30843,44789,46487,14340,0,,
30844,44788,46486,14340,7,,
30845,44789,46486,14340,0,,
30846,44790,46491,14341,2,,
30847,44791,46491,14341,0,,
30848,44790,46493,14341,30,,
30849,44791,46493,14341,0,,
30850,44790,46492,14341,7,,
30851,44791,46492,14341,0,,
30852,44790,46495,14341,773,,
30853,44791,46495,14341,1227,,
30854,44790,46494,14341,8,,
30855,44791,46494,14341,0,,
30856,44790,46496,14341,4,,
30857,44791,46496,14341,0,,
30858,44795,46504,14343,1278,,
30859,44796,46504,14343,1722,,
30860,44795,46505,14343,4,,
30861,44796,46505,14343,0,,
30862,44795,46502,14343,30,,
30863,44796,46502,14343,0,,
30864,44795,46503,14343,8,,
30865,44796,46503,14343,0,,
30866,44795,46500,14343,2,,
30867,44796,46500,14343,0,,
30868,44795,46501,14343,7,,
30869,44796,46501,14343,0,,
30870,44797,46506,14344,2,,
30871,44798,46506,14344,0,,
30872,44797,46507,14344,7,,
30873,44798,46507,14344,0,,
30874,44797,46510,14344,1739,,
30875,44798,46510,14344,1261,,
30876,44797,46511,14344,0,,
30877,44798,46511,14344,4,,
30878,44797,46508,14344,30,,
30879,44798,46508,14344,0,,
30880,44797,46509,14344,8,,
30881,44798,46509,14344,0,,
30882,44800,46515,14345,0,,
30883,44799,46515,14345,8,,
30884,44800,46514,14345,0,,
30885,44799,46514,14345,30,,
30886,44800,46513,14345,0,,
30887,44799,46513,14345,7,,
30888,44800,46512,14345,0,,
30889,44799,46512,14345,2,,
30890,44800,46516,14345,155782,,
30891,44799,46516,14345,144218,,
30892,44801,46522,14346,4,,
30893,44802,46522,14346,0,,
30894,44801,46521,14346,1299,,
30895,44802,46521,14346,1701,,
30896,44801,46520,14346,8,,
30897,44802,46520,14346,0,,
30898,44801,46519,14346,30,,
30899,44802,46519,14346,0,,
30900,44801,46518,14346,7,,
30901,44802,46518,14346,0,,
30902,44801,46517,14346,2,,
30903,44802,46517,14346,0,,
30904,44804,46523,14347,0,,
30905,44803,46523,14347,2,,
30906,44804,46527,14347,1707,,
30907,44803,46527,14347,1293,,
30908,44804,46526,14347,0,,
30909,44803,46526,14347,8,,
30910,44804,46525,14347,0,,
30911,44803,46525,14347,30,,
30912,44804,46524,14347,0,,
30913,44803,46524,14347,7,,
30914,44804,46528,14347,0,,
30915,44803,46528,14347,4,,
30916,44805,46532,14348,8,,
30917,44806,46532,14348,0,,
30918,44805,46533,14348,1293,,
30919,44806,46533,14348,1707,,
30920,44805,46534,14348,4,,
30921,44806,46534,14348,0,,
30922,44805,46529,14348,2,,
30923,44806,46529,14348,0,,
30924,44805,46530,14348,7,,
30925,44806,46530,14348,0,,
30926,44805,46531,14348,30,,
30927,44806,46531,14348,0,,
30928,44807,46540,14349,4,,
30929,44808,46540,14349,0,,
30930,44807,46536,14349,7,,
30931,44808,46536,14349,0,,
30932,44807,46537,14349,30,,
30933,44808,46537,14349,0,,
30934,44807,46538,14349,8,,
30935,44808,46538,14349,0,,
30936,44807,46539,14349,1306,,
30937,44808,46539,14349,1694,,
30938,44807,46535,14349,2,,
30939,44808,46535,14349,0,,
30940,44809,46541,14350,2,,
30941,44810,46541,14350,0,,
30942,44809,46542,14350,7,,
30943,44810,46542,14350,0,,
30944,44809,46543,14350,30,,
30945,44810,46543,14350,0,,
30946,44809,46545,14350,1683,,
30947,44810,46545,14350,1317,,
30948,44809,46544,14350,8,,
30949,44810,46544,14350,0,,
30950,44809,46546,14350,0,,
30951,44810,46546,14350,4,,
30952,44812,46552,14351,0,,
30953,44811,46552,14351,4,,
30954,44812,46549,14351,0,,
30955,44811,46549,14351,30,,
30956,44812,46548,14351,0,,
30957,44811,46548,14351,7,,
30958,44812,46551,14351,2278,,
30959,44811,46551,14351,722,,
30960,44812,46550,14351,0,,
30961,44811,46550,14351,8,,
30962,44812,46547,14351,0,,
30963,44811,46547,14351,2,,
30964,44813,46557,14352,1050,,
30965,44814,46557,14352,1950,,
30966,44813,46556,14352,8,,
30967,44814,46556,14352,0,,
30968,44813,46558,14352,4,,
30969,44814,46558,14352,0,,
30970,44813,46553,14352,2,,
30971,44814,46553,14352,0,,
30972,44813,46555,14352,30,,
30973,44814,46555,14352,0,,
30974,44813,46554,14352,7,,
30975,44814,46554,14352,0,,
30976,44816,46559,14353,0,,
30977,44815,46559,14353,2,,
30978,44816,46564,14353,0,,
30979,44815,46564,14353,4,,
30980,44816,46562,14353,0,,
30981,44815,46562,14353,8,,
30982,44816,46563,14353,2161,,
30983,44815,46563,14353,839,,
30984,44816,46560,14353,0,,
30985,44815,46560,14353,7,,
30986,44816,46561,14353,0,,
30987,44815,46561,14353,30,,
30988,44817,46570,14354,4,,
30989,44818,46570,14354,0,,
30990,44817,46568,14354,8,,
30991,44818,46568,14354,0,,
30992,44817,46569,14354,1232,,
30993,44818,46569,14354,1768,,
30994,44817,46566,14354,7,,
30995,44818,46566,14354,0,,
30996,44817,46567,14354,30,,
30997,44818,46567,14354,0,,
30998,44817,46565,14354,2,,
30999,44818,46565,14354,0,,
31000,44823,46575,14357,2,,
31001,44824,46575,14357,0,,
31002,44823,46580,14357,4,,
31003,44824,46580,14357,0,,
31004,44823,46579,14357,1246,,
31005,44824,46579,14357,1754,,
31006,44823,46578,14357,8,,
31007,44824,46578,14357,0,,
31008,44823,46577,14357,30,,
31009,44824,46577,14357,0,,
31010,44823,46576,14357,7,,
31011,44824,46576,14357,0,,
31012,44825,46586,14358,4,,
31013,44826,46586,14358,0,,
31014,44825,46585,14358,1135,,
31015,44826,46585,14358,1865,,
31016,44825,46584,14358,0,,
31017,44826,46584,14358,8,,
31018,44825,46583,14358,30,,
31019,44826,46583,14358,0,,
31020,44825,46582,14358,7,,
31021,44826,46582,14358,0,,
31022,44825,46581,14358,2,,
31023,44826,46581,14358,0,,
31024,44828,46591,14359,1877,,
31025,44827,46591,14359,1123,,
31026,44828,46590,14359,8,,
31027,44827,46590,14359,0,,
31028,44828,46589,14359,0,,
31029,44827,46589,14359,30,,
31030,44828,46588,14359,0,,
31031,44827,46588,14359,7,,
31032,44828,46587,14359,0,,
31033,44827,46587,14359,2,,
31034,44828,46592,14359,0,,
31035,44827,46592,14359,4,,
31036,44829,46598,14360,4,,
31037,44830,46598,14360,0,,
31038,44829,46597,14360,1040,,
31039,44830,46597,14360,1960,,
31040,44829,46596,14360,8,,
31041,44830,46596,14360,0,,
31042,44829,46595,14360,30,,
31043,44830,46595,14360,0,,
31044,44829,46594,14360,7,,
31045,44830,46594,14360,0,,
31046,44829,46593,14360,2,,
31047,44830,46593,14360,0,,
31073,44864,46629,14372,1,,
31074,44863,46629,14372,0,,
31075,44862,46629,14372,1,,
31076,44861,46629,14372,0,,
31077,44860,46629,14372,0,,
31078,44864,46628,14372,0,,
31079,44863,46628,14372,0,,
31080,44862,46628,14372,0,,
31081,44861,46628,14372,14,,
31082,44860,46628,14372,0,,
31083,44864,46627,14372,1,,
31084,44863,46627,14372,4,,
31085,44862,46627,14372,0,,
31086,44861,46627,14372,1,,
31087,44860,46627,14372,1,,
31088,44864,46626,14372,0,,
31089,44863,46626,14372,0,,
31090,44862,46626,14372,2,,
31091,44861,46626,14372,0,,
31092,44860,46626,14372,0,,
31135,44891,46672,14381,4,,
31136,44892,46672,14381,10,,
31137,44891,46673,14381,2,,
31138,44892,46673,14381,0,,
31139,44891,46671,14381,7,,
31140,44892,46671,14381,0,,
31141,44891,46670,14381,0,,
31142,44892,46670,14381,2,,
31152,44904,46688,14386,2,,
31153,44905,46688,14386,0,,
31154,44904,46686,14386,0,,
31155,44905,46686,14386,7,,
31156,44904,46687,14386,6,,
31157,44905,46687,14386,8,,
31158,44904,46685,14386,2,,
31159,44905,46685,14386,0,,
31162,44913,46695,14389,0,,
31163,44912,46695,14389,7,,
31164,44913,46694,14389,2,,
31165,44912,46694,14389,0,,
31166,44913,46697,14389,2,,
31167,44912,46697,14389,0,,
31168,44913,46696,14389,12,,
31169,44912,46696,14389,2,,
31198,45003,46781,14417,0,,
31199,45002,46781,14417,1,,
31200,45003,46780,14417,1,,
31201,45002,46780,14417,6,,
31202,45003,46782,14417,4,,
31203,45002,46782,14417,0,,
31204,45003,46777,14417,2,,
31205,45002,46777,14417,0,,
31206,45003,46779,14417,1,,
31207,45002,46779,14417,0,,
31208,45003,46778,14417,0,,
31209,45002,46778,14417,1,,
31238,45067,46853,14435,2,,
31239,45068,46853,14435,0,,
31240,45067,46852,14435,5,,
31241,45068,46852,14435,9,,
31242,45067,46851,14435,7,,
31243,45068,46851,14435,0,,
31244,45067,46850,14435,0,,
31245,45068,46850,14435,2,,
31250,45078,46864,14439,9,,
31251,45079,46864,14439,5,,
31252,45078,46865,14439,2,,
31253,45079,46865,14439,0,,
31254,45078,46863,14439,0,,
31255,45079,46863,14439,7,,
31256,45078,46862,14439,2,,
31257,45079,46862,14439,0,,
31258,45080,46868,14440,14,,
31259,45081,46868,14440,0,,
31260,45080,46869,14440,0,,
31261,45081,46869,14440,2,,
31262,45080,46870,14440,1422,,
31263,45081,46870,14440,1578,,
31264,45080,46866,14440,2,,
31265,45081,46866,14440,0,,
31266,45080,46867,14440,7,,
31267,45081,46867,14440,0,,
31268,45082,46871,14441,0,,
31269,45083,46871,14441,2,,
31270,45082,46872,14441,0,,
31271,45083,46872,14441,7,,
31272,45082,46873,14441,0,,
31273,45083,46873,14441,14,,
31274,45082,46874,14441,0,,
31275,45083,46874,14441,2,,
31276,45082,46875,14441,477,,
31277,45083,46875,14441,223,,
31278,45084,46880,14442,457,,
31279,45085,46880,14442,243,,
31280,45084,46876,14442,0,,
31281,45085,46876,14442,2,,
31282,45084,46877,14442,0,,
31283,45085,46877,14442,7,,
31284,45084,46878,14442,0,,
31285,45085,46878,14442,14,,
31286,45084,46879,14442,0,,
31287,45085,46879,14442,2,,
31288,45086,46884,14443,0,,
31289,45087,46884,14443,2,,
31290,45086,46883,14443,6,,
31291,45087,46883,14443,8,,
31292,45086,46882,14443,7,,
31293,45087,46882,14443,0,,
31294,45086,46881,14443,2,,
31295,45087,46881,14443,0,,
31331,45144,46925,14460,0,,
31332,45143,46925,14460,7,,
31333,45144,46924,14460,0,,
31334,45143,46924,14460,2,,
31335,45144,46927,14460,2,,
31336,45143,46927,14460,0,,
31337,45144,46926,14460,14,,
31338,45143,46926,14460,0,,
31344,45150,46931,14463,0,,
31345,45151,46931,14463,2,,
31346,45150,46932,14463,7,,
31347,45151,46932,14463,0,,
31348,45150,46933,14463,6,,
31349,45151,46933,14463,8,,
31350,45150,46934,14463,2,,
31351,45151,46934,14463,0,,
31390,45207,46988,14482,0,,
31391,45206,46988,14482,2,,
31392,45207,46989,14482,4,,
31393,45206,46989,14482,0,,
31394,45207,46987,14482,3,,
31395,45206,46987,14482,5,,
31504,45527,47285,14581,0,,
31505,45528,47285,14581,2,,
31506,45527,47287,14581,12,,
31507,45528,47287,14581,2,,
31508,45527,47286,14581,0,,
31509,45528,47286,14581,7,,
31510,45527,47288,14581,0,,
31511,45528,47288,14581,2,,
31518,45553,47314,14589,2,,
31519,45552,47314,14589,0,,
31520,45553,47313,14589,3,,
31521,45552,47313,14589,11,,
31522,45553,47312,14589,7,,
31523,45552,47312,14589,0,,
31524,45553,47311,14589,2,,
31525,45552,47311,14589,0,,
31548,45620,47384,14610,8,,
31549,45619,47384,14610,0,,
31550,45620,47385,14610,0,,
31551,45619,47385,14610,6,,
31552,45620,47386,14610,0,,
31553,45619,47386,14610,10,,
31554,45620,47387,14610,0,,
31555,45619,47387,14610,20,,
31556,45620,47376,14610,5,,
31557,45619,47376,14610,3,,
31558,45620,47377,14610,4,,
31559,45619,47377,14610,0,,
31560,45620,47378,14610,0,,
31561,45619,47378,14610,1,,
31562,45620,47379,14610,4,,
31563,45619,47379,14610,0,,
31564,45620,47380,14610,0,,
31565,45619,47380,14610,4,,
31566,45620,47381,14610,0,,
31567,45619,47381,14610,4,,
31568,45620,47382,14610,0,,
31569,45619,47382,14610,4,,
31570,45620,47383,14610,8,,
31571,45619,47383,14610,0,,
31609,45673,47437,14627,5,,
31610,45672,47437,14627,9,,
31611,45673,47436,14627,7,,
31612,45672,47436,14627,0,,
31613,45673,47438,14627,0,,
31614,45672,47438,14627,2,,
31615,45673,47435,14627,2,,
31616,45672,47435,14627,0,,
31779,46003,47758,14725,0,,
31780,46002,47758,14725,1,,
31781,46003,47756,14725,0,,
31782,46002,47756,14725,1,,
31783,46003,47757,14725,1,,
31784,46002,47757,14725,0,,
31785,46003,47755,14725,1,,
31786,46002,47755,14725,0,,
31799,46037,47793,14735,0,,
31800,46038,47793,14735,2,,
31801,46037,47792,14735,14,,
31802,46038,47792,14735,0,,
31803,46037,47790,14735,2,,
31804,46038,47790,14735,0,,
31805,46037,47791,14735,0,,
31806,46038,47791,14735,7,,
31816,46090,47827,14751,2,,
31817,46089,47827,14751,0,,
31818,46090,47826,14751,2,,
31819,46089,47826,14751,12,,
31820,46090,47825,14751,7,,
31821,46089,47825,14751,0,,
31822,46090,47824,14751,2,,
31823,46089,47824,14751,0,,
31840,46119,47852,14761,0,,
31841,46118,47852,14761,2,,
31842,46119,47853,14761,0,,
31843,46118,47853,14761,7,,
31844,46119,47854,14761,13,,
31845,46118,47854,14761,1,,
31846,46119,47855,14761,2,,
31847,46118,47855,14761,0,,
31857,46162,47896,14774,0,,
31858,46160,47896,14774,0,,
31859,46161,47896,14774,1,,
31860,46162,47897,14774,1,,
31861,46160,47897,14774,0,,
31862,46161,47897,14774,0,,
31863,46162,47895,14774,1,,
31864,46160,47895,14774,0,,
31865,46161,47895,14774,0,,
31889,46232,47951,14795,4,,
31890,46231,47951,14795,10,,
31891,46232,47952,14795,2,,
31892,46231,47952,14795,0,,
31950,46292,48032,14813,1,,
31951,46291,48032,14813,3,,
31952,46292,48033,14813,4,,
31953,46291,48033,14813,0,,
31954,46292,48029,14813,30,,
31955,46291,48029,14813,0,,
31956,46292,48031,14813,0,,
31957,46291,48031,14813,16,,
31958,46292,48030,14813,0,,
31959,46291,48030,14813,12,,
32066,46472,48199,14873,2,,
32067,46473,48199,14873,12,,
32068,46472,48198,14873,7,,
32069,46473,48198,14873,0,,
32070,46472,48197,14873,2,,
32071,46473,48197,14873,0,,
32072,46472,48200,14873,2,,
32073,46473,48200,14873,0,,
32089,46508,48237,14886,2,,
32090,46509,48237,14886,0,,
32091,46508,48236,14886,14,,
32092,46509,48236,14886,0,,
32093,46508,48235,14886,0,,
32094,46509,48235,14886,7,,
32095,46508,48234,14886,1,,
32096,46509,48234,14886,1,,
32155,46541,48296,14897,2,,
32156,46542,48296,14897,0,,
32157,46541,48293,14897,1,,
32158,46542,48293,14897,1,,
32159,46541,48294,14897,7,,
32160,46542,48294,14897,0,,
32161,46541,48295,14897,0,,
32162,46542,48295,14897,14,,
32163,46543,48297,14898,0,,
32164,46545,48297,14898,1,,
32165,46544,48297,14898,0,,
32166,46546,48297,14898,0,,
32167,46543,48298,14898,0,,
32168,46545,48298,14898,0,,
32169,46544,48298,14898,0,,
32170,46546,48298,14898,1,,
32171,46543,48299,14898,0,,
32172,46545,48299,14898,1,,
32173,46544,48299,14898,0,,
32174,46546,48299,14898,6,,
32175,46543,48300,14898,4,,
32176,46545,48300,14898,0,,
32177,46544,48300,14898,0,,
32178,46546,48300,14898,0,,
32179,46543,48301,14898,0,,
32180,46545,48301,14898,3,,
32181,46544,48301,14898,0,,
32182,46546,48301,14898,0,,
32183,46543,48302,14898,8,,
32184,46545,48302,14898,1,,
32185,46544,48302,14898,12,,
32186,46546,48302,14898,0,,
32277,46751,48513,14963,0,,
32278,46752,48513,14963,2,,
32279,46751,48514,14963,1,,
32280,46752,48514,14963,2,,
32281,46751,48515,14963,3,,
32282,46752,48515,14963,0,,
32327,46822,48576,14982,2,,
32328,46823,48576,14982,0,,
32329,46822,48577,14982,0,,
32330,46823,48577,14982,7,,
32331,46822,48578,14982,14,,
32332,46823,48578,14982,0,,
32333,46822,48579,14982,0,,
32334,46823,48579,14982,2,,
32356,46861,48614,14997,0,,
32357,46862,48614,14997,1,,
32358,46861,48615,14997,1,,
32359,46862,48615,14997,0,,
32360,46861,48612,14997,1,,
32361,46862,48612,14997,0,,
32362,46861,48613,14997,0,,
32363,46862,48613,14997,1,,
32364,46861,48610,14997,0,,
32365,46862,48610,14997,1,,
32366,46861,48611,14997,0,,
32367,46862,48611,14997,1,,
32385,46877,48639,15003,2,,
32386,46878,48639,15003,0,,
32387,46877,48638,15003,7,,
32388,46878,48638,15003,7,,
32389,46877,48637,15003,7,,
32390,46878,48637,15003,0,,
32391,46877,48636,15003,0,,
32392,46878,48636,15003,2,,
32540,47072,48835,15072,0,,
32541,47073,48835,15072,2,,
32542,47072,48838,15072,0,,
32543,47073,48838,15072,2,,
32544,47072,48836,15072,0,,
32545,47073,48836,15072,7,,
32546,47072,48837,15072,12,,
32547,47073,48837,15072,2,,
32588,47149,48912,15098,1,,
32589,47148,48912,15098,0,,
32590,47150,48912,15098,1,,
32591,47149,48909,15098,2,,
32592,47148,48909,15098,0,,
32593,47150,48909,15098,0,,
32594,47149,48911,15098,0,,
32595,47148,48911,15098,3,,
32596,47150,48911,15098,11,,
32597,47149,48910,15098,0,,
32598,47148,48910,15098,0,,
32599,47150,48910,15098,7,,
32631,47192,48958,15113,3,,
32632,47193,48958,15113,11,,
32633,47192,48959,15113,2,,
32634,47193,48959,15113,0,,
32635,47192,48956,15113,2,,
32636,47193,48956,15113,0,,
32637,47192,48957,15113,7,,
32638,47193,48957,15113,0,,
32639,47194,48961,15114,7,,
32640,47195,48961,15114,0,,
32641,47194,48960,15114,2,,
32642,47195,48960,15114,0,,
32643,47194,48963,15114,2,,
32644,47195,48963,15114,0,,
32645,47194,48962,15114,2,,
32646,47195,48962,15114,12,,
32691,47268,49036,15136,1,,
32692,47269,49036,15136,5,,
32693,47270,49036,15136,2,,
32694,47271,49036,15136,0,,
32695,47272,49036,15136,2,,
32696,47268,49037,15136,0,,
32697,47269,49037,15136,0,,
32698,47270,49037,15136,0,,
32699,47271,49037,15136,0,,
32700,47272,49037,15136,2,,
32701,47268,49038,15136,1,,
32702,47269,49038,15136,0,,
32703,47270,49038,15136,0,,
32704,47271,49038,15136,0,,
32705,47272,49038,15136,0,,
32706,47268,49039,15136,1,,
32707,47269,49039,15136,0,,
32708,47270,49039,15136,0,,
32709,47271,49039,15136,0,,
32710,47272,49039,15136,0,,
32711,47268,49041,15136,0,,
32712,47269,49041,15136,0,,
32713,47270,49041,15136,1,,
32714,47271,49041,15136,4,,
32715,47272,49041,15136,0,,
32716,47268,49040,15136,1,,
32717,47269,49040,15136,0,,
32718,47270,49040,15136,0,,
32719,47271,49040,15136,0,,
32720,47272,49040,15136,0,,
32742,47334,49096,15152,0,,
32743,47335,49096,15152,2,,
32744,47336,49096,15152,0,,
32745,47337,49096,15152,0,,
32746,47338,49096,15152,0,,
32747,47334,49097,15152,0,,
32748,47335,49097,15152,0,,
32749,47336,49097,15152,1,,
32750,47337,49097,15152,0,,
32751,47338,49097,15152,1,,
32752,47334,49094,15152,2,,
32753,47335,49094,15152,1,,
32754,47336,49094,15152,1,,
32755,47337,49094,15152,2,,
32756,47338,49094,15152,0,,
32757,47334,49095,15152,0,,
32758,47335,49095,15152,0,,
32759,47336,49095,15152,0,,
32760,47337,49095,15152,0,,
32761,47338,49095,15152,5,,
32874,47502,49243,15197,2,,
32875,47503,49243,15197,0,,
32876,47502,49245,15197,5,,
32877,47503,49245,15197,9,,
32878,47502,49244,15197,7,,
32879,47503,49244,15197,0,,
32880,47502,49246,15197,2,,
32881,47503,49246,15197,0,,
32937,47598,49347,15228,0,,
32938,47599,49347,15228,7,,
32939,47598,49346,15228,2,,
32940,47599,49346,15228,0,,
32941,47598,49349,15228,0,,
32942,47599,49349,15228,2,,
32943,47598,49348,15228,14,,
32944,47599,49348,15228,0,,
32960,47620,49372,15235,0,,
32961,47619,49372,15235,2,,
32962,47620,49373,15235,7,,
32963,47619,49373,15235,0,,
32964,47620,49374,15235,4,,
32965,47619,49374,15235,10,,
32966,47620,49375,15235,2,,
32967,47619,49375,15235,0,,
32975,47625,49383,15237,7,,
32976,47624,49383,15237,0,,
32977,47625,49382,15237,0,,
32978,47624,49382,15237,2,,
32979,47625,49385,15237,2,,
32980,47624,49385,15237,0,,
32981,47625,49384,15237,3,,
32982,47624,49384,15237,11,,
32997,47649,49406,15245,7,,
32998,47650,49406,15245,0,,
32999,47649,49407,15245,6,,
33000,47650,49407,15245,8,,
33001,47649,49408,15245,2,,
33002,47650,49408,15245,0,,
33003,47649,49405,15245,0,,
33004,47650,49405,15245,2,,
33014,47691,49440,15256,2,,
33015,47692,49440,15256,0,,
33016,47691,49441,15256,0,,
33017,47692,49441,15256,7,,
33018,47691,49442,15256,7,,
33019,47692,49442,15256,7,,
33020,47691,49443,15256,2,,
33021,47692,49443,15256,0,,
33062,47827,49569,15300,0,,
33063,47828,49569,15300,7,,
33064,47827,49568,15300,0,,
33065,47828,49568,15300,2,,
33066,47827,49571,15300,2,,
33067,47828,49571,15300,0,,
33068,47827,49570,15300,8,,
33069,47828,49570,15300,6,,
33079,47841,49588,15305,2,,
33080,47842,49588,15305,0,,
33081,47841,49585,15305,0,,
33082,47842,49585,15305,2,,
33083,47841,49586,15305,0,,
33084,47842,49586,15305,7,,
33085,47841,49587,15305,10,,
33086,47842,49587,15305,4,,
33101,47900,49633,15322,10,,
33102,47899,49633,15322,4,,
33103,47900,49632,15322,0,,
33104,47899,49632,15322,7,,
33105,47900,49634,15322,0,,
33106,47899,49634,15322,2,,
33107,47900,49631,15322,0,,
33108,47899,49631,15322,2,,
33249,48305,49994,15445,3,,
33250,48306,49994,15445,11,,
33251,48305,49995,15445,2,,
33252,48306,49995,15445,0,,
33253,48305,49992,15445,2,,
33254,48306,49992,15445,0,,
33255,48305,49993,15445,7,,
33256,48306,49993,15445,0,,
33259,48330,50028,15454,0,,
33260,48329,50028,15454,2,,
33261,48330,50025,15454,2,,
33262,48329,50025,15454,0,,
33263,48330,50026,15454,7,,
33264,48329,50026,15454,0,,
33265,48330,50027,15454,7,,
33266,48329,50027,15454,7,,
33267,48332,50029,15455,2,,
33268,48331,50029,15455,0,,
33269,48332,50030,15455,7,,
33270,48331,50030,15455,0,,
33271,48332,50031,15455,6,,
33272,48331,50031,15455,8,,
33273,48332,50032,15455,0,,
33274,48331,50032,15455,2,,
33285,48391,50172,15473,3,,
33286,48390,50172,15473,11,,
33287,48391,50173,15473,0,,
33288,48390,50173,15473,2,,
33289,48391,50170,15473,2,,
33290,48390,50170,15473,0,,
33291,48391,50171,15473,0,,
33292,48390,50171,15473,7,,
33293,48393,50176,15474,0,,
33294,48392,50176,15474,0,,
33295,48394,50176,15474,3,,
33296,48393,50174,15474,3,,
33297,48392,50174,15474,0,,
33298,48394,50174,15474,0,,
33299,48393,50175,15474,0,,
33300,48392,50175,15474,3,,
33301,48394,50175,15474,0,,
33449,48518,50288,15514,2,,
33450,48519,50288,15514,0,,
33451,48518,50286,15514,7,,
33452,48519,50286,15514,0,,
33453,48518,50287,15514,1,,
33454,48519,50287,15514,13,,
33455,48518,50285,15514,2,,
33456,48519,50285,15514,0,,
33503,48612,50373,15543,7,,
33504,48611,50373,15543,0,,
33505,48612,50372,15543,2,,
33506,48611,50372,15543,0,,
33507,48612,50375,15543,2,,
33508,48611,50375,15543,0,,
33509,48612,50374,15543,0,,
33510,48611,50374,15543,14,,
33540,48656,50422,15553,100,,
33541,48657,50422,15553,0,,
33542,48655,50422,15553,0,,
33543,48656,50423,15553,7,,
33544,48657,50423,15553,64,,
33545,48655,50423,15553,29,,
33546,48656,50420,15553,200,,
33547,48657,50420,15553,0,,
33548,48655,50420,15553,0,,
33549,48656,50421,15553,200,,
33550,48657,50421,15553,0,,
33551,48655,50421,15553,0,,
33568,48676,50436,15559,1,,
33569,48675,50436,15559,1,,
33570,48674,50436,15559,0,,
33571,48676,50434,15559,0,,
33572,48675,50434,15559,0,,
33573,48674,50434,15559,7,,
33574,48676,50435,15559,2,,
33575,48675,50435,15559,0,,
33576,48674,50435,15559,0,,
33591,48727,50485,15573,7,,
33592,48728,50485,15573,0,,
33593,48727,50484,15573,2,,
33594,48728,50484,15573,0,,
33595,48727,50487,15573,0,,
33596,48728,50487,15573,2,,
33597,48727,50486,15573,4,,
33598,48728,50486,15573,10,,
33599,48730,50489,15574,7,,
33600,48729,50489,15574,0,,
33601,48730,50488,15574,2,,
33602,48729,50488,15574,0,,
33603,48730,50491,15574,2,,
33604,48729,50491,15574,0,,
33605,48730,50490,15574,2,,
33606,48729,50490,15574,12,,
33742,48905,50673,15624,0,,
33743,48907,50673,15624,5,,
33744,48906,50673,15624,2,,
33745,48905,50674,15624,2,,
33746,48907,50674,15624,0,,
33747,48906,50674,15624,0,,
33748,48905,50675,15624,2,,
33749,48907,50675,15624,0,,
33750,48906,50675,15624,1,,
33769,48942,50715,15638,0,,
33770,48941,50715,15638,2,,
33771,48942,50717,15638,0,,
33772,48941,50717,15638,14,,
33773,48942,50716,15638,7,,
33774,48941,50716,15638,0,,
33775,48942,50718,15638,1,,
33776,48941,50718,15638,1,,
33777,48944,50722,15639,1,,
33778,48943,50722,15639,1,,
33779,48944,50720,15639,7,,
33780,48943,50720,15639,0,,
33781,48944,50721,15639,14,,
33782,48943,50721,15639,0,,
33783,48944,50719,15639,0,,
33784,48943,50719,15639,2,,
33790,48994,50764,15652,6,,
33791,48993,50764,15652,0,,
33792,48992,50764,15652,1,,
33793,48994,50765,15652,0,,
33794,48993,50765,15652,0,,
33795,48992,50765,15652,1,,
33796,48994,50766,15652,0,,
33797,48993,50766,15652,4,,
33798,48992,50766,15652,3,,
33802,49008,50784,15657,0,,
33803,49007,50784,15657,1,,
33804,49008,50785,15657,0,,
33805,49007,50785,15657,4,,
33806,49008,50781,15657,0,,
33807,49007,50781,15657,7,,
33808,49008,50780,15657,0,,
33809,49007,50780,15657,2,,
33810,49008,50783,15657,0,,
33811,49007,50783,15657,1,,
33812,49008,50782,15657,1,,
33813,49007,50782,15657,0,,
33814,49008,50777,15657,5,,
33815,49007,50777,15657,0,,
33816,49008,50779,15657,7,,
33817,49007,50779,15657,0,,
33818,49008,50778,15657,2,,
33819,49007,50778,15657,0,,
33820,49010,50788,15658,0,,
33821,49009,50788,15658,14,,
33822,49010,50789,15658,2,,
33823,49009,50789,15658,0,,
33824,49010,50786,15658,2,,
33825,49009,50786,15658,0,,
33826,49010,50787,15658,7,,
33827,49009,50787,15658,0,,
33832,49015,50796,15660,5,,
33833,49016,50796,15660,9,,
33834,49015,50797,15660,2,,
33835,49016,50797,15660,0,,
33836,49015,50794,15660,0,,
33837,49016,50794,15660,2,,
33838,49015,50795,15660,7,,
33839,49016,50795,15660,0,,
33859,49047,50825,15669,2,,
33860,49046,50825,15669,0,,
33861,49047,50827,15669,3,,
33862,49046,50827,15669,11,,
33863,49047,50826,15669,0,,
33864,49046,50826,15669,7,,
33865,49047,50828,15669,2,,
33866,49046,50828,15669,0,,
33889,49074,50859,15677,0,,
33890,49073,50859,15677,2,,
33891,49072,50859,15677,0,,
33892,49074,50858,15677,9,,
33893,49073,50858,15677,6,,
33894,49072,50858,15677,6,,
33895,49074,50857,15677,0,,
33896,49073,50857,15677,0,,
33897,49072,50857,15677,1,,
33919,49109,50889,15687,9,,
33920,49110,50889,15687,5,,
33921,49109,50888,15687,0,,
33922,49110,50888,15687,7,,
33923,49109,50890,15687,0,,
33924,49110,50890,15687,2,,
33925,49109,50887,15687,2,,
33926,49110,50887,15687,0,,
33946,49156,50934,15700,14,,
33947,49155,50934,15700,0,,
33948,49156,50935,15700,0,,
33949,49155,50935,15700,2,,
33950,49156,50932,15700,2,,
33951,49155,50932,15700,0,,
33952,49156,50933,15700,7,,
33953,49155,50933,15700,0,,
33996,49221,51008,15719,0,,
33997,49222,51008,15719,2,,
33998,49221,51005,15719,1,,
33999,49222,51005,15719,1,,
34000,49221,51007,15719,0,,
34001,49222,51007,15719,14,,
34002,49221,51006,15719,7,,
34003,49222,51006,15719,0,,
34016,49252,51038,15728,1,,
34017,49253,51038,15728,1,,
34018,49252,51037,15728,0,,
34019,49253,51037,15728,14,,
34020,49252,51036,15728,7,,
34021,49253,51036,15728,0,,
34022,49252,51035,15728,0,,
34023,49253,51035,15728,2,,
34043,49357,51134,15756,0,,
34044,49356,51134,15756,2,,
34045,49357,51135,15756,0,,
34046,49356,51135,15756,7,,
34047,49357,51137,15756,2,,
34048,49356,51137,15756,0,,
34049,49357,51136,15756,14,,
34050,49356,51136,15756,0,,
34051,49359,51141,15757,2,,
34052,49358,51141,15757,0,,
34053,49359,51140,15757,14,,
34054,49358,51140,15757,0,,
34055,49359,51139,15757,0,,
34056,49358,51139,15757,7,,
34057,49359,51138,15757,0,,
34058,49358,51138,15757,2,,
34094,49418,51196,15774,2,,
34095,49417,51196,15774,0,,
34096,49418,51197,15774,0,,
34097,49417,51197,15774,7,,
34098,49418,51198,15774,10,,
34099,49417,51198,15774,4,,
34100,49418,51199,15774,0,,
34101,49417,51199,15774,2,,
34124,49452,51234,15786,0,,
34125,49451,51234,15786,1,,
34126,49452,51235,15786,13,,
34127,49451,51235,15786,1,,
34128,49452,51232,15786,0,,
34129,49451,51232,15786,1,,
34130,49452,51233,15786,0,,
34131,49451,51233,15786,10,,
34143,49464,51246,15790,0,,
34144,49463,51246,15790,2,,
34145,49462,51246,15790,0,,
34146,49464,51247,15790,7,,
34147,49463,51247,15790,6,,
34148,49462,51247,15790,1,,
34149,49464,51249,15790,0,,
34150,49463,51249,15790,0,,
34151,49462,51249,15790,7,,
34152,49464,51248,15790,3,,
34153,49463,51248,15790,0,,
34154,49462,51248,15790,0,,
34172,49483,51267,15796,0,,
34173,49484,51267,15796,2,,
34174,49485,51267,15796,0,,
34175,49483,51268,15796,0,,
34176,49484,51268,15796,7,,
34177,49485,51268,15796,7,,
34178,49483,51269,15796,0,,
34179,49484,51269,15796,0,,
34180,49485,51269,15796,1,,
34181,49483,51270,15796,10,,
34182,49484,51270,15796,0,,
34183,49485,51270,15796,0,,
34196,49498,51283,15800,0,,
34197,49497,51283,15800,0,,
34198,49496,51283,15800,1,,
34199,49498,51282,15800,0,,
34200,49497,51282,15800,2,,
34201,49496,51282,15800,0,,
34202,49498,51285,15800,4,,
34203,49497,51285,15800,0,,
34204,49496,51285,15800,6,,
34205,49498,51284,15800,3,,
34206,49497,51284,15800,11,,
34207,49496,51284,15800,0,,
34279,49552,51350,15817,1,,
34280,49551,51350,15817,3,,
34281,49550,51350,15817,0,,
34282,49552,51351,15817,2,,
34283,49551,51351,15817,0,,
34284,49550,51351,15817,0,,
34285,49552,51352,15817,1,,
34286,49551,51352,15817,0,,
34287,49550,51352,15817,4,,
34288,49554,51353,15818,0,,
34289,49555,51353,15818,4,,
34290,49553,51353,15818,0,,
34291,49554,51354,15818,2,,
34292,49555,51354,15818,0,,
34293,49553,51354,15818,0,,
34294,49554,51355,15818,2,,
34295,49555,51355,15818,0,,
34296,49553,51355,15818,3,,
34297,49558,51356,15819,1,,
34298,49556,51356,15819,3,,
34299,49557,51356,15819,0,,
34300,49558,51357,15819,2,,
34301,49556,51357,15819,0,,
34302,49557,51357,15819,0,,
34303,49558,51358,15819,1,,
34304,49556,51358,15819,0,,
34305,49557,51358,15819,4,,
34306,49559,51361,15820,0,,
34307,49560,51361,15820,1,,
34308,49561,51361,15820,4,,
34309,49559,51360,15820,2,,
34310,49560,51360,15820,0,,
34311,49561,51360,15820,0,,
34312,49559,51359,15820,2,,
34313,49560,51359,15820,2,,
34314,49561,51359,15820,0,,
34315,49564,51364,15821,0,,
34316,49562,51364,15821,1,,
34317,49563,51364,15821,4,,
34318,49564,51363,15821,2,,
34319,49562,51363,15821,0,,
34320,49563,51363,15821,0,,
34321,49564,51362,15821,2,,
34322,49562,51362,15821,2,,
34323,49563,51362,15821,0,,
34324,49566,51367,15822,0,,
34325,49567,51367,15822,1,,
34326,49565,51367,15822,4,,
34327,49566,51366,15822,2,,
34328,49567,51366,15822,0,,
34329,49565,51366,15822,0,,
34330,49566,51365,15822,1,,
34331,49567,51365,15822,3,,
34332,49565,51365,15822,0,,
34333,49569,51370,15823,0,,
34334,49568,51370,15823,1,,
34335,49570,51370,15823,4,,
34336,49569,51369,15823,2,,
34337,49568,51369,15823,0,,
34338,49570,51369,15823,0,,
34339,49569,51368,15823,1,,
34340,49568,51368,15823,3,,
34341,49570,51368,15823,0,,
34342,49573,51373,15824,0,,
34343,49572,51373,15824,2,,
34344,49571,51373,15824,3,,
34345,49573,51372,15824,2,,
34346,49572,51372,15824,0,,
34347,49571,51372,15824,0,,
34348,49573,51371,15824,2,,
34349,49572,51371,15824,2,,
34350,49571,51371,15824,0,,
34360,49580,51383,15826,2,,
34361,49577,51383,15826,0,,
34362,49579,51383,15826,0,,
34363,49578,51383,15826,0,,
34364,49580,51386,15826,2,,
34365,49577,51386,15826,0,,
34366,49579,51386,15826,0,,
34367,49578,51386,15826,0,,
34368,49580,51384,15826,3,,
34369,49577,51384,15826,0,,
34370,49579,51384,15826,0,,
34371,49578,51384,15826,4,,
34372,49580,51385,15826,0,,
34373,49577,51385,15826,6,,
34374,49579,51385,15826,6,,
34375,49578,51385,15826,2,,
34384,49585,51393,15829,0,,
34385,49586,51393,15829,2,,
34386,49587,51393,15829,0,,
34387,49585,51395,15829,3,,
34388,49586,51395,15829,0,,
34389,49587,51395,15829,0,,
34390,49585,51394,15829,0,,
34391,49586,51394,15829,1,,
34392,49587,51394,15829,1,,
34430,49603,51431,15835,0,,
34431,49605,51431,15835,2,,
34432,49604,51431,15835,0,,
34433,49603,51433,15835,2,,
34434,49605,51433,15835,0,,
34435,49604,51433,15835,1,,
34436,49603,51432,15835,0,,
34437,49605,51432,15835,1,,
34438,49604,51432,15835,1,,
34475,49650,51481,15846,0,,
34476,49651,51481,15846,2,,
34477,49650,51480,15846,13,,
34478,49651,51480,15846,1,,
34479,49650,51479,15846,0,,
34480,49651,51479,15846,7,,
34481,49650,51478,15846,0,,
34482,49651,51478,15846,2,,
34522,49727,51551,15870,2,,
34523,49726,51551,15870,0,,
34524,49727,51552,15870,7,,
34525,49726,51552,15870,0,,
34526,49727,51553,15870,2,,
34527,49726,51553,15870,12,,
34528,49727,51554,15870,2,,
34529,49726,51554,15870,0,,
34530,49728,51555,15871,0,,
34531,49729,51555,15871,2,,
34532,49728,51556,15871,7,,
34533,49729,51556,15871,0,,
34534,49728,51557,15871,5,,
34535,49729,51557,15871,9,,
34536,49728,51558,15871,0,,
34537,49729,51558,15871,2,,
34545,49734,51567,15874,1000,,
34546,49735,51567,15874,0,,
34547,49734,51568,15874,0,,
34548,49735,51568,15874,10,,
34549,49736,51569,15875,1,,
34550,49737,51569,15875,0,,
34551,49736,51570,15875,1,,
34552,49737,51570,15875,0,,
34557,49742,51577,15878,0,,
34558,49743,51577,15878,1,,
34559,49742,51576,15878,6,,
34560,49743,51576,15878,8,,
34561,49742,51578,15878,7,,
34562,49743,51578,15878,0,,
34563,49742,51575,15878,0,,
34564,49743,51575,15878,1,,
34612,49889,51697,15921,2,,
34613,49888,51697,15921,0,,
34614,49889,51698,15921,7,,
34615,49888,51698,15921,0,,
34616,49889,51699,15921,2,,
34617,49888,51699,15921,12,,
34618,49889,51700,15921,2,,
34619,49888,51700,15921,0,,
34687,50075,51865,15972,0,,
34688,50076,51865,15972,0,,
34689,50077,51865,15972,2,,
34690,50075,51866,15972,0,,
34691,50076,51866,15972,7,,
34692,50077,51866,15972,0,,
34693,50075,51867,15972,8,,
34694,50076,51867,15972,5,,
34695,50077,51867,15972,1,,
34696,50075,51868,15972,0,,
34697,50076,51868,15972,0,,
34698,50077,51868,15972,2,,
34793,50245,52031,16020,0,,
34794,50246,52031,16020,2,,
34795,50245,52034,16020,0,,
34796,50246,52034,16020,2,,
34797,50245,52032,16020,7,,
34798,50246,52032,16020,0,,
34799,50245,52033,16020,9,,
34800,50246,52033,16020,5,,
34801,50250,52040,16022,0,,
34802,50251,52040,16022,5,,
34803,50250,52038,16022,1,,
34804,50251,52038,16022,0,,
34805,50250,52039,16022,2,,
34806,50251,52039,16022,0,,
34912,50402,52193,16068,2,,
34913,50401,52193,16068,0,,
34914,50402,52192,16068,1,,
34915,50401,52192,16068,13,,
34916,50402,52190,16068,2,,
34917,50401,52190,16068,0,,
34918,50402,52191,16068,7,,
34919,50401,52191,16068,0,,
34960,50487,52277,16094,2,,
34961,50486,52277,16094,0,,
34962,50487,52276,16094,3,,
34963,50486,52276,16094,11,,
34964,50487,52275,16094,7,,
34965,50486,52275,16094,0,,
34966,50487,52274,16094,2,,
34967,50486,52274,16094,0,,
34978,50503,52298,16099,0,,
34979,50504,52298,16099,2,,
34980,50503,52299,16099,7,,
34981,50504,52299,16099,0,,
34982,50503,52300,16099,7,,
34983,50504,52300,16099,7,,
34984,50503,52301,16099,2,,
34985,50504,52301,16099,0,,
35043,50605,52412,16130,0,,
35044,50604,52412,16130,0,,
35045,50607,52412,16130,0,,
35046,50606,52412,16130,1,,
35047,50608,52412,16130,0,,
35048,50605,52413,16130,0,,
35049,50604,52413,16130,0,,
35050,50607,52413,16130,0,,
35051,50606,52413,16130,0,,
35052,50608,52413,16130,1,,
35053,50605,52410,16130,1,,
35054,50604,52410,16130,0,,
35055,50607,52410,16130,0,,
35056,50606,52410,16130,0,,
35057,50608,52410,16130,0,,
35058,50605,52411,16130,0,,
35059,50604,52411,16130,0,,
35060,50607,52411,16130,0,,
35061,50606,52411,16130,1,,
35062,50608,52411,16130,0,,
35063,50605,52408,16130,0,,
35064,50604,52408,16130,0,,
35065,50607,52408,16130,1,,
35066,50606,52408,16130,0,,
35067,50608,52408,16130,0,,
35068,50605,52409,16130,0,,
35069,50604,52409,16130,0,,
35070,50607,52409,16130,0,,
35071,50606,52409,16130,1,,
35072,50608,52409,16130,0,,
35073,50605,52407,16130,0,,
35074,50604,52407,16130,1,,
35075,50607,52407,16130,0,,
35076,50606,52407,16130,0,,
35077,50608,52407,16130,0,,
35091,50659,52463,16146,0,,
35092,50658,52463,16146,0,,
35093,50660,52463,16146,1,,
35094,50659,52462,16146,0,,
35095,50658,52462,16146,0,,
35096,50660,52462,16146,7,,
35097,50659,52461,16146,0,,
35098,50658,52461,16146,0,,
35099,50660,52461,16146,1,,
35100,50659,52466,16146,0,,
35101,50658,52466,16146,0,,
35102,50660,52466,16146,1,,
35103,50659,52464,16146,2,,
35104,50658,52464,16146,3,,
35105,50660,52464,16146,2,,
35106,50659,52465,16146,0,,
35107,50658,52465,16146,0,,
35108,50660,52465,16146,1,,
35152,50722,52541,16168,0,,
35153,50721,52541,16168,2,,
35154,50722,52540,16168,9,,
35155,50721,52540,16168,5,,
35156,50722,52539,16168,7,,
35157,50721,52539,16168,0,,
35158,50722,52538,16168,0,,
35159,50721,52538,16168,2,,
35396,51083,52891,16277,2,,
35397,51084,52891,16277,0,,
35398,51083,52892,16277,7,,
35399,51084,52892,16277,0,,
35400,51083,52893,16277,0,,
35401,51084,52893,16277,14,,
35402,51083,52894,16277,0,,
35403,51084,52894,16277,2,,
35404,51086,52895,16278,0,,
35405,51085,52895,16278,2,,
35406,51086,52898,16278,2,,
35407,51085,52898,16278,0,,
35408,51086,52897,16278,14,,
35409,51085,52897,16278,0,,
35410,51086,52896,16278,0,,
35411,51085,52896,16278,7,,
35472,51231,53035,16323,0,,
35473,51232,53035,16323,3,,
35474,51231,53036,16323,2,,
35475,51232,53036,16323,0,,
35476,51231,53037,16323,1,,
35477,51232,53037,16323,0,,
35496,51256,53062,16332,1,,
35497,51255,53062,16332,13,,
35498,51256,53063,16332,2,,
35499,51255,53063,16332,0,,
35500,51256,53060,16332,2,,
35501,51255,53060,16332,0,,
35502,51256,53061,16332,7,,
35503,51255,53061,16332,0,,
35625,51664,53426,16448,2,,
35626,51665,53426,16448,0,,
35627,51664,53425,16448,4,,
35628,51665,53425,16448,10,,
35629,51664,53424,16448,7,,
35630,51665,53424,16448,0,,
35631,51664,53423,16448,2,,
35632,51665,53423,16448,0,,
35633,51666,53430,16449,0,,
35634,51667,53430,16449,2,,
35635,51666,53429,16449,14,,
35636,51667,53429,16449,0,,
35637,51666,53428,16449,3,,
35638,51667,53428,16449,4,,
35639,51666,53427,16449,0,,
35640,51667,53427,16449,2,,
35649,51691,53447,16458,1,,
35650,51690,53447,16458,0,,
35651,51691,53448,16458,7,,
35652,51690,53448,16458,0,,
35653,51691,53449,16458,0,,
35654,51690,53449,16458,1,,
35655,51691,53450,16458,0,,
35656,51690,53450,16458,1,,
35657,51691,53451,16458,0,,
35658,51690,53451,16458,1,,
35659,51691,53452,16458,5,,
35660,51690,53452,16458,2,,
35663,51695,53457,16460,4,,
35664,51694,53457,16460,10,,
35665,51695,53456,16460,7,,
35666,51694,53456,16460,0,,
35667,51695,53458,16460,0,,
35668,51694,53458,16460,2,,
35669,51695,53455,16460,0,,
35670,51694,53455,16460,2,,
35671,51698,53465,16462,7,,
35672,51699,53465,16462,0,,
35673,51698,53467,16462,0,,
35674,51699,53467,16462,1,,
35675,51698,53466,16462,2,,
35676,51699,53466,16462,5,,
35677,51698,53469,16462,0,,
35678,51699,53469,16462,1,,
35679,51698,53468,16462,1,,
35680,51699,53468,16462,0,,
35681,51698,53470,16462,1,,
35682,51699,53470,16462,0,,
35712,51746,53519,16480,0,,
35713,51747,53519,16480,1,,
35714,51746,53520,16480,1,,
35715,51747,53520,16480,0,,
35716,51746,53521,16480,1,,
35717,51747,53521,16480,0,,
35743,51793,53571,16496,5,,
35744,51794,53571,16496,2,,
35745,51793,53570,16496,0,,
35746,51794,53570,16496,1,,
35747,51793,53569,16496,0,,
35748,51794,53569,16496,7,,
35749,51793,53568,16496,0,,
35750,51794,53568,16496,1,,
35751,51793,53573,16496,1,,
35752,51794,53573,16496,0,,
35753,51793,53572,16496,1,,
35754,51794,53572,16496,0,,
35820,51869,53624,16524,9,,
35821,51870,53624,16524,5,,
35822,51869,53625,16524,2,,
35823,51870,53625,16524,0,,
35824,51869,53622,16524,2,,
35825,51870,53622,16524,0,,
35826,51869,53623,16524,0,,
35827,51870,53623,16524,7,,
35857,51936,53681,16544,4,,
35858,51935,53681,16544,10,,
35859,51936,53680,16544,7,,
35860,51935,53680,16544,0,,
35861,51936,53682,16544,0,,
35862,51935,53682,16544,2,,
35863,51936,53679,16544,2,,
35864,51935,53679,16544,0,,
35865,51938,53685,16545,4,,
35866,51937,53685,16545,10,,
35867,51938,53684,16545,7,,
35868,51937,53684,16545,0,,
35869,51938,53686,16545,0,,
35870,51937,53686,16545,2,,
35871,51938,53683,16545,2,,
35872,51937,53683,16545,0,,
35873,51940,53687,16546,2,,
35874,51939,53687,16546,0,,
35875,51940,53689,16546,3,,
35876,51939,53689,16546,11,,
35877,51940,53688,16546,7,,
35878,51939,53688,16546,0,,
35879,51940,53690,16546,0,,
35880,51939,53690,16546,2,,
35881,51942,53693,16547,3,,
35882,51941,53693,16547,11,,
35883,51942,53692,16547,7,,
35884,51941,53692,16547,0,,
35885,51942,53694,16547,0,,
35886,51941,53694,16547,2,,
35887,51942,53691,16547,2,,
35888,51941,53691,16547,0,,
35974,52079,53825,16589,7,,
35975,52080,53825,16589,0,,
35976,52079,53824,16589,2,,
35977,52080,53824,16589,0,,
35978,52079,53827,16589,2,,
35979,52080,53827,16589,0,,
35980,52079,53826,16589,2,,
35981,52080,53826,16589,12,,
36002,52162,53860,16620,0,,
36003,52161,53860,16620,2,,
36004,52162,53859,16620,4,,
36005,52161,53859,16620,10,,
36006,52162,53858,16620,7,,
36007,52161,53858,16620,0,,
36008,52162,53857,16620,2,,
36009,52161,53857,16620,0,,
36156,52330,54034,16670,7,,
36157,52328,54034,16670,0,,
36158,52329,54034,16670,0,,
36159,52330,54035,16670,1,,
36160,52328,54035,16670,0,,
36161,52329,54035,16670,0,,
36162,52330,54032,16670,1,,
36163,52328,54032,16670,0,,
36164,52329,54032,16670,0,,
36165,52330,54033,16670,3,,
36166,52328,54033,16670,0,,
36167,52329,54033,16670,0,,
36168,52330,54036,16670,0,,
36169,52328,54036,16670,2,,
36170,52329,54036,16670,5,,
36171,52330,54037,16670,0,,
36172,52328,54037,16670,1,,
36173,52329,54037,16670,0,,
36179,52336,54042,16672,2,,
36180,52335,54042,16672,0,,
36181,52336,54043,16672,0,,
36182,52335,54043,16672,7,,
36183,52336,54044,16672,7,,
36184,52335,54044,16672,7,,
36185,52336,54045,16672,2,,
36186,52335,54045,16672,0,,
36187,52338,54046,16673,0,,
36188,52337,54046,16673,1,,
36189,52338,54047,16673,0,,
36190,52337,54047,16673,3,,
36191,52338,54049,16673,0,,
36192,52337,54049,16673,1,,
36193,52338,54048,16673,5,,
36194,52337,54048,16673,2,,
36195,52338,54051,16673,1,,
36196,52337,54051,16673,0,,
36197,52338,54050,16673,7,,
36198,52337,54050,16673,0,,
36273,52586,54269,16741,0,,
36274,52587,54269,16741,1,,
36275,52586,54268,16741,0,,
36276,52587,54268,16741,7,,
36277,52586,54271,16741,1,,
36278,52587,54271,16741,0,,
36279,52586,54270,16741,0,,
36280,52587,54270,16741,7,,
36281,52586,54267,16741,3,,
36282,52587,54267,16741,0,,
36283,52586,54266,16741,1,,
36284,52587,54266,16741,0,,
36390,52720,54408,16787,0,,
36391,52721,54408,16787,0,,
36392,52722,54408,16787,1,,
36393,52720,54409,16787,0,,
36394,52721,54409,16787,0,,
36395,52722,54409,16787,1,,
36396,52720,54410,16787,0,,
36397,52721,54410,16787,1,,
36398,52722,54410,16787,0,,
36399,52720,54405,16787,1,,
36400,52721,54405,16787,0,,
36401,52722,54405,16787,0,,
36402,52720,54406,16787,1,,
36403,52721,54406,16787,0,,
36404,52722,54406,16787,0,,
36405,52720,54407,16787,0,,
36406,52721,54407,16787,1,,
36407,52722,54407,16787,0,,
36451,52774,54465,16808,0,,
36452,52773,54465,16808,2,,
36453,52774,54466,16808,0,,
36454,52773,54466,16808,7,,
36455,52774,54467,16808,10,,
36456,52773,54467,16808,4,,
36457,52774,54468,16808,2,,
36458,52773,54468,16808,0,,
36459,52775,54472,16809,2,,
36460,52776,54472,16809,0,,
36461,52775,54469,16809,0,,
36462,52776,54469,16809,2,,
36463,52775,54470,16809,7,,
36464,52776,54470,16809,0,,
36465,52775,54471,16809,6,,
36466,52776,54471,16809,8,,
36478,52809,54504,16821,2,,
36479,52810,54504,16821,12,,
36480,52809,54505,16821,2,,
36481,52810,54505,16821,0,,
36482,52809,54502,16821,2,,
36483,52810,54502,16821,0,,
36484,52809,54503,16821,7,,
36485,52810,54503,16821,0,,
36489,52814,54510,16823,0,,
36490,52815,54510,16823,7,,
36491,52814,54511,16823,10,,
36492,52815,54511,16823,4,,
36493,52814,54509,16823,2,,
36494,52815,54509,16823,0,,
36495,52814,54512,16823,2,,
36496,52815,54512,16823,0,,
36573,53032,54705,16895,7,,
36574,53033,54705,16895,0,,
36575,53032,54704,16895,0,,
36576,53033,54704,16895,2,,
36577,53032,54707,16895,2,,
36578,53033,54707,16895,0,,
36579,53032,54706,16895,7,,
36580,53033,54706,16895,7,,
36713,53300,54968,16981,2,,
36714,53299,54968,16981,0,,
36715,53300,54967,16981,2,,
36716,53299,54967,16981,12,,
36717,53300,54966,16981,7,,
36718,53299,54966,16981,0,,
36719,53300,54965,16981,2,,
36720,53299,54965,16981,0,,
36797,53410,55073,17018,1,,
36798,53411,55073,17018,13,,
36799,53410,55072,17018,7,,
36800,53411,55072,17018,0,,
36801,53410,55074,17018,2,,
36802,53411,55074,17018,0,,
36803,53410,55071,17018,0,,
36804,53411,55071,17018,2,,
36940,53576,55254,17069,2,,
36941,53575,55254,17069,0,,
36942,53576,55253,17069,6,,
36943,53575,55253,17069,8,,
36944,53576,55252,17069,7,,
36945,53575,55252,17069,0,,
36946,53576,55251,17069,0,,
36947,53575,55251,17069,2,,
37006,53777,55441,17132,2,,
37007,53778,55441,17132,0,,
37008,53777,55440,17132,0,,
37009,53778,55440,17132,14,,
37010,53777,55438,17132,0,,
37011,53778,55438,17132,2,,
37012,53777,55439,17132,5,,
37013,53778,55439,17132,2,,
37094,53998,55646,17201,0,,
37095,53999,55646,17201,7,,
37096,53998,55647,17201,7,,
37097,53999,55647,17201,7,,
37098,53998,55645,17201,2,,
37099,53999,55645,17201,0,,
37100,53998,55648,17201,2,,
37101,53999,55648,17201,0,,
37120,54026,55677,17211,0,,
37121,54025,55677,17211,2,,
37122,54026,55680,17211,2,,
37123,54025,55680,17211,0,,
37124,54026,55678,17211,0,,
37125,54025,55678,17211,7,,
37126,54026,55679,17211,12,,
37127,54025,55679,17211,2,,
37131,54059,55710,17220,1,,
37132,54061,55710,17220,0,,
37133,54060,55710,17220,0,,
37134,54059,55709,17220,0,,
37135,54061,55709,17220,1,,
37136,54060,55709,17220,0,,
37137,54059,55708,17220,0,,
37138,54061,55708,17220,2,,
37139,54060,55708,17220,0,,
37182,54148,55795,17248,7,,
37183,54149,55795,17248,0,,
37184,54148,55794,17248,2,,
37185,54149,55794,17248,0,,
37186,54148,55797,17248,2,,
37187,54149,55797,17248,0,,
37188,54148,55796,17248,3,,
37189,54149,55796,17248,11,,
37190,54150,55799,17249,0,,
37191,54151,55799,17249,7,,
37192,54150,55798,17249,2,,
37193,54151,55798,17249,0,,
37194,54150,55801,17249,0,,
37195,54151,55801,17249,2,,
37196,54150,55800,17249,10,,
37197,54151,55800,17249,4,,
37241,54287,55919,17288,6,,
37242,54286,55919,17288,8,,
37243,54287,55918,17288,7,,
37244,54286,55918,17288,0,,
37245,54287,55917,17288,2,,
37246,54286,55917,17288,0,,
37247,54287,55920,17288,0,,
37248,54286,55920,17288,2,,
37313,54384,56021,17318,2,,
37314,54385,56021,17318,0,,
37315,54384,56023,17318,2,,
37316,54385,56023,17318,12,,
37317,54384,56022,17318,7,,
37318,54385,56022,17318,0,,
37319,54384,56024,17318,2,,
37320,54385,56024,17318,0,,
37336,54398,56042,17322,5,,
37337,54399,56042,17322,9,,
37338,54398,56043,17322,2,,
37339,54399,56043,17322,0,,
37340,54398,56040,17322,0,,
37341,54399,56040,17322,2,,
37342,54398,56041,17322,7,,
37343,54399,56041,17322,0,,
37421,54499,56148,17351,2,,
37422,54500,56148,17351,0,,
37423,54499,56146,17351,7,,
37424,54500,56146,17351,0,,
37425,54499,56147,17351,2,,
37426,54500,56147,17351,12,,
37427,54499,56145,17351,2,,
37428,54500,56145,17351,0,,
37471,54586,56235,17379,2,,
37472,54587,56235,17379,0,,
37473,54586,56236,17379,7,,
37474,54587,56236,17379,0,,
37475,54586,56237,17379,3,,
37476,54587,56237,17379,11,,
37477,54586,56238,17379,2,,
37478,54587,56238,17379,0,,
37483,54599,56251,17383,7,,
37484,54600,56251,17383,0,,
37485,54599,56250,17383,0,,
37486,54600,56250,17383,2,,
37487,54599,56253,17383,0,,
37488,54600,56253,17383,2,,
37489,54599,56252,17383,6,,
37490,54600,56252,17383,8,,
37497,54608,56262,17386,2,,
37498,54607,56262,17386,12,,
37499,54608,56263,17386,2,,
37500,54607,56263,17386,0,,
37501,54608,56260,17386,2,,
37502,54607,56260,17386,0,,
37503,54608,56261,17386,7,,
37504,54607,56261,17386,0,,
37543,54694,56340,17413,0,,
37544,54695,56340,17413,14,,
37545,54694,56341,17413,2,,
37546,54695,56341,17413,0,,
37547,54694,56338,17413,2,,
37548,54695,56338,17413,0,,
37549,54694,56339,17413,7,,
37550,54695,56339,17413,0,,
37596,54754,56409,17434,0,,
37597,54755,56409,17434,2,,
37598,54754,56410,17434,0,,
37599,54755,56410,17434,7,,
37600,54754,56411,17434,10,,
37601,54755,56411,17434,4,,
37602,54754,56412,17434,2,,
37603,54755,56412,17434,0,,
37675,54861,56509,17462,0,,
37676,54862,56509,17462,2,,
37677,54861,56508,17462,10,,
37678,54862,56508,17462,4,,
37679,54861,56507,17462,0,,
37680,54862,56507,17462,7,,
37681,54861,56506,17462,0,,
37682,54862,56506,17462,2,,
37720,54910,56546,17473,0,,
37721,54909,56546,17473,7,,
37722,54910,56547,17473,7,,
37723,54909,56547,17473,7,,
37724,54910,56545,17473,2,,
37725,54909,56545,17473,0,,
37726,54910,56548,17473,2,,
37727,54909,56548,17473,0,,
37728,54912,56552,17474,2,,
37729,54911,56552,17474,0,,
37730,54912,56550,17474,0,,
37731,54911,56550,17474,7,,
37732,54912,56551,17474,7,,
37733,54911,56551,17474,7,,
37734,54912,56549,17474,2,,
37735,54911,56549,17474,0,,
37813,55049,56677,17515,7,,
37814,55048,56677,17515,0,,
37815,55049,56676,17515,2,,
37816,55048,56676,17515,0,,
37817,55049,56679,17515,0,,
37818,55048,56679,17515,2,,
37819,55049,56678,17515,4,,
37820,55048,56678,17515,10,,
37821,55062,56688,17519,0,,
37822,55061,56688,17519,2,,
37823,55062,56689,17519,7,,
37824,55061,56689,17519,0,,
37825,55062,56690,17519,6,,
37826,55061,56690,17519,8,,
37827,55062,56691,17519,0,,
37828,55061,56691,17519,2,,
37841,55079,56710,17524,2,,
37842,55080,56710,17524,0,,
37843,55079,56708,17524,7,,
37844,55080,56708,17524,0,,
37845,55079,56709,17524,0,,
37846,55080,56709,17524,14,,
37847,55079,56707,17524,2,,
37848,55080,56707,17524,0,,
37849,55085,56716,17526,1,,
37850,55086,56716,17526,9,,
37851,55085,56715,17526,5,,
37852,55086,56715,17526,0,,
37877,55145,56776,17547,2,,
37878,55146,56776,17547,0,,
37879,55145,56774,17547,7,,
37880,55146,56774,17547,0,,
37881,55145,56775,17547,1,,
37882,55146,56775,17547,13,,
37883,55145,56773,17547,2,,
37884,55146,56773,17547,0,,
37885,55148,56778,17548,7,,
37886,55147,56778,17548,0,,
37887,55148,56779,17548,1,,
37888,55147,56779,17548,13,,
37889,55148,56777,17548,2,,
37890,55147,56777,17548,0,,
37891,55148,56780,17548,2,,
37892,55147,56780,17548,0,,
37903,55211,56833,17566,7,,
37904,55212,56833,17566,0,,
37905,55211,56832,17566,2,,
37906,55212,56832,17566,0,,
37907,55211,56835,17566,2,,
37908,55212,56835,17566,0,,
37909,55211,56834,17566,3,,
37910,55212,56834,17566,11,,
38003,55478,57066,17644,6,,
38004,55477,57066,17644,0,,
38005,55478,57064,17644,4,,
38006,55477,57064,17644,0,,
38007,55478,57065,17644,6,,
38008,55477,57065,17644,24,,
38009,55478,57063,17644,1,,
38010,55477,57063,17644,0,,
38034,55551,57129,17666,2,,
38035,55552,57129,17666,0,,
38036,55551,57131,17666,1,,
38037,55552,57131,17666,13,,
38038,55551,57130,17666,7,,
38039,55552,57130,17666,0,,
38040,55551,57132,17666,2,,
38041,55552,57132,17666,0,,
38054,55578,57159,17675,2,,
38055,55579,57159,17675,0,,
38056,55578,57158,17675,8,,
38057,55579,57158,17675,6,,
38058,55578,57157,17675,7,,
38059,55579,57157,17675,0,,
38060,55578,57156,17675,0,,
38061,55579,57156,17675,2,,
38086,55629,57212,17692,2,,
38087,55628,57212,17692,0,,
38088,55629,57209,17692,2,,
38089,55628,57209,17692,0,,
38090,55629,57210,17692,0,,
38091,55628,57210,17692,7,,
38092,55629,57211,17692,10,,
38093,55628,57211,17692,4,,
38097,55638,57219,17695,0,,
38098,55639,57219,17695,2,,
38099,55636,57219,17695,0,,
38100,55637,57219,17695,0,,
38101,55638,57222,17695,0,,
38102,55639,57222,17695,0,,
38103,55636,57222,17695,2,,
38104,55637,57222,17695,0,,
38105,55638,57220,17695,6,,
38106,55639,57220,17695,0,,
38107,55636,57220,17695,0,,
38108,55637,57220,17695,1,,
38109,55638,57221,17695,0,,
38110,55639,57221,17695,4,,
38111,55636,57221,17695,4,,
38112,55637,57221,17695,6,,
38131,55661,57256,17705,0,,
38132,55662,57256,17705,14,,
38133,55661,57257,17705,2,,
38134,55662,57257,17705,0,,
38135,55661,57252,17705,0,,
38136,55662,57252,17705,7,,
38137,55661,57253,17705,7,,
38138,55662,57253,17705,0,,
38139,55661,57254,17705,1,,
38140,55662,57254,17705,1,,
38141,55661,57255,17705,7,,
38142,55662,57255,17705,0,,
38311,56034,57604,17808,7,,
38312,56033,57604,17808,0,,
38313,56034,57605,17808,3,,
38314,56033,57605,17808,11,,
38315,56034,57606,17808,0,,
38316,56033,57606,17808,2,,
38317,56034,57603,17808,0,,
38318,56033,57603,17808,2,,
38351,56084,57660,17824,5,,
38352,56085,57660,17824,0,,
38353,56084,57659,17824,0,,
38354,56085,57659,17824,5,,
38355,56084,57658,17824,1,,
38356,56085,57658,17824,0,,
38357,56084,57657,17824,2,,
38358,56085,57657,17824,2,,
38366,56094,57668,17827,2,,
38367,56093,57668,17827,0,,
38368,56094,57669,17827,0,,
38369,56093,57669,17827,7,,
38370,56094,57670,17827,6,,
38371,56093,57670,17827,8,,
38372,56094,57671,17827,2,,
38373,56093,57671,17827,0,,
38424,56188,57762,17854,2,,
38425,56187,57762,17854,0,,
38426,56188,57761,17854,4,,
38427,56187,57761,17854,10,,
38428,56188,57760,17854,7,,
38429,56187,57760,17854,0,,
38430,56188,57759,17854,2,,
38431,56187,57759,17854,0,,
38441,56211,57782,17863,0,,
38442,56214,57782,17863,0,,
38443,56213,57782,17863,0,,
38444,56212,57782,17863,7,,
38445,56211,57783,17863,0,,
38446,56214,57783,17863,0,,
38447,56213,57783,17863,0,,
38448,56212,57783,17863,4,,
38449,56211,57784,17863,6,,
38450,56214,57784,17863,1,,
38451,56213,57784,17863,1,,
38452,56212,57784,17863,0,,
38453,56211,57785,17863,0,,
38454,56214,57785,17863,0,,
38455,56213,57785,17863,2,,
38456,56212,57785,17863,0,,
38465,56224,57795,17867,0,,
38466,56225,57795,17867,0,,
38467,56223,57795,17867,1,,
38468,56224,57794,17867,1,,
38469,56225,57794,17867,0,,
38470,56223,57794,17867,0,,
38471,56224,57796,17867,0,,
38472,56225,57796,17867,1,,
38473,56223,57796,17867,0,,
38584,56387,57960,17914,1,,
38585,56388,57960,17914,0,,
38586,56387,57961,17914,7,,
38587,56388,57961,17914,0,,
38588,56387,57956,17914,1,,
38589,56388,57956,17914,0,,
38590,56387,57957,17914,2,,
38591,56388,57957,17914,0,,
38592,56387,57958,17914,1,,
38593,56388,57958,17914,0,,
38594,56387,57959,17914,1,,
38595,56388,57959,17914,0,,
38596,56387,57953,17914,0,,
38597,56388,57953,17914,4,,
38598,56387,57954,17914,0,,
38599,56388,57954,17914,3,,
38600,56387,57955,17914,1,,
38601,56388,57955,17914,0,,
38714,56697,58258,18016,2,,
38715,56698,58258,18016,0,,
38716,56697,58259,18016,3,,
38717,56698,58259,18016,0,,
38718,56697,58260,18016,2,,
38719,56698,58260,18016,12,,
38720,56697,58261,18016,2,,
38721,56698,58261,18016,0,,
38802,56958,58497,18087,1,,
38803,56959,58497,18087,0,,
38804,56958,58495,18087,0,,
38805,56959,58495,18087,1,,
38806,56958,58496,18087,1,,
38807,56959,58496,18087,0,,
38808,56958,58494,18087,1,,
38809,56959,58494,18087,0,,
38863,57066,58597,18119,7,,
38864,57067,58597,18119,0,,
38865,57066,58596,18119,0,,
38866,57067,58596,18119,2,,
38867,57066,58599,18119,0,,
38868,57067,58599,18119,2,,
38869,57066,58598,18119,6,,
38870,57067,58598,18119,8,,
38885,57104,58632,18132,2,,
38886,57103,58632,18132,0,,
38887,57104,58633,18132,7,,
38888,57103,58633,18132,0,,
38889,57104,58634,18132,2,,
38890,57103,58634,18132,12,,
38891,57104,58635,18132,0,,
38892,57103,58635,18132,2,,
38897,57136,58662,18141,0,,
38898,57137,58662,18141,2,,
38899,57136,58663,18141,7,,
38900,57137,58663,18141,0,,
38901,57136,58664,18141,12,,
38902,57137,58664,18141,2,,
38903,57136,58665,18141,2,,
38904,57137,58665,18141,0,,
39266,58042,59557,18432,7,,
39267,58043,59557,18432,0,,
39268,58042,59556,18432,0,,
39269,58043,59556,18432,2,,
39270,58042,59559,18432,2,,
39271,58043,59559,18432,0,,
39272,58042,59558,18432,3,,
39273,58043,59558,18432,11,,
39303,58154,59673,18466,0,,
39304,58155,59673,18466,7,,
39305,58154,59672,18466,0,,
39306,58155,59672,18466,2,,
39307,58154,59675,18466,1,,
39308,58155,59675,18466,1,,
39309,58154,59674,18466,14,,
39310,58155,59674,18466,0,,
39412,58455,59957,18550,0,,
39413,58456,59957,18550,7,,
39414,58455,59956,18550,2,,
39415,58456,59956,18550,0,,
39416,58455,59959,18550,2,,
39417,58456,59959,18550,0,,
39418,58455,59958,18550,5,,
39419,58456,59958,18550,9,,
39420,58458,59961,18551,7,,
39421,58457,59961,18551,0,,
39422,58458,59960,18551,2,,
39423,58457,59960,18551,0,,
39424,58458,59963,18551,2,,
39425,58457,59963,18551,0,,
39426,58458,59962,18551,3,,
39427,58457,59962,18551,11,,
39456,58541,60039,18577,2,,
39457,58542,60039,18577,12,,
39458,58541,60038,18577,7,,
39459,58542,60038,18577,0,,
39460,58541,60037,18577,0,,
39461,58542,60037,18577,2,,
39462,58541,60040,18577,2,,
39463,58542,60040,18577,0,,
39464,58543,60043,18578,3,,
39465,58544,60043,18578,11,,
39466,58543,60042,18578,7,,
39467,58544,60042,18578,0,,
39468,58543,60041,18578,0,,
39469,58544,60041,18578,2,,
39470,58543,60044,18578,2,,
39471,58544,60044,18578,0,,
39472,58549,60055,18580,0,,
39473,58550,60055,18580,2,,
39474,58549,60058,18580,2,,
39475,58550,60058,18580,0,,
39476,58549,60056,18580,0,,
39477,58550,60056,18580,7,,
39478,58549,60057,18580,7,,
39479,58550,60057,18580,7,,
39606,58742,60266,18639,0,,
39607,58741,60266,18639,2,,
39608,58742,60264,18639,7,,
39609,58741,60264,18639,0,,
39610,58742,60265,18639,3,,
39611,58741,60265,18639,11,,
39612,58742,60263,18639,2,,
39613,58741,60263,18639,0,,
39628,58757,60284,18644,0,,
39629,58758,60284,18644,2,,
39630,58757,60283,18644,14,,
39631,58758,60283,18644,0,,
39632,58757,60282,18644,0,,
39633,58758,60282,18644,7,,
39634,58757,60281,18644,2,,
39635,58758,60281,18644,0,,
39662,58795,60315,18656,2,,
39663,58794,60315,18656,0,,
39664,58795,60316,18656,1,,
39665,58794,60316,18656,6,,
39666,58795,60317,18656,14,,
39667,58794,60317,18656,0,,
39668,58795,60318,18656,2,,
39669,58794,60318,18656,0,,
39694,58827,60353,18667,0,,
39695,58828,60353,18667,7,,
39696,58827,60352,18667,2,,
39697,58828,60352,18667,0,,
39698,58827,60355,18667,0,,
39699,58828,60355,18667,2,,
39700,58827,60354,18667,14,,
39701,58828,60354,18667,0,,
39741,58874,60399,18681,2,,
39742,58875,60399,18681,0,,
39743,58874,60398,18681,2,,
39744,58875,60398,18681,12,,
39745,58874,60397,18681,7,,
39746,58875,60397,18681,0,,
39747,58874,60396,18681,2,,
39748,58875,60396,18681,0,,
39749,58876,60402,18682,2,,
39750,58877,60402,18682,12,,
39751,58876,60403,18682,2,,
39752,58877,60403,18682,0,,
39753,58876,60400,18682,2,,
39754,58877,60400,18682,0,,
39755,58876,60401,18682,7,,
39756,58877,60401,18682,0,,
39760,58882,60407,18684,2,,
39761,58881,60407,18684,0,,
39762,58882,60410,18684,0,,
39763,58881,60410,18684,2,,
39764,58882,60408,18684,7,,
39765,58881,60408,18684,0,,
39766,58882,60409,18684,5,,
39767,58881,60409,18684,9,,
39768,58883,60414,18685,2,,
39769,58884,60414,18685,0,,
39770,58883,60412,18685,7,,
39771,58884,60412,18685,0,,
39772,58883,60413,18685,2,,
39773,58884,60413,18685,12,,
39774,58883,60411,18685,2,,
39775,58884,60411,18685,0,,
39791,58898,60433,18690,2,,
39792,58897,60433,18690,0,,
39793,58898,60432,18690,6,,
39794,58897,60432,18690,8,,
39795,58898,60430,18690,2,,
39796,58897,60430,18690,0,,
39797,58898,60431,18690,0,,
39798,58897,60431,18690,7,,
39858,58950,60486,18708,2,,
39859,58951,60486,18708,0,,
39860,58950,60487,18708,7,,
39861,58951,60487,18708,0,,
39862,58950,60488,18708,4,,
39863,58951,60488,18708,10,,
39864,58950,60489,18708,2,,
39865,58951,60489,18708,0,,
39883,58984,60507,18720,7,,
39884,58985,60507,18720,7,,
39885,58984,60506,18720,7,,
39886,58985,60506,18720,0,,
39887,58984,60505,18720,0,,
39888,58985,60505,18720,2,,
39889,58984,60508,18720,2,,
39890,58985,60508,18720,0,,
39985,59062,60588,18746,2,,
39986,59063,60588,18746,0,,
39987,59062,60585,18746,2,,
39988,59063,60585,18746,0,,
39989,59062,60587,18746,2,,
39990,59063,60587,18746,12,,
39991,59062,60586,18746,7,,
39992,59063,60586,18746,0,,
39999,59071,60611,18750,2,,
40000,59072,60611,18750,0,,
40001,59071,60610,18750,1,,
40002,59072,60610,18750,13,,
40003,59071,60609,18750,7,,
40004,59072,60609,18750,0,,
40005,59071,60608,18750,2,,
40006,59072,60608,18750,0,,
40007,59074,60615,18751,2,,
40008,59073,60615,18751,0,,
40009,59074,60614,18751,1,,
40010,59073,60614,18751,13,,
40011,59074,60613,18751,7,,
40012,59073,60613,18751,0,,
40013,59074,60612,18751,2,,
40014,59073,60612,18751,0,,
40019,59081,60623,18754,2,,
40020,59080,60623,18754,0,,
40021,59081,60622,18754,2,,
40022,59080,60622,18754,12,,
40023,59081,60621,18754,7,,
40024,59080,60621,18754,0,,
40025,59081,60620,18754,2,,
40026,59080,60620,18754,0,,
40027,59083,60626,18755,3,,
40028,59082,60626,18755,11,,
40029,59083,60627,18755,2,,
40030,59082,60627,18755,0,,
40031,59083,60624,18755,2,,
40032,59082,60624,18755,0,,
40033,59083,60625,18755,7,,
40034,59082,60625,18755,0,,
40035,59085,60630,18756,5,,
40036,59084,60630,18756,9,,
40037,59085,60631,18756,2,,
40038,59084,60631,18756,0,,
40039,59085,60628,18756,2,,
40040,59084,60628,18756,0,,
40041,59085,60629,18756,0,,
40042,59084,60629,18756,7,,
40046,59090,60635,18758,2,,
40047,59089,60635,18758,0,,
40048,59090,60638,18758,0,,
40049,59089,60638,18758,2,,
40050,59090,60636,18758,0,,
40051,59089,60636,18758,7,,
40052,59090,60637,18758,0,,
40053,59089,60637,18758,14,,
40127,59163,60718,18782,2,,
40128,59162,60718,18782,0,,
40129,59163,60716,18782,7,,
40130,59162,60716,18782,0,,
40131,59163,60717,18782,1,,
40132,59162,60717,18782,13,,
40133,59163,60715,18782,2,,
40134,59162,60715,18782,0,,
40151,59191,60742,18792,0,,
40152,59192,60742,18792,2,,
40153,59191,60743,18792,7,,
40154,59192,60743,18792,0,,
40155,59191,60744,18792,5,,
40156,59192,60744,18792,9,,
40157,59191,60745,18792,2,,
40158,59192,60745,18792,0,,
40190,59239,60778,18805,7,,
40191,59240,60778,18805,0,,
40192,59239,60779,18805,2,,
40193,59240,60779,18805,12,,
40194,59239,60777,18805,2,,
40195,59240,60777,18805,0,,
40196,59239,60780,18805,2,,
40197,59240,60780,18805,0,,
40204,59248,60787,18808,0,,
40205,59247,60787,18808,2,,
40206,59248,60786,18808,3,,
40207,59247,60786,18808,11,,
40208,59248,60785,18808,7,,
40209,59247,60785,18808,0,,
40210,59248,60784,18808,2,,
40211,59247,60784,18808,0,,
40231,59265,60812,18814,2,,
40232,59266,60812,18814,0,,
40233,59265,60809,18814,2,,
40234,59266,60809,18814,0,,
40235,59265,60811,18814,1,,
40236,59266,60811,18814,13,,
40237,59265,60810,18814,7,,
40238,59266,60810,18814,0,,
40302,59348,60888,18839,7,,
40303,59349,60888,18839,0,,
40304,59348,60889,18839,1,,
40305,59349,60889,18839,13,,
40306,59348,60890,18839,2,,
40307,59349,60890,18839,0,,
40308,59348,60887,18839,2,,
40309,59349,60887,18839,0,,
40310,59350,60891,18840,2,,
40311,59351,60891,18840,0,,
40312,59350,60892,18840,1,,
40313,59351,60892,18840,6,,
40314,59350,60893,18840,14,,
40315,59351,60893,18840,0,,
40316,59350,60894,18840,2,,
40317,59351,60894,18840,0,,
40321,59365,60907,18845,1,,
40322,59364,60907,18845,13,,
40323,59365,60906,18845,7,,
40324,59364,60906,18845,0,,
40325,59365,60905,18845,2,,
40326,59364,60905,18845,0,,
40327,59365,60908,18845,2,,
40328,59364,60908,18845,0,,
40336,59374,60918,18848,0,,
40337,59373,60918,18848,14,,
40338,59374,60919,18848,2,,
40339,59373,60919,18848,0,,
40340,59374,60916,18848,0,,
40341,59373,60916,18848,2,,
40342,59374,60917,18848,7,,
40343,59373,60917,18848,0,,
40391,59428,60971,18867,2,,
40392,59427,60971,18867,0,,
40393,59428,60972,18867,7,,
40394,59427,60972,18867,0,,
40395,59428,60973,18867,2,,
40396,59427,60973,18867,12,,
40397,59428,60974,18867,2,,
40398,59427,60974,18867,0,,
40420,59448,60996,18874,0,,
40421,59447,60996,18874,2,,
40422,59448,60994,18874,0,,
40423,59447,60994,18874,7,,
40424,59448,60995,18874,9,,
40425,59447,60995,18874,5,,
40426,59448,60993,18874,2,,
40427,59447,60993,18874,0,,
40466,59502,61045,18891,7,,
40467,59503,61045,18891,0,,
40468,59502,61044,18891,0,,
40469,59503,61044,18891,2,,
40470,59502,61047,18891,2,,
40471,59503,61047,18891,0,,
40472,59502,61046,18891,7,,
40473,59503,61046,18891,7,,
40477,59512,61058,18894,2,,
40478,59511,61058,18894,0,,
40479,59512,61057,18894,0,,
40480,59511,61057,18894,14,,
40481,59512,61055,18894,2,,
40482,59511,61055,18894,0,,
40483,59512,61056,18894,6,,
40484,59511,61056,18894,1,,
40495,59519,61071,18897,2,,
40496,59518,61071,18897,0,,
40497,59519,61070,18897,4,,
40498,59518,61070,18897,10,,
40499,59519,61069,18897,0,,
40500,59518,61069,18897,7,,
40501,59519,61068,18897,2,,
40502,59518,61068,18897,0,,
40503,59521,61074,18898,4,,
40504,59520,61074,18898,10,,
40505,59521,61075,18898,2,,
40506,59520,61075,18898,0,,
40507,59521,61072,18898,2,,
40508,59520,61072,18898,0,,
40509,59521,61073,18898,0,,
40510,59520,61073,18898,7,,
40523,59542,61093,18906,7,,
40524,59543,61093,18906,0,,
40525,59542,61092,18906,0,,
40526,59543,61092,18906,2,,
40527,59542,61095,18906,2,,
40528,59543,61095,18906,0,,
40529,59542,61094,18906,4,,
40530,59543,61094,18906,10,,
40574,59589,61135,18917,0,,
40575,59588,61135,18917,2,,
40576,59589,61138,18917,2,,
40577,59588,61138,18917,0,,
40578,59589,61136,18917,0,,
40579,59588,61136,18917,7,,
40580,59589,61137,18917,8,,
40581,59588,61137,18917,6,,
40602,59604,61161,18923,1,,
40603,59605,61161,18923,0,,
40604,59604,61160,18923,0,,
40605,59605,61160,18923,2,,
40606,59604,61162,18923,1,,
40607,59605,61162,18923,0,,
40608,59604,61159,18923,0,,
40609,59605,61159,18923,1,,
40614,59606,61165,18924,14,,
40615,59607,61165,18924,0,,
40616,59606,61164,18924,0,,
40617,59607,61164,18924,7,,
40618,59606,61166,18924,0,,
40619,59607,61166,18924,2,,
40620,59606,61163,18924,0,,
40621,59607,61163,18924,2,,
40679,59673,61222,18947,2,,
40680,59672,61222,18947,0,,
40681,59673,61223,18947,7,,
40682,59672,61223,18947,0,,
40683,59673,61224,18947,2,,
40684,59672,61224,18947,12,,
40685,59673,61225,18947,2,,
40686,59672,61225,18947,0,,
40699,59688,61243,18953,0,,
40700,59689,61243,18953,2,,
40701,59688,61242,18953,8,,
40702,59689,61242,18953,6,,
40703,59688,61241,18953,0,,
40704,59689,61241,18953,7,,
40705,59688,61240,18953,2,,
40706,59689,61240,18953,0,,
40710,59708,61264,18958,0,,
40711,59707,61264,18958,2,,
40712,59708,61261,18958,0,,
40713,59707,61261,18958,2,,
40714,59708,61262,18958,1,,
40715,59707,61262,18958,6,,
40716,59708,61263,18958,14,,
40717,59707,61263,18958,0,,
40776,59770,61336,18979,0,,
40777,59769,61336,18979,7,,
40778,59770,61337,18979,14,,
40779,59769,61337,18979,0,,
40780,59770,61338,18979,2,,
40781,59769,61338,18979,0,,
40782,59770,61335,18979,2,,
40783,59769,61335,18979,0,,
40810,59814,61377,18992,0,,
40811,59813,61377,18992,7,,
40812,59814,61376,18992,2,,
40813,59813,61376,18992,0,,
40814,59814,61379,18992,0,,
40815,59813,61379,18992,2,,
40816,59814,61378,18992,10,,
40817,59813,61378,18992,4,,
40866,59874,61446,19011,0,,
40867,59873,61446,19011,2,,
40868,59874,61445,19011,5,,
40869,59873,61445,19011,9,,
40870,59874,61444,19011,7,,
40871,59873,61444,19011,0,,
40872,59874,61443,19011,2,,
40873,59873,61443,19011,0,,
40892,59899,61471,19020,0,,
40893,59900,61471,19020,2,,
40894,59899,61473,19020,14,,
40895,59900,61473,19020,0,,
40896,59899,61472,19020,3,,
40897,59900,61472,19020,4,,
40898,59899,61474,19020,2,,
40899,59900,61474,19020,0,,
40909,59912,61487,19025,7,,
40910,59913,61487,19025,0,,
40911,59912,61486,19025,0,,
40912,59913,61486,19025,2,,
40913,59912,61488,19025,5,,
40914,59913,61488,19025,9,,
40915,59912,61489,19025,2,,
40916,59913,61489,19025,0,,
40929,59936,61515,19034,2,,
40930,59937,61515,19034,0,,
40931,59936,61514,19034,4,,
40932,59937,61514,19034,10,,
40933,59936,61513,19034,7,,
40934,59937,61513,19034,0,,
40935,59936,61512,19034,0,,
40936,59937,61512,19034,2,,
40937,59938,61519,19035,2,,
40938,59939,61519,19035,0,,
40939,59938,61518,19035,4,,
40940,59939,61518,19035,10,,
40941,59938,61517,19035,7,,
40942,59939,61517,19035,0,,
40943,59938,61516,19035,0,,
40944,59939,61516,19035,2,,
40969,59967,61552,19044,0,,
40970,59968,61552,19044,2,,
40971,59967,61553,19044,0,,
40972,59968,61553,19044,7,,
40973,59967,61554,19044,12,,
40974,59968,61554,19044,2,,
40975,59967,61555,19044,0,,
40976,59968,61555,19044,2,,
40977,59970,61556,19045,2,,
40978,59969,61556,19045,0,,
40979,59970,61557,19045,7,,
40980,59969,61557,19045,0,,
40981,59970,61558,19045,2,,
40982,59969,61558,19045,12,,
40983,59970,61559,19045,2,,
40984,59969,61559,19045,0,,
40996,59987,61572,19050,13,,
40997,59986,61572,19050,1,,
40998,59987,61573,19050,0,,
40999,59986,61573,19050,2,,
41000,59987,61570,19050,2,,
41001,59986,61570,19050,0,,
41002,59987,61571,19050,0,,
41003,59986,61571,19050,7,,
41004,59989,61574,19051,2,,
41005,59988,61574,19051,0,,
41006,59989,61575,19051,0,,
41007,59988,61575,19051,7,,
41008,59989,61576,19051,14,,
41009,59988,61576,19051,0,,
41010,59989,61577,19051,2,,
41011,59988,61577,19051,0,,
41012,59991,61580,19052,2,,
41013,59990,61580,19052,12,,
41014,59991,61581,19052,2,,
41015,59990,61581,19052,0,,
41016,59991,61578,19052,2,,
41017,59990,61578,19052,0,,
41018,59991,61579,19052,7,,
41019,59990,61579,19052,0,,
41023,59996,61588,19054,0,,
41024,59995,61588,19054,2,,
41025,59996,61587,19054,8,,
41026,59995,61587,19054,6,,
41027,59996,61586,19054,7,,
41028,59995,61586,19054,0,,
41029,59996,61585,19054,0,,
41030,59995,61585,19054,2,,
41063,60046,61629,19071,7,,
41064,60045,61629,19071,7,,
41065,60046,61628,19071,0,,
41066,60045,61628,19071,7,,
41067,60046,61630,19071,0,,
41068,60045,61630,19071,2,,
41069,60046,61627,19071,2,,
41070,60045,61627,19071,0,,
41071,60048,61634,19072,0,,
41072,60047,61634,19072,2,,
41073,60048,61632,19072,0,,
41074,60047,61632,19072,7,,
41075,60048,61633,19072,8,,
41076,60047,61633,19072,6,,
41077,60048,61631,19072,2,,
41078,60047,61631,19072,0,,
41093,60059,61651,19076,0,,
41094,60060,61651,19076,2,,
41095,60059,61650,19076,8,,
41096,60060,61650,19076,6,,
41097,60059,61649,19076,7,,
41098,60060,61649,19076,0,,
41099,60059,61648,19076,2,,
41100,60060,61648,19076,0,,
41113,60080,61669,19083,2,,
41114,60079,61669,19083,0,,
41115,60080,61670,19083,7,,
41116,60079,61670,19083,0,,
41117,60080,61671,19083,6,,
41118,60079,61671,19083,8,,
41119,60080,61672,19083,0,,
41120,60079,61672,19083,2,,
41121,60081,61673,19084,5,,
41122,60082,61673,19084,0,,
41123,60083,61673,19084,0,,
41124,60081,61674,19084,0,,
41125,60082,61674,19084,0,,
41126,60083,61674,19084,1,,
41127,60081,61675,19084,0,,
41128,60082,61675,19084,0,,
41129,60083,61675,19084,3,,
41130,60081,61676,19084,3,,
41131,60082,61676,19084,4,,
41132,60083,61676,19084,1,,
41206,60211,61803,19128,0,,
41207,60212,61803,19128,7,,
41208,60211,61802,19128,0,,
41209,60212,61802,19128,2,,
41210,60211,61805,19128,1,,
41211,60212,61805,19128,1,,
41212,60211,61804,19128,14,,
41213,60212,61804,19128,0,,
41237,60279,61873,19150,2,,
41238,60278,61873,19150,0,,
41239,60279,61872,19150,11,,
41240,60278,61872,19150,3,,
41241,60279,61870,19150,0,,
41242,60278,61870,19150,2,,
41243,60279,61871,19150,0,,
41244,60278,61871,19150,7,,
41337,60426,62021,19198,0,,
41338,60425,62021,19198,2,,
41339,60426,62020,19198,10,,
41340,60425,62020,19198,4,,
41341,60426,62019,19198,7,,
41342,60425,62019,19198,0,,
41343,60426,62018,19198,0,,
41344,60425,62018,19198,1,,
41423,60558,62146,19240,0,,
41424,60557,62146,19240,2,,
41425,60558,62144,19240,7,,
41426,60557,62144,19240,0,,
41427,60558,62145,19240,4,,
41428,60557,62145,19240,10,,
41429,60558,62143,19240,2,,
41430,60557,62143,19240,0,,
41463,60630,62217,19264,0,,
41464,60631,62217,19264,0,,
41465,60629,62217,19264,1,,
41466,60630,62216,19264,0,,
41467,60631,62216,19264,1,,
41468,60629,62216,19264,0,,
41469,60630,62219,19264,0,,
41470,60631,62219,19264,5,,
41471,60629,62219,19264,0,,
41472,60630,62218,19264,0,,
41473,60631,62218,19264,4,,
41474,60629,62218,19264,0,,
41475,60630,62213,19264,0,,
41476,60631,62213,19264,0,,
41477,60629,62213,19264,2,,
41478,60630,62212,19264,2,,
41479,60631,62212,19264,7,,
41480,60629,62212,19264,1,,
41481,60630,62215,19264,0,,
41482,60631,62215,19264,0,,
41483,60629,62215,19264,1,,
41484,60630,62214,19264,0,,
41485,60631,62214,19264,1,,
41486,60629,62214,19264,0,,
41487,60638,62223,19266,1,,
41488,60636,62223,19266,3,,
41489,60637,62223,19266,0,,
41490,60638,62224,19266,1,,
41491,60636,62224,19266,0,,
41492,60637,62224,19266,0,,
41493,60638,62225,19266,0,,
41494,60636,62225,19266,0,,
41495,60637,62225,19266,1,,
41496,60638,62226,19266,0,,
41497,60636,62226,19266,0,,
41498,60637,62226,19266,1,,
41499,60638,62227,19266,0,,
41500,60636,62227,19266,0,,
41501,60637,62227,19266,5,,
41502,60638,62228,19266,0,,
41503,60636,62228,19266,0,,
41504,60637,62228,19266,1,,
41505,60638,62229,19266,0,,
41506,60636,62229,19266,0,,
41507,60637,62229,19266,2,,
41508,60638,62230,19266,0,,
41509,60636,62230,19266,0,,
41510,60637,62230,19266,1,,
41511,60639,62232,19267,0,,
41512,60641,62232,19267,1,,
41513,60640,62232,19267,0,,
41514,60643,62232,19267,0,,
41515,60642,62232,19267,0,,
41516,60639,62233,19267,0,,
41517,60641,62233,19267,0,,
41518,60640,62233,19267,0,,
41519,60643,62233,19267,1,,
41520,60642,62233,19267,0,,
41521,60639,62234,19267,0,,
41522,60641,62234,19267,0,,
41523,60640,62234,19267,0,,
41524,60643,62234,19267,0,,
41525,60642,62234,19267,4,,
41526,60639,62235,19267,0,,
41527,60641,62235,19267,0,,
41528,60640,62235,19267,2,,
41529,60643,62235,19267,0,,
41530,60642,62235,19267,0,,
41531,60639,62236,19267,0,,
41532,60641,62236,19267,0,,
41533,60640,62236,19267,0,,
41534,60643,62236,19267,0,,
41535,60642,62236,19267,1,,
41536,60639,62237,19267,1,,
41537,60641,62237,19267,0,,
41538,60640,62237,19267,0,,
41539,60643,62237,19267,0,,
41540,60642,62237,19267,0,,
41541,60639,62238,19267,0,,
41542,60641,62238,19267,0,,
41543,60640,62238,19267,0,,
41544,60643,62238,19267,0,,
41545,60642,62238,19267,1,,
41546,60639,62231,19267,1,,
41547,60641,62231,19267,3,,
41548,60640,62231,19267,0,,
41549,60643,62231,19267,0,,
41550,60642,62231,19267,1,,
41551,60645,62239,19268,3,,
41552,60644,62239,19268,1,,
41553,60645,62243,19268,2,,
41554,60644,62243,19268,0,,
41555,60645,62242,19268,0,,
41556,60644,62242,19268,5,,
41557,60645,62241,19268,1,,
41558,60644,62241,19268,0,,
41559,60645,62240,19268,0,,
41560,60644,62240,19268,1,,
41561,60645,62246,19268,0,,
41562,60644,62246,19268,1,,
41563,60645,62245,19268,0,,
41564,60644,62245,19268,1,,
41565,60645,62244,19268,1,,
41566,60644,62244,19268,0,,
41567,60648,62251,19269,2,,
41568,60647,62251,19269,0,,
41569,60646,62251,19269,0,,
41570,60648,62250,19269,0,,
41571,60647,62250,19269,4,,
41572,60646,62250,19269,0,,
41573,60648,62249,19269,1,,
41574,60647,62249,19269,0,,
41575,60646,62249,19269,0,,
41576,60648,62248,19269,0,,
41577,60647,62248,19269,0,,
41578,60646,62248,19269,1,,
41579,60648,62247,19269,0,,
41580,60647,62247,19269,0,,
41581,60646,62247,19269,1,,
41619,60701,62271,19284,0,,
41620,60700,62271,19284,0,,
41621,60699,62271,19284,1,,
41622,60698,62271,19284,0,,
41623,60701,62277,19284,0,,
41624,60700,62277,19284,0,,
41625,60699,62277,19284,1,,
41626,60698,62277,19284,0,,
41627,60701,62276,19284,1,,
41628,60700,62276,19284,0,,
41629,60699,62276,19284,0,,
41630,60698,62276,19284,0,,
41631,60701,62278,19284,0,,
41632,60700,62278,19284,0,,
41633,60699,62278,19284,0,,
41634,60698,62278,19284,1,,
41635,60701,62273,19284,0,,
41636,60700,62273,19284,1,,
41637,60699,62273,19284,0,,
41638,60698,62273,19284,0,,
41639,60701,62272,19284,0,,
41640,60700,62272,19284,0,,
41641,60699,62272,19284,1,,
41642,60698,62272,19284,0,,
41643,60701,62275,19284,0,,
41644,60700,62275,19284,1,,
41645,60699,62275,19284,0,,
41646,60698,62275,19284,0,,
41647,60701,62274,19284,0,,
41648,60700,62274,19284,1,,
41649,60699,62274,19284,0,,
41650,60698,62274,19284,0,,
41681,60782,62346,19305,2,,
41682,60781,62346,19305,0,,
41683,60782,62347,19305,7,,
41684,60781,62347,19305,0,,
41685,60782,62348,19305,2,,
41686,60781,62348,19305,12,,
41687,60782,62349,19305,2,,
41688,60781,62349,19305,0,,
41697,60799,62370,19310,0,,
41698,60801,62370,19310,0,,
41699,60800,62370,19310,1,,
41700,60803,62370,19310,0,,
41701,60802,62370,19310,0,,
41702,60799,62371,19310,0,,
41703,60801,62371,19310,0,,
41704,60800,62371,19310,0,,
41705,60803,62371,19310,1,,
41706,60802,62371,19310,0,,
41707,60799,62368,19310,1,,
41708,60801,62368,19310,0,,
41709,60800,62368,19310,0,,
41710,60803,62368,19310,0,,
41711,60802,62368,19310,0,,
41712,60799,62369,19310,0,,
41713,60801,62369,19310,0,,
41714,60800,62369,19310,0,,
41715,60803,62369,19310,0,,
41716,60802,62369,19310,1,,
41717,60799,62374,19310,0,,
41718,60801,62374,19310,0,,
41719,60800,62374,19310,0,,
41720,60803,62374,19310,0,,
41721,60802,62374,19310,2,,
41722,60799,62375,19310,0,,
41723,60801,62375,19310,0,,
41724,60800,62375,19310,0,,
41725,60803,62375,19310,0,,
41726,60802,62375,19310,1,,
41727,60799,62372,19310,1,,
41728,60801,62372,19310,3,,
41729,60800,62372,19310,0,,
41730,60803,62372,19310,0,,
41731,60802,62372,19310,0,,
41732,60799,62373,19310,0,,
41733,60801,62373,19310,0,,
41734,60800,62373,19310,4,,
41735,60803,62373,19310,0,,
41736,60802,62373,19310,1,,
41747,60837,62406,19321,2,,
41748,60836,62406,19321,0,,
41749,60837,62407,19321,0,,
41750,60836,62407,19321,7,,
41751,60837,62408,19321,8,,
41752,60836,62408,19321,6,,
41753,60837,62409,19321,0,,
41754,60836,62409,19321,2,,
41957,61180,62733,19411,2,,
41958,61181,62733,19411,0,,
41959,61180,62732,19411,1,,
41960,61181,62732,19411,13,,
41961,61180,62731,19411,7,,
41962,61181,62731,19411,0,,
41963,61180,62730,19411,2,,
41964,61181,62730,19411,0,,
41965,61186,62737,19413,0,,
41966,61187,62737,19413,20,,
41967,61186,62738,19413,10,,
41968,61187,62738,19413,10,,
41969,61186,62739,19413,20,,
41970,61187,62739,19413,0,,
41994,61209,62767,19419,0,,
41995,61208,62767,19419,1,,
41996,61209,62766,19419,4,,
41997,61208,62766,19419,0,,
41998,61209,62765,19419,0,,
41999,61208,62765,19419,1,,
42000,61209,62764,19419,0,,
42001,61208,62764,19419,1,,
42002,61209,62763,19419,2,,
42003,61208,62763,19419,0,,
42007,61222,62784,19423,0,,
42008,61223,62784,19423,0,,
42009,61220,62784,19423,1,,
42010,61221,62784,19423,0,,
42011,61222,62782,19423,2,,
42012,61223,62782,19423,0,,
42013,61220,62782,19423,0,,
42014,61221,62782,19423,0,,
42015,61222,62783,19423,2,,
42016,61223,62783,19423,2,,
42017,61220,62783,19423,0,,
42018,61221,62783,19423,0,,
42019,61222,62780,19423,1,,
42020,61223,62780,19423,0,,
42021,61220,62780,19423,0,,
42022,61221,62780,19423,0,,
42023,61222,62781,19423,0,,
42024,61223,62781,19423,0,,
42025,61220,62781,19423,0,,
42026,61221,62781,19423,1,,
42175,61417,62976,19468,0,,
42176,61416,62976,19468,2,,
42177,61417,62975,19468,0,,
42178,61416,62975,19468,1,,
42179,61417,62974,19468,0,,
42180,61416,62974,19468,1,,
42181,61417,62973,19468,3,,
42182,61416,62973,19468,1,,
42183,61417,62972,19468,1,,
42184,61416,62972,19468,0,,
42185,61422,62983,19470,2,,
42186,61421,62983,19470,0,,
42187,61422,62982,19470,1,,
42188,61421,62982,19470,13,,
42189,61422,62981,19470,7,,
42190,61421,62981,19470,0,,
42191,61422,62980,19470,2,,
42192,61421,62980,19470,0,,
42314,61651,63197,19529,1,,
42315,61650,63197,19529,1,,
42316,61649,63197,19529,2,,
42317,61648,63197,19529,0,,
42318,61651,63196,19529,0,,
42319,61650,63196,19529,0,,
42320,61649,63196,19529,0,,
42321,61648,63196,19529,1,,
42322,61651,63195,19529,1,,
42323,61650,63195,19529,0,,
42324,61649,63195,19529,0,,
42325,61648,63195,19529,0,,
42326,61651,63194,19529,0,,
42327,61650,63194,19529,0,,
42328,61649,63194,19529,0,,
42329,61648,63194,19529,1,,
42330,61651,63193,19529,0,,
42331,61650,63193,19529,5,,
42332,61649,63193,19529,0,,
42333,61648,63193,19529,0,,
42334,61651,63192,19529,2,,
42335,61650,63192,19529,0,,
42336,61649,63192,19529,0,,
42337,61648,63192,19529,0,,
42338,61651,63191,19529,0,,
42339,61650,63191,19529,0,,
42340,61649,63191,19529,0,,
42341,61648,63191,19529,1,,
42342,61651,63190,19529,0,,
42343,61650,63190,19529,0,,
42344,61649,63190,19529,0,,
42345,61648,63190,19529,1,,
42349,61665,63213,19534,0,,
42350,61666,63213,19534,1,,
42351,61665,63214,19534,2,,
42352,61666,63214,19534,0,,
42353,61665,63215,19534,1,,
42354,61666,63215,19534,0,,
42355,61665,63217,19534,1,,
42356,61666,63217,19534,0,,
42357,61665,63216,19534,0,,
42358,61666,63216,19534,4,,
42511,61905,63466,19609,0,,
42512,61904,63466,19609,0,,
42513,61907,63466,19609,0,,
42514,61906,63466,19609,5,,
42515,61908,63466,19609,0,,
42516,61905,63467,19609,1,,
42517,61904,63467,19609,2,,
42518,61907,63467,19609,0,,
42519,61906,63467,19609,0,,
42520,61908,63467,19609,1,,
42521,61905,63464,19609,1,,
42522,61904,63464,19609,0,,
42523,61907,63464,19609,0,,
42524,61906,63464,19609,0,,
42525,61908,63464,19609,0,,
42526,61905,63465,19609,1,,
42527,61904,63465,19609,0,,
42528,61907,63465,19609,0,,
42529,61906,63465,19609,0,,
42530,61908,63465,19609,0,,
42531,61905,63462,19609,0,,
42532,61904,63462,19609,0,,
42533,61907,63462,19609,0,,
42534,61906,63462,19609,1,,
42535,61908,63462,19609,0,,
42536,61905,63463,19609,1,,
42537,61904,63463,19609,0,,
42538,61907,63463,19609,0,,
42539,61906,63463,19609,0,,
42540,61908,63463,19609,0,,
42541,61905,63460,19609,0,,
42542,61904,63460,19609,0,,
42543,61907,63460,19609,1,,
42544,61906,63460,19609,0,,
42545,61908,63460,19609,0,,
42546,61905,63461,19609,0,,
42547,61904,63461,19609,0,,
42548,61907,63461,19609,0,,
42549,61906,63461,19609,2,,
42550,61908,63461,19609,0,,
42577,61963,63503,19626,0,,
42578,61964,63503,19626,2,,
42579,61963,63502,19626,6,,
42580,61964,63502,19626,8,,
42581,61963,63501,19626,7,,
42582,61964,63501,19626,0,,
42583,61963,63500,19626,2,,
42584,61964,63500,19626,0,,
42623,62024,63533,19645,0,,
42624,62023,63533,19645,0,,
42625,62022,63533,19645,0,,
42626,62021,63533,19645,5,,
42627,62024,63535,19645,0,,
42628,62023,63535,19645,0,,
42629,62022,63535,19645,1,,
42630,62021,63535,19645,0,,
42631,62024,63534,19645,0,,
42632,62023,63534,19645,0,,
42633,62022,63534,19645,1,,
42634,62021,63534,19645,0,,
42635,62024,63540,19645,0,,
42636,62023,63540,19645,0,,
42637,62022,63540,19645,0,,
42638,62021,63540,19645,1,,
42639,62024,63536,19645,0,,
42640,62023,63536,19645,0,,
42641,62022,63536,19645,1,,
42642,62021,63536,19645,1,,
42643,62024,63537,19645,4,,
42644,62023,63537,19645,0,,
42645,62022,63537,19645,0,,
42646,62021,63537,19645,0,,
42647,62024,63538,19645,0,,
42648,62023,63538,19645,0,,
42649,62022,63538,19645,0,,
42650,62021,63538,19645,1,,
42651,62024,63539,19645,0,,
42652,62023,63539,19645,1,,
42653,62022,63539,19645,0,,
42654,62021,63539,19645,0,,
42874,62266,63664,19719,2,,
42875,62265,63664,19719,0,,
42876,62266,63661,19719,0,,
42877,62265,63661,19719,2,,
42878,62266,63662,19719,7,,
42879,62265,63662,19719,0,,
42880,62266,63663,19719,4,,
42881,62265,63663,19719,10,,
42925,62315,63686,19735,10,,
42926,62314,63686,19735,4,,
42927,62315,63687,19735,2,,
42928,62314,63687,19735,0,,
42929,62315,63684,19735,0,,
42930,62314,63684,19735,2,,
42931,62315,63685,19735,0,,
42932,62314,63685,19735,7,,
42937,62326,63699,19739,2,,
42938,62325,63699,19739,0,,
42939,62326,63698,19739,1,,
42940,62325,63698,19739,13,,
42941,62326,63697,19739,7,,
42942,62325,63697,19739,0,,
42943,62326,63696,19739,2,,
42944,62325,63696,19739,0,,
42945,62330,63703,19741,2,,
42946,62331,63703,19741,0,,
42947,62330,63706,19741,2,,
42948,62331,63706,19741,0,,
42949,62330,63705,19741,0,,
42950,62331,63705,19741,14,,
42951,62330,63704,19741,5,,
42952,62331,63704,19741,2,,
42968,62350,63724,19748,2,,
42969,62351,63724,19748,0,,
42970,62350,63725,19748,0,,
42971,62351,63725,19748,7,,
42972,62350,63726,19748,13,,
42973,62351,63726,19748,1,,
42974,62350,63727,19748,0,,
42975,62351,63727,19748,2,,
42987,62391,63764,19760,2,,
42988,62390,63764,19760,0,,
42989,62391,63765,19760,0,,
42990,62390,63765,19760,7,,
42991,62391,63766,19760,14,,
42992,62390,63766,19760,0,,
42993,62391,63767,19760,2,,
42994,62390,63767,19760,0,,
42995,62398,63781,19763,2,,
42996,62397,63781,19763,0,,
42997,62398,63780,19763,3,,
42998,62397,63780,19763,11,,
42999,62398,63779,19763,7,,
43000,62397,63779,19763,0,,
43001,62398,63778,19763,2,,
43002,62397,63778,19763,0,,
43029,62429,63813,19772,7,,
43030,62430,63813,19772,0,,
43031,62429,63812,19772,2,,
43032,62430,63812,19772,0,,
43033,62429,63815,19772,2,,
43034,62430,63815,19772,0,,
43035,62429,63814,19772,1,,
43036,62430,63814,19772,13,,
43037,62432,63817,19773,0,,
43038,62431,63817,19773,1,,
43039,62432,63816,19773,8,,
43040,62431,63816,19773,2,,
43041,62432,63818,19773,0,,
43042,62431,63818,19773,2,,
43050,62440,63832,19777,5,,
43051,62441,63832,19777,9,,
43052,62440,63833,19777,0,,
43053,62441,63833,19777,2,,
43054,62440,63830,19777,0,,
43055,62441,63830,19777,2,,
43056,62440,63831,19777,7,,
43057,62441,63831,19777,0,,
43069,62484,63878,19787,2,,
43070,62483,63878,19787,0,,
43071,62484,63879,19787,1,,
43072,62483,63879,19787,0,,
43073,62484,63884,19787,0,,
43074,62483,63884,19787,2,,
43075,62484,63885,19787,2,,
43076,62483,63885,19787,0,,
43077,62484,63880,19787,0,,
43078,62483,63880,19787,4,,
43079,62484,63881,19787,1,,
43080,62483,63881,19787,0,,
43081,62484,63882,19787,1,,
43082,62483,63882,19787,0,,
43083,62484,63883,19787,0,,
43084,62483,63883,19787,1,,
43085,62514,63910,19796,2,,
43086,62515,63910,19796,0,,
43087,62514,63911,19796,7,,
43088,62515,63911,19796,0,,
43089,62514,63912,19796,2,,
43090,62515,63912,19796,12,,
43091,62514,63913,19796,2,,
43092,62515,63913,19796,0,,
43114,62544,63942,19805,0,,
43115,62543,63942,19805,2,,
43116,62544,63943,19805,0,,
43117,62543,63943,19805,7,,
43118,62544,63944,19805,12,,
43119,62543,63944,19805,2,,
43120,62544,63945,19805,2,,
43121,62543,63945,19805,0,,
43134,62582,63986,19818,0,,
43135,62583,63986,19818,4,,
43136,62582,63985,19818,0,,
43137,62583,63985,19818,1,,
43138,62582,63984,19818,2,,
43139,62583,63984,19818,0,,
43140,62582,63982,19818,1,,
43141,62583,63982,19818,0,,
43142,62582,63983,19818,1,,
43143,62583,63983,19818,0,,
43243,62768,64160,19873,0,,
43244,62769,64160,19873,0,,
43245,62767,64160,19873,0,,
43246,62766,64160,19873,1,,
43247,62765,64160,19873,0,,
43248,62768,64161,19873,0,,
43249,62769,64161,19873,2,,
43250,62767,64161,19873,2,,
43251,62766,64161,19873,0,,
43252,62765,64161,19873,0,,
43253,62768,64162,19873,2,,
43254,62769,64162,19873,0,,
43255,62767,64162,19873,0,,
43256,62766,64162,19873,0,,
43257,62765,64162,19873,0,,
43258,62768,64163,19873,0,,
43259,62769,64163,19873,3,,
43260,62767,64163,19873,0,,
43261,62766,64163,19873,2,,
43262,62765,64163,19873,0,,
43263,62768,64164,19873,1,,
43264,62769,64164,19873,0,,
43265,62767,64164,19873,0,,
43266,62766,64164,19873,0,,
43267,62765,64164,19873,0,,
43268,62768,64159,19873,0,,
43269,62769,64159,19873,0,,
43270,62767,64159,19873,0,,
43271,62766,64159,19873,0,,
43272,62765,64159,19873,1,,
43273,62768,64158,19873,0,,
43274,62769,64158,19873,0,,
43275,62767,64158,19873,0,,
43276,62766,64158,19873,0,,
43277,62765,64158,19873,1,,
43278,62768,64157,19873,0,,
43279,62769,64157,19873,0,,
43280,62767,64157,19873,0,,
43281,62766,64157,19873,0,,
43282,62765,64157,19873,1,,
43291,62800,64204,19882,0,,
43292,62801,64204,19882,2,,
43293,62800,64202,19882,0,,
43294,62801,64202,19882,7,,
43295,62800,64203,19882,12,,
43296,62801,64203,19882,2,,
43297,62800,64201,19882,0,,
43298,62801,64201,19882,2,,
43643,63221,64615,20023,2,,
43646,63222,64615,20023,5,,
43648,63221,64614,20023,2,,
43649,63222,64614,20023,0,,
43650,63221,64617,20023,2,,
43651,63222,64617,20023,0,,
43652,63221,64616,20023,14,,
43653,63222,64616,20023,0,,
43654,63225,64624,20025,2,,
43655,63226,64624,20025,0,,
43656,63225,64625,20025,3,,
43657,63226,64625,20025,4,,
43658,63225,64626,20025,14,,
43659,63226,64626,20025,0,,
43660,63225,64627,20025,2,,
43661,63226,64627,20025,0,,
43682,63273,64669,20039,0,,
43683,63272,64669,20039,2,,
43684,63273,64668,20039,8,,
43685,63272,64668,20039,6,,
43686,63273,64667,20039,0,,
43687,63272,64667,20039,7,,
43688,63273,64666,20039,2,,
43689,63272,64666,20039,0,,
43888,63585,64991,20136,2,,
43889,63584,64991,20136,0,,
43890,63585,64994,20136,2,,
43891,63584,64994,20136,0,,
43892,63585,64992,20136,7,,
43893,63584,64992,20136,0,,
43894,63585,64993,20136,1,,
43895,63584,64993,20136,13,,
43896,63587,64995,20137,2,,
43897,63586,64995,20137,0,,
43898,63587,64998,20137,0,,
43899,63586,64998,20137,2,,
43900,63587,64996,20137,7,,
43901,63586,64996,20137,0,,
43902,63587,64997,20137,11,,
43903,63586,64997,20137,3,,
43972,63788,65185,20193,2,,
43973,63787,65185,20193,0,,
43974,63788,65186,20193,0,,
43975,63787,65186,20193,7,,
43976,63788,65187,20193,5,,
43977,63787,65187,20193,9,,
43978,63788,65188,20193,2,,
43979,63787,65188,20193,0,,
44045,63933,65328,20238,0,,
44046,63932,65328,20238,0,,
44047,63931,65328,20238,1,,
44048,63933,65329,20238,0,,
44049,63932,65329,20238,1,,
44050,63931,65329,20238,0,,
44051,63933,65327,20238,1,,
44052,63932,65327,20238,0,,
44053,63931,65327,20238,0,,
44054,63933,65326,20238,1,,
44055,63932,65326,20238,0,,
44056,63931,65326,20238,0,,
44131,64120,65500,20297,0,,
44132,64119,65500,20297,2,,
44133,64120,65497,20297,2,,
44134,64119,65497,20297,0,,
44135,64120,65499,20297,9,,
44136,64119,65499,20297,5,,
44137,64120,65498,20297,0,,
44138,64119,65498,20297,7,,
44161,64160,65537,20309,1,,
44162,64161,65537,20309,0,,
44163,64160,65539,20309,1,,
44164,64161,65539,20309,0,,
44165,64160,65538,20309,0,,
44166,64161,65538,20309,1,,
44167,64160,65541,20309,0,,
44168,64161,65541,20309,4,,
44169,64160,65540,20309,2,,
44170,64161,65540,20309,0,,
44192,64192,65575,20321,1,,
44193,64193,65575,20321,3,,
44194,64192,65574,20321,0,,
44195,64193,65574,20321,1,,
44196,64192,65573,20321,2,,
44197,64193,65573,20321,0,,
44198,64192,65572,20321,1,,
44199,64193,65572,20321,0,,
44200,64192,65576,20321,0,,
44201,64193,65576,20321,1,,
44252,64273,65662,20344,2,,
44253,64274,65662,20344,12,,
44254,64273,65663,20344,2,,
44255,64274,65663,20344,0,,
44256,64273,65660,20344,2,,
44257,64274,65660,20344,0,,
44258,64273,65661,20344,7,,
44259,64274,65661,20344,0,,
44284,64335,65715,20360,7,,
44285,64334,65715,20360,0,,
44286,64335,65714,20360,2,,
44287,64334,65714,20360,0,,
44288,64335,65717,20360,2,,
44289,64334,65717,20360,0,,
44290,64335,65716,20360,2,,
44291,64334,65716,20360,12,,
44292,64340,65723,20362,1,,
44293,64341,65723,20362,6,,
44294,64342,65723,20362,7,,
44295,64340,65722,20362,7,,
44296,64341,65722,20362,0,,
44297,64342,65722,20362,0,,
44298,64340,65721,20362,0,,
44299,64341,65721,20362,2,,
44300,64342,65721,20362,0,,
44301,64340,65724,20362,2,,
44302,64341,65724,20362,0,,
44303,64342,65724,20362,0,,
44304,64344,65727,20363,5,,
44305,64345,65727,20363,6,,
44306,64343,65727,20363,3,,
44307,64344,65726,20363,0,,
44308,64345,65726,20363,0,,
44309,64343,65726,20363,7,,
44310,64344,65725,20363,2,,
44311,64345,65725,20363,0,,
44312,64343,65725,20363,0,,
44313,64344,65728,20363,2,,
44314,64345,65728,20363,0,,
44315,64343,65728,20363,0,,
44375,64454,65851,20398,0,,
44376,64455,65851,20398,1,,
44377,64456,65851,20398,0,,
44378,64454,65852,20398,1,,
44379,64455,65852,20398,1,,
44380,64456,65852,20398,0,,
44381,64454,65853,20398,0,,
44382,64455,65853,20398,1,,
44383,64456,65853,20398,0,,
44384,64454,65854,20398,1,,
44385,64455,65854,20398,0,,
44386,64456,65854,20398,0,,
44387,64454,65855,20398,0,,
44388,64455,65855,20398,1,,
44389,64456,65855,20398,3,,
44405,64492,65886,20410,0,,
44406,64490,65886,20410,0,,
44407,64491,65886,20410,1,,
44408,64492,65887,20410,0,,
44409,64490,65887,20410,1,,
44410,64491,65887,20410,0,,
44411,64492,65884,20410,0,,
44412,64490,65884,20410,0,,
44413,64491,65884,20410,1,,
44414,64492,65885,20410,0,,
44415,64490,65885,20410,0,,
44416,64491,65885,20410,1,,
44423,64503,65900,20414,2,,
44424,64502,65900,20414,0,,
44425,64503,65897,20414,2,,
44426,64502,65897,20414,0,,
44427,64503,65899,20414,0,,
44428,64502,65899,20414,14,,
44429,64503,65898,20414,0,,
44430,64502,65898,20414,7,,
44431,64505,65904,20415,1,,
44432,64504,65904,20415,1,,
44433,64505,65901,20415,2,,
44434,64504,65901,20415,0,,
44435,64505,65903,20415,0,,
44436,64504,65903,20415,14,,
44437,64505,65902,20415,0,,
44438,64504,65902,20415,7,,
44485,64624,66015,20447,0,,
44486,64623,66015,20447,0,,
44487,64622,66015,20447,1,,
44488,64624,66016,20447,2,,
44489,64623,66016,20447,0,,
44490,64622,66016,20447,0,,
44491,64624,66017,20447,0,,
44492,64623,66017,20447,1,,
44493,64622,66017,20447,0,,
44494,64624,66018,20447,0,,
44495,64623,66018,20447,3,,
44496,64622,66018,20447,1,,
44497,64624,66019,20447,1,,
44498,64623,66019,20447,0,,
44499,64622,66019,20447,0,,
44516,64753,66135,20483,0,,
44517,64752,66135,20483,0,,
44518,64754,66135,20483,1,,
44519,64753,66136,20483,0,,
44520,64752,66136,20483,2,,
44521,64754,66136,20483,0,,
44522,64753,66137,20483,0,,
44523,64752,66137,20483,0,,
44524,64754,66137,20483,1,,
44525,64753,66138,20483,1,,
44526,64752,66138,20483,0,,
44527,64754,66138,20483,0,,
44528,64753,66139,20483,3,,
44529,64752,66139,20483,0,,
44530,64754,66139,20483,1,,
44561,64830,66207,20505,2,,
44562,64829,66207,20505,0,,
44563,64830,66210,20505,2,,
44564,64829,66210,20505,0,,
44565,64830,66208,20505,0,,
44566,64829,66208,20505,7,,
44567,64830,66209,20505,7,,
44568,64829,66209,20505,7,,
44621,64928,66303,20538,7,,
44622,64929,66303,20538,0,,
44623,64928,66302,20538,2,,
44624,64929,66302,20538,0,,
44625,64928,66305,20538,2,,
44626,64929,66305,20538,0,,
44627,64928,66304,20538,2,,
44628,64929,66304,20538,12,,
44659,64979,66352,20554,3,,
44660,64978,66352,20554,1,,
44661,64979,66353,20554,0,,
44662,64978,66353,20554,1,,
44663,64979,66349,20554,1,,
44664,64978,66349,20554,0,,
44665,64979,66351,20554,0,,
44666,64978,66351,20554,2,,
44667,64979,66350,20554,0,,
44668,64978,66350,20554,1,,
44703,65088,66446,20582,0,,
44704,65087,66446,20582,7,,
44705,65088,66447,20582,8,,
44706,65087,66447,20582,6,,
44707,65088,66445,20582,2,,
44708,65087,66445,20582,0,,
44709,65088,66448,20582,2,,
44710,65087,66448,20582,0,,
44736,65156,66515,20601,12,,
44737,65157,66515,20601,2,,
44738,65156,66514,20601,0,,
44739,65157,66514,20601,7,,
44740,65156,66513,20601,0,,
44741,65157,66513,20601,2,,
44742,65156,66516,20601,2,,
44743,65157,66516,20601,0,,
44780,65205,66559,20618,7,,
44781,65204,66559,20618,0,,
44782,65205,66558,20618,2,,
44783,65204,66558,20618,0,,
44784,65205,66561,20618,2,,
44785,65204,66561,20618,0,,
44786,65205,66560,20618,2,,
44787,65204,66560,20618,12,,
44802,65228,66585,20625,1,,
44803,65227,66585,20625,0,,
44804,65228,66586,20625,1,,
44805,65227,66586,20625,0,,
44806,65228,66587,20625,1,,
44807,65227,66587,20625,4,,
44991,65628,66940,20743,0,,
44992,65627,66940,20743,14,,
44993,65628,66941,20743,0,,
44994,65627,66941,20743,2,,
44995,65628,66938,20743,1,,
44996,65627,66938,20743,1,,
44997,65628,66939,20743,7,,
44998,65627,66939,20743,0,,
44999,65629,66944,20744,0,,
45000,65630,66944,20744,14,,
45001,65629,66942,20744,1,,
45002,65630,66942,20744,1,,
45003,65629,66945,20744,2,,
45004,65630,66945,20744,0,,
45005,65629,66943,20744,7,,
45006,65630,66943,20744,0,,
45007,65632,66946,20745,0,,
45008,65631,66946,20745,2,,
45009,65632,66947,20745,2,,
45010,65631,66947,20745,5,,
45011,65632,66948,20745,14,,
45012,65631,66948,20745,0,,
45013,65632,66949,20745,2,,
45014,65631,66949,20745,0,,
45015,65634,66950,20746,0,,
45016,65633,66950,20746,2,,
45017,65634,66951,20746,1,,
45018,65633,66951,20746,6,,
45019,65634,66952,20746,14,,
45020,65633,66952,20746,0,,
45021,65634,66953,20746,2,,
45022,65633,66953,20746,0,,
45023,65636,66954,20747,2,,
45024,65635,66954,20747,0,,
45025,65636,66955,20747,7,,
45026,65635,66955,20747,0,,
45027,65636,66956,20747,1,,
45028,65635,66956,20747,13,,
45029,65636,66957,20747,2,,
45030,65635,66957,20747,0,,
45035,65652,66976,20753,0,,
45036,65653,66976,20753,0,,
45037,65650,66976,20753,0,,
45038,65651,66976,20753,7,,
45039,65649,66976,20753,0,,
45040,65652,66971,20753,0,,
45041,65653,66971,20753,3,,
45042,65650,66971,20753,0,,
45043,65651,66971,20753,0,,
45044,65649,66971,20753,0,,
45045,65652,66970,20753,0,,
45046,65653,66970,20753,1,,
45047,65650,66970,20753,0,,
45048,65651,66970,20753,0,,
45049,65649,66970,20753,0,,
45050,65652,66975,20753,0,,
45051,65653,66975,20753,0,,
45052,65650,66975,20753,0,,
45053,65651,66975,20753,0,,
45054,65649,66975,20753,7,,
45055,65652,66974,20753,7,,
45056,65653,66974,20753,0,,
45057,65650,66974,20753,0,,
45058,65651,66974,20753,0,,
45059,65649,66974,20753,0,,
45060,65652,66973,20753,0,,
45061,65653,66973,20753,2,,
45062,65650,66973,20753,0,,
45063,65651,66973,20753,0,,
45064,65649,66973,20753,0,,
45065,65652,66972,20753,0,,
45066,65653,66972,20753,2,,
45067,65650,66972,20753,7,,
45068,65651,66972,20753,0,,
45069,65649,66972,20753,0,,
45120,65810,67124,20793,1,,
45121,65811,67124,20793,0,,
45122,65812,67124,20793,0,,
45123,65810,67122,20793,2,,
45124,65811,67122,20793,0,,
45125,65812,67122,20793,0,,
45126,65810,67123,20793,1,,
45127,65811,67123,20793,0,,
45128,65812,67123,20793,0,,
45129,65810,67121,20793,2,,
45130,65811,67121,20793,6,,
45131,65812,67121,20793,6,,
45144,65827,67145,20799,1,,
45145,65828,67145,20799,0,,
45146,65827,67144,20799,0,,
45147,65828,67144,20799,1,,
45148,65827,67147,20799,1,,
45149,65828,67147,20799,0,,
45150,65827,67146,20799,1,,
45151,65828,67146,20799,0,,
45152,65827,67149,20799,0,,
45153,65828,67149,20799,1,,
45154,65827,67148,20799,1,,
45155,65828,67148,20799,0,,
45156,65827,67150,20799,0,,
45157,65828,67150,20799,1,,
45158,65827,67139,20799,1,,
45159,65828,67139,20799,0,,
45160,65827,67141,20799,1,,
45161,65828,67141,20799,0,,
45162,65827,67140,20799,0,,
45163,65828,67140,20799,1,,
45164,65827,67143,20799,0,,
45165,65828,67143,20799,1,,
45166,65827,67142,20799,1,,
45167,65828,67142,20799,0,,
45168,65829,67160,20800,1,,
45169,65830,67160,20800,0,,
45170,65829,67161,20800,0,,
45171,65830,67161,20800,1,,
45172,65829,67162,20800,0,,
45173,65830,67162,20800,1,,
45174,65829,67151,20800,1,,
45175,65830,67151,20800,0,,
45176,65829,67152,20800,0,,
45177,65830,67152,20800,1,,
45178,65829,67153,20800,1,,
45179,65830,67153,20800,0,,
45180,65829,67154,20800,1,,
45181,65830,67154,20800,0,,
45182,65829,67155,20800,0,,
45183,65830,67155,20800,1,,
45184,65829,67156,20800,0,,
45185,65830,67156,20800,1,,
45186,65829,67157,20800,1,,
45187,65830,67157,20800,0,,
45188,65829,67158,20800,1,,
45189,65830,67158,20800,0,,
45190,65829,67159,20800,1,,
45191,65830,67159,20800,0,,
45192,65831,67163,20801,0,,
45193,65832,67163,20801,2,,
45194,65831,67164,20801,7,,
45195,65832,67164,20801,0,,
45196,65831,67165,20801,14,,
45197,65832,67165,20801,0,,
45198,65831,67166,20801,2,,
45199,65832,67166,20801,0,,
45248,65932,67264,20831,0,,
45249,65933,67264,20831,2,,
45250,65932,67263,20831,5,,
45251,65933,67263,20831,9,,
45252,65932,67262,20831,7,,
45253,65933,67262,20831,0,,
45254,65932,67261,20831,2,,
45255,65933,67261,20831,0,,
45313,66044,67365,20867,0,,
45314,66043,67365,20867,7,,
45315,66044,67364,20867,2,,
45316,66043,67364,20867,0,,
45317,66044,67367,20867,0,,
45318,66043,67367,20867,2,,
45319,66044,67366,20867,5,,
45320,66043,67366,20867,9,,
45377,66200,67494,20908,2,,
45378,66197,67494,20908,0,,
45379,66199,67494,20908,0,,
45380,66198,67494,20908,0,,
45381,66200,67495,20908,0,,
45382,66197,67495,20908,2,,
45383,66199,67495,20908,0,,
45384,66198,67495,20908,0,,
45385,66200,67496,20908,2,,
45386,66197,67496,20908,0,,
45387,66199,67496,20908,0,,
45388,66198,67496,20908,2,,
45389,66200,67497,20908,0,,
45390,66197,67497,20908,0,,
45391,66199,67497,20908,2,,
45392,66198,67497,20908,0,,
45393,66200,67498,20908,0,,
45394,66197,67498,20908,1,,
45395,66199,67498,20908,1,,
45396,66198,67498,20908,0,,
45406,66237,67526,20918,0,,
45407,66236,67526,20918,2,,
45408,66237,67527,20918,7,,
45409,66236,67527,20918,0,,
45410,66237,67528,20918,3,,
45411,66236,67528,20918,11,,
45412,66237,67529,20918,2,,
45413,66236,67529,20918,0,,
45454,66290,67581,20939,0,,
45455,66289,67581,20939,7,,
45456,66290,67580,20939,2,,
45457,66289,67580,20939,0,,
45458,66290,67583,20939,0,,
45459,66289,67583,20939,2,,
45460,66290,67582,20939,10,,
45461,66289,67582,20939,4,,
45462,66291,67585,20940,7,,
45463,66292,67585,20940,0,,
45464,66291,67584,20940,0,,
45465,66292,67584,20940,2,,
45466,66291,67587,20940,2,,
45467,66292,67587,20940,0,,
45468,66291,67586,20940,5,,
45469,66292,67586,20940,9,,
45474,66298,67589,20942,7,,
45475,66297,67589,20942,0,,
45476,66298,67588,20942,2,,
45477,66297,67588,20942,0,,
45478,66298,67591,20942,2,,
45479,66297,67591,20942,0,,
45480,66298,67590,20942,2,,
45481,66297,67590,20942,12,,
45529,66366,67664,20968,0,,
45530,66367,67664,20968,2,,
45531,66366,67665,20968,0,,
45532,66367,67665,20968,7,,
45533,66366,67666,20968,14,,
45534,66367,67666,20968,0,,
45535,66366,67667,20968,2,,
45536,66367,67667,20968,0,,
45546,66384,67684,20974,0,,
45547,66383,67684,20974,2,,
45548,66384,67683,20974,4,,
45549,66383,67683,20974,10,,
45550,66384,67682,20974,7,,
45551,66383,67682,20974,0,,
45552,66384,67681,20974,2,,
45553,66383,67681,20974,0,,
45594,66422,67726,20991,0,,
45595,66423,67726,20991,2,,
45596,66422,67727,20991,7,,
45597,66423,67727,20991,0,,
45598,66422,67729,20991,2,,
45599,66423,67729,20991,0,,
45600,66422,67728,20991,2,,
45601,66423,67728,20991,12,,
45642,66468,67776,21006,0,,
45643,66469,67776,21006,1,,
45644,66468,67777,21006,1,,
45645,66469,67777,21006,0,,
45646,66468,67778,21006,1,,
45647,66469,67778,21006,0,,
45702,66529,67847,21029,0,,
45703,66530,67847,21029,2,,
45704,66529,67846,21029,11,,
45705,66530,67846,21029,3,,
45706,66529,67845,21029,0,,
45707,66530,67845,21029,7,,
45708,66529,67844,21029,2,,
45709,66530,67844,21029,0,,
45716,66537,67856,21032,1,,
45717,66538,67856,21032,13,,
45718,66537,67857,21032,0,,
45719,66538,67857,21032,2,,
45720,66537,67855,21032,7,,
45721,66538,67855,21032,0,,
45722,66537,67854,21032,0,,
45723,66538,67854,21032,2,,
45724,66539,67858,21033,1,,
45725,66540,67858,21033,0,,
45726,66539,67859,21033,0,,
45727,66540,67859,21033,1,,
45728,66539,67860,21033,1,,
45729,66540,67860,21033,0,,
45730,66539,67861,21033,1,,
45731,66540,67861,21033,0,,
45829,66678,67978,21085,2,,
45830,66679,67978,21085,0,,
45831,66678,67976,21085,7,,
45832,66679,67976,21085,0,,
45833,66678,67977,21085,6,,
45834,66679,67977,21085,8,,
45835,66678,67975,21085,0,,
45836,66679,67975,21085,2,,
45933,66818,68101,21132,0,,
45934,66817,68101,21132,7,,
45935,66818,68100,21132,2,,
45936,66817,68100,21132,0,,
45937,66818,68103,21132,2,,
45938,66817,68103,21132,0,,
45939,66818,68102,21132,5,,
45940,66817,68102,21132,9,,
45986,66875,68158,21152,9,,
45987,66876,68158,21152,5,,
45988,66875,68159,21152,0,,
45989,66876,68159,21152,2,,
45990,66875,68156,21152,0,,
45991,66876,68156,21152,2,,
45992,66875,68157,21152,7,,
45993,66876,68157,21152,0,,
46127,67014,68312,21200,2,,
46128,67015,68312,21200,0,,
46129,67014,68309,21200,2,,
46130,67015,68309,21200,0,,
46131,67014,68311,21200,2,,
46132,67015,68311,21200,12,,
46133,67014,68310,21200,7,,
46134,67015,68310,21200,0,,
46203,67105,68400,21232,2,,
46204,67104,68400,21232,0,,
46205,67105,68401,21232,7,,
46206,67104,68401,21232,0,,
46207,67105,68402,21232,5,,
46208,67104,68402,21232,9,,
46209,67105,68403,21232,2,,
46210,67104,68403,21232,0,,
46264,67171,68459,21252,0,,
46265,67170,68459,21252,7,,
46266,67171,68458,21252,2,,
46267,67170,68458,21252,0,,
46268,67171,68461,21252,2,,
46269,67170,68461,21252,0,,
46270,67171,68460,21252,5,,
46271,67170,68460,21252,9,,
46272,67173,68464,21253,5,,
46273,67172,68464,21253,9,,
46274,67173,68465,21253,0,,
46275,67172,68465,21253,2,,
46276,67173,68463,21253,7,,
46277,67172,68463,21253,0,,
46278,67173,68462,21253,2,,
46279,67172,68462,21253,0,,
46280,67177,68468,21255,2,,
46281,67176,68468,21255,0,,
46282,67177,68469,21255,7,,
46283,67176,68469,21255,0,,
46284,67177,68470,21255,5,,
46285,67176,68470,21255,9,,
46286,67177,68471,21255,0,,
46287,67176,68471,21255,2,,
46370,67275,68570,21291,1,,
46371,67276,68570,21291,0,,
46372,67275,68569,21291,335633,,
46373,67276,68569,21291,0,,
46374,67275,68568,21291,58911,,
46375,67276,68568,21291,394545,,
46429,67354,68650,21318,0,,
46430,67353,68650,21318,2,,
46431,67354,68649,21318,6,,
46432,67353,68649,21318,8,,
46433,67354,68648,21318,7,,
46434,67353,68648,21318,0,,
46435,67354,68647,21318,2,,
46436,67353,68647,21318,0,,
46523,67487,68787,21354,4,,
46524,67486,68787,21354,3,,
46525,67485,68787,21354,3,,
46526,67484,68787,21354,4,,
46527,67487,68786,21354,0,,
46528,67486,68786,21354,0,,
46529,67485,68786,21354,7,,
46530,67484,68786,21354,0,,
46531,67487,68785,21354,2,,
46532,67486,68785,21354,0,,
46533,67485,68785,21354,0,,
46534,67484,68785,21354,0,,
46535,67487,68788,21354,0,,
46536,67486,68788,21354,2,,
46537,67485,68788,21354,0,,
46538,67484,68788,21354,0,,
46539,67488,68791,21355,10,,
46540,67489,68791,21355,4,,
46541,67488,68790,21355,0,,
46542,67489,68790,21355,7,,
46543,67488,68789,21355,2,,
46544,67489,68789,21355,0,,
46545,67488,68792,21355,0,,
46546,67489,68792,21355,2,,
46603,67552,68863,21377,14,,
46604,67553,68863,21377,0,,
46605,67552,68862,21377,0,,
46606,67553,68862,21377,2,,
46607,67552,68861,21377,6,,
46608,67553,68861,21377,8,,
46609,67552,68860,21377,7,,
46610,67553,68860,21377,0,,
46611,67554,68867,21378,2,,
46612,67555,68867,21378,0,,
46613,67554,68866,21378,2,,
46614,67555,68866,21378,12,,
46615,67554,68865,21378,7,,
46616,67555,68865,21378,0,,
46617,67554,68864,21378,2,,
46618,67555,68864,21378,0,,
46622,67559,68875,21380,0,,
46623,67560,68875,21380,1,,
46624,67559,68874,21380,1,,
46625,67560,68874,21380,0,,
46626,67559,68873,21380,1,,
46627,67560,68873,21380,0,,
46628,67559,68872,21380,0,,
46629,67560,68872,21380,1,,
46630,67559,68871,21380,0,,
46631,67560,68871,21380,1,,
46641,67577,68890,21385,2,,
46642,67576,68890,21385,0,,
46643,67577,68891,21385,0,,
46644,67576,68891,21385,7,,
46645,67577,68892,21385,4,,
46646,67576,68892,21385,10,,
46647,67577,68893,21385,2,,
46648,67576,68893,21385,0,,
46666,67606,68911,21393,7,,
46667,67607,68911,21393,0,,
46668,67606,68910,21393,1,,
46669,67607,68910,21393,0,,
46670,67606,68912,21393,0,,
46671,67607,68912,21393,14,,
46672,67606,68913,21393,0,,
46673,67607,68913,21393,2,,
46781,67780,69075,21448,0,,
46782,67781,69075,21448,2,,
46783,67780,69074,21448,14,,
46784,67781,69074,21448,0,,
46785,67780,69073,21448,7,,
46786,67781,69073,21448,0,,
46787,67780,69072,21448,0,,
46788,67781,69072,21448,2,,
46921,68060,69316,21529,0,,
46922,68059,69316,21529,2,,
46923,68060,69317,21529,7,,
46924,68059,69317,21529,0,,
46925,68060,69318,21529,1,,
46926,68059,69318,21529,13,,
46927,68060,69319,21529,0,,
46928,68059,69319,21529,2,,
46945,68144,69385,21556,0,,
46946,68145,69385,21556,2,,
46947,68144,69384,21556,7,,
46948,68145,69384,21556,7,,
46949,68144,69383,21556,0,,
46950,68145,69383,21556,7,,
46951,68144,69382,21556,2,,
46952,68145,69382,21556,0,,
47021,68368,69574,21623,0,,
47022,68369,69574,21623,7,,
47023,68368,69575,21623,0,,
47024,68369,69575,21623,14,,
47025,68368,69573,21623,2,,
47026,68369,69573,21623,0,,
47027,68368,69578,21623,1,,
47028,68369,69578,21623,0,,
47029,68368,69576,21623,2,,
47030,68369,69576,21623,0,,
47031,68368,69577,21623,3,,
47032,68369,69577,21623,0,,
47033,68370,69584,21624,1,,
47034,68371,69584,21624,0,,
47035,68370,69579,21624,2,,
47036,68371,69579,21624,0,,
47037,68370,69582,21624,2,,
47038,68371,69582,21624,0,,
47039,68370,69583,21624,0,,
47040,68371,69583,21624,3,,
47041,68370,69580,21624,0,,
47042,68371,69580,21624,7,,
47043,68370,69581,21624,3,,
47044,68371,69581,21624,11,,
47045,68372,69587,21625,8,,
47046,68373,69587,21625,6,,
47047,68372,69586,21625,0,,
47048,68373,69586,21625,7,,
47049,68372,69585,21625,0,,
47050,68373,69585,21625,2,,
47051,68372,69588,21625,2,,
47052,68373,69588,21625,0,,
47053,68374,69591,21626,3,,
47054,68375,69591,21626,11,,
47055,68374,69590,21626,7,,
47056,68375,69590,21626,0,,
47057,68374,69589,21626,2,,
47058,68375,69589,21626,0,,
47059,68374,69592,21626,0,,
47060,68375,69592,21626,2,,
47064,68380,69599,21628,2,,
47065,68379,69599,21628,0,,
47066,68380,69598,21628,5,,
47067,68379,69598,21628,9,,
47068,68380,69597,21628,0,,
47069,68379,69597,21628,7,,
47070,68380,69596,21628,2,,
47071,68379,69596,21628,0,,
47072,68382,69600,21629,2,,
47073,68381,69600,21629,0,,
47074,68382,69601,21629,5,,
47075,68381,69601,21629,2,,
47076,68382,69602,21629,0,,
47077,68381,69602,21629,14,,
47078,68382,69603,21629,0,,
47079,68381,69603,21629,2,,
47086,68404,69625,21637,7,,
47087,68405,69625,21637,0,,
47088,68404,69624,21637,2,,
47089,68405,69624,21637,0,,
47090,68404,69627,21637,2,,
47091,68405,69627,21637,0,,
47092,68404,69626,21637,2,,
47093,68405,69626,21637,12,,
47105,68438,69657,21648,7,,
47106,68439,69657,21648,0,,
47107,68438,69656,21648,2,,
47108,68439,69656,21648,0,,
47109,68438,69659,21648,2,,
47110,68439,69659,21648,0,,
47111,68438,69658,21648,1,,
47112,68439,69658,21648,13,,
47417,69027,70231,21830,0,,
47418,69028,70231,21830,7,,
47419,69027,70230,21830,2,,
47420,69028,70230,21830,0,,
47421,69027,70233,21830,2,,
47422,69028,70233,21830,0,,
47423,69027,70232,21830,5,,
47424,69028,70232,21830,9,,
47667,69470,70654,21959,2,,
47668,69471,70654,21959,0,,
47669,69470,70655,21959,0,,
47670,69471,70655,21959,7,,
47671,69470,70656,21959,7,,
47672,69471,70656,21959,7,,
47673,69470,70657,21959,2,,
47674,69471,70657,21959,0,,
47675,69473,70658,21960,0,,
47676,69472,70658,21960,2,,
47677,69473,70659,21960,7,,
47678,69472,70659,21960,0,,
47679,69473,70660,21960,7,,
47680,69472,70660,21960,7,,
47681,69473,70661,21960,0,,
47682,69472,70661,21960,2,,
47683,69475,70664,21961,7,,
47684,69474,70664,21961,7,,
47685,69475,70665,21961,0,,
47686,69474,70665,21961,2,,
47687,69475,70662,21961,0,,
47688,69474,70662,21961,2,,
47689,69475,70663,21961,7,,
47690,69474,70663,21961,0,,
47691,69477,70666,21962,0,,
47692,69476,70666,21962,2,,
47693,69477,70667,21962,7,,
47694,69476,70667,21962,0,,
47695,69477,70668,21962,7,,
47696,69476,70668,21962,7,,
47697,69477,70669,21962,0,,
47698,69476,70669,21962,2,,
47699,69479,70670,21963,0,,
47700,69478,70670,21963,2,,
47701,69479,70671,21963,7,,
47702,69478,70671,21963,0,,
47703,69479,70673,21963,0,,
47704,69478,70673,21963,2,,
47705,69479,70672,21963,7,,
47706,69478,70672,21963,7,,
47868,70012,71124,22124,1,,
47869,70011,71124,22124,13,,
47870,70012,71125,22124,2,,
47871,70011,71125,22124,0,,
47872,70012,71122,22124,2,,
47873,70011,71122,22124,0,,
47874,70012,71123,22124,7,,
47875,70011,71123,22124,0,,
47878,70031,71141,22129,0,,
47879,70030,71141,22129,7,,
47880,70031,71140,22129,0,,
47881,70030,71140,22129,2,,
47882,70031,71143,22129,2,,
47883,70030,71143,22129,0,,
47884,70031,71142,22129,3,,
47885,70030,71142,22129,11,,
47886,70032,71145,22130,0,,
47887,70033,71145,22130,7,,
47888,70032,71144,22130,0,,
47889,70033,71144,22130,2,,
47890,70032,71147,22130,0,,
47891,70033,71147,22130,2,,
47892,70032,71146,22130,14,,
47893,70033,71146,22130,0,,
47912,70100,71204,22152,5,,
47913,70101,71204,22152,9,,
47914,70100,71205,22152,0,,
47915,70101,71205,22152,2,,
47916,70100,71202,22152,2,,
47917,70101,71202,22152,0,,
47918,70100,71203,22152,0,,
47919,70101,71203,22152,7,,
47945,70190,71291,22181,2,,
47946,70189,71291,22181,12,,
47947,70190,71290,22181,7,,
47948,70189,71290,22181,0,,
47949,70190,71289,22181,2,,
47950,70189,71289,22181,0,,
47951,70190,71292,22181,2,,
47952,70189,71292,22181,0,,
47988,70367,71439,22231,2,,
47989,70368,71439,22231,0,,
47990,70367,71442,22231,1,,
47991,70368,71442,22231,1,,
47992,70367,71441,22231,0,,
47993,70368,71441,22231,14,,
47994,70367,71440,22231,0,,
47995,70368,71440,22231,7,,
47996,70370,71446,22232,0,,
47997,70369,71446,22232,2,,
47998,70370,71445,22232,14,,
47999,70369,71445,22232,0,,
48000,70370,71444,22232,7,,
48001,70369,71444,22232,0,,
48002,70370,71443,22232,0,,
48003,70369,71443,22232,2,,
48119,70719,71776,22338,0,,
48120,70720,71776,22338,1,,
48121,70719,71773,22338,0,,
48122,70720,71773,22338,1,,
48123,70719,71772,22338,3,,
48124,70720,71772,22338,0,,
48125,70719,71775,22338,1,,
48126,70720,71775,22338,0,,
48127,70719,71774,22338,2,,
48128,70720,71774,22338,0,,
48129,70719,71771,22338,0,,
48130,70720,71771,22338,10,,
48131,70719,71770,22338,10,,
48132,70720,71770,22338,0,,
48369,71208,72236,22488,0,,
48370,71207,72236,22488,14,,
48371,71208,72237,22488,0,,
48372,71207,72237,22488,2,,
48373,71208,72234,22488,0,,
48374,71207,72234,22488,2,,
48375,71208,72235,22488,6,,
48376,71207,72235,22488,1,,
48537,71574,72591,22610,2,,
48538,71575,72591,22610,0,,
48539,71574,72594,22610,2,,
48540,71575,72594,22610,0,,
48541,71574,72592,22610,0,,
48542,71575,72592,22610,7,,
48543,71574,72593,22610,11,,
48544,71575,72593,22610,3,,
48582,71672,72685,22640,0,,
48583,71673,72685,22640,2,,
48584,71672,72687,22640,6,,
48585,71673,72687,22640,8,,
48586,71672,72686,22640,7,,
48587,71673,72686,22640,0,,
48588,71672,72688,22640,2,,
48589,71673,72688,22640,0,,
48590,71674,72689,22641,0,,
48591,71675,72689,22641,2,,
48592,71674,72690,22641,7,,
48593,71675,72690,22641,0,,
48594,71674,72691,22641,5,,
48595,71675,72691,22641,9,,
48596,71674,72692,22641,2,,
48597,71675,72692,22641,0,,
49057,72704,73616,22966,9,,
49058,72705,73616,22966,5,,
49059,72704,73617,22966,0,,
49060,72705,73617,22966,2,,
49061,72704,73615,22966,0,,
49062,72705,73615,22966,7,,
49063,72704,73614,22966,2,,
49064,72705,73614,22966,0,,
49065,72709,73622,22968,1,,
49066,72710,73622,22968,13,,
49067,72709,73623,22968,2,,
49068,72710,73623,22968,0,,
49069,72709,73620,22968,2,,
49070,72710,73620,22968,0,,
49071,72709,73621,22968,7,,
49072,72710,73621,22968,0,,
49125,72859,73731,23011,7,,
49126,72860,73731,23011,0,,
49127,72859,73730,23011,0,,
49128,72860,73730,23011,2,,
49129,72859,73733,23011,2,,
49130,72860,73733,23011,0,,
49131,72859,73732,23011,9,,
49132,72860,73732,23011,5,,
49198,72996,73852,23057,0,,
49199,72997,73852,23057,0,,
49200,72998,73852,23057,7,,
49201,72996,73853,23057,0,,
49202,72997,73853,23057,0,,
49203,72998,73853,23057,7,,
49204,72996,73854,23057,0,,
49205,72997,73854,23057,7,,
49206,72998,73854,23057,0,,
49207,72996,73855,23057,7,,
49208,72997,73855,23057,0,,
49209,72998,73855,23057,0,,
49210,72996,73850,23057,7,,
49211,72997,73850,23057,0,,
49212,72998,73850,23057,0,,
49213,72996,73851,23057,0,,
49214,72997,73851,23057,7,,
49215,72998,73851,23057,0,,
49337,73288,74127,23145,0,,
49338,73287,74127,23145,5,,
49339,73288,74129,23145,3,,
49340,73287,74129,23145,2,,
49341,73288,74128,23145,5,,
49342,73287,74128,23145,0,,
49355,73301,74141,23150,0,,
49356,73302,74141,23150,7,,
49357,73301,74140,23150,0,,
49358,73302,74140,23150,2,,
49359,73301,74143,23150,2,,
49360,73302,74143,23150,0,,
49361,73301,74142,23150,8,,
49362,73302,74142,23150,6,,
49408,73362,74214,23171,14,,
49409,73363,74214,23171,0,,
49410,73362,74215,23171,2,,
49411,73363,74215,23171,0,,
49412,73362,74212,23171,0,,
49413,73363,74212,23171,2,,
49414,73362,74213,23171,0,,
49415,73363,74213,23171,7,,
49683,73856,74701,23324,2,,
49684,73857,74701,23324,0,,
49685,73856,74702,23324,0,,
49686,73857,74702,23324,7,,
49687,73856,74703,23324,9,,
49688,73857,74703,23324,5,,
49689,73856,74704,23324,0,,
49690,73857,74704,23324,2,,
49985,74518,75327,23526,2,,
49986,74519,75327,23526,0,,
49987,74518,75330,23526,2,,
49988,74519,75330,23526,0,,
49989,74518,75329,23526,4,,
49990,74519,75329,23526,10,,
49991,74518,75328,23526,0,,
49992,74519,75328,23526,7,,
50132,74849,75631,23633,14,,
50133,74848,75631,23633,0,,
50134,74849,75630,23633,1,,
50135,74848,75630,23633,6,,
50136,74849,75629,23633,2,,
50137,74848,75629,23633,0,,
50138,74849,75632,23633,0,,
50139,74848,75632,23633,2,,
50140,74851,75634,23634,0,,
50141,74850,75634,23634,7,,
50142,74851,75635,23634,14,,
50143,74850,75635,23634,0,,
50144,74851,75633,23634,2,,
50145,74850,75633,23634,0,,
50146,74851,75636,23634,0,,
50147,74850,75636,23634,2,,
50148,74853,75640,23635,0,,
50149,74852,75640,23635,2,,
50150,74853,75638,23635,1,,
50151,74852,75638,23635,6,,
50152,74853,75639,23635,14,,
50153,74852,75639,23635,0,,
50154,74853,75637,23635,2,,
50155,74852,75637,23635,0,,
50156,74855,75642,23636,1,,
50157,74854,75642,23636,6,,
50158,74855,75643,23636,14,,
50159,74854,75643,23636,0,,
50160,74855,75641,23636,2,,
50161,74854,75641,23636,0,,
50162,74855,75644,23636,0,,
50163,74854,75644,23636,2,,
50278,75174,75923,23731,1,,
50279,75175,75923,23731,0,,
50280,75174,75922,23731,0,,
50281,75175,75922,23731,1,,
50282,75174,75921,23731,0,,
50283,75175,75921,23731,1,,
50284,75174,75920,23731,0,,
50285,75175,75920,23731,1,,
50286,75174,75925,23731,1,,
50287,75175,75925,23731,0,,
50288,75174,75924,23731,1,,
50289,75175,75924,23731,0,,
50290,75195,75940,23737,2,,
50291,75196,75940,23737,0,,
50292,75195,75941,23737,0,,
50293,75196,75941,23737,7,,
50294,75195,75942,23737,14,,
50295,75196,75942,23737,0,,
50296,75195,75943,23737,2,,
50297,75196,75943,23737,0,,
50336,75255,75999,23753,0,,
50337,75257,75999,23753,1,,
50338,75256,75999,23753,1,,
50339,75255,75998,23753,0,,
50340,75257,75998,23753,1,,
50341,75256,75998,23753,0,,
50342,75255,75997,23753,1,,
50343,75257,75997,23753,0,,
50344,75256,75997,23753,0,,
50345,75255,75996,23753,1,,
50346,75257,75996,23753,0,,
50347,75256,75996,23753,0,,
50439,75386,76128,23795,0,,
50440,75387,76128,23795,2,,
50441,75386,76125,23795,0,,
50442,75387,76125,23795,2,,
50443,75386,76126,23795,7,,
50444,75387,76126,23795,0,,
50445,75386,76127,23795,7,,
50446,75387,76127,23795,7,,
50583,75597,76325,23860,2,,
50584,75598,76325,23860,0,,
50585,75597,76327,23860,8,,
50586,75598,76327,23860,6,,
50587,75597,76326,23860,0,,
50588,75598,76326,23860,7,,
50589,75597,76328,23860,2,,
50590,75598,76328,23860,0,,
50634,75667,76389,23882,7,,
50635,75666,76389,23882,0,,
50636,75667,76388,23882,2,,
50637,75666,76388,23882,0,,
50638,75667,76391,23882,2,,
50639,75666,76391,23882,0,,
50640,75667,76390,23882,2,,
50641,75666,76390,23882,12,,
50662,75718,76437,23898,2,,
50663,75719,76437,23898,0,,
50664,75718,76436,23898,4,,
50665,75719,76436,23898,10,,
50666,75718,76435,23898,7,,
50667,75719,76435,23898,0,,
50668,75718,76434,23898,0,,
50669,75719,76434,23898,2,,
50686,75755,76476,23909,0,,
50687,75756,76476,23909,2,,
50688,75755,76473,23909,0,,
50689,75756,76473,23909,2,,
50690,75755,76475,23909,10,,
50691,75756,76475,23909,4,,
50692,75755,76474,23909,7,,
50693,75756,76474,23909,0,,
50726,75830,76539,23934,0,,
50727,75831,76539,23934,5,,
50728,75830,76538,23934,5,,
50729,75831,76538,23934,0,,
50730,75830,76541,23934,3,,
50731,75831,76541,23934,1,,
50732,75830,76540,23934,0,,
50733,75831,76540,23934,10,,
50734,75830,76542,23934,6,,
50735,75831,76542,23934,0,,
50930,76424,77067,24127,2,,
50931,76423,77067,24127,0,,
50932,76424,77069,24127,2,,
50933,76423,77069,24127,12,,
50934,76424,77068,24127,7,,
50935,76423,77068,24127,0,,
50936,76424,77071,24127,3,,
50937,76423,77071,24127,0,,
50938,76424,77070,24127,2,,
50939,76423,77070,24127,0,,
50940,76424,77072,24127,3,,
50941,76423,77072,24127,0,,
50942,76426,77073,24128,2,,
50943,76425,77073,24128,0,,
50944,76426,77074,24128,7,,
50945,76425,77074,24128,0,,
50946,76426,77075,24128,2,,
50947,76425,77075,24128,12,,
50948,76426,77076,24128,2,,
50949,76425,77076,24128,0,,
50950,76428,77080,24129,2,,
50951,76427,77080,24129,0,,
50952,76428,77077,24129,2,,
50953,76427,77077,24129,0,,
50954,76428,77078,24129,7,,
50955,76427,77078,24129,0,,
50956,76428,77079,24129,2,,
50957,76427,77079,24129,12,,
50971,76447,77103,24135,0,,
50972,76448,77103,24135,2,,
50973,76447,77102,24135,5,,
50974,76448,77102,24135,9,,
50975,76447,77101,24135,7,,
50976,76448,77101,24135,0,,
50977,76447,77100,24135,0,,
50978,76448,77100,24135,2,,
50991,76484,77140,24146,0,,
50992,76485,77140,24146,2,,
50993,76484,77137,24146,0,,
50994,76485,77137,24146,2,,
50995,76484,77138,24146,0,,
50996,76485,77138,24146,7,,
50997,76484,77139,24146,11,,
50998,76485,77139,24146,3,,
51057,76636,77286,24193,2,,
51058,76637,77286,24193,0,,
51059,76636,77284,24193,7,,
51060,76637,77284,24193,0,,
51061,76636,77285,24193,6,,
51062,76637,77285,24193,8,,
51063,76636,77283,24193,0,,
51064,76637,77283,24193,2,,
51117,76735,77372,24224,8,,
51118,76736,77372,24224,6,,
51119,76735,77373,24224,0,,
51120,76736,77373,24224,2,,
51121,76735,77370,24224,0,,
51122,76736,77370,24224,2,,
51123,76735,77371,24224,7,,
51124,76736,77371,24224,0,,
51125,76737,77374,24225,0,,
51126,76738,77374,24225,2,,
51127,76737,77375,24225,7,,
51128,76738,77375,24225,0,,
51129,76737,77377,24225,0,,
51130,76738,77377,24225,2,,
51131,76737,77376,24225,8,,
51132,76738,77376,24225,6,,
51175,76801,77440,24244,14,,
51176,76800,77440,24244,0,,
51177,76801,77438,24244,2,,
51178,76800,77438,24244,0,,
51179,76801,77441,24244,2,,
51180,76800,77441,24244,0,,
51181,76801,77439,24244,2,,
51182,76800,77439,24244,5,,
51458,77357,77949,24412,0,,
51459,77358,77949,24412,7,,
51460,77357,77948,24412,0,,
51461,77358,77948,24412,2,,
51462,77357,77951,24412,2,,
51463,77358,77951,24412,0,,
51464,77357,77950,24412,13,,
51465,77358,77950,24412,1,,
51520,77469,78042,24449,8,,
51521,77468,78042,24449,6,,
51522,77469,78043,24449,2,,
51523,77468,78043,24449,0,,
51524,77469,78040,24449,0,,
51525,77468,78040,24449,2,,
51526,77469,78041,24449,0,,
51527,77468,78041,24449,7,,
51853,78249,78767,24685,1,,
51854,78248,78767,24685,0,,
51855,78247,78767,24685,0,,
51856,78249,78766,24685,0,,
51857,78248,78766,24685,1,,
51858,78247,78766,24685,0,,
51859,78249,78770,24685,0,,
51860,78248,78770,24685,1,,
51861,78247,78770,24685,0,,
51862,78249,78768,24685,1,,
51863,78248,78768,24685,0,,
51864,78247,78768,24685,0,,
51865,78249,78769,24685,0,,
51866,78248,78769,24685,0,,
51867,78247,78769,24685,1,,
51913,78343,78858,24715,7,,
51914,78344,78858,24715,0,,
51915,78343,78859,24715,5,,
51916,78344,78859,24715,9,,
51917,78343,78857,24715,0,,
51918,78344,78857,24715,2,,
51919,78343,78860,24715,0,,
51920,78344,78860,24715,2,,
51942,78391,78905,24731,0,,
51943,78390,78905,24731,0,,
51944,78392,78905,24731,1,,
51945,78391,78904,24731,0,,
51946,78390,78904,24731,0,,
51947,78392,78904,24731,1,,
51948,78391,78907,24731,0,,
51949,78390,78907,24731,1,,
51950,78392,78907,24731,0,,
51951,78391,78906,24731,1,,
51952,78390,78906,24731,0,,
51953,78392,78906,24731,0,,
51954,78391,78908,24731,1,,
51955,78390,78908,24731,0,,
51956,78392,78908,24731,0,,
51957,78391,78903,24731,0,,
51958,78390,78903,24731,1,,
51959,78392,78903,24731,0,,
51973,78410,78927,24737,2,,
51974,78409,78927,24737,0,,
51975,78410,78930,24737,2,,
51976,78409,78930,24737,0,,
51977,78410,78929,24737,2,,
51978,78409,78929,24737,12,,
51979,78410,78928,24737,7,,
51980,78409,78928,24737,0,,
52001,78446,78964,24750,2,,
52002,78447,78964,24750,0,,
52003,78446,78961,24750,0,,
52004,78447,78961,24750,2,,
52005,78446,78963,24750,7,,
52006,78447,78963,24750,7,,
52007,78446,78962,24750,7,,
52008,78447,78962,24750,0,,
52009,78451,78969,24752,7,,
52010,78452,78969,24752,0,,
52011,78451,78968,24752,0,,
52012,78452,78968,24752,2,,
52013,78451,78971,24752,2,,
52014,78452,78971,24752,0,,
52015,78451,78970,24752,7,,
52016,78452,78970,24752,7,,
52029,78477,78994,24761,5,,
52030,78476,78994,24761,0,,
52031,78475,78994,24761,9,,
52032,78474,78994,24761,16,,
52033,78477,78995,24761,0,,
52034,78476,78995,24761,1,,
52035,78475,78995,24761,7,,
52036,78474,78995,24761,0,,
52037,78477,78993,24761,4,,
52038,78476,78993,24761,0,,
52039,78475,78993,24761,0,,
52040,78474,78993,24761,0,,
52041,78477,78998,24761,0,,
52042,78476,78998,24761,0,,
52043,78475,78998,24761,1,,
52044,78474,78998,24761,0,,
52045,78477,78999,24761,0,,
52046,78476,78999,24761,30,,
52047,78475,78999,24761,0,,
52048,78474,78999,24761,0,,
52049,78477,78996,24761,0,,
52050,78476,78996,24761,30,,
52051,78475,78996,24761,0,,
52052,78474,78996,24761,0,,
52053,78477,78997,24761,4,,
52054,78476,78997,24761,0,,
52055,78475,78997,24761,0,,
52056,78474,78997,24761,0,,
52057,78477,79000,24761,4,,
52058,78476,79000,24761,0,,
52059,78475,79000,24761,0,,
52060,78474,79000,24761,0,,
52127,78626,79144,24803,0,,
52128,78625,79144,24803,2,,
52129,78626,79142,24803,0,,
52130,78625,79142,24803,7,,
52131,78626,79143,24803,10,,
52132,78625,79143,24803,4,,
52133,78626,79141,24803,2,,
52134,78625,79141,24803,0,,
52138,78647,79163,24810,7,,
52139,78648,79163,24810,0,,
52140,78647,79162,24810,0,,
52141,78648,79162,24810,2,,
52142,78647,79165,24810,0,,
52143,78648,79165,24810,2,,
52144,78647,79164,24810,10,,
52145,78648,79164,24810,4,,
52146,78650,79167,24811,7,,
52147,78649,79167,24811,0,,
52148,78650,79166,24811,2,,
52149,78649,79166,24811,0,,
52150,78650,79168,24811,1,,
52151,78649,79168,24811,13,,
52152,78650,79169,24811,2,,
52153,78649,79169,24811,0,,
52166,78672,79222,24817,2,,
52167,78671,79222,24817,0,,
52168,78672,79221,24817,5,,
52169,78671,79221,24817,9,,
52170,78672,79220,24817,7,,
52171,78671,79220,24817,0,,
52172,78672,79219,24817,0,,
52173,78671,79219,24817,2,,
52234,78785,79333,24853,2,,
52235,78786,79333,24853,0,,
52236,78785,79332,24853,14,,
52237,78786,79332,24853,0,,
52238,78785,79331,24853,5,,
52239,78786,79331,24853,2,,
52240,78785,79330,24853,0,,
52241,78786,79330,24853,2,,
52242,78653,79200,24812,1,,
52243,78652,79200,24812,0,,
52244,78651,79200,24812,0,,
52245,78653,79201,24812,7,,
52246,78652,79201,24812,0,,
52247,78651,79201,24812,0,,
52248,78653,79180,24812,0,,
52249,78652,79180,24812,0,,
52250,78651,79180,24812,2,,
52251,78653,79181,24812,0,,
52252,78652,79181,24812,2,,
52253,78651,79181,24812,0,,
52254,78653,79182,24812,7,,
52255,78652,79182,24812,0,,
52256,78651,79182,24812,0,,
52257,78653,79183,24812,0,,
52258,78652,79183,24812,1,,
52259,78651,79183,24812,0,,
52260,78653,79176,24812,0,,
52261,78652,79176,24812,2,,
52262,78651,79176,24812,0,,
52263,78653,79177,24812,0,,
52264,78652,79177,24812,2,,
52265,78651,79177,24812,0,,
52266,78653,79178,24812,1,,
52267,78652,79178,24812,0,,
52268,78651,79178,24812,0,,
52269,78653,79179,24812,0,,
52270,78652,79179,24812,0,,
52271,78651,79179,24812,2,,
52272,78653,79172,24812,14,,
52273,78652,79172,24812,0,,
52274,78651,79172,24812,0,,
52275,78653,79173,24812,0,,
52276,78652,79173,24812,7,,
52277,78651,79173,24812,0,,
52278,78653,79174,24812,7,,
52279,78652,79174,24812,0,,
52280,78651,79174,24812,0,,
52281,78653,79175,24812,0,,
52282,78652,79175,24812,1,,
52283,78651,79175,24812,0,,
52284,78653,79170,24812,0,,
52285,78652,79170,24812,0,,
52286,78651,79170,24812,7,,
52287,78653,79171,24812,21,,
52288,78652,79171,24812,0,,
52289,78651,79171,24812,0,,
52290,78653,79197,24812,0,,
52291,78652,79197,24812,1,,
52292,78651,79197,24812,0,,
52293,78653,79196,24812,1,,
52294,78652,79196,24812,0,,
52295,78651,79196,24812,0,,
52296,78653,79199,24812,1,,
52297,78652,79199,24812,0,,
52298,78651,79199,24812,0,,
52299,78653,79198,24812,1,,
52300,78652,79198,24812,0,,
52301,78651,79198,24812,0,,
52302,78653,79193,24812,0,,
52303,78652,79193,24812,1,,
52304,78651,79193,24812,0,,
52305,78653,79192,24812,1,,
52306,78652,79192,24812,0,,
52307,78651,79192,24812,0,,
52308,78653,79195,24812,1,,
52309,78652,79195,24812,0,,
52310,78651,79195,24812,0,,
52311,78653,79194,24812,0,,
52312,78652,79194,24812,0,,
52313,78651,79194,24812,1,,
52314,78653,79189,24812,0,,
52315,78652,79189,24812,1,,
52316,78651,79189,24812,0,,
52317,78653,79188,24812,1,,
52318,78652,79188,24812,0,,
52319,78651,79188,24812,0,,
52320,78653,79191,24812,1,,
52321,78652,79191,24812,0,,
52322,78651,79191,24812,0,,
52323,78653,79190,24812,0,,
52324,78652,79190,24812,0,,
52325,78651,79190,24812,1,,
52326,78653,79185,24812,0,,
52327,78652,79185,24812,1,,
52328,78651,79185,24812,0,,
52329,78653,79184,24812,0,,
52330,78652,79184,24812,1,,
52331,78651,79184,24812,0,,
52332,78653,79187,24812,0,,
52333,78652,79187,24812,1,,
52334,78651,79187,24812,0,,
52335,78653,79186,24812,0,,
52336,78652,79186,24812,1,,
52337,78651,79186,24812,0,,
52514,79215,79720,24988,1,,
52515,79216,79720,24988,13,,
52516,79215,79721,24988,2,,
52517,79216,79721,24988,0,,
52518,79215,79718,24988,2,,
52519,79216,79718,24988,0,,
52520,79215,79719,24988,7,,
52521,79216,79719,24988,0,,
52577,79329,79824,25024,2,,
52578,79328,79824,25024,0,,
52579,79329,79825,25024,0,,
52580,79328,79825,25024,7,,
52581,79329,79826,25024,3,,
52582,79328,79826,25024,11,,
52583,79329,79827,25024,2,,
52584,79328,79827,25024,0,,
52689,79650,80120,25117,1,,
52690,79651,80120,25117,0,,
52691,79648,80120,25117,0,,
52692,79649,80120,25117,13,,
52693,79650,80121,25117,0,,
52694,79651,80121,25117,0,,
52695,79648,80121,25117,2,,
52696,79649,80121,25117,0,,
52697,79650,80118,25117,0,,
52698,79651,80118,25117,0,,
52699,79648,80118,25117,0,,
52700,79649,80118,25117,1,,
52701,79650,80119,25117,0,,
52702,79651,80119,25117,0,,
52703,79648,80119,25117,0,,
52704,79649,80119,25117,7,,
52800,79826,80283,25173,2,,
52801,79827,80283,25173,0,,
52802,79826,80284,25173,0,,
52803,79827,80284,25173,7,,
52804,79826,80285,25173,5,,
52805,79827,80285,25173,9,,
52806,79826,80286,25173,2,,
52807,79827,80286,25173,0,,
52808,79828,80287,25174,2,,
52809,79829,80287,25174,0,,
52810,79828,80290,25174,2,,
52811,79829,80290,25174,0,,
52812,79828,80289,25174,5,,
52813,79829,80289,25174,9,,
52814,79828,80288,25174,0,,
52815,79829,80288,25174,7,,
52927,80045,80499,25241,2,,
52928,80044,80499,25241,0,,
52929,80045,80501,25241,1,,
52930,80044,80501,25241,13,,
52931,80045,80500,25241,7,,
52932,80044,80500,25241,0,,
52933,80045,80502,25241,2,,
52934,80044,80502,25241,0,,
52942,80056,80516,25245,0,,
52943,80057,80516,25245,2,,
52944,80056,80515,25245,5,,
52945,80057,80515,25245,9,,
52946,80056,80514,25245,7,,
52947,80057,80514,25245,0,,
52948,80056,80513,25245,2,,
52949,80057,80513,25245,0,,
52959,80069,80530,25249,13,,
52960,80068,80530,25249,1,,
52961,80069,80531,25249,0,,
52962,80068,80531,25249,2,,
52963,80069,80528,25249,0,,
52964,80068,80528,25249,2,,
52965,80069,80529,25249,0,,
52966,80068,80529,25249,7,,
52976,80079,80540,25253,4,,
52977,80080,80540,25253,10,,
52978,80079,80541,25253,2,,
52979,80080,80541,25253,0,,
52980,80079,80538,25253,0,,
52981,80080,80538,25253,2,,
52982,80079,80539,25253,7,,
52983,80080,80539,25253,0,,
53060,80196,80652,25290,6,,
53061,80195,80652,25290,8,,
53062,80196,80653,25290,2,,
53063,80195,80653,25290,0,,
53064,80196,80650,25290,0,,
53065,80195,80650,25290,2,,
53066,80196,80651,25290,7,,
53067,80195,80651,25290,0,,
53068,80197,80657,25291,0,,
53069,80198,80657,25291,2,,
53070,80197,80656,25291,8,,
53071,80198,80656,25291,6,,
53072,80197,80654,25291,2,,
53073,80198,80654,25291,0,,
53074,80197,80655,25291,0,,
53075,80198,80655,25291,7,,
53076,80199,80661,25292,2,,
53077,80200,80661,25292,0,,
53078,80199,80660,25292,7,,
53079,80200,80660,25292,7,,
53080,80199,80659,25292,0,,
53081,80200,80659,25292,7,,
53082,80199,80658,25292,2,,
53083,80200,80658,25292,0,,
53123,80265,80723,25312,7,,
53124,80266,80723,25312,0,,
53125,80265,80722,25312,2,,
53126,80266,80722,25312,0,,
53127,80265,80725,25312,2,,
53128,80266,80725,25312,0,,
53129,80265,80724,25312,1,,
53130,80266,80724,25312,13,,
53134,80269,80729,25314,0,,
53135,80270,80729,25314,2,,
53136,80269,80731,25314,4,,
53137,80270,80731,25314,10,,
53138,80269,80730,25314,7,,
53139,80270,80730,25314,0,,
53140,80269,80732,25314,2,,
53141,80270,80732,25314,0,,
53183,80318,80783,25330,2,,
53184,80317,80783,25330,0,,
53185,80318,80784,25330,7,,
53186,80317,80784,25330,0,,
53187,80318,80785,25330,1,,
53188,80317,80785,25330,13,,
53189,80318,80786,25330,2,,
53190,80317,80786,25330,0,,
53272,80429,80898,25361,7,,
53273,80430,80898,25361,0,,
53274,80429,80899,25361,3,,
53275,80430,80899,25361,11,,
53276,80429,80897,25361,0,,
53277,80430,80897,25361,2,,
53278,80429,80900,25361,2,,
53279,80430,80900,25361,0,,
53301,80451,80932,25369,2,,
53302,80452,80932,25369,0,,
53303,80451,80933,25369,7,,
53304,80452,80933,25369,0,,
53305,80451,80934,25369,2,,
53306,80452,80934,25369,12,,
53307,80451,80935,25369,2,,
53308,80452,80935,25369,0,,
53312,80456,80939,25371,2,,
53313,80457,80939,25371,0,,
53314,80456,80940,25371,7,,
53315,80457,80940,25371,0,,
53316,80456,80941,25371,2,,
53317,80457,80941,25371,12,,
53318,80456,80942,25371,2,,
53319,80457,80942,25371,0,,
53320,80458,80943,25372,1,,
53321,80459,80943,25372,0,,
53322,80458,80945,25372,1,,
53323,80459,80945,25372,0,,
53324,80458,80944,25372,0,,
53325,80459,80944,25372,1,,
53326,80458,80947,25372,0,,
53327,80459,80947,25372,1,,
53328,80458,80946,25372,1,,
53329,80459,80946,25372,0,,
53330,80458,80948,25372,0,,
53331,80459,80948,25372,1,,
53394,80534,81017,25394,5,,
53395,80533,81017,25394,9,,
53396,80534,81016,25394,7,,
53397,80533,81016,25394,0,,
53398,80534,81018,25394,2,,
53399,80533,81018,25394,0,,
53400,80534,81015,25394,0,,
53401,80533,81015,25394,2,,
53451,80587,81072,25411,2,,
53452,80586,81072,25411,0,,
53453,80587,81069,25411,2,,
53454,80586,81069,25411,0,,
53455,80587,81071,25411,4,,
53456,80586,81071,25411,10,,
53457,80587,81070,25411,7,,
53458,80586,81070,25411,0,,
53527,80676,81160,25441,0,,
53528,80675,81160,25441,1,,
53529,80676,81161,25441,1,,
53530,80675,81161,25441,0,,
53531,80676,81162,25441,0,,
53532,80675,81162,25441,1,,
53533,80676,81163,25441,0,,
53534,80675,81163,25441,2,,
53535,80676,81164,25441,0,,
53536,80675,81164,25441,2,,
53537,80676,81165,25441,2,,
53538,80675,81165,25441,0,,
53539,80676,81166,25441,3,,
53540,80675,81166,25441,0,,
53541,80676,81167,25441,0,,
53542,80675,81167,25441,1,,
53543,80676,81169,25441,0,,
53544,80675,81169,25441,1,,
53545,80676,81168,25441,1,,
53546,80675,81168,25441,0,,
53547,80676,81171,25441,0,,
53548,80675,81171,25441,2,,
53549,80676,81170,25441,2,,
53550,80675,81170,25441,0,,
53551,80676,81172,25441,0,,
53552,80675,81172,25441,2,,
53553,80676,81158,25441,3,,
53554,80675,81158,25441,0,,
53555,80676,81159,25441,7,,
53556,80675,81159,25441,0,,
53593,80714,81215,25453,5,,
53594,80715,81215,25453,9,,
53595,80714,81214,25453,7,,
53596,80715,81214,25453,0,,
53597,80714,81213,25453,0,,
53598,80715,81213,25453,2,,
53599,80714,81216,25453,2,,
53600,80715,81216,25453,0,,
53711,80862,81366,25500,0,,
53712,80863,81366,25500,2,,
53713,80862,81367,25500,7,,
53714,80863,81367,25500,0,,
53715,80862,81368,25500,1,,
53716,80863,81368,25500,13,,
53717,80862,81369,25500,2,,
53718,80863,81369,25500,0,,
53722,80900,81422,25509,0,,
53723,80901,81422,25509,1,,
53724,80900,81423,25509,0,,
53725,80901,81423,25509,5,,
53726,80900,81420,25509,2,,
53727,80901,81420,25509,5,,
53728,80900,81421,25509,7,,
53729,80901,81421,25509,0,,
53730,80900,81419,25509,2,,
53731,80901,81419,25509,0,,
53747,80920,81444,25516,0,,
53748,80919,81444,25516,2,,
53749,80920,81441,25516,2,,
53750,80919,81441,25516,0,,
53751,80920,81442,25516,5,,
53752,80919,81442,25516,2,,
53753,80920,81443,25516,0,,
53754,80919,81443,25516,14,,
53755,80923,81448,25518,13,,
53756,80924,81448,25518,2,,
53757,80923,81447,25518,0,,
53758,80924,81447,25518,5,,
53991,81334,81844,25643,0,,
53992,81335,81844,25643,2,,
53993,81334,81842,25643,7,,
53994,81335,81842,25643,0,,
53995,81334,81843,25643,10,,
53996,81335,81843,25643,4,,
53997,81334,81841,25643,0,,
53998,81335,81841,25643,2,,
54055,81455,81959,25677,7,,
54056,81456,81959,25677,0,,
54057,81455,81958,25677,2,,
54058,81456,81958,25677,0,,
54059,81455,81961,25677,2,,
54060,81456,81961,25677,0,,
54061,81455,81960,25677,2,,
54062,81456,81960,25677,12,,
54163,81807,82277,25786,7,,
54164,81806,82277,25786,0,,
54165,81807,82276,25786,2,,
54166,81806,82276,25786,0,,
54167,81807,82279,25786,0,,
54168,81806,82279,25786,2,,
54169,81807,82278,25786,4,,
54170,81806,82278,25786,10,,
54179,81829,82300,25793,2,,
54180,81828,82300,25793,0,,
54181,81829,82301,25793,7,,
54182,81828,82301,25793,0,,
54183,81829,82302,25793,1,,
54184,81828,82302,25793,13,,
54185,81829,82303,25793,2,,
54186,81828,82303,25793,0,,
54209,81854,82332,25802,2,,
54210,81855,82332,25802,0,,
54211,81854,82331,25802,7,,
54212,81855,82331,25802,7,,
54213,81854,82330,25802,7,,
54214,81855,82330,25802,0,,
54215,81854,82329,25802,0,,
54216,81855,82329,25802,2,,
54225,81861,82340,25805,14,,
54226,81862,82340,25805,0,,
54227,81861,82341,25805,2,,
54228,81862,82341,25805,0,,
54229,81861,82338,25805,2,,
54230,81862,82338,25805,0,,
54231,81861,82339,25805,1,,
54232,81862,82339,25805,6,,
54239,81872,82351,25809,0,,
54240,81873,82351,25809,0,,
54241,81874,82351,25809,0,,
54242,81875,82351,25809,2,,
54243,81876,82351,25809,0,,
54244,81872,82353,25809,3,,
54245,81873,82353,25809,0,,
54246,81874,82353,25809,3,,
54247,81875,82353,25809,3,,
54248,81876,82353,25809,5,,
54249,81872,82352,25809,0,,
54250,81873,82352,25809,7,,
54251,81874,82352,25809,0,,
54252,81875,82352,25809,0,,
54253,81876,82352,25809,0,,
54254,81872,82354,25809,0,,
54255,81873,82354,25809,2,,
54256,81874,82354,25809,0,,
54257,81875,82354,25809,0,,
54258,81876,82354,25809,0,,
54327,81943,82433,25830,2,,
54328,81944,82433,25830,0,,
54329,81943,82432,25830,1,,
54330,81944,82432,25830,13,,
54331,81943,82431,25830,7,,
54332,81944,82431,25830,0,,
54333,81943,82430,25830,0,,
54334,81944,82430,25830,2,,
54351,81965,82452,25837,0,,
54352,81964,82452,25837,2,,
54353,81965,82453,25837,0,,
54354,81964,82453,25837,7,,
54355,81965,82454,25837,7,,
54356,81964,82454,25837,7,,
54357,81965,82455,25837,2,,
54358,81964,82455,25837,0,,
54359,81970,82458,25839,2,,
54360,81969,82458,25839,0,,
54361,81970,82459,25839,7,,
54362,81969,82459,25839,0,,
54363,81970,82460,25839,2,,
54364,81969,82460,25839,12,,
54365,81970,82461,25839,2,,
54366,81969,82461,25839,0,,
54474,82125,82595,25890,2,,
54475,82126,82595,25890,0,,
54476,82125,82598,25890,2,,
54477,82126,82598,25890,0,,
54478,82125,82596,25890,7,,
54479,82126,82596,25890,0,,
54480,82125,82597,25890,2,,
54481,82126,82597,25890,12,,
54482,82127,82602,25891,0,,
54483,82128,82602,25891,2,,
54484,82127,82600,25891,7,,
54485,82128,82600,25891,0,,
54486,82127,82601,25891,9,,
54487,82128,82601,25891,5,,
54488,82127,82599,25891,0,,
54489,82128,82599,25891,2,,
54560,82208,82691,25917,2,,
54561,82207,82691,25917,0,,
54562,82208,82694,25917,2,,
54563,82207,82694,25917,0,,
54564,82208,82693,25917,4,,
54565,82207,82693,25917,10,,
54566,82208,82692,25917,7,,
54567,82207,82692,25917,0,,
54597,82245,82710,25927,0,,
54598,82244,82710,25927,7,,
54599,82245,82711,25927,8,,
54600,82244,82711,25927,6,,
54601,82245,82709,25927,2,,
54602,82244,82709,25927,0,,
54603,82245,82712,25927,0,,
54604,82244,82712,25927,2,,
54634,82279,82742,25938,10,,
54635,82280,82742,25938,0,,
54636,82279,82743,25938,1,,
54637,82280,82743,25938,9,,
54671,82322,82789,25950,1,,
54672,82321,82789,25950,0,,
54673,82322,82788,25950,1,,
54674,82321,82788,25950,0,,
54675,82322,82791,25950,4,,
54676,82321,82791,25950,0,,
54677,82322,82790,25950,0,,
54678,82321,82790,25950,4,,
54679,82322,82785,25950,2,,
54680,82321,82785,25950,0,,
54681,82322,82784,25950,4,,
54682,82321,82784,25950,0,,
54683,82322,82787,25950,1,,
54684,82321,82787,25950,0,,
54685,82322,82786,25950,2,,
54686,82321,82786,25950,0,,
54687,82322,82797,25950,0,,
54688,82321,82797,25950,3,,
54689,82322,82796,25950,0,,
54690,82321,82796,25950,1,,
54691,82322,82799,25950,0,,
54692,82321,82799,25950,1,,
54693,82322,82798,25950,1,,
54694,82321,82798,25950,0,,
54695,82322,82793,25950,19,,
54696,82321,82793,25950,11,,
54697,82322,82792,25950,4,,
54698,82321,82792,25950,0,,
54699,82322,82795,25950,0,,
54700,82321,82795,25950,8,,
54701,82322,82794,25950,1,,
54702,82321,82794,25950,0,,
54703,82322,82804,25950,0,,
54704,82321,82804,25950,1,,
54705,82322,82805,25950,0,,
54706,82321,82805,25950,4,,
54707,82322,82800,25950,0,,
54708,82321,82800,25950,1,,
54709,82322,82801,25950,0,,
54710,82321,82801,25950,20,,
54711,82322,82802,25950,10,,
54712,82321,82802,25950,0,,
54713,82322,82803,25950,1,,
54714,82321,82803,25950,0,,
54718,82337,82819,25955,2,,
54719,82338,82819,25955,0,,
54720,82337,82822,25955,0,,
54721,82338,82822,25955,2,,
54722,82337,82820,25955,7,,
54723,82338,82820,25955,0,,
54724,82337,82821,25955,5,,
54725,82338,82821,25955,9,,
54732,82348,82831,25959,0,,
54733,82347,82831,25959,2,,
54734,82348,82834,25959,2,,
54735,82347,82834,25959,0,,
54736,82348,82833,25959,3,,
54737,82347,82833,25959,11,,
54738,82348,82832,25959,7,,
54739,82347,82832,25959,0,,
54800,82423,82894,25985,2,,
54801,82422,82894,25985,0,,
54802,82423,82892,25985,7,,
54803,82422,82892,25985,0,,
54804,82423,82893,25985,1,,
54805,82422,82893,25985,13,,
54806,82423,82891,25985,2,,
54807,82422,82891,25985,0,,
54808,82425,82895,25986,2,,
54809,82424,82895,25986,0,,
54810,82425,82898,25986,2,,
54811,82424,82898,25986,0,,
54812,82425,82897,25986,9,,
54813,82424,82897,25986,21,,
54814,82425,82896,25986,7,,
54815,82424,82896,25986,0,,
54836,82454,82925,25995,0,,
54837,82455,82925,25995,2,,
54838,82454,82926,25995,7,,
54839,82455,82926,25995,0,,
54840,82454,82927,25995,2,,
54841,82455,82927,25995,12,,
54842,82454,82928,25995,2,,
54843,82455,82928,25995,0,,
54855,82474,82941,26002,10,,
54856,82473,82941,26002,4,,
54857,82474,82940,26002,0,,
54858,82473,82940,26002,7,,
54859,82474,82942,26002,2,,
54860,82473,82942,26002,0,,
54861,82474,82939,26002,2,,
54862,82473,82939,26002,0,,
54869,82482,82952,26005,0,,
54870,82481,82952,26005,2,,
54871,82482,82949,26005,2,,
54872,82481,82949,26005,0,,
54873,82482,82951,26005,4,,
54874,82481,82951,26005,10,,
54875,82482,82950,26005,7,,
54876,82481,82950,26005,0,,
54892,82494,82968,26009,9,,
54893,82493,82968,26009,5,,
54894,82494,82969,26009,0,,
54895,82493,82969,26009,2,,
54896,82494,82966,26009,2,,
54897,82493,82966,26009,0,,
54898,82494,82967,26009,0,,
54899,82493,82967,26009,7,,
54916,82530,83006,26020,7,,
54917,82529,83006,26020,0,,
54918,82530,83007,26020,4,,
54919,82529,83007,26020,10,,
54920,82530,83005,26020,2,,
54921,82529,83005,26020,0,,
54922,82530,83008,26020,2,,
54923,82529,83008,26020,0,,
54931,82539,83017,26023,7,,
54932,82538,83017,26023,0,,
54933,82539,83016,26023,0,,
54934,82538,83016,26023,2,,
54935,82539,83019,26023,2,,
54936,82538,83019,26023,0,,
54937,82539,83018,26023,2,,
54938,82538,83018,26023,12,,
54951,82550,83032,26027,0,,
54952,82549,83032,26027,5,,
54953,82550,83033,26027,1,,
54954,82549,83033,26027,0,,
54955,82550,83034,26027,1,,
54956,82549,83034,26027,0,,
55013,82604,83092,26045,2,,
55014,82605,83092,26045,0,,
55015,82604,83089,26045,0,,
55016,82605,83089,26045,2,,
55017,82604,83091,26045,1,,
55018,82605,83091,26045,13,,
55019,82604,83090,26045,7,,
55020,82605,83090,26045,0,,
55031,82619,83106,26050,2,,
55032,82618,83106,26050,0,,
55033,82619,83104,26050,0,,
55034,82618,83104,26050,7,,
55035,82619,83105,26050,7,,
55036,82618,83105,26050,7,,
55037,82619,83103,26050,2,,
55038,82618,83103,26050,0,,
55039,82621,83110,26051,2,,
55040,82620,83110,26051,0,,
55041,82621,83108,26051,0,,
55042,82620,83108,26051,7,,
55043,82621,83109,26051,7,,
55044,82620,83109,26051,7,,
55045,82621,83107,26051,2,,
55046,82620,83107,26051,0,,
55074,82647,83136,26060,0,,
55075,82646,83136,26060,7,,
55076,82647,83137,26060,0,,
55077,82646,83137,26060,14,,
55078,82647,83138,26060,0,,
55079,82646,83138,26060,2,,
55080,82647,83135,26060,1,,
55081,82646,83135,26060,1,,
55082,82649,83139,26061,2,,
55083,82648,83139,26061,0,,
55084,82649,83140,26061,7,,
55085,82648,83140,26061,0,,
55086,82649,83141,26061,2,,
55087,82648,83141,26061,12,,
55088,82649,83142,26061,2,,
55089,82648,83142,26061,0,,
55124,82683,83185,26073,2,,
55125,82682,83185,26073,0,,
55126,82683,83184,26073,8,,
55127,82682,83184,26073,6,,
55128,82683,83182,26073,0,,
55129,82682,83182,26073,2,,
55130,82683,83183,26073,7,,
55131,82682,83183,26073,0,,
55139,82691,83195,26077,2,,
55140,82692,83195,26077,12,,
55141,82691,83194,26077,7,,
55142,82692,83194,26077,0,,
55143,82691,83193,26077,2,,
55144,82692,83193,26077,0,,
55145,82691,83196,26077,0,,
55146,82692,83196,26077,2,,
55147,82694,83199,26078,4,,
55148,82693,83199,26078,10,,
55149,82694,83198,26078,7,,
55150,82693,83198,26078,0,,
55151,82694,83197,26078,0,,
55152,82693,83197,26078,2,,
55153,82694,83200,26078,2,,
55154,82693,83200,26078,0,,
55158,82699,83204,26080,0,,
55159,82698,83204,26080,2,,
55160,82699,83203,26080,13,,
55161,82698,83203,26080,1,,
55162,82699,83202,26080,0,,
55163,82698,83202,26080,7,,
55164,82699,83201,26080,2,,
55165,82698,83201,26080,0,,
55179,82729,83231,26090,2,,
55180,82728,83231,26090,0,,
55181,82729,83233,26090,4,,
55182,82728,83233,26090,10,,
55183,82729,83232,26090,7,,
55184,82728,83232,26090,0,,
55185,82729,83234,26090,2,,
55186,82728,83234,26090,0,,
55208,82757,83252,26097,8,,
55209,82756,83252,26097,6,,
55210,82757,83253,26097,2,,
55211,82756,83253,26097,0,,
55212,82757,83250,26097,2,,
55213,82756,83250,26097,0,,
55214,82757,83251,26097,0,,
55215,82756,83251,26097,7,,
55241,82791,83282,26107,6,,
55242,82790,83282,26107,8,,
55243,82791,83283,26107,0,,
55244,82790,83283,26107,2,,
55245,82791,83280,26107,2,,
55246,82790,83280,26107,0,,
55247,82791,83281,26107,7,,
55248,82790,83281,26107,0,,
55258,82814,83301,26116,7,,
55259,82815,83301,26116,0,,
55260,82814,83300,26116,0,,
55261,82815,83300,26116,2,,
55262,82814,83303,26116,0,,
55263,82815,83303,26116,2,,
55264,82814,83302,26116,7,,
55265,82815,83302,26116,7,,
55300,82859,83348,26130,2,,
55301,82860,83348,26130,0,,
55302,82859,83347,26130,4,,
55303,82860,83347,26130,10,,
55304,82859,83346,26130,7,,
55305,82860,83346,26130,0,,
55306,82859,83345,26130,0,,
55307,82860,83345,26130,2,,
55310,82867,83357,26133,2,,
55311,82868,83357,26133,0,,
55312,82867,83356,26133,2,,
55313,82868,83356,26133,12,,
55314,82867,83355,26133,7,,
55315,82868,83355,26133,0,,
55316,82867,83354,26133,2,,
55317,82868,83354,26133,0,,
55318,82869,83360,26134,1,,
55319,82870,83360,26134,13,,
55320,82869,83361,26134,2,,
55321,82870,83361,26134,0,,
55322,82869,83359,26134,7,,
55323,82870,83359,26134,0,,
55324,82869,83358,26134,2,,
55325,82870,83358,26134,0,,
55337,82882,83376,26138,2,,
55338,82883,83376,26138,0,,
55339,82882,83373,26138,0,,
55340,82883,83373,26138,2,,
55341,82882,83374,26138,7,,
55342,82883,83374,26138,0,,
55343,82882,83375,26138,4,,
55344,82883,83375,26138,10,,
55381,82959,83453,26160,7,,
55382,82960,83453,26160,0,,
55383,82959,83452,26160,0,,
55384,82960,83452,26160,2,,
55385,82959,83455,26160,0,,
55386,82960,83455,26160,2,,
55387,82959,83454,26160,8,,
55388,82960,83454,26160,6,,
55389,82961,83457,26161,7,,
55390,82962,83457,26161,0,,
55391,82961,83456,26161,0,,
55392,82962,83456,26161,2,,
55393,82961,83459,26161,0,,
55394,82962,83459,26161,2,,
55395,82961,83458,26161,8,,
55396,82962,83458,26161,6,,
55397,82974,83471,26165,0,,
55398,82975,83471,26165,0,,
55399,82977,83471,26165,7,,
55400,82976,83471,26165,0,,
55401,82974,83470,26165,0,,
55402,82975,83470,26165,0,,
55403,82977,83470,26165,2,,
55404,82976,83470,26165,0,,
55405,82974,83472,26165,1,,
55406,82975,83472,26165,13,,
55407,82977,83472,26165,0,,
55408,82976,83472,26165,0,,
55409,82974,83473,26165,2,,
55410,82975,83473,26165,0,,
55411,82977,83473,26165,0,,
55412,82976,83473,26165,0,,
55424,82990,83485,26169,2,,
55425,82989,83485,26169,0,,
55426,82990,83486,26169,7,,
55427,82989,83486,26169,0,,
55428,82990,83487,26169,1,,
55429,82989,83487,26169,13,,
55430,82990,83488,26169,2,,
55431,82989,83488,26169,0,,
55435,83002,83499,26173,0,,
55436,83003,83499,26173,7,,
55437,83002,83498,26173,0,,
55438,83003,83498,26173,2,,
55439,83002,83501,26173,2,,
55440,83003,83501,26173,0,,
55441,83002,83500,26173,10,,
55442,83003,83500,26173,4,,
55477,83043,83544,26185,9,,
55478,83044,83544,26185,5,,
55479,83043,83545,26185,2,,
55480,83044,83545,26185,0,,
55481,83043,83542,26185,0,,
55482,83044,83542,26185,2,,
55483,83043,83543,26185,0,,
55484,83044,83543,26185,7,,
55494,83066,83567,26192,0,,
55495,83067,83567,26192,2,,
55496,83066,83570,26192,0,,
55497,83067,83570,26192,2,,
55498,83066,83568,26192,0,,
55499,83067,83568,26192,7,,
55500,83066,83569,26192,12,,
55501,83067,83569,26192,2,,
55502,83072,83580,26195,0,,
55503,83073,83580,26195,0,,
55504,83074,83580,26195,14,,
55505,83075,83580,26195,0,,
55506,83072,83578,26195,0,,
55507,83073,83578,26195,2,,
55508,83074,83578,26195,0,,
55509,83075,83578,26195,0,,
55510,83072,83579,26195,0,,
55511,83073,83579,26195,0,,
55512,83074,83579,26195,0,,
55513,83075,83579,26195,12,,
55514,83072,83576,26195,7,,
55515,83073,83576,26195,0,,
55516,83074,83576,26195,0,,
55517,83075,83576,26195,0,,
55518,83072,83577,26195,7,,
55519,83073,83577,26195,7,,
55520,83074,83577,26195,0,,
55521,83075,83577,26195,0,,
55522,83072,83575,26195,0,,
55523,83073,83575,26195,2,,
55524,83074,83575,26195,0,,
55525,83075,83575,26195,0,,
55532,83095,83596,26201,0,,
55533,83094,83596,26201,2,,
55534,83095,83597,26201,0,,
55535,83094,83597,26201,7,,
55536,83095,83598,26201,11,,
55537,83094,83598,26201,3,,
55538,83095,83599,26201,2,,
55539,83094,83599,26201,0,,
55606,83198,83699,26233,2,,
55607,83197,83699,26233,0,,
55608,83198,83698,26233,1,,
55609,83197,83698,26233,13,,
55610,83198,83697,26233,7,,
55611,83197,83697,26233,0,,
55612,83198,83696,26233,2,,
55613,83197,83696,26233,0,,
55626,83216,83720,26238,0,,
55627,83217,83720,26238,2,,
55628,83216,83719,26238,6,,
55629,83217,83719,26238,8,,
55630,83216,83718,26238,7,,
55631,83217,83718,26238,0,,
55632,83216,83717,26238,0,,
55633,83217,83717,26238,2,,
55687,83332,83821,26276,2,,
55688,83333,83821,26276,0,,
55689,83332,83820,26276,10,,
55690,83333,83820,26276,4,,
55691,83332,83819,26276,7,,
55692,83333,83819,26276,0,,
55693,83332,83818,26276,0,,
55694,83333,83818,26276,2,,
55720,83373,83863,26288,0,,
55721,83374,83863,26288,2,,
55722,83373,83862,26288,14,,
55723,83374,83862,26288,0,,
55724,83373,83861,26288,0,,
55725,83374,83861,26288,7,,
55726,83373,83860,26288,2,,
55727,83374,83860,26288,0,,
55844,83518,84011,26328,0,,
55845,83519,84011,26328,2,,
55846,83518,84010,26328,1,,
55847,83519,84010,26328,13,,
55848,83518,84009,26328,7,,
55849,83519,84009,26328,0,,
55850,83518,84008,26328,2,,
55851,83519,84008,26328,0,,
55852,83521,84015,26329,2,,
55853,83520,84015,26329,0,,
55854,83521,84014,26329,14,,
55855,83520,84014,26329,0,,
55856,83521,84013,26329,0,,
55857,83520,84013,26329,7,,
55858,83521,84012,26329,0,,
55859,83520,84012,26329,2,,
56177,83926,84397,26434,0,,
56178,83925,84397,26434,0,,
56179,83924,84397,26434,2,,
56180,83926,84398,26434,5,,
56181,83925,84398,26434,2,,
56182,83924,84398,26434,0,,
56183,83926,84399,26434,0,,
56184,83925,84399,26434,14,,
56185,83924,84399,26434,0,,
56186,83926,84400,26434,0,,
56187,83925,84400,26434,0,,
56188,83924,84400,26434,5,,
56189,83927,84404,26435,0,,
56190,83929,84404,26435,5,,
56191,83928,84404,26435,0,,
56192,83927,84401,26435,2,,
56193,83929,84401,26435,0,,
56194,83928,84401,26435,0,,
56195,83927,84403,26435,0,,
56196,83929,84403,26435,0,,
56197,83928,84403,26435,14,,
56198,83927,84402,26435,5,,
56199,83929,84402,26435,0,,
56200,83928,84402,26435,2,,
56675,84536,84993,26606,0,,
56676,84537,84993,26606,7,,
56677,84536,84992,26606,0,,
56678,84537,84992,26606,2,,
56679,84536,84995,26606,2,,
56680,84537,84995,26606,0,,
56681,84536,84994,26606,8,,
56682,84537,84994,26606,6,,
56804,84779,85230,26681,5,,
56805,84778,85230,26681,9,,
56806,84779,85231,26681,2,,
56807,84778,85231,26681,0,,
56808,84779,85228,26681,2,,
56809,84778,85228,26681,0,,
56810,84779,85229,26681,0,,
56811,84778,85229,26681,7,,
56862,84833,85288,26698,0,,
56863,84835,85288,26698,1,,
56864,84834,85288,26698,0,,
56865,84833,85285,26698,0,,
56866,84835,85285,26698,0,,
56867,84834,85285,26698,1,,
56868,84833,85287,26698,0,,
56869,84835,85287,26698,0,,
56870,84834,85287,26698,1,,
56871,84833,85286,26698,1,,
56872,84835,85286,26698,0,,
56873,84834,85286,26698,0,,
56874,84837,85292,26699,0,,
56875,84836,85292,26699,0,,
56876,84838,85292,26699,1,,
56877,84837,85289,26699,1,,
56878,84836,85289,26699,0,,
56879,84838,85289,26699,0,,
56880,84837,85291,26699,0,,
56881,84836,85291,26699,1,,
56882,84838,85291,26699,0,,
56883,84837,85290,26699,1,,
56884,84836,85290,26699,0,,
56885,84838,85290,26699,0,,
56899,84845,85308,26701,1,,
56900,84844,85308,26701,0,,
56901,84843,85308,26701,0,,
56902,84842,85308,26701,0,,
56903,84845,85309,26701,0,,
56904,84844,85309,26701,0,,
56905,84843,85309,26701,0,,
56906,84842,85309,26701,1,,
56907,84845,85310,26701,1,,
56908,84844,85310,26701,0,,
56909,84843,85310,26701,0,,
56910,84842,85310,26701,0,,
56911,84845,85311,26701,1,,
56912,84844,85311,26701,0,,
56913,84843,85311,26701,0,,
56914,84842,85311,26701,0,,
56915,84845,85304,26701,0,,
56916,84844,85304,26701,0,,
56917,84843,85304,26701,1,,
56918,84842,85304,26701,0,,
56919,84845,85305,26701,1,,
56920,84844,85305,26701,0,,
56921,84843,85305,26701,0,,
56922,84842,85305,26701,0,,
56923,84845,85306,26701,0,,
56924,84844,85306,26701,1,,
56925,84843,85306,26701,0,,
56926,84842,85306,26701,0,,
56927,84845,85307,26701,1,,
56928,84844,85307,26701,0,,
56929,84843,85307,26701,0,,
56930,84842,85307,26701,0,,
56931,84845,85300,26701,0,,
56932,84844,85300,26701,1,,
56933,84843,85300,26701,0,,
56934,84842,85300,26701,0,,
56935,84845,85301,26701,0,,
56936,84844,85301,26701,1,,
56937,84843,85301,26701,0,,
56938,84842,85301,26701,0,,
56939,84845,85302,26701,1,,
56940,84844,85302,26701,0,,
56941,84843,85302,26701,0,,
56942,84842,85302,26701,0,,
56943,84845,85303,26701,1,,
56944,84844,85303,26701,0,,
56945,84843,85303,26701,0,,
56946,84842,85303,26701,0,,
56947,84845,85296,26701,0,,
56948,84844,85296,26701,1,,
56949,84843,85296,26701,0,,
56950,84842,85296,26701,0,,
56951,84845,85297,26701,1,,
56952,84844,85297,26701,0,,
56953,84843,85297,26701,0,,
56954,84842,85297,26701,0,,
56955,84845,85298,26701,1,,
56956,84844,85298,26701,0,,
56957,84843,85298,26701,0,,
56958,84842,85298,26701,0,,
56959,84845,85299,26701,1,,
56960,84844,85299,26701,0,,
56961,84843,85299,26701,0,,
56962,84842,85299,26701,0,,
56963,84845,85312,26701,0,,
56964,84844,85312,26701,0,,
56965,84843,85312,26701,0,,
56966,84842,85312,26701,1,,
57324,85552,85941,26926,0,,
57325,85553,85941,26926,2,,
57326,85552,85943,26926,6,,
57327,85553,85943,26926,8,,
57328,85552,85942,26926,7,,
57329,85553,85942,26926,0,,
57330,85552,85944,26926,2,,
57331,85553,85944,26926,0,,
57332,85554,85945,26927,0,,
57333,85555,85945,26927,2,,
57334,85554,85947,26927,8,,
57335,85555,85947,26927,6,,
57336,85554,85946,26927,7,,
57337,85555,85946,26927,0,,
57338,85554,85948,26927,2,,
57339,85555,85948,26927,0,,
57463,85754,86145,26987,0,,
57464,85753,86145,26987,2,,
57465,85754,86143,26987,7,,
57466,85753,86143,26987,0,,
57467,85754,86144,26987,6,,
57468,85753,86144,26987,8,,
57469,85754,86142,26987,0,,
57470,85753,86142,26987,2,,
57471,85756,86148,26988,3,,
57472,85755,86148,26988,0,,
57473,85756,86147,26988,0,,
57474,85755,86147,26988,1,,
57475,85756,86146,26988,2,,
57476,85755,86146,26988,5,,
57477,85758,86153,26989,0,,
57478,85757,86153,26989,3,,
57479,85758,86152,26989,0,,
57480,85757,86152,26989,1,,
57481,85758,86155,26989,3,,
57482,85757,86155,26989,0,,
57483,85758,86154,26989,0,,
57484,85757,86154,26989,1,,
57485,85758,86149,26989,1,,
57486,85757,86149,26989,2,,
57487,85758,86151,26989,0,,
57488,85757,86151,26989,1,,
57489,85758,86150,26989,1,,
57490,85757,86150,26989,0,,
57491,85759,86157,26990,0,,
57492,85760,86157,26990,1,,
57493,85759,86156,26990,0,,
57494,85760,86156,26990,1,,
57495,85759,86159,26990,1,,
57496,85760,86159,26990,0,,
57497,85759,86158,26990,3,,
57498,85760,86158,26990,0,,
57499,85759,86160,26990,3,,
57500,85760,86160,26990,0,,
57501,85759,86161,26990,0,,
57502,85760,86161,26990,1,,
57503,85759,86162,26990,0,,
57504,85760,86162,26990,3,,
57516,85773,86191,26995,0,,
57517,85772,86191,26995,2,,
57518,85773,86190,26995,1,,
57519,85772,86190,26995,0,,
57520,85773,86189,26995,0,,
57521,85772,86189,26995,1,,
57522,85773,86188,26995,0,,
57523,85772,86188,26995,4,,
57524,85773,86187,26995,0,,
57525,85772,86187,26995,4,,
57526,85773,86186,26995,0,,
57527,85772,86186,26995,4,,
57528,85773,86185,26995,0,,
57529,85772,86185,26995,4,,
57530,85773,86184,26995,0,,
57531,85772,86184,26995,1,,
57532,85773,86183,26995,0,,
57533,85772,86183,26995,2,,
57534,85773,86182,26995,0,,
57535,85772,86182,26995,2,,
57536,85773,86181,26995,15,,
57537,85772,86181,26995,0,,
57538,85773,86180,26995,0,,
57539,85772,86180,26995,30,,
57540,85773,86179,26995,0,,
57541,85772,86179,26995,30,,
57542,85773,86178,26995,30,,
57543,85772,86178,26995,0,,
57544,85773,86177,26995,0,,
57545,85772,86177,26995,2,,
57546,85775,86206,26996,0,,
57547,85774,86206,26996,2,,
57548,85775,86204,26996,1,,
57549,85774,86204,26996,0,,
57550,85775,86205,26996,1,,
57551,85774,86205,26996,0,,
57552,85775,86202,26996,0,,
57553,85774,86202,26996,4,,
57554,85775,86203,26996,0,,
57555,85774,86203,26996,4,,
57556,85775,86200,26996,0,,
57557,85774,86200,26996,4,,
57558,85775,86201,26996,4,,
57559,85774,86201,26996,0,,
57560,85775,86198,26996,1,,
57561,85774,86198,26996,0,,
57562,85775,86199,26996,0,,
57563,85774,86199,26996,2,,
57564,85775,86196,26996,0,,
57565,85774,86196,26996,2,,
57566,85775,86197,26996,0,,
57567,85774,86197,26996,2,,
57568,85775,86194,26996,0,,
57569,85774,86194,26996,30,,
57570,85775,86195,26996,15,,
57571,85774,86195,26996,0,,
57572,85775,86192,26996,3,,
57573,85774,86192,26996,27,,
57574,85775,86193,26996,0,,
57575,85774,86193,26996,30,,
57576,85776,86217,26997,4,,
57577,85777,86217,26997,0,,
57578,85776,86216,26997,3,,
57579,85777,86216,26997,1,,
57580,85776,86207,26997,0,,
57581,85777,86207,26997,30,,
57582,85776,86219,26997,1,,
57583,85777,86219,26997,0,,
57584,85776,86218,26997,4,,
57585,85777,86218,26997,0,,
57586,85776,86221,26997,2,,
57587,85777,86221,26997,0,,
57588,85776,86220,26997,0,,
57589,85777,86220,26997,1,,
57590,85776,86209,26997,30,,
57591,85777,86209,26997,0,,
57592,85776,86208,26997,30,,
57593,85777,86208,26997,0,,
57594,85776,86211,26997,2,,
57595,85777,86211,26997,0,,
57596,85776,86210,26997,0,,
57597,85777,86210,26997,15,,
57598,85776,86213,26997,0,,
57599,85777,86213,26997,1,,
57600,85776,86212,26997,2,,
57601,85777,86212,26997,0,,
57602,85776,86215,26997,4,,
57603,85777,86215,26997,0,,
57604,85776,86214,26997,2,,
57605,85777,86214,26997,0,,
57663,85888,86310,27034,2,,
57664,85889,86310,27034,0,,
57665,85888,86311,27034,0,,
57666,85889,86311,27034,7,,
57667,85888,86312,27034,8,,
57668,85889,86312,27034,6,,
57669,85888,86313,27034,2,,
57670,85889,86313,27034,0,,
57751,86017,86436,27071,0,,
57752,86018,86436,27071,2,,
57753,86017,86433,27071,2,,
57754,86018,86433,27071,0,,
57755,86017,86435,27071,14,,
57756,86018,86435,27071,0,,
57757,86017,86434,27071,7,,
57758,86018,86434,27071,0,,
57799,86085,86495,27092,2,,
57800,86086,86495,27092,0,,
57801,86085,86497,27092,6,,
57802,86086,86497,27092,8,,
57803,86085,86496,27092,7,,
57804,86086,86496,27092,0,,
57805,86085,86498,27092,0,,
57806,86086,86498,27092,2,,
57830,86124,86538,27105,0,,
57831,86125,86538,27105,2,,
57832,86124,86539,27105,7,,
57833,86125,86539,27105,0,,
57834,86124,86540,27105,6,,
57835,86125,86540,27105,8,,
57836,86124,86541,27105,2,,
57837,86125,86541,27105,0,,
57858,86147,86562,27112,2,,
57859,86146,86562,27112,0,,
57860,86147,86560,27112,0,,
57861,86146,86560,27112,7,,
57862,86147,86561,27112,8,,
57863,86146,86561,27112,6,,
57864,86147,86559,27112,2,,
57865,86146,86559,27112,0,,
57874,86164,86578,27117,0,,
57875,86165,86578,27117,2,,
57876,86164,86577,27117,0,,
57877,86165,86577,27117,14,,
57878,86164,86576,27117,4,,
57879,86165,86576,27117,3,,
57880,86164,86575,27117,2,,
57881,86165,86575,27117,0,,
57952,86316,86714,27162,0,,
57953,86315,86714,27162,2,,
57954,86316,86715,27162,7,,
57955,86315,86715,27162,0,,
57956,86316,86716,27162,12,,
57957,86315,86716,27162,2,,
57958,86316,86717,27162,0,,
57959,86315,86717,27162,2,,
57964,86321,86725,27164,2,,
57965,86322,86725,27164,0,,
57966,86321,86724,27164,2,,
57967,86322,86724,27164,12,,
57968,86321,86723,27164,7,,
57969,86322,86723,27164,0,,
57970,86321,86722,27164,2,,
57971,86322,86722,27164,0,,
58026,86540,86923,27227,1,,
58027,86541,86923,27227,0,,
58028,86542,86923,27227,0,,
58029,86540,86922,27227,0,,
58030,86541,86922,27227,0,,
58031,86542,86922,27227,1,,
58032,86540,86921,27227,0,,
58033,86541,86921,27227,0,,
58034,86542,86921,27227,1,,
58035,86540,86927,27227,0,,
58036,86541,86927,27227,1,,
58037,86542,86927,27227,0,,
58038,86540,86926,27227,0,,
58039,86541,86926,27227,0,,
58040,86542,86926,27227,1,,
58041,86540,86925,27227,0,,
58042,86541,86925,27227,0,,
58043,86542,86925,27227,1,,
58044,86540,86924,27227,1,,
58045,86541,86924,27227,0,,
58046,86542,86924,27227,0,,
58047,86540,86930,27227,0,,
58048,86541,86930,27227,0,,
58049,86542,86930,27227,1,,
58050,86540,86928,27227,1,,
58051,86541,86928,27227,0,,
58052,86542,86928,27227,0,,
58053,86540,86929,27227,0,,
58054,86541,86929,27227,1,,
58055,86542,86929,27227,0,,
58056,86545,86938,27228,0,,
58057,86544,86938,27228,0,,
58058,86543,86938,27228,1,,
58059,86545,86939,27228,0,,
58060,86544,86939,27228,1,,
58061,86543,86939,27228,0,,
58062,86545,86936,27228,1,,
58063,86544,86936,27228,0,,
58064,86543,86936,27228,0,,
58065,86545,86937,27228,0,,
58066,86544,86937,27228,1,,
58067,86543,86937,27228,0,,
58068,86545,86940,27228,1,,
58069,86544,86940,27228,0,,
58070,86543,86940,27228,0,,
58071,86545,86931,27228,1,,
58072,86544,86931,27228,0,,
58073,86543,86931,27228,0,,
58074,86545,86934,27228,0,,
58075,86544,86934,27228,0,,
58076,86543,86934,27228,1,,
58077,86545,86935,27228,1,,
58078,86544,86935,27228,0,,
58079,86543,86935,27228,0,,
58080,86545,86932,27228,1,,
58081,86544,86932,27228,0,,
58082,86543,86932,27228,0,,
58083,86545,86933,27228,0,,
58084,86544,86933,27228,0,,
58085,86543,86933,27228,1,,
58115,86642,87028,27256,2,,
58116,86641,87028,27256,0,,
58117,86642,87025,27256,2,,
58118,86641,87025,27256,0,,
58119,86642,87026,27256,7,,
58120,86641,87026,27256,0,,
58121,86642,87027,27256,2,,
58122,86641,87027,27256,12,,
58225,86811,87189,27312,2,,
58226,86810,87189,27312,0,,
58227,86811,87190,27312,7,,
58228,86810,87190,27312,0,,
58229,86811,87191,27312,1,,
58230,86810,87191,27312,13,,
58231,86811,87192,27312,0,,
58232,86810,87192,27312,2,,
58236,86820,87204,27315,0,,
58237,86821,87204,27315,2,,
58238,86820,87203,27315,4,,
58239,86821,87203,27315,10,,
58240,86820,87202,27315,7,,
58241,86821,87202,27315,0,,
58242,86820,87201,27315,2,,
58243,86821,87201,27315,0,,
58275,86876,87248,27331,0,,
58276,86875,87248,27331,7,,
58277,86876,87249,27331,8,,
58278,86875,87249,27331,6,,
58279,86876,87250,27331,0,,
58280,86875,87250,27331,2,,
58281,86876,87247,27331,2,,
58282,86875,87247,27331,0,,
58283,86878,87251,27332,2,,
58284,86877,87251,27332,0,,
58285,86878,87252,27332,0,,
58286,86877,87252,27332,7,,
58287,86878,87253,27332,4,,
58288,86877,87253,27332,10,,
58289,86878,87254,27332,2,,
58290,86877,87254,27332,0,,
58293,86881,87257,27334,0,,
58294,86882,87257,27334,2,,
58295,86881,87258,27334,0,,
58296,86882,87258,27334,7,,
58297,86881,87259,27334,14,,
58298,86882,87259,27334,0,,
58299,86881,87260,27334,0,,
58300,86882,87260,27334,2,,
58301,86884,87264,27335,2,,
58302,86883,87264,27335,0,,
58303,86884,87261,27335,2,,
58304,86883,87261,27335,0,,
58305,86884,87262,27335,7,,
58306,86883,87262,27335,0,,
58307,86884,87263,27335,1,,
58308,86883,87263,27335,13,,
58336,86903,87294,27342,0,,
58337,86904,87294,27342,2,,
58338,86903,87295,27342,0,,
58339,86904,87295,27342,3,,
58340,86903,87292,27342,1,,
58341,86904,87292,27342,0,,
58342,86903,87293,27342,2,,
58343,86904,87293,27342,0,,
58355,86919,87304,27348,0,,
58356,86918,87304,27348,14,,
58357,86919,87305,27348,2,,
58358,86918,87305,27348,0,,
58359,86919,87302,27348,2,,
58360,86918,87302,27348,0,,
58361,86919,87303,27348,5,,
58362,86918,87303,27348,2,,
58392,86953,87340,27359,8,,
58393,86952,87340,27359,6,,
58394,86953,87341,27359,2,,
58395,86952,87341,27359,0,,
58396,86953,87338,27359,2,,
58397,86952,87338,27359,0,,
58398,86953,87339,27359,0,,
58399,86952,87339,27359,7,,
58400,86955,87342,27360,2,,
58401,86954,87342,27360,0,,
58402,86955,87343,27360,7,,
58403,86954,87343,27360,0,,
58404,86955,87345,27360,2,,
58405,86954,87345,27360,0,,
58406,86955,87344,27360,5,,
58407,86954,87344,27360,9,,
58408,86957,87349,27361,0,,
58409,86956,87349,27361,2,,
58410,86957,87348,27361,5,,
58411,86956,87348,27361,9,,
58412,86957,87347,27361,7,,
58413,86956,87347,27361,0,,
58414,86957,87346,27361,2,,
58415,86956,87346,27361,0,,
58438,86987,87374,27374,7,,
58439,86986,87374,27374,0,,
58440,86987,87375,27374,1,,
58441,86986,87375,27374,13,,
58442,86987,87373,27374,2,,
58443,86986,87373,27374,0,,
58444,86987,87376,27374,2,,
58445,86986,87376,27374,0,,
58486,87028,87428,27387,2,,
58487,87027,87428,27387,0,,
58488,87028,87427,27387,2,,
58489,87027,87427,27387,12,,
58490,87028,87426,27387,7,,
58491,87027,87426,27387,0,,
58492,87028,87425,27387,2,,
58493,87027,87425,27387,0,,
58506,87038,87444,27391,0,,
58507,87039,87444,27391,2,,
58508,87038,87442,27391,7,,
58509,87039,87442,27391,0,,
58510,87038,87443,27391,4,,
58511,87039,87443,27391,10,,
58512,87038,87441,27391,2,,
58513,87039,87441,27391,0,,
58520,87044,87454,27393,0,,
58521,87043,87454,27393,2,,
58522,87044,87452,27393,0,,
58523,87043,87452,27393,7,,
58524,87044,87453,27393,8,,
58525,87043,87453,27393,6,,
58526,87044,87451,27393,2,,
58527,87043,87451,27393,0,,
58528,87045,87457,27394,2,,
58529,87046,87457,27394,12,,
58530,87045,87456,27394,7,,
58531,87046,87456,27394,0,,
58532,87045,87458,27394,2,,
58533,87046,87458,27394,0,,
58534,87045,87455,27394,2,,
58535,87046,87455,27394,0,,
58536,87048,87461,27395,2,,
58537,87047,87461,27395,12,,
58538,87048,87460,27395,7,,
58539,87047,87460,27395,0,,
58540,87048,87462,27395,2,,
58541,87047,87462,27395,0,,
58542,87048,87459,27395,2,,
58543,87047,87459,27395,0,,
58568,87067,87489,27402,0,,
58569,87066,87489,27402,2,,
58570,87067,87488,27402,4,,
58571,87066,87488,27402,3,,
58572,87067,87487,27402,1,,
58573,87066,87487,27402,0,,
58583,87078,87499,27406,2,,
58584,87077,87499,27406,0,,
58585,87078,87502,27406,2,,
58586,87077,87502,27406,0,,
58587,87078,87501,27406,3,,
58588,87077,87501,27406,11,,
58589,87078,87500,27406,7,,
58590,87077,87500,27406,0,,
58617,87123,87544,27419,0,,
58618,87122,87544,27419,2,,
58619,87123,87545,27419,2,,
58620,87122,87545,27419,5,,
58621,87123,87546,27419,14,,
58622,87122,87546,27419,0,,
58623,87123,87547,27419,0,,
58624,87122,87547,27419,2,,
58672,87186,87615,27436,2,,
58673,87187,87615,27436,0,,
58674,87186,87614,27436,3,,
58675,87187,87614,27436,11,,
58676,87186,87613,27436,7,,
58677,87187,87613,27436,0,,
58678,87186,87612,27436,2,,
58679,87187,87612,27436,0,,
58695,87200,87631,27440,0,,
58696,87197,87631,27440,1,,
58697,87198,87631,27440,0,,
58698,87199,87631,27440,0,,
58699,87200,87632,27440,9,,
58700,87197,87632,27440,4,,
58701,87198,87632,27440,9,,
58702,87199,87632,27440,9,,
58706,87207,87637,27442,9,,
58707,87206,87637,27442,9,,
58708,87205,87637,27442,9,,
58709,87204,87637,27442,4,,
58710,87207,87636,27442,0,,
58711,87206,87636,27442,0,,
58712,87205,87636,27442,0,,
58713,87204,87636,27442,1,,
58714,87209,87641,27443,2,,
58715,87208,87641,27443,0,,
58716,87209,87640,27443,1,,
58717,87208,87640,27443,13,,
58718,87209,87639,27443,7,,
58719,87208,87639,27443,0,,
58720,87209,87638,27443,2,,
58721,87208,87638,27443,0,,
58734,87226,87660,27449,2,,
58735,87225,87660,27449,0,,
58736,87226,87658,27449,7,,
58737,87225,87658,27449,0,,
58738,87226,87659,27449,3,,
58739,87225,87659,27449,11,,
58740,87226,87657,27449,2,,
58741,87225,87657,27449,0,,
58776,87265,87697,27462,0,,
58777,87264,87697,27462,4,,
58778,87265,87698,27462,1,,
58779,87264,87698,27462,3,,
58780,87265,87699,27462,3,,
58781,87264,87699,27462,0,,
58782,87265,87700,27462,2,,
58783,87264,87700,27462,0,,
58784,87265,87701,27462,1,,
58785,87264,87701,27462,0,,
58786,87275,87708,27465,2,,
58787,87276,87708,27465,0,,
58788,87275,87709,27465,0,,
58789,87276,87709,27465,7,,
58790,87275,87710,27465,11,,
58791,87276,87710,27465,3,,
58792,87275,87711,27465,2,,
58793,87276,87711,27465,0,,
58846,87342,87765,27487,2,,
58847,87343,87765,27487,0,,
58848,87342,87766,27487,7,,
58849,87343,87766,27487,0,,
58850,87342,87767,27487,2,,
58851,87343,87767,27487,12,,
58852,87342,87768,27487,2,,
58853,87343,87768,27487,0,,
58854,87345,87772,27488,0,,
58855,87344,87772,27488,2,,
58856,87345,87769,27488,2,,
58857,87344,87769,27488,0,,
58858,87345,87770,27488,7,,
58859,87344,87770,27488,0,,
58860,87345,87771,27488,3,,
58861,87344,87771,27488,11,,
58897,87391,87799,27501,0,,
58898,87392,87799,27501,2,,
58899,87391,87802,27501,2,,
58900,87392,87802,27501,0,,
58901,87391,87800,27501,7,,
58902,87392,87800,27501,0,,
58903,87391,87801,27501,6,,
58904,87392,87801,27501,8,,
58951,87439,87848,27517,0,,
58952,87438,87848,27517,7,,
58953,87439,87849,27517,13,,
58954,87438,87849,27517,1,,
58955,87439,87850,27517,2,,
58956,87438,87850,27517,0,,
58957,87439,87847,27517,0,,
58958,87438,87847,27517,2,,
58962,87450,87865,27521,2,,
58963,87449,87865,27521,0,,
58964,87450,87864,27521,2,,
58965,87449,87864,27521,12,,
58966,87450,87863,27521,7,,
58967,87449,87863,27521,0,,
58968,87450,87862,27521,2,,
58969,87449,87862,27521,0,,
59015,87525,87937,27545,2,,
59016,87526,87937,27545,0,,
59017,87525,87935,27545,7,,
59018,87526,87935,27545,0,,
59019,87525,87936,27545,6,,
59020,87526,87936,27545,8,,
59021,87525,87934,27545,0,,
59022,87526,87934,27545,2,,
59090,87603,88014,27569,2,,
59091,87604,88014,27569,0,,
59092,87603,88013,27569,3,,
59093,87604,88013,27569,11,,
59094,87603,88012,27569,7,,
59095,87604,88012,27569,0,,
59096,87603,88011,27569,2,,
59097,87604,88011,27569,0,,
59098,87606,88018,27570,0,,
59099,87605,88018,27570,2,,
59100,87606,88016,27570,0,,
59101,87605,88016,27570,7,,
59102,87606,88017,27570,5,,
59103,87605,88017,27570,9,,
59104,87606,88015,27570,2,,
59105,87605,88015,27570,0,,
59127,87633,88052,27580,2,,
59128,87634,88052,27580,0,,
59129,87633,88049,27580,0,,
59130,87634,88049,27580,2,,
59131,87633,88050,27580,7,,
59132,87634,88050,27580,0,,
59133,87633,88051,27580,2,,
59134,87634,88051,27580,12,,
59142,87643,88060,27583,0,,
59143,87642,88060,27583,2,,
59144,87643,88061,27583,0,,
59145,87642,88061,27583,7,,
59146,87643,88062,27583,8,,
59147,87642,88062,27583,6,,
59148,87643,88063,27583,2,,
59149,87642,88063,27583,0,,
59163,87656,88080,27587,0,,
59164,87654,88080,27587,0,,
59165,87655,88080,27587,1,,
59166,87656,88077,27587,1,,
59167,87654,88077,27587,0,,
59168,87655,88077,27587,0,,
59169,87656,88078,27587,0,,
59170,87654,88078,27587,1,,
59171,87655,88078,27587,0,,
59172,87656,88079,27587,1,,
59173,87654,88079,27587,0,,
59174,87655,88079,27587,0,,
59180,87672,88093,27593,0,,
59181,87671,88093,27593,14,,
59182,87672,88092,27593,2,,
59183,87671,88092,27593,0,,
59184,87672,88094,27593,8,,
59185,87671,88094,27593,0,,
59198,87687,88112,27598,0,,
59199,87688,88112,27598,2,,
59200,87687,88110,27598,0,,
59201,87688,88110,27598,7,,
59202,87687,88111,27598,14,,
59203,87688,88111,27598,0,,
59204,87687,88109,27598,2,,
59205,87688,88109,27598,0,,
59209,87697,88123,27602,2,,
59210,87698,88123,27602,0,,
59211,87697,88122,27602,3,,
59212,87698,88122,27602,11,,
59213,87697,88121,27602,7,,
59214,87698,88121,27602,0,,
59215,87697,88120,27602,2,,
59216,87698,88120,27602,0,,
59236,87721,88139,27610,2,,
59237,87720,88139,27610,0,,
59238,87721,88140,27610,7,,
59239,87720,88140,27610,0,,
59240,87721,88141,27610,0,,
59241,87720,88141,27610,14,,
59242,87721,88142,27610,2,,
59243,87720,88142,27610,0,,
59264,87749,88176,27619,0,,
59265,87750,88176,27619,2,,
59266,87749,88174,27619,7,,
59267,87750,88174,27619,0,,
59268,87749,88175,27619,9,,
59269,87750,88175,27619,5,,
59270,87749,88173,27619,0,,
59271,87750,88173,27619,2,,
59314,87799,88220,27636,0,,
59315,87800,88220,27636,7,,
59316,87799,88221,27636,10,,
59317,87800,88221,27636,4,,
59318,87799,88222,27636,0,,
59319,87800,88222,27636,2,,
59320,87799,88219,27636,0,,
59321,87800,88219,27636,2,,
59378,87871,88286,27656,0,,
59379,87872,88286,27656,2,,
59380,87871,88287,27656,7,,
59381,87872,88287,27656,0,,
59382,87871,88289,27656,1,,
59383,87872,88289,27656,1,,
59384,87871,88288,27656,0,,
59385,87872,88288,27656,14,,
59395,87894,88306,27661,2,,
59396,87893,88306,27661,0,,
59397,87894,88307,27661,0,,
59398,87893,88307,27661,7,,
59399,87894,88308,27661,6,,
59400,87893,88308,27661,8,,
59401,87894,88309,27661,2,,
59402,87893,88309,27661,0,,
59406,87896,88312,27662,5,,
59407,87895,88312,27662,9,,
59408,87896,88313,27662,0,,
59409,87895,88313,27662,2,,
59410,87896,88310,27662,2,,
59411,87895,88310,27662,0,,
59412,87896,88311,27662,7,,
59413,87895,88311,27662,0,,
59414,87898,88314,27663,2,,
59415,87897,88314,27663,0,,
59416,87898,88315,27663,7,,
59417,87897,88315,27663,0,,
59418,87898,88316,27663,5,,
59419,87897,88316,27663,9,,
59420,87898,88317,27663,0,,
59421,87897,88317,27663,2,,
59429,87906,88326,27666,0,,
59430,87907,88326,27666,7,,
59431,87906,88327,27666,2,,
59432,87907,88327,27666,12,,
59433,87906,88325,27666,2,,
59434,87907,88325,27666,0,,
59435,87906,88328,27666,2,,
59436,87907,88328,27666,0,,
59450,87938,88358,27675,1,,
59451,87937,88358,27675,1,,
59452,87938,88359,27675,0,,
59453,87937,88359,27675,7,,
59454,87938,88360,27675,14,,
59455,87937,88360,27675,0,,
59456,87938,88361,27675,0,,
59457,87937,88361,27675,2,,
59472,87956,88381,27683,9,,
59473,87957,88381,27683,5,,
59474,87956,88380,27683,7,,
59475,87957,88380,27683,0,,
59476,87956,88382,27683,2,,
59477,87957,88382,27683,0,,
59478,87956,88379,27683,0,,
59479,87957,88379,27683,2,,
59480,87954,88377,27682,1,,
59481,87955,88377,27682,1,,
59482,87953,88377,27682,1,,
59483,87954,88376,27682,2,,
59484,87955,88376,27682,0,,
59485,87953,88376,27682,0,,
59486,87954,88378,27682,0,,
59487,87955,88378,27682,0,,
59488,87953,88378,27682,1,,
59489,87958,88386,27684,2,,
59490,87959,88386,27684,0,,
59491,87958,88384,27684,1,,
59492,87959,88384,27684,6,,
59493,87958,88385,27684,14,,
59494,87959,88385,27684,0,,
59495,87958,88383,27684,0,,
59496,87959,88383,27684,2,,
59506,87969,88402,27688,2,,
59507,87970,88402,27688,0,,
59508,87969,88401,27688,4,,
59509,87970,88401,27688,10,,
59510,87969,88400,27688,7,,
59511,87970,88400,27688,0,,
59512,87969,88399,27688,0,,
59513,87970,88399,27688,2,,
59517,87977,88416,27691,0,,
59518,87979,88416,27691,2,,
59519,87978,88416,27691,0,,
59520,87977,88411,27691,1,,
59521,87979,88411,27691,0,,
59522,87978,88411,27691,1,,
59523,87977,88410,27691,0,,
59524,87979,88410,27691,7,,
59525,87978,88410,27691,0,,
59526,87977,88409,27691,0,,
59527,87979,88409,27691,0,,
59528,87978,88409,27691,1,,
59529,87977,88415,27691,0,,
59530,87979,88415,27691,0,,
59531,87978,88415,27691,13,,
59532,87977,88414,27691,0,,
59533,87979,88414,27691,14,,
59534,87978,88414,27691,0,,
59535,87977,88413,27691,3,,
59536,87979,88413,27691,0,,
59537,87978,88413,27691,0,,
59538,87977,88412,27691,0,,
59539,87979,88412,27691,0,,
59540,87978,88412,27691,1,,
59610,88060,88500,27713,0,,
59611,88061,88500,27713,2,,
59612,88060,88501,27713,0,,
59613,88061,88501,27713,7,,
59614,88060,88502,27713,12,,
59615,88061,88502,27713,2,,
59616,88060,88503,27713,0,,
59617,88061,88503,27713,2,,
59636,88081,88527,27720,7,,
59637,88082,88527,27720,0,,
59638,88081,88526,27720,0,,
59639,88082,88526,27720,2,,
59640,88081,88528,27720,5,,
59641,88082,88528,27720,9,,
59642,88081,88529,27720,0,,
59643,88082,88529,27720,2,,
59644,88084,88530,27721,2,,
59645,88083,88530,27721,0,,
59646,88084,88531,27721,7,,
59647,88083,88531,27721,0,,
59648,88084,88532,27721,2,,
59649,88083,88532,27721,12,,
59650,88084,88533,27721,2,,
59651,88083,88533,27721,0,,
59681,88121,88568,27733,2,,
59682,88120,88568,27733,0,,
59683,88121,88569,27733,0,,
59684,88120,88569,27733,7,,
59685,88121,88570,27733,9,,
59686,88120,88570,27733,5,,
59687,88121,88571,27733,2,,
59688,88120,88571,27733,0,,
59715,87629,88048,27579,1,,
59716,87630,88048,27579,0,,
59717,87631,88048,27579,0,,
59718,87632,88048,27579,0,,
59719,87629,88045,27579,0,,
59720,87630,88045,27579,0,,
59721,87631,88045,27579,0,,
59722,87632,88045,27579,1,,
59723,87629,88044,27579,0,,
59724,87630,88044,27579,1,,
59725,87631,88044,27579,0,,
59726,87632,88044,27579,0,,
59727,87629,88047,27579,0,,
59728,87630,88047,27579,1,,
59729,87631,88047,27579,0,,
59730,87632,88047,27579,0,,
59731,87629,88046,27579,0,,
59732,87630,88046,27579,0,,
59733,87631,88046,27579,0,,
59734,87632,88046,27579,1,,
59735,87629,88043,27579,1,,
59736,87630,88043,27579,0,,
59737,87631,88043,27579,0,,
59738,87632,88043,27579,0,,
59739,87629,88042,27579,0,,
59740,87630,88042,27579,0,,
59741,87631,88042,27579,1,,
59742,87632,88042,27579,0,,
59746,88164,88608,27745,0,,
59747,88165,88608,27745,1,,
59748,88164,88609,27745,2,,
59749,88165,88609,27745,0,,
59750,88164,88607,27745,0,,
59751,88165,88607,27745,5,,
59752,88164,88606,27745,0,,
59753,88165,88606,27745,7,,
59867,88287,88728,27781,0,,
59868,88288,88728,27781,2,,
59869,88287,88725,27781,0,,
59870,88288,88725,27781,2,,
59871,88287,88726,27781,7,,
59872,88288,88726,27781,0,,
59873,88287,88727,27781,7,,
59874,88288,88727,27781,7,,
59895,88319,88760,27791,14,,
59896,88320,88760,27791,0,,
59897,88319,88761,27791,0,,
59898,88320,88761,27791,2,,
59899,88319,88758,27791,2,,
59900,88320,88758,27791,0,,
59901,88319,88759,27791,0,,
59902,88320,88759,27791,7,,
59903,88322,88762,27792,0,,
59904,88321,88762,27792,2,,
59905,88322,88763,27792,7,,
59906,88321,88763,27792,0,,
59907,88322,88764,27792,5,,
59908,88321,88764,27792,9,,
59909,88322,88765,27792,0,,
59910,88321,88765,27792,2,,
59916,88330,88773,27796,0,,
59917,88331,88773,27796,14,,
59918,88330,88772,27796,7,,
59919,88331,88772,27796,0,,
59920,88330,88774,27796,0,,
59921,88331,88774,27796,2,,
59922,88330,88771,27796,2,,
59923,88331,88771,27796,0,,
59937,88351,88799,27802,0,,
59938,88350,88799,27802,2,,
59939,88351,88802,27802,2,,
59940,88350,88802,27802,0,,
59941,88351,88801,27802,1,,
59942,88350,88801,27802,13,,
59943,88351,88800,27802,7,,
59944,88350,88800,27802,0,,
59983,88388,88834,27814,7,,
59984,88389,88834,27814,0,,
59985,88388,88835,27814,1,,
59986,88389,88835,27814,13,,
59987,88388,88833,27814,2,,
59988,88389,88833,27814,0,,
59989,88388,88836,27814,2,,
59990,88389,88836,27814,0,,
60001,88415,88851,27823,14,,
60002,88414,88851,27823,0,,
60003,88415,88850,27823,2,,
60004,88414,88850,27823,5,,
60005,88415,88849,27823,0,,
60006,88414,88849,27823,2,,
60007,88415,88852,27823,2,,
60008,88414,88852,27823,0,,
60063,88481,88924,27844,0,,
60064,88480,88924,27844,2,,
60065,88481,88923,27844,10,,
60066,88480,88923,27844,4,,
60067,88481,88922,27844,0,,
60068,88480,88922,27844,7,,
60069,88481,88921,27844,0,,
60070,88480,88921,27844,2,,
60071,88483,88928,27845,0,,
60072,88482,88928,27845,2,,
60073,88483,88927,27845,0,,
60074,88482,88927,27845,14,,
60075,88483,88926,27845,7,,
60076,88482,88926,27845,0,,
60077,88483,88925,27845,1,,
60078,88482,88925,27845,1,,
60082,88488,88932,27847,2,,
60083,88487,88932,27847,0,,
60084,88488,88933,27847,0,,
60085,88487,88933,27847,7,,
60086,88488,88934,27847,14,,
60087,88487,88934,27847,0,,
60088,88488,88935,27847,2,,
60089,88487,88935,27847,0,,
60090,88496,88945,27850,14,,
60091,88497,88945,27850,0,,
60092,88496,88944,27850,0,,
60093,88497,88944,27850,14,,
60094,88496,88940,27850,0,,
60095,88497,88940,27850,4,,
60096,88496,88941,27850,2,,
60097,88497,88941,27850,0,,
60098,88496,88942,27850,1,,
60099,88497,88942,27850,0,,
60100,88496,88943,27850,14,,
60101,88497,88943,27850,0,,
60102,88496,88939,27850,0,,
60103,88497,88939,27850,14,,
60127,88526,88979,27859,2,,
60128,88525,88979,27859,0,,
60129,88526,88982,27859,2,,
60130,88525,88982,27859,0,,
60131,88526,88980,27859,7,,
60132,88525,88980,27859,0,,
60133,88526,88981,27859,2,,
60134,88525,88981,27859,12,,
60162,88559,89012,27870,0,,
60163,88560,89012,27870,1,,
60164,88559,89013,27870,1,,
60165,88560,89013,27870,0,,
60166,88559,89014,27870,0,,
60167,88560,89014,27870,1,,
60178,88578,89033,27876,2,,
60179,88579,89033,27876,0,,
60180,88578,89032,27876,0,,
60181,88579,89032,27876,14,,
60182,88578,89031,27876,7,,
60183,88579,89031,27876,0,,
60184,88578,89030,27876,1,,
60185,88579,89030,27876,1,,
60195,88587,89046,27879,2,,
60196,88588,89046,27879,0,,
60197,88587,89044,27879,7,,
60198,88588,89044,27879,0,,
60199,88587,89045,27879,4,,
60200,88588,89045,27879,10,,
60201,88587,89043,27879,0,,
60202,88588,89043,27879,2,,
60209,88593,89054,27881,7,,
60210,88592,89054,27881,0,,
60211,88593,89055,27881,1,,
60212,88592,89055,27881,13,,
60213,88593,89053,27881,2,,
60214,88592,89053,27881,0,,
60215,88593,89056,27881,2,,
60216,88592,89056,27881,0,,
60217,88595,89060,27882,1,,
60218,88594,89060,27882,1,,
60219,88595,89057,27882,0,,
60220,88594,89057,27882,2,,
60221,88595,89059,27882,0,,
60222,88594,89059,27882,14,,
60223,88595,89058,27882,0,,
60224,88594,89058,27882,7,,
60225,88597,89064,27883,0,,
60226,88596,89064,27883,2,,
60227,88597,89061,27883,2,,
60228,88596,89061,27883,0,,
60229,88597,89063,27883,9,,
60230,88596,89063,27883,5,,
60231,88597,89062,27883,7,,
60232,88596,89062,27883,0,,
60237,88605,89071,27886,2,,
60238,88604,89071,27886,0,,
60239,88605,89072,27886,0,,
60240,88604,89072,27886,7,,
60241,88605,89073,27886,9,,
60242,88604,89073,27886,5,,
60243,88605,89074,27886,0,,
60244,88604,89074,27886,2,,
60248,88610,89080,27888,6,,
60249,88609,89080,27888,8,,
60250,88610,89081,27888,2,,
60251,88609,89081,27888,0,,
60252,88610,89078,27888,2,,
60253,88609,89078,27888,0,,
60254,88610,89079,27888,0,,
60255,88609,89079,27888,7,,
60292,88652,89126,27902,2,,
60293,88653,89126,27902,0,,
60294,88652,89124,27902,7,,
60295,88653,89124,27902,0,,
60296,88652,89125,27902,3,,
60297,88653,89125,27902,11,,
60298,88652,89123,27902,0,,
60299,88653,89123,27902,2,,
60300,88654,89130,27903,0,,
60301,88655,89130,27903,2,,
60302,88654,89128,27903,7,,
60303,88655,89128,27903,0,,
60304,88654,89129,27903,3,,
60305,88655,89129,27903,11,,
60306,88654,89127,27903,2,,
60307,88655,89127,27903,0,,
60310,88659,89134,27905,2,,
60311,88658,89134,27905,0,,
60312,88659,89132,27905,0,,
60313,88658,89132,27905,7,,
60314,88659,89133,27905,8,,
60315,88658,89133,27905,6,,
60316,88659,89131,27905,2,,
60317,88658,89131,27905,0,,
60321,88667,89144,27908,2,,
60322,88666,89144,27908,0,,
60323,88667,89143,27908,8,,
60324,88666,89143,27908,6,,
60325,88667,89142,27908,0,,
60326,88666,89142,27908,7,,
60327,88667,89141,27908,0,,
60328,88666,89141,27908,2,,
60336,88676,89152,27911,2,,
60337,88675,89152,27911,0,,
60338,88676,89153,27911,7,,
60339,88675,89153,27911,0,,
60340,88676,89154,27911,1,,
60341,88675,89154,27911,13,,
60342,88676,89155,27911,2,,
60343,88675,89155,27911,0,,
60344,88680,89160,27913,0,,
60345,88681,89160,27913,7,,
60346,88680,89161,27913,14,,
60347,88681,89161,27913,0,,
60348,88680,89162,27913,0,,
60349,88681,89162,27913,2,,
60350,88680,89159,27913,0,,
60351,88681,89159,27913,2,,
60360,88691,89166,27917,2,,
60361,88690,89166,27917,0,,
60362,88691,89167,27917,0,,
60363,88690,89167,27917,7,,
60364,88691,89169,27917,2,,
60365,88690,89169,27917,0,,
60366,88691,89168,27917,7,,
60367,88690,89168,27917,7,,
60371,88695,89177,27919,0,,
60372,88698,89177,27919,7,,
60373,88697,89177,27919,0,,
60374,88696,89177,27919,0,,
60375,88695,89176,27919,0,,
60376,88698,89176,27919,0,,
60377,88697,89176,27919,2,,
60378,88696,89176,27919,1,,
60379,88695,89173,27919,4,,
60380,88698,89173,27919,0,,
60381,88697,89173,27919,0,,
60382,88696,89173,27919,3,,
60383,88695,89175,27919,0,,
60384,88698,89175,27919,7,,
60385,88697,89175,27919,0,,
60386,88696,89175,27919,0,,
60387,88695,89174,27919,2,,
60388,88698,89174,27919,0,,
60389,88697,89174,27919,0,,
60390,88696,89174,27919,0,,
60414,88728,89211,27929,8,,
60415,88729,89211,27929,6,,
60416,88728,89210,27929,0,,
60417,88729,89210,27929,7,,
60418,88728,89209,27929,2,,
60419,88729,89209,27929,0,,
60420,88728,89212,27929,0,,
60421,88729,89212,27929,2,,
60422,88730,89215,27930,8,,
60423,88731,89215,27930,6,,
60424,88730,89216,27930,0,,
60425,88731,89216,27930,2,,
60426,88730,89214,27930,0,,
60427,88731,89214,27930,7,,
60428,88730,89213,27930,2,,
60429,88731,89213,27930,0,,
60436,88741,89223,27934,7,,
60437,88740,89223,27934,0,,
60438,88741,89222,27934,2,,
60439,88740,89222,27934,0,,
60440,88741,89225,27934,2,,
60441,88740,89225,27934,0,,
60442,88741,89224,27934,2,,
60443,88740,89224,27934,12,,
60456,88754,89237,27938,1,,
60457,88755,89237,27938,1,,
60458,88754,89238,27938,0,,
60459,88755,89238,27938,7,,
60460,88754,89239,27938,14,,
60461,88755,89239,27938,0,,
60462,88754,89240,27938,2,,
60463,88755,89240,27938,0,,
60464,88756,89244,27939,2,,
60465,88757,89244,27939,0,,
60466,88756,89241,27939,2,,
60467,88757,89241,27939,0,,
60468,88756,89242,27939,7,,
60469,88757,89242,27939,0,,
60470,88756,89243,27939,2,,
60471,88757,89243,27939,12,,
60478,88766,89262,27943,2,,
60479,88767,89262,27943,0,,
60480,88766,89261,27943,5,,
60481,88767,89261,27943,9,,
60482,88766,89260,27943,0,,
60483,88767,89260,27943,7,,
60484,88766,89259,27943,2,,
60485,88767,89259,27943,0,,
60490,88773,89268,27946,1,,
60491,88772,89268,27946,1,,
60492,88773,89266,27946,7,,
60493,88772,89266,27946,0,,
60494,88773,89267,27946,0,,
60495,88772,89267,27946,14,,
60496,88773,89265,27946,2,,
60497,88772,89265,27946,0,,
60519,88804,89297,27955,2,,
60520,88803,89297,27955,0,,
60521,88804,89298,27955,7,,
60522,88803,89298,27955,0,,
60523,88804,89299,27955,1,,
60524,88803,89299,27955,13,,
60525,88804,89300,27955,2,,
60526,88803,89300,27955,0,,
60529,88808,89303,27957,2,,
60530,88807,89303,27957,0,,
60531,88808,89304,27957,0,,
60532,88807,89304,27957,7,,
60533,88808,89305,27957,6,,
60534,88807,89305,27957,8,,
60535,88808,89306,27957,2,,
60536,88807,89306,27957,0,,
60562,88830,89334,27965,0,,
60563,88831,89334,27965,1,,
60564,88830,89335,27965,0,,
60565,88831,89335,27965,2,,
60566,88830,89332,27965,4,,
60567,88831,89332,27965,0,,
60568,88830,89333,27965,1,,
60569,88831,89333,27965,0,,
60589,88857,89358,27977,2,,
60590,88856,89358,27977,0,,
60591,88857,89359,27977,0,,
60592,88856,89359,27977,7,,
60593,88857,89356,27977,4,,
60594,88856,89356,27977,0,,
60595,88857,89357,27977,0,,
60596,88856,89357,27977,4,,
60597,88857,89354,27977,7,,
60598,88856,89354,27977,0,,
60599,88857,89355,27977,7,,
60600,88856,89355,27977,0,,
60601,88857,89353,27977,0,,
60602,88856,89353,27977,14,,
60603,88857,89363,27977,1,,
60604,88856,89363,27977,0,,
60605,88857,89362,27977,4,,
60606,88856,89362,27977,10,,
60607,88857,89361,27977,1,,
60608,88856,89361,27977,0,,
60609,88857,89360,27977,7,,
60610,88856,89360,27977,0,,
60632,88881,89388,27986,0,,
60633,88882,89388,27986,3,,
60634,88881,89385,27986,0,,
60635,88882,89385,27986,5,,
60636,88881,89386,27986,5,,
60637,88882,89386,27986,0,,
60638,88881,89387,27986,1,,
60639,88882,89387,27986,0,,
60643,88887,89393,27988,0,,
60644,88886,89393,27988,7,,
60645,88887,89392,27988,0,,
60646,88886,89392,27988,2,,
60647,88887,89395,27988,2,,
60648,88886,89395,27988,0,,
60649,88887,89394,27988,11,,
60650,88886,89394,27988,3,,
60651,88889,89397,27989,0,,
60652,88888,89397,27989,7,,
60653,88889,89396,27989,0,,
60654,88888,89396,27989,2,,
60655,88889,89399,27989,2,,
60656,88888,89399,27989,0,,
60657,88889,89398,27989,10,,
60658,88888,89398,27989,4,,
60700,88932,89439,28002,7,,
60701,88933,89439,28002,0,,
60702,88932,89438,28002,2,,
60703,88933,89438,28002,0,,
60704,88932,89440,28002,1,,
60705,88933,89440,28002,13,,
60706,88932,89441,28002,2,,
60707,88933,89441,28002,0,,
60711,88947,89453,28006,0,,
60712,88946,89453,28006,2,,
60713,88947,89454,28006,0,,
60714,88946,89454,28006,7,,
60715,88947,89455,28006,13,,
60716,88946,89455,28006,1,,
60717,88947,89456,28006,2,,
60718,88946,89456,28006,0,,
60719,88949,89457,28007,2,,
60720,88948,89457,28007,0,,
60721,88949,89459,28007,9,,
60722,88948,89459,28007,5,,
60723,88949,89458,28007,0,,
60724,88948,89458,28007,7,,
60725,88949,89460,28007,2,,
60726,88948,89460,28007,0,,
60735,88961,89474,28012,2,,
60736,88960,89474,28012,0,,
60737,88961,89473,28012,14,,
60738,88960,89473,28012,0,,
60739,88961,89471,28012,0,,
60740,88960,89471,28012,2,,
60741,88961,89472,28012,0,,
60742,88960,89472,28012,7,,
60773,89001,89508,28027,2,,
60774,89002,89508,28027,0,,
60775,89001,89505,28027,0,,
60776,89002,89505,28027,2,,
60777,89001,89507,28027,10,,
60778,89002,89507,28027,4,,
60779,89001,89506,28027,0,,
60780,89002,89506,28027,7,,
60790,89023,89524,28034,2,,
60791,89024,89524,28034,0,,
60792,89023,89521,28034,0,,
60793,89024,89521,28034,2,,
60794,89023,89522,28034,0,,
60795,89024,89522,28034,7,,
60796,89023,89523,28034,9,,
60797,89024,89523,28034,5,,
60798,89026,89525,28035,0,,
60799,89025,89525,28035,2,,
60800,89026,89526,28035,0,,
60801,89025,89526,28035,7,,
60802,89026,89527,28035,10,,
60803,89025,89527,28035,4,,
60804,89026,89528,28035,2,,
60805,89025,89528,28035,0,,
60806,89028,89529,28036,0,,
60807,89027,89529,28036,3,,
60808,89028,89530,28036,1,,
60809,89027,89530,28036,3,,
60810,89028,89531,28036,5,,
60811,89027,89531,28036,0,,
60818,89033,89539,28038,0,,
60819,89032,89539,28038,2,,
60820,89033,89538,28038,0,,
60821,89032,89538,28038,14,,
60822,89033,89537,28038,0,,
60823,89032,89537,28038,1,,
60824,89033,89536,28038,12,,
60825,89032,89536,28038,2,,
60826,89033,89540,28038,7,,
60827,89032,89540,28038,0,,
60828,89033,89535,28038,1,,
60829,89032,89535,28038,0,,
60842,89052,89558,28045,0,,
60843,89053,89558,28045,2,,
60844,89052,89559,28045,7,,
60845,89053,89559,28045,0,,
60846,89052,89560,28045,8,,
60847,89053,89560,28045,6,,
60848,89052,89561,28045,0,,
60849,89053,89561,28045,2,,
60856,89061,89569,28048,7,,
60857,89060,89569,28048,0,,
60858,89061,89568,28048,2,,
60859,89060,89568,28048,0,,
60860,89061,89571,28048,2,,
60861,89060,89571,28048,0,,
60862,89061,89570,28048,3,,
60863,89060,89570,28048,11,,
60873,89072,89585,28053,0,,
60874,89073,89585,28053,4,,
60875,89072,89586,28053,2,,
60876,89073,89586,28053,0,,
60877,89072,89587,28053,0,,
60878,89073,89587,28053,2,,
60879,89072,89588,28053,0,,
60880,89073,89588,28053,1,,
60881,89072,89589,28053,4,,
60882,89073,89589,28053,6,,
60886,89077,89593,28055,0,,
60887,89078,89593,28055,2,,
60888,89079,89593,28055,0,,
60889,89077,89594,28055,7,,
60890,89078,89594,28055,0,,
60891,89079,89594,28055,0,,
60892,89077,89595,28055,6,,
60893,89078,89595,28055,0,,
60894,89079,89595,28055,8,,
60895,89077,89596,28055,0,,
60896,89078,89596,28055,2,,
60897,89079,89596,28055,0,,
60898,89077,89597,28055,0,,
60899,89078,89597,28055,3,,
60900,89079,89597,28055,0,,
60958,89128,89655,28071,0,,
60959,89127,89655,28071,2,,
60960,89128,89654,28071,10,,
60961,89127,89654,28071,4,,
60962,89128,89653,28071,0,,
60963,89127,89653,28071,7,,
60964,89128,89652,28071,0,,
60965,89127,89652,28071,2,,
60982,89143,89672,28076,0,,
60983,89142,89672,28076,7,,
60984,89143,89673,28076,8,,
60985,89142,89673,28076,6,,
60986,89143,89674,28076,0,,
60987,89142,89674,28076,2,,
60988,89143,89671,28076,2,,
60989,89142,89671,28076,0,,
60990,89145,89676,28077,0,,
60991,89144,89676,28077,7,,
60992,89145,89677,28077,9,,
60993,89144,89677,28077,5,,
60994,89145,89678,28077,0,,
60995,89144,89678,28077,2,,
60996,89145,89675,28077,2,,
60997,89144,89675,28077,0,,
60998,89147,89679,28078,2,,
60999,89146,89679,28078,0,,
61000,89147,89681,28078,4,,
61001,89146,89681,28078,10,,
61002,89147,89680,28078,7,,
61003,89146,89680,28078,0,,
61004,89147,89682,28078,0,,
61005,89146,89682,28078,2,,
61041,89179,89721,28091,0,,
61042,89180,89721,28091,2,,
61043,89179,89720,28091,12,,
61044,89180,89720,28091,2,,
61045,89179,89719,28091,7,,
61046,89180,89719,28091,0,,
61047,89179,89718,28091,0,,
61048,89180,89718,28091,2,,
61084,89217,89763,28104,0,,
61085,89218,89763,28104,15,,
61086,89217,89762,28104,0,,
61087,89218,89762,28104,15,,
61088,89217,89761,28104,0,,
61089,89218,89761,28104,30,,
61090,89217,89760,28104,16,,
61091,89218,89760,28104,14,,
61092,89217,89767,28104,4,,
61093,89218,89767,28104,0,,
61094,89217,89766,28104,0,,
61095,89218,89766,28104,4,,
61096,89217,89765,28104,0,,
61097,89218,89765,28104,4,,
61098,89217,89764,28104,8,,
61099,89218,89764,28104,0,,
61100,89217,89759,28104,0,,
61101,89218,89759,28104,30,,
61102,89220,89776,28105,4,,
61103,89219,89776,28105,0,,
61104,89220,89771,28105,15,,
61105,89219,89771,28105,0,,
61106,89220,89770,28105,30,,
61107,89219,89770,28105,0,,
61108,89220,89769,28105,11,,
61109,89219,89769,28105,19,,
61110,89220,89768,28105,30,,
61111,89219,89768,28105,0,,
61112,89220,89775,28105,4,,
61113,89219,89775,28105,0,,
61114,89220,89774,28105,4,,
61115,89219,89774,28105,0,,
61116,89220,89773,28105,0,,
61117,89219,89773,28105,8,,
61118,89220,89772,28105,15,,
61119,89219,89772,28105,0,,
61120,89221,89778,28106,30,,
61121,89222,89778,28106,0,,
61122,89221,89779,28106,0,,
61123,89222,89779,28106,30,,
61124,89221,89777,28106,0,,
61125,89222,89777,28106,30,,
61126,89221,89782,28106,3,,
61127,89222,89782,28106,5,,
61128,89221,89783,28106,0,,
61129,89222,89783,28106,4,,
61130,89221,89780,28106,0,,
61131,89222,89780,28106,15,,
61132,89221,89781,28106,0,,
61133,89222,89781,28106,15,,
61134,89221,89784,28106,0,,
61135,89222,89784,28106,4,,
61136,89221,89785,28106,0,,
61137,89222,89785,28106,4,,
61138,89223,89793,28107,0,,
61139,89224,89793,28107,4,,
61140,89223,89792,28107,0,,
61141,89224,89792,28107,4,,
61142,89223,89794,28107,0,,
61143,89224,89794,28107,4,,
61144,89223,89786,28107,0,,
61145,89224,89786,28107,30,,
61146,89223,89787,28107,18,,
61147,89224,89787,28107,12,,
61148,89223,89790,28107,0,,
61149,89224,89790,28107,15,,
61150,89223,89791,28107,8,,
61151,89224,89791,28107,0,,
61152,89223,89788,28107,0,,
61153,89224,89788,28107,30,,
61154,89223,89789,28107,0,,
61155,89224,89789,28107,15,,
61156,89225,89797,28108,0,,
61157,89226,89797,28108,30,,
61158,89225,89796,28108,20,,
61159,89226,89796,28108,10,,
61160,89225,89799,28108,0,,
61161,89226,89799,28108,15,,
61162,89225,89798,28108,0,,
61163,89226,89798,28108,15,,
61164,89225,89795,28108,0,,
61165,89226,89795,28108,30,,
61166,89225,89801,28108,0,,
61167,89226,89801,28108,4,,
61168,89225,89800,28108,0,,
61169,89226,89800,28108,8,,
61170,89225,89803,28108,0,,
61171,89226,89803,28108,4,,
61172,89225,89802,28108,0,,
61173,89226,89802,28108,4,,
61178,89234,89808,28111,2,,
61179,89235,89808,28111,0,,
61180,89234,89809,28111,7,,
61181,89235,89809,28111,0,,
61182,89234,89810,28111,0,,
61183,89235,89810,28111,14,,
61184,89234,89811,28111,2,,
61185,89235,89811,28111,0,,
61192,89242,89820,28115,5,,
61193,89243,89820,28115,9,,
61194,89242,89821,28115,2,,
61195,89243,89821,28115,0,,
61196,89242,89818,28115,0,,
61197,89243,89818,28115,2,,
61198,89242,89819,28115,7,,
61199,89243,89819,28115,0,,
61206,89251,89831,28118,2,,
61207,89250,89831,28118,0,,
61208,89251,89830,28118,2,,
61209,89250,89830,28118,12,,
61210,89251,89829,28118,7,,
61211,89250,89829,28118,0,,
61212,89251,89828,28118,2,,
61213,89250,89828,28118,0,,
61227,89271,89854,28124,0,,
61228,89272,89854,28124,11,,
61229,89271,89858,28124,1,,
61230,89272,89858,28124,0,,
61231,89271,89855,28124,1,,
61232,89272,89855,28124,0,,
61233,89271,89859,28124,0,,
61234,89272,89859,28124,1,,
61235,89271,89852,28124,1,,
61236,89272,89852,28124,0,,
61237,89271,89856,28124,2,,
61238,89272,89856,28124,0,,
61239,89271,89853,28124,1,,
61240,89272,89853,28124,0,,
61241,89271,89857,28124,1,,
61242,89272,89857,28124,0,,
61243,89271,89862,28124,5,,
61244,89272,89862,28124,0,,
61245,89271,89863,28124,1,,
61246,89272,89863,28124,0,,
61247,89271,89851,28124,1,,
61248,89272,89851,28124,0,,
61249,89271,89860,28124,0,,
61250,89272,89860,28124,2,,
61251,89271,89861,28124,14,,
61252,89272,89861,28124,0,,
61276,89303,89896,28135,7,,
61277,89304,89896,28135,0,,
61278,89303,89897,28135,1,,
61279,89304,89897,28135,13,,
61280,89303,89898,28135,2,,
61281,89304,89898,28135,0,,
61282,89303,89895,28135,2,,
61283,89304,89895,28135,0,,
61284,89305,89899,28136,0,,
61285,89306,89899,28136,2,,
61286,89305,89900,28136,7,,
61287,89306,89900,28136,0,,
61288,89305,89901,28136,3,,
61289,89306,89901,28136,11,,
61290,89305,89902,28136,2,,
61291,89306,89902,28136,0,,
61295,89310,89907,28138,7,,
61296,89311,89907,28138,0,,
61297,89310,89906,28138,0,,
61298,89311,89906,28138,2,,
61299,89310,89909,28138,2,,
61300,89311,89909,28138,0,,
61301,89310,89908,28138,2,,
61302,89311,89908,28138,12,,
61303,89313,89913,28139,0,,
61304,89312,89913,28139,2,,
61305,89313,89912,28139,11,,
61306,89312,89912,28139,3,,
61307,89313,89911,28139,0,,
61308,89312,89911,28139,7,,
61309,89313,89910,28139,2,,
61310,89312,89910,28139,0,,
61338,89348,89950,28150,2,,
61339,89347,89950,28150,0,,
61340,89348,89949,28150,10,,
61341,89347,89949,28150,4,,
61342,89348,89948,28150,0,,
61343,89347,89948,28150,7,,
61344,89348,89947,28150,2,,
61345,89347,89947,28150,0,,
61361,89362,89969,28155,7,,
61362,89361,89969,28155,0,,
61363,89362,89968,28155,2,,
61364,89361,89968,28155,0,,
61365,89362,89971,28155,2,,
61366,89361,89971,28155,0,,
61367,89362,89970,28155,2,,
61368,89361,89970,28155,12,,
61375,89370,89981,28158,0,,
61376,89369,89981,28158,3,,
61377,89370,89980,28158,0,,
61378,89369,89980,28158,1,,
61379,89370,89982,28158,0,,
61380,89369,89982,28158,3,,
61381,89370,89979,28158,0,,
61382,89369,89979,28158,1,,
61383,89370,89978,28158,6,,
61384,89369,89978,28158,0,,
61388,89390,90002,28164,7,,
61389,89391,90002,28164,0,,
61390,89390,90003,28164,4,,
61391,89391,90003,28164,10,,
61392,89390,90001,28164,0,,
61393,89391,90001,28164,2,,
61394,89390,90004,28164,2,,
61395,89391,90004,28164,0,,
61405,89404,90017,28169,0,,
61406,89403,90017,28169,7,,
61407,89404,90016,28169,0,,
61408,89403,90016,28169,2,,
61409,89404,90019,28169,1,,
61410,89403,90019,28169,1,,
61411,89404,90018,28169,14,,
61412,89403,90018,28169,0,,
61447,89465,90068,28193,2,,
61448,89466,90068,28193,12,,
61449,89465,90069,28193,2,,
61450,89466,90069,28193,0,,
61451,89465,90066,28193,2,,
61452,89466,90066,28193,0,,
61453,89465,90067,28193,7,,
61454,89466,90067,28193,0,,
61455,89467,90070,28194,2,,
61456,89468,90070,28194,0,,
61457,89467,90071,28194,7,,
61458,89468,90071,28194,0,,
61459,89467,90072,28194,2,,
61460,89468,90072,28194,12,,
61461,89467,90073,28194,2,,
61462,89468,90073,28194,0,,
61469,89479,90085,28198,13,,
61470,89480,90085,28198,1,,
61471,89479,90084,28198,0,,
61472,89480,90084,28198,7,,
61473,89479,90086,28198,0,,
61474,89480,90086,28198,1,,
61475,89482,90087,28199,2,,
61476,89481,90087,28199,0,,
61477,89482,90089,28199,0,,
61478,89481,90089,28199,14,,
61479,89482,90088,28199,7,,
61480,89481,90088,28199,0,,
61481,89482,90090,28199,0,,
61482,89481,90090,28199,2,,
61568,89590,90192,28237,1,,
61569,89591,90192,28237,13,,
61570,89590,90193,28237,2,,
61571,89591,90193,28237,0,,
61572,89590,90191,28237,7,,
61573,89591,90191,28237,0,,
61574,89590,90190,28237,2,,
61575,89591,90190,28237,0,,
61579,89609,90209,28241,2,,
61580,89610,90209,28241,0,,
61581,89609,90211,28241,6,,
61582,89610,90211,28241,8,,
61583,89609,90210,28241,7,,
61584,89610,90210,28241,0,,
61585,89609,90212,28241,0,,
61586,89610,90212,28241,2,,
61621,89655,90262,28255,0,,
61622,89654,90262,28255,5,,
61623,89655,90261,28255,5,,
61624,89654,90261,28255,0,,
61625,89655,90260,28255,3,,
61626,89654,90260,28255,0,,
61627,89655,90259,28255,4,,
61628,89654,90259,28255,0,,
61629,89655,90258,28255,4,,
61630,89654,90258,28255,1,,
61631,89655,90257,28255,2,,
61632,89654,90257,28255,0,,
61633,89655,90256,28255,0,,
61634,89654,90256,28255,5,,
61660,89687,90292,28264,2,,
61661,89686,90292,28264,0,,
61662,89687,90289,28264,2,,
61663,89686,90289,28264,0,,
61664,89687,90291,28264,5,,
61665,89686,90291,28264,9,,
61666,89687,90290,28264,0,,
61667,89686,90290,28264,7,,
61668,89689,90296,28265,2,,
61669,89688,90296,28265,0,,
61670,89689,90293,28265,2,,
61671,89688,90293,28265,0,,
61672,89689,90295,28265,6,,
61673,89688,90295,28265,8,,
61674,89689,90294,28265,0,,
61675,89688,90294,28265,7,,
61676,89691,90300,28266,2,,
61677,89690,90300,28266,0,,
61678,89691,90297,28266,2,,
61679,89690,90297,28266,0,,
61680,89691,90299,28266,5,,
61681,89690,90299,28266,9,,
61682,89691,90298,28266,0,,
61683,89690,90298,28266,7,,
61690,89704,90314,28271,1,,
61691,89705,90314,28271,0,,
61692,89704,90315,28271,1,,
61693,89705,90315,28271,0,,
61694,89704,90313,28271,2,,
61695,89705,90313,28271,5,,
61696,89704,90316,28271,1,,
61697,89705,90316,28271,0,,
61698,89704,90317,28271,1,,
61699,89705,90317,28271,0,,
61710,89717,90331,28275,7,,
61711,89716,90331,28275,0,,
61712,89717,90330,28275,2,,
61713,89716,90330,28275,0,,
61714,89717,90333,28275,0,,
61715,89716,90333,28275,2,,
61716,89717,90332,28275,3,,
61717,89716,90332,28275,11,,
61718,89719,90335,28276,7,,
61719,89718,90335,28276,0,,
61720,89719,90334,28276,2,,
61721,89718,90334,28276,0,,
61722,89719,90336,28276,2,,
61723,89718,90336,28276,12,,
61724,89719,90337,28276,2,,
61725,89718,90337,28276,0,,
61729,89724,90344,28278,0,,
61730,89723,90344,28278,2,,
61731,89724,90341,28278,0,,
61732,89723,90341,28278,2,,
61733,89724,90342,28278,0,,
61734,89723,90342,28278,7,,
61735,89724,90343,28278,14,,
61736,89723,90343,28278,0,,
61737,89726,90345,28279,0,,
61738,89725,90345,28279,2,,
61739,89726,90346,28279,0,,
61740,89725,90346,28279,7,,
61741,89726,90347,28279,14,,
61742,89725,90347,28279,0,,
61743,89726,90348,28279,0,,
61744,89725,90348,28279,2,,
61772,89761,90377,28290,0,,
61773,89760,90377,28290,0,,
61774,89757,90377,28290,0,,
61775,89758,90377,28290,0,,
61776,89759,90377,28290,15,,
61777,89761,90376,28290,3,,
61778,89760,90376,28290,14,,
61779,89757,90376,28290,6,,
61780,89758,90376,28290,4,,
61781,89759,90376,28290,3,,
61782,89761,90378,28290,15,,
61783,89760,90378,28290,0,,
61784,89757,90378,28290,0,,
61785,89758,90378,28290,0,,
61786,89759,90378,28290,0,,
61787,89770,90388,28293,0,,
61788,89769,90388,28293,2,,
61789,89770,90385,28293,2,,
61790,89769,90385,28293,0,,
61791,89770,90386,28293,0,,
61792,89769,90386,28293,7,,
61793,89770,90387,28293,9,,
61794,89769,90387,28293,5,,
61831,89852,90454,28314,2,,
61832,89851,90454,28314,0,,
61833,89852,90455,28314,7,,
61834,89851,90455,28314,0,,
61835,89852,90456,28314,1,,
61836,89851,90456,28314,13,,
61837,89852,90457,28314,2,,
61838,89851,90457,28314,0,,
61861,89888,90491,28326,0,,
61862,89889,90491,28326,2,,
61863,89888,90494,28326,2,,
61864,89889,90494,28326,0,,
61865,89888,90492,28326,7,,
61866,89889,90492,28326,0,,
61867,89888,90493,28326,5,,
61868,89889,90493,28326,9,,
61873,89901,90508,28330,8,,
61874,89902,90508,28330,6,,
61875,89901,90509,28330,6,,
61876,89902,90509,28330,0,,
61877,89901,90510,28330,0,,
61878,89902,90510,28330,4,,
61879,89901,90511,28330,2,,
61880,89902,90511,28330,0,,
61881,89901,90506,28330,0,,
61882,89902,90506,28330,1,,
61883,89901,90507,28330,0,,
61884,89902,90507,28330,1,,
61885,89901,90512,28330,1,,
61886,89902,90512,28330,0,,
61903,89924,90532,28337,8,,
61904,89923,90532,28337,6,,
61905,89924,90533,28337,0,,
61906,89923,90533,28337,2,,
61907,89924,90530,28337,0,,
61908,89923,90530,28337,2,,
61909,89924,90531,28337,7,,
61910,89923,90531,28337,0,,
61918,89932,90540,28340,2,,
61919,89933,90540,28340,0,,
61920,89932,90538,28340,7,,
61921,89933,90538,28340,0,,
61922,89932,90539,28340,4,,
61923,89933,90539,28340,10,,
61924,89932,90537,28340,2,,
61925,89933,90537,28340,0,,
61936,89945,90551,28345,0,,
61937,89944,90551,28345,2,,
61938,89945,90550,28345,8,,
61939,89944,90550,28345,6,,
61940,89945,90549,28345,7,,
61941,89944,90549,28345,0,,
61942,89945,90548,28345,0,,
61943,89944,90548,28345,2,,
61948,89960,90564,28350,2,,
61949,89959,90564,28350,0,,
61950,89960,90565,28350,7,,
61951,89959,90565,28350,0,,
61952,89960,90566,28350,4,,
61953,89959,90566,28350,10,,
61954,89960,90567,28350,2,,
61955,89959,90567,28350,0,,
61963,89969,90575,28353,2,,
61964,89968,90575,28353,0,,
61965,89969,90577,28353,4,,
61966,89968,90577,28353,10,,
61967,89969,90576,28353,7,,
61968,89968,90576,28353,0,,
61969,89969,90578,28353,0,,
61970,89968,90578,28353,2,,
61971,89994,90635,28358,7,,
61972,89993,90635,28358,0,,
61973,89994,90634,28358,2,,
61974,89993,90634,28358,0,,
61975,89994,90637,28358,2,,
61976,89993,90637,28358,0,,
61977,89994,90636,28358,0,,
61978,89993,90636,28358,14,,
61988,90002,90647,28361,2,,
61989,90001,90647,28361,0,,
61990,90002,90650,28361,2,,
61991,90001,90650,28361,0,,
61992,90002,90648,28361,0,,
61993,90001,90648,28361,7,,
61994,90002,90649,28361,5,,
61995,90001,90649,28361,9,,
61996,90003,90651,28362,0,,
61997,90004,90651,28362,2,,
61998,90003,90654,28362,2,,
61999,90004,90654,28362,0,,
62000,90003,90652,28362,0,,
62001,90004,90652,28362,7,,
62002,90003,90653,28362,6,,
62003,90004,90653,28362,8,,
62007,90008,90659,28364,7,,
62008,90009,90659,28364,0,,
62009,90008,90658,28364,2,,
62010,90009,90658,28364,0,,
62011,90008,90661,28364,1,,
62012,90009,90661,28364,1,,
62013,90008,90660,28364,0,,
62014,90009,90660,28364,14,,
62058,90068,90754,28380,0,,
62059,90067,90754,28380,2,,
62060,90068,90755,28380,1,,
62061,90067,90755,28380,0,,
62062,90068,90752,28380,6,,
62063,90067,90752,28380,8,,
62064,90068,90753,28380,14,,
62065,90067,90753,28380,0,,
62066,90068,90751,28380,0,,
62067,90067,90751,28380,1,,
62068,90068,90756,28380,0,,
62069,90067,90756,28380,14,,
62070,90068,90757,28380,1,,
62071,90067,90757,28380,0,,
62075,90081,90771,28383,7,,
62076,90082,90771,28383,0,,
62077,90081,90770,28383,2,,
62078,90082,90770,28383,0,,
62079,90081,90773,28383,0,,
62080,90082,90773,28383,2,,
62081,90081,90772,28383,2,,
62082,90082,90772,28383,12,,
62098,90117,90801,28393,0,,
62099,90116,90801,28393,2,,
62100,90117,90803,28393,12,,
62101,90116,90803,28393,2,,
62102,90117,90802,28393,0,,
62103,90116,90802,28393,7,,
62104,90117,90804,28393,2,,
62105,90116,90804,28393,0,,
62121,90140,90830,28402,2,,
62122,90139,90830,28402,0,,
62123,90140,90828,28402,7,,
62124,90139,90828,28402,0,,
62125,90140,90829,28402,3,,
62126,90139,90829,28402,11,,
62127,90140,90827,28402,0,,
62128,90139,90827,28402,2,,
62157,90173,90865,28414,7,,
62158,90174,90865,28414,0,,
62159,90173,90864,28414,0,,
62160,90174,90864,28414,2,,
62161,90173,90867,28414,0,,
62162,90174,90867,28414,2,,
62163,90173,90866,28414,6,,
62164,90174,90866,28414,8,,
62168,90179,90873,28416,5,,
62169,90178,90873,28416,9,,
62170,90179,90872,28416,7,,
62171,90178,90872,28416,0,,
62172,90179,90874,28416,0,,
62173,90178,90874,28416,2,,
62174,90179,90871,28416,2,,
62175,90178,90871,28416,0,,
62179,90187,90881,28419,0,,
62180,90186,90881,28419,2,,
62181,90187,90883,28419,5,,
62182,90186,90883,28419,9,,
62183,90187,90882,28419,7,,
62184,90186,90882,28419,0,,
62185,90187,90884,28419,2,,
62186,90186,90884,28419,0,,
62191,90196,90893,28422,7,,
62192,90197,90893,28422,0,,
62193,90196,90892,28422,2,,
62194,90197,90892,28422,0,,
62195,90196,90895,28422,2,,
62196,90197,90895,28422,0,,
62197,90196,90894,28422,1,,
62198,90197,90894,28422,13,,
62209,90145,90838,28404,1,,
62210,90144,90838,28404,0,,
62211,90145,90837,28404,0,,
62212,90144,90837,28404,7,,
62213,90145,90836,28404,1,,
62214,90144,90836,28404,0,,
62215,90145,90835,28404,1,,
62216,90144,90835,28404,0,,
62217,90145,90834,28404,0,,
62218,90144,90834,28404,4,,
62247,90254,90957,28438,0,,
62248,90255,90957,28438,2,,
62249,90254,90956,28438,2,,
62250,90255,90956,28438,12,,
62251,90254,90955,28438,7,,
62252,90255,90955,28438,0,,
62253,90254,90954,28438,2,,
62254,90255,90954,28438,0,,
62264,90268,90972,28443,0,,
62265,90267,90972,28443,7,,
62266,90268,90973,28443,10,,
62267,90267,90973,28443,4,,
62268,90268,90974,28443,0,,
62269,90267,90974,28443,2,,
62270,90268,90971,28443,0,,
62271,90267,90971,28443,2,,
62272,90270,90978,28444,0,,
62273,90269,90978,28444,2,,
62274,90270,90977,28444,11,,
62275,90269,90977,28444,3,,
62276,90270,90976,28444,0,,
62277,90269,90976,28444,7,,
62278,90270,90975,28444,0,,
62279,90269,90975,28444,2,,
62306,90248,90949,28436,0,,
62307,90249,90949,28436,7,,
62308,90248,90948,28436,0,,
62309,90249,90948,28436,7,,
62310,90248,90945,28436,0,,
62311,90249,90945,28436,1,,
62312,90248,90944,28436,7,,
62313,90249,90944,28436,0,,
62314,90248,90947,28436,5,,
62315,90249,90947,28436,0,,
62316,90248,90946,28436,2,,
62317,90249,90946,28436,0,,
62318,90248,90943,28436,9,,
62319,90249,90943,28436,5,,
62320,90297,91004,28454,1,,
62321,90298,91004,28454,1,,
62322,90297,91005,28454,0,,
62323,90298,91005,28454,1,,
62324,90297,91003,28454,1,,
62325,90298,91003,28454,0,,
62334,90307,91012,28458,1,,
62335,90308,91012,28458,1,,
62336,90307,91013,28458,0,,
62337,90308,91013,28458,7,,
62338,90307,91014,28458,14,,
62339,90308,91014,28458,0,,
62340,90307,91015,28458,0,,
62341,90308,91015,28458,2,,
62354,90326,91037,28465,0,,
62355,90325,91037,28465,7,,
62356,90326,91036,28465,2,,
62357,90325,91036,28465,0,,
62358,90326,91039,28465,2,,
62359,90325,91039,28465,0,,
62360,90326,91038,28465,6,,
62361,90325,91038,28465,8,,
62395,90355,91076,28475,0,,
62396,90356,91076,28475,7,,
62397,90355,91077,28475,7,,
62398,90356,91077,28475,7,,
62399,90355,91078,28475,2,,
62400,90356,91078,28475,0,,
62401,90355,91075,28475,0,,
62402,90356,91075,28475,2,,
62424,90396,91118,28487,2,,
62425,90397,91118,28487,0,,
62426,90396,91119,28487,7,,
62427,90397,91119,28487,0,,
62428,90396,91121,28487,0,,
62429,90397,91121,28487,2,,
62430,90396,91120,28487,0,,
62431,90397,91120,28487,14,,
62469,90465,91172,28505,0,,
62470,90464,91172,28505,2,,
62471,90465,91169,28505,2,,
62472,90464,91169,28505,0,,
62473,90465,91171,28505,7,,
62474,90464,91171,28505,7,,
62475,90465,91170,28505,7,,
62476,90464,91170,28505,0,,
62477,90471,91181,28507,10,,
62478,90470,91181,28507,0,,
62479,90472,91181,28507,0,,
62480,90471,91180,28507,5,,
62481,90470,91180,28507,0,,
62482,90472,91180,28507,0,,
62483,90471,91177,28507,7,,
62484,90470,91177,28507,0,,
62485,90472,91177,28507,0,,
62486,90471,91176,28507,0,,
62487,90470,91176,28507,1,,
62488,90472,91176,28507,1,,
62489,90471,91179,28507,2,,
62490,90470,91179,28507,0,,
62491,90472,91179,28507,0,,
62492,90471,91178,28507,0,,
62493,90470,91178,28507,0,,
62494,90472,91178,28507,14,,
62536,90532,91227,28517,0,,
62537,90533,91227,28517,2,,
62538,90532,91230,28517,2,,
62539,90533,91230,28517,0,,
62540,90532,91228,28517,7,,
62541,90533,91228,28517,0,,
62542,90532,91229,28517,7,,
62543,90533,91229,28517,7,,
62544,90536,91231,28518,0,,
62545,90534,91231,28518,0,,
62546,90535,91231,28518,1,,
62547,90536,91233,28518,0,,
62548,90534,91233,28518,1,,
62549,90535,91233,28518,0,,
62550,90536,91232,28518,0,,
62551,90534,91232,28518,0,,
62552,90535,91232,28518,1,,
62553,90538,91235,28519,1,,
62554,90539,91235,28519,0,,
62555,90537,91235,28519,0,,
62556,90538,91234,28519,0,,
62557,90539,91234,28519,1,,
62558,90537,91234,28519,0,,
62559,90538,91236,28519,0,,
62560,90539,91236,28519,0,,
62561,90537,91236,28519,1,,
62562,90542,91237,28520,0,,
62563,90543,91237,28520,0,,
62564,90540,91237,28520,1,,
62565,90541,91237,28520,0,,
62566,90542,91239,28520,0,,
62567,90543,91239,28520,0,,
62568,90540,91239,28520,0,,
62569,90541,91239,28520,1,,
62570,90542,91238,28520,0,,
62571,90543,91238,28520,0,,
62572,90540,91238,28520,0,,
62573,90541,91238,28520,1,,
62574,90547,91241,28521,0,,
62575,90546,91241,28521,0,,
62576,90545,91241,28521,1,,
62577,90544,91241,28521,0,,
62578,90547,91240,28521,0,,
62579,90546,91240,28521,0,,
62580,90545,91240,28521,0,,
62581,90544,91240,28521,1,,
62582,90547,91242,28521,0,,
62583,90546,91242,28521,0,,
62584,90545,91242,28521,1,,
62585,90544,91242,28521,0,,
62586,90551,91243,28522,1,,
62587,90550,91243,28522,0,,
62588,90549,91243,28522,0,,
62589,90548,91243,28522,0,,
62590,90551,91245,28522,0,,
62591,90550,91245,28522,0,,
62592,90549,91245,28522,1,,
62593,90548,91245,28522,0,,
62594,90551,91244,28522,0,,
62595,90550,91244,28522,0,,
62596,90549,91244,28522,1,,
62597,90548,91244,28522,0,,
62598,90555,91247,28523,0,,
62599,90554,91247,28523,0,,
62600,90553,91247,28523,1,,
62601,90552,91247,28523,0,,
62602,90555,91246,28523,1,,
62603,90554,91246,28523,0,,
62604,90553,91246,28523,0,,
62605,90552,91246,28523,0,,
62606,90555,91248,28523,0,,
62607,90554,91248,28523,0,,
62608,90553,91248,28523,1,,
62609,90552,91248,28523,0,,
62610,90559,91249,28524,0,,
62611,90558,91249,28524,1,,
62612,90557,91249,28524,0,,
62613,90556,91249,28524,0,,
62614,90559,91250,28524,0,,
62615,90558,91250,28524,0,,
62616,90557,91250,28524,1,,
62617,90556,91250,28524,0,,
62618,90559,91251,28524,0,,
62619,90558,91251,28524,0,,
62620,90557,91251,28524,1,,
62621,90556,91251,28524,0,,
62638,90591,91281,28534,2,,
62639,90590,91281,28534,0,,
62640,90591,91280,28534,10,,
62641,90590,91280,28534,4,,
62642,90591,91278,28534,0,,
62643,90590,91278,28534,2,,
62644,90591,91279,28534,0,,
62645,90590,91279,28534,7,,
62740,90702,91366,28567,1,,
62741,90701,91366,28567,1,,
62742,90702,91367,28567,7,,
62743,90701,91367,28567,0,,
62744,90702,91368,28567,0,,
62745,90701,91368,28567,14,,
62746,90702,91369,28567,0,,
62747,90701,91369,28567,2,,
62762,90732,91405,28576,0,,
62763,90731,91405,28576,7,,
62764,90732,91404,28576,2,,
62765,90731,91404,28576,0,,
62766,90732,91407,28576,2,,
62767,90731,91407,28576,0,,
62768,90732,91406,28576,7,,
62769,90731,91406,28576,7,,
62796,90799,91464,28595,2,,
62797,90800,91464,28595,0,,
62798,90799,91461,28595,2,,
62799,90800,91461,28595,0,,
62800,90799,91463,28595,1,,
62801,90800,91463,28595,13,,
62802,90799,91462,28595,7,,
62803,90800,91462,28595,0,,
62829,90838,91503,28608,0,,
62830,90837,91503,28608,2,,
62831,90838,91502,28608,14,,
62832,90837,91502,28608,0,,
62833,90838,91501,28608,0,,
62834,90837,91501,28608,7,,
62835,90838,91500,28608,1,,
62836,90837,91500,28608,1,,
62884,90936,91584,28639,5,,
62885,90937,91584,28639,9,,
62886,90936,91585,28639,2,,
62887,90937,91585,28639,0,,
62888,90936,91583,28639,7,,
62889,90937,91583,28639,0,,
62890,90936,91582,28639,2,,
62891,90937,91582,28639,0,,
62892,90938,91586,28640,2,,
62893,90939,91586,28640,0,,
62894,90938,91587,28640,7,,
62895,90939,91587,28640,0,,
62896,90938,91588,28640,5,,
62897,90939,91588,28640,9,,
62898,90938,91589,28640,2,,
62899,90939,91589,28640,0,,
62906,90964,91616,28649,0,,
62907,90965,91616,28649,2,,
62908,90964,91613,28649,2,,
62909,90965,91613,28649,0,,
62910,90964,91615,28649,11,,
62911,90965,91615,28649,3,,
62912,90964,91614,28649,0,,
62913,90965,91614,28649,7,,
62958,90994,91672,28662,0,,
62959,90995,91672,28662,2,,
62960,90994,91670,28662,0,,
62961,90995,91670,28662,7,,
62962,90994,91671,28662,9,,
62963,90995,91671,28662,5,,
62964,90994,91669,28662,2,,
62965,90995,91669,28662,0,,
63006,91058,91734,28681,0,,
63007,91057,91734,28681,7,,
63008,91058,91732,28681,7,,
63009,91057,91732,28681,0,,
63010,91058,91733,28681,1,,
63011,91057,91733,28681,0,,
63012,91058,91731,28681,2,,
63013,91057,91731,28681,0,,
63021,91071,91749,28685,0,,
63022,91070,91749,28685,2,,
63023,91071,91748,28685,8,,
63024,91070,91748,28685,6,,
63025,91071,91747,28685,7,,
63026,91070,91747,28685,0,,
63027,91071,91746,28685,0,,
63028,91070,91746,28685,2,,
63035,91078,91757,28687,0,,
63036,91079,91757,28687,7,,
63037,91078,91756,28687,0,,
63038,91079,91756,28687,2,,
63039,91078,91759,28687,0,,
63040,91079,91759,28687,2,,
63041,91078,91758,28687,10,,
63042,91079,91758,28687,4,,
63056,91140,91815,28705,2,,
63057,91139,91815,28705,0,,
63058,91140,91816,28705,7,,
63059,91139,91816,28705,0,,
63060,91140,91817,28705,2,,
63061,91139,91817,28705,12,,
63062,91140,91818,28705,2,,
63063,91139,91818,28705,0,,
63067,91145,91825,28707,0,,
63068,91144,91825,28707,2,,
63069,91145,91824,28707,13,,
63070,91144,91824,28707,1,,
63071,91145,91822,28707,0,,
63072,91144,91822,28707,2,,
63073,91145,91823,28707,0,,
63074,91144,91823,28707,7,,
63121,91188,91878,28724,2,,
63122,91187,91878,28724,0,,
63123,91188,91879,28724,7,,
63124,91187,91879,28724,0,,
63125,91188,91880,28724,5,,
63126,91187,91880,28724,9,,
63127,91188,91881,28724,0,,
63128,91187,91881,28724,2,,
63138,91196,91893,28727,0,,
63139,91195,91893,28727,14,,
63140,91196,91892,28727,5,,
63141,91195,91892,28727,2,,
63142,91196,91894,28727,0,,
63143,91195,91894,28727,2,,
63144,91196,91891,28727,0,,
63145,91195,91891,28727,2,,
63146,91197,91895,28728,2,,
63147,91198,91895,28728,0,,
63148,91197,91897,28728,14,,
63149,91198,91897,28728,0,,
63150,91197,91896,28728,3,,
63151,91198,91896,28728,4,,
63152,91197,91898,28728,2,,
63153,91198,91898,28728,0,,
63166,91211,91913,28733,8,,
63167,91212,91913,28733,6,,
63168,91211,91912,28733,0,,
63169,91212,91912,28733,7,,
63170,91211,91914,28733,2,,
63171,91212,91914,28733,0,,
63172,91211,91911,28733,2,,
63173,91212,91911,28733,0,,
63186,91226,91928,28738,7,,
63187,91225,91928,28738,0,,
63188,91226,91929,28738,2,,
63189,91225,91929,28738,12,,
63190,91226,91930,28738,2,,
63191,91225,91930,28738,0,,
63192,91226,91927,28738,2,,
63193,91225,91927,28738,0,,
63194,91231,91939,28740,14,,
63195,91232,91939,28740,0,,
63196,91231,91938,28740,0,,
63197,91232,91938,28740,7,,
63198,91231,91937,28740,0,,
63199,91232,91937,28740,2,,
63200,91231,91940,28740,0,,
63201,91232,91940,28740,2,,
63202,91233,91944,28741,0,,
63203,91234,91944,28741,2,,
63204,91233,91943,28741,14,,
63205,91234,91943,28741,0,,
63206,91233,91942,28741,0,,
63207,91234,91942,28741,7,,
63208,91233,91941,28741,0,,
63209,91234,91941,28741,2,,
63215,91227,91931,28739,0,,
63216,91230,91931,28739,3,,
63217,91228,91931,28739,4,,
63218,91229,91931,28739,0,,
63219,91227,91932,28739,1,,
63220,91230,91932,28739,0,,
63221,91228,91932,28739,0,,
63222,91229,91932,28739,1,,
63223,91227,91933,28739,0,,
63224,91230,91933,28739,2,,
63225,91228,91933,28739,0,,
63226,91229,91933,28739,0,,
63227,91227,91934,28739,0,,
63228,91230,91934,28739,0,,
63229,91228,91934,28739,2,,
63230,91229,91934,28739,0,,
63231,91227,91935,28739,0,,
63232,91230,91935,28739,0,,
63233,91228,91935,28739,0,,
63234,91229,91935,28739,3,,
63235,91227,91936,28739,5,,
63236,91230,91936,28739,0,,
63237,91228,91936,28739,1,,
63238,91229,91936,28739,0,,
63239,91241,91951,28744,0,,
63240,91240,91951,28744,7,,
63241,91241,91950,28744,0,,
63242,91240,91950,28744,2,,
63243,91241,91952,28744,10,,
63244,91240,91952,28744,4,,
63245,91241,91953,28744,2,,
63246,91240,91953,28744,0,,
63247,91243,91954,28745,2,,
63248,91242,91954,28745,0,,
63249,91243,91955,28745,7,,
63250,91242,91955,28745,0,,
63251,91243,91956,28745,1,,
63252,91242,91956,28745,13,,
63253,91243,91957,28745,2,,
63254,91242,91957,28745,0,,
63261,91256,91973,28750,143,,
63262,91255,91973,28750,222,,
63263,91256,91972,28750,40,,
63264,91255,91972,28750,0,,
63265,91256,91974,28750,365,,
63266,91255,91974,28750,0,,
63288,91272,92011,28756,8,,
63289,91273,92011,28756,0,,
63290,91272,92010,28756,1,,
63291,91273,92010,28756,0,,
63292,91272,92009,28756,0,,
63293,91273,92009,28756,1,,
63294,91272,92008,28756,0,,
63295,91273,92008,28756,8,,
63296,91272,92007,28756,0,,
63297,91273,92007,28756,4,,
63298,91272,92006,28756,2,,
63299,91273,92006,28756,0,,
63300,91274,92015,28757,2,,
63301,91275,92015,28757,0,,
63302,91274,92014,28757,2,,
63303,91275,92014,28757,12,,
63304,91274,92013,28757,7,,
63305,91275,92013,28757,0,,
63306,91274,92012,28757,2,,
63307,91275,92012,28757,0,,
63314,91266,92001,28754,7,,
63315,91267,92001,28754,0,,
63316,91266,92000,28754,7,,
63317,91267,92000,28754,0,,
63318,91266,91996,28754,14,,
63319,91267,91996,28754,0,,
63320,91266,91997,28754,14,,
63321,91267,91997,28754,0,,
63322,91266,91998,28754,7,,
63323,91267,91998,28754,0,,
63324,91266,91999,28754,0,,
63325,91267,91999,28754,21,,
63326,91266,91992,28754,0,,
63327,91267,91992,28754,4,,
63328,91266,91993,28754,0,,
63329,91267,91993,28754,4,,
63330,91266,91994,28754,7,,
63331,91267,91994,28754,0,,
63332,91266,91995,28754,11,,
63333,91267,91995,28754,10,,
63334,91266,91988,28754,5,,
63335,91267,91988,28754,0,,
63336,91266,91989,28754,0,,
63337,91267,91989,28754,4,,
63338,91266,91990,28754,0,,
63339,91267,91990,28754,5,,
63340,91266,91991,28754,0,,
63341,91267,91991,28754,21,,
63342,91266,91985,28754,4,,
63343,91267,91985,28754,0,,
63344,91266,91986,28754,0,,
63345,91267,91986,28754,21,,
63346,91266,91987,28754,7,,
63347,91267,91987,28754,0,,
63348,91283,92024,28760,14,,
63349,91282,92024,28760,0,,
63350,91283,92025,28760,0,,
63351,91282,92025,28760,2,,
63352,91283,92022,28760,0,,
63353,91282,92022,28760,2,,
63354,91283,92023,28760,2,,
63355,91282,92023,28760,5,,
63359,91287,92032,28762,2,,
63360,91288,92032,28762,0,,
63361,91287,92030,28762,0,,
63362,91288,92030,28762,7,,
63363,91287,92031,28762,0,,
63364,91288,92031,28762,14,,
63365,91287,92029,28762,0,,
63366,91288,92029,28762,2,,
63373,91293,92039,28764,2,,
63374,91292,92039,28764,0,,
63375,91293,92040,28764,7,,
63376,91292,92040,28764,0,,
63377,91293,92041,28764,1,,
63378,91292,92041,28764,13,,
63379,91293,92042,28764,2,,
63380,91292,92042,28764,0,,
63402,91309,92066,28771,2,,
63403,91310,92066,28771,0,,
63404,91309,92064,28771,7,,
63405,91310,92064,28771,0,,
63406,91309,92065,28771,2,,
63407,91310,92065,28771,12,,
63408,91309,92063,28771,2,,
63409,91310,92063,28771,0,,
63416,91317,92071,28774,0,,
63417,91318,92071,28774,2,,
63418,91317,92074,28774,2,,
63419,91318,92074,28774,0,,
63420,91317,92072,28774,7,,
63421,91318,92072,28774,0,,
63422,91317,92073,28774,6,,
63423,91318,92073,28774,8,,
63424,91321,92083,28776,2,,
63425,91322,92083,28776,0,,
63426,91321,92086,28776,2,,
63427,91322,92086,28776,0,,
63428,91321,92085,28776,2,,
63429,91322,92085,28776,12,,
63430,91321,92084,28776,7,,
63431,91322,92084,28776,0,,
63432,91319,92082,28775,0,,
63433,91320,92082,28775,1,,
63434,91319,92081,28775,0,,
63435,91320,92081,28775,1,,
63436,91319,92080,28775,0,,
63437,91320,92080,28775,1,,
63438,91319,92075,28775,1,,
63439,91320,92075,28775,0,,
63440,91319,92078,28775,1,,
63441,91320,92078,28775,0,,
63442,91319,92079,28775,1,,
63443,91320,92079,28775,0,,
63444,91319,92076,28775,1,,
63445,91320,92076,28775,0,,
63446,91319,92077,28775,1,,
63447,91320,92077,28775,0,,
63460,91328,92100,28779,14,,
63461,91329,92100,28779,0,,
63462,91328,92101,28779,0,,
63463,91329,92101,28779,2,,
63464,91328,92098,28779,2,,
63465,91329,92098,28779,0,,
63466,91328,92099,28779,7,,
63467,91329,92099,28779,0,,
63483,91342,92117,28784,0,,
63484,91343,92117,28784,2,,
63485,91342,92119,28784,6,,
63486,91343,92119,28784,8,,
63487,91342,92118,28784,7,,
63488,91343,92118,28784,0,,
63489,91342,92120,28784,0,,
63490,91343,92120,28784,2,,
63500,91351,92132,28787,0,,
63501,91350,92132,28787,14,,
63502,91351,92133,28787,2,,
63503,91350,92133,28787,0,,
63504,91351,92130,28787,0,,
63505,91350,92130,28787,2,,
63506,91351,92131,28787,7,,
63507,91350,92131,28787,0,,
63523,91373,92151,28797,2,,
63524,91374,92151,28797,0,,
63525,91373,92150,28797,2,,
63526,91374,92150,28797,12,,
63527,91373,92149,28797,7,,
63528,91374,92149,28797,0,,
63529,91373,92148,28797,2,,
63530,91374,92148,28797,0,,
63531,91376,92155,28798,2,,
63532,91375,92155,28798,0,,
63533,91376,92154,28798,2,,
63534,91375,92154,28798,12,,
63535,91376,92153,28798,7,,
63536,91375,92153,28798,0,,
63537,91376,92152,28798,2,,
63538,91375,92152,28798,0,,
63542,91381,92162,28800,2,,
63543,91380,92162,28800,0,,
63544,91381,92161,28800,14,,
63545,91380,92161,28800,0,,
63546,91381,92160,28800,0,,
63547,91380,92160,28800,7,,
63548,91381,92159,28800,0,,
63549,91380,92159,28800,2,,
63550,91383,92166,28801,1,,
63551,91382,92166,28801,1,,
63552,91383,92165,28801,14,,
63553,91382,92165,28801,0,,
63554,91383,92164,28801,0,,
63555,91382,92164,28801,7,,
63556,91383,92163,28801,0,,
63557,91382,92163,28801,2,,
63561,91395,92178,28805,14,,
63562,91394,92178,28805,0,,
63563,91395,92179,28805,0,,
63564,91394,92179,28805,2,,
63565,91395,92176,28805,0,,
63566,91394,92176,28805,2,,
63567,91395,92177,28805,3,,
63568,91394,92177,28805,4,,
63569,91397,92182,28806,14,,
63570,91396,92182,28806,0,,
63571,91397,92183,28806,0,,
63572,91396,92183,28806,2,,
63573,91397,92180,28806,0,,
63574,91396,92180,28806,2,,
63575,91397,92181,28806,2,,
63576,91396,92181,28806,5,,
63609,91435,92227,28820,1,,
63610,91434,92227,28820,6,,
63611,91435,92226,28820,2,,
63612,91434,92226,28820,0,,
63613,91435,92229,28820,2,,
63614,91434,92229,28820,0,,
63615,91435,92228,28820,14,,
63616,91434,92228,28820,0,,
63617,91439,92235,28822,2,,
63618,91440,92235,28822,0,,
63619,91439,92234,28822,2,,
63620,91440,92234,28822,12,,
63621,91439,92233,28822,7,,
63622,91440,92233,28822,0,,
63623,91439,92232,28822,2,,
63624,91440,92232,28822,0,,
63625,91442,92239,28823,0,,
63626,91441,92239,28823,2,,
63627,91442,92238,28823,7,,
63628,91441,92238,28823,7,,
63629,91442,92237,28823,0,,
63630,91441,92237,28823,7,,
63631,91442,92236,28823,2,,
63632,91441,92236,28823,0,,
63651,91471,92261,28832,0,,
63652,91470,92261,28832,2,,
63653,91471,92263,28832,0,,
63654,91470,92263,28832,14,,
63655,91471,92262,28832,7,,
63656,91470,92262,28832,0,,
63657,91471,92264,28832,2,,
63658,91470,92264,28832,0,,
63695,91512,92308,28847,0,,
63696,91513,92308,28847,2,,
63697,91512,92307,28847,4,,
63698,91513,92307,28847,10,,
63699,91512,92306,28847,7,,
63700,91513,92306,28847,0,,
63701,91512,92305,28847,2,,
63702,91513,92305,28847,0,,
63703,91515,92312,28848,2,,
63704,91516,92312,28848,0,,
63705,91515,92311,28848,2,,
63706,91516,92311,28848,12,,
63707,91515,92310,28848,7,,
63708,91516,92310,28848,0,,
63709,91515,92309,28848,2,,
63710,91516,92309,28848,0,,
63717,91528,92319,28853,0,,
63718,91529,92319,28853,1,,
63719,91528,92318,28853,0,,
63720,91529,92318,28853,1,,
63721,91528,92317,28853,0,,
63722,91529,92317,28853,1,,
63723,91528,92320,28853,1,,
63724,91529,92320,28853,0,,
63725,91528,92321,28853,0,,
63726,91529,92321,28853,1,,
63727,91528,92322,28853,1,,
63728,91529,92322,28853,0,,
63747,91541,92344,28857,0,,
63748,91540,92344,28857,7,,
63749,91541,92341,28857,1,,
63750,91540,92341,28857,1,,
63751,91541,92343,28857,0,,
63752,91540,92343,28857,7,,
63753,91541,92342,28857,7,,
63754,91540,92342,28857,0,,
63755,91543,92348,28858,2,,
63756,91542,92348,28858,0,,
63757,91543,92345,28858,2,,
63758,91542,92345,28858,0,,
63759,91543,92347,28858,1,,
63760,91542,92347,28858,13,,
63761,91543,92346,28858,7,,
63762,91542,92346,28858,0,,
63837,91628,92432,28887,2,,
63838,91629,92432,28887,0,,
63839,91628,92433,28887,7,,
63840,91629,92433,28887,0,,
63841,91628,92434,28887,1,,
63842,91629,92434,28887,13,,
63843,91628,92435,28887,2,,
63844,91629,92435,28887,0,,
63851,91634,92444,28889,7,,
63852,91633,92444,28889,7,,
63853,91634,92445,28889,2,,
63854,91633,92445,28889,0,,
63855,91634,92442,28889,2,,
63856,91633,92442,28889,0,,
63857,91634,92443,28889,0,,
63858,91633,92443,28889,7,,
63859,91639,92459,28891,2,,
63860,91640,92459,28891,0,,
63861,91639,92458,28891,7,,
63862,91640,92458,28891,7,,
63863,91639,92457,28891,7,,
63864,91640,92457,28891,0,,
63865,91639,92456,28891,0,,
63866,91640,92456,28891,2,,
63870,91645,92466,28893,0,,
63871,91644,92466,28893,2,,
63872,91645,92464,28893,0,,
63873,91644,92464,28893,7,,
63874,91645,92465,28893,12,,
63875,91644,92465,28893,2,,
63876,91645,92463,28893,2,,
63877,91644,92463,28893,0,,
63905,91683,92496,28905,1,,
63906,91682,92496,28905,13,,
63907,91683,92497,28905,2,,
63908,91682,92497,28905,0,,
63909,91683,92495,28905,7,,
63910,91682,92495,28905,0,,
63911,91683,92494,28905,2,,
63912,91682,92494,28905,0,,
63916,91688,92501,28907,2,,
63917,91687,92501,28907,0,,
63918,91688,92502,28907,7,,
63919,91687,92502,28907,0,,
63920,91688,92503,28907,2,,
63921,91687,92503,28907,12,,
63922,91688,92504,28907,2,,
63923,91687,92504,28907,0,,
63934,91699,92515,28911,0,,
63935,91700,92515,28911,2,,
63936,91699,92518,28911,2,,
63937,91700,92518,28911,0,,
63938,91699,92517,28911,13,,
63939,91700,92517,28911,1,,
63940,91699,92516,28911,0,,
63941,91700,92516,28911,7,,
63942,91701,92519,28912,2,,
63943,91702,92519,28912,0,,
63944,91701,92522,28912,2,,
63945,91702,92522,28912,0,,
63946,91701,92521,28912,14,,
63947,91702,92521,28912,0,,
63948,91701,92520,28912,2,,
63949,91702,92520,28912,5,,
63950,91704,92523,28913,2,,
63951,91703,92523,28913,0,,
63952,91704,92526,28913,2,,
63953,91703,92526,28913,0,,
63954,91704,92525,28913,0,,
63955,91703,92525,28913,14,,
63956,91704,92524,28913,6,,
63957,91703,92524,28913,1,,
63966,91710,92535,28916,2,,
63967,91711,92535,28916,0,,
63968,91710,92538,28916,2,,
63969,91711,92538,28916,0,,
63970,91710,92536,28916,7,,
63971,91711,92536,28916,0,,
63972,91710,92537,28916,2,,
63973,91711,92537,28916,12,,
63974,91713,92539,28917,3,,
63975,91712,92539,28917,0,,
63976,91713,92542,28917,2,,
63977,91712,92542,28917,0,,
63978,91713,92540,28917,7,,
63979,91712,92540,28917,0,,
63980,91713,92541,28917,3,,
63981,91712,92541,28917,17,,
63987,91724,92552,28921,2,,
63988,91723,92552,28921,0,,
63989,91724,92553,28921,7,,
63990,91723,92553,28921,0,,
63991,91724,92554,28921,1,,
63992,91723,92554,28921,13,,
63993,91724,92555,28921,2,,
63994,91723,92555,28921,0,,
63995,91726,92556,28922,2,,
63996,91725,92556,28922,0,,
63997,91726,92557,28922,7,,
63998,91725,92557,28922,0,,
63999,91726,92558,28922,2,,
64000,91725,92558,28922,12,,
64001,91726,92559,28922,2,,
64002,91725,92559,28922,0,,
64003,91732,92565,28924,7,,
64004,91733,92565,28924,0,,
64005,91732,92564,28924,2,,
64006,91733,92564,28924,0,,
64007,91732,92567,28924,2,,
64008,91733,92567,28924,0,,
64009,91732,92566,28924,1,,
64010,91733,92566,28924,13,,
64035,91790,92621,28943,2,,
64036,91789,92621,28943,0,,
64037,91790,92622,28943,7,,
64038,91789,92622,28943,0,,
64039,91790,92623,28943,3,,
64040,91789,92623,28943,11,,
64041,91790,92624,28943,2,,
64042,91789,92624,28943,0,,
64043,91803,92633,28948,0,,
64044,91804,92633,28948,2,,
64045,91803,92635,28948,7,,
64046,91804,92635,28948,7,,
64047,91803,92634,28948,0,,
64048,91804,92634,28948,7,,
64049,91803,92636,28948,2,,
64050,91804,92636,28948,0,,
64051,91806,92637,28949,2,,
64052,91805,92637,28949,0,,
64053,91806,92639,28949,1,,
64054,91805,92639,28949,13,,
64055,91806,92638,28949,7,,
64056,91805,92638,28949,0,,
64057,91806,92640,28949,2,,
64058,91805,92640,28949,0,,
64063,91811,92648,28951,0,,
64064,91812,92648,28951,2,,
64065,91811,92646,28951,7,,
64066,91812,92646,28951,0,,
64067,91811,92647,28951,1,,
64068,91812,92647,28951,13,,
64069,91811,92645,28951,0,,
64070,91812,92645,28951,2,,
64097,91848,92679,28964,7,,
64098,91849,92679,28964,0,,
64099,91848,92678,28964,0,,
64100,91849,92678,28964,2,,
64101,91848,92681,28964,0,,
64102,91849,92681,28964,2,,
64103,91848,92680,28964,6,,
64104,91849,92680,28964,8,,
64127,91879,92707,28974,2,,
64128,91880,92707,28974,0,,
64129,91879,92709,28974,2,,
64130,91880,92709,28974,1,,
64131,91879,92708,28974,0,,
64132,91880,92708,28974,3,,
64141,91889,92720,28978,0,,
64142,91888,92720,28978,2,,
64143,91889,92721,28978,0,,
64144,91888,92721,28978,7,,
64145,91889,92722,28978,8,,
64146,91888,92722,28978,6,,
64147,91889,92723,28978,2,,
64148,91888,92723,28978,0,,
64157,91907,92743,28985,4,,
64158,91909,92743,28985,7,,
64159,91908,92743,28985,3,,
64160,91907,92742,28985,0,,
64161,91909,92742,28985,0,,
64162,91908,92742,28985,7,,
64163,91907,92741,28985,2,,
64164,91909,92741,28985,0,,
64165,91908,92741,28985,0,,
64166,91907,92744,28985,2,,
64167,91909,92744,28985,0,,
64168,91908,92744,28985,0,,
64172,91925,92759,28991,7,,
64173,91926,92759,28991,0,,
64174,91925,92760,28991,2,,
64175,91926,92760,28991,0,,
64176,91925,92761,28991,1,,
64177,91926,92761,28991,9,,
64194,91960,92792,29003,2,,
64195,91959,92792,29003,0,,
64196,91960,92793,29003,7,,
64197,91959,92793,29003,0,,
64198,91960,92794,29003,6,,
64199,91959,92794,29003,8,,
64200,91960,92795,29003,0,,
64201,91959,92795,29003,2,,
64284,92055,92888,29034,0,,
64285,92056,92888,29034,2,,
64286,92055,92887,29034,0,,
64287,92056,92887,29034,14,,
64288,92055,92886,29034,0,,
64289,92056,92886,29034,7,,
64290,92055,92885,29034,2,,
64291,92056,92885,29034,0,,
64292,92061,92895,29036,2,,
64293,92060,92895,29036,0,,
64294,92061,92894,29036,1,,
64295,92060,92894,29036,13,,
64296,92061,92893,29036,7,,
64297,92060,92893,29036,0,,
64298,92061,92892,29036,2,,
64299,92060,92892,29036,0,,
64304,92071,92905,29040,0,,
64305,92072,92905,29040,4,,
64306,92071,92906,29040,5,,
64307,92072,92906,29040,2,,
64308,92080,92913,29043,5,,
64309,92079,92913,29043,0,,
64310,92080,92914,29043,0,,
64311,92079,92914,29043,5,,
64312,92082,92917,29044,10,,
64313,92081,92917,29044,4,,
64314,92082,92916,29044,0,,
64315,92081,92916,29044,7,,
64316,92082,92918,29044,0,,
64317,92081,92918,29044,2,,
64318,92082,92915,29044,2,,
64319,92081,92915,29044,0,,
64328,92108,92939,29053,0,,
64329,92107,92939,29053,2,,
64330,92108,92941,29053,4,,
64331,92107,92941,29053,10,,
64332,92108,92940,29053,7,,
64333,92107,92940,29053,0,,
64334,92108,92942,29053,2,,
64335,92107,92942,29053,0,,
64413,92267,93085,29100,2,,
64414,92266,93085,29100,0,,
64415,92267,93087,29100,10,,
64416,92266,93087,29100,4,,
64417,92267,93086,29100,0,,
64418,92266,93086,29100,7,,
64419,92267,93088,29100,0,,
64420,92266,93088,29100,2,,
64421,92269,93090,29101,0,,
64422,92268,93090,29101,7,,
64423,92269,93091,29101,10,,
64424,92268,93091,29101,4,,
64425,92269,93089,29101,2,,
64426,92268,93089,29101,0,,
64427,92269,93092,29101,0,,
64428,92268,93092,29101,2,,
64433,92280,93103,29105,2,,
64434,92281,93103,29105,0,,
64435,92280,93107,29105,0,,
64436,92281,93107,29105,3,,
64437,92280,93106,29105,0,,
64438,92281,93106,29105,2,,
64439,92280,93105,29105,4,,
64440,92281,93105,29105,10,,
64441,92280,93104,29105,7,,
64442,92281,93104,29105,0,,
64455,92303,93128,29111,0,,
64456,92304,93128,29111,2,,
64457,92303,93129,29111,7,,
64458,92304,93129,29111,0,,
64459,92303,93130,29111,4,,
64460,92304,93130,29111,10,,
64461,92303,93131,29111,2,,
64462,92304,93131,29111,0,,
64494,92344,93167,29124,0,,
64495,92343,93167,29124,0,,
64496,92342,93167,29124,2,,
64497,92344,93170,29124,0,,
64498,92343,93170,29124,0,,
64499,92342,93170,29124,2,,
64500,92344,93169,29124,0,,
64501,92343,93169,29124,14,,
64502,92342,93169,29124,0,,
64503,92344,93168,29124,4,,
64504,92343,93168,29124,2,,
64505,92342,93168,29124,1,,
64506,92349,93177,29126,0,,
64507,92350,93177,29126,2,,
64508,92349,93176,29126,10,,
64509,92350,93176,29126,4,,
64510,92349,93175,29126,0,,
64511,92350,93175,29126,7,,
64512,92349,93174,29126,2,,
64513,92350,93174,29126,0,,
64525,92376,93199,29133,7,,
64526,92375,93199,29133,0,,
64527,92376,93198,29133,2,,
64528,92375,93198,29133,0,,
64529,92376,93202,29133,0,,
64530,92375,93202,29133,2,,
64531,92376,93200,29133,5,,
64532,92375,93200,29133,9,,
64533,92376,93201,29133,2,,
64534,92375,93201,29133,0,,
64541,92397,93225,29139,0,,
64542,92398,93225,29139,2,,
64543,92399,93225,29139,0,,
64544,92397,93224,29139,0,,
64545,92398,93224,29139,1,,
64546,92399,93224,29139,0,,
64547,92397,93226,29139,0,,
64548,92398,93226,29139,0,,
64549,92399,93226,29139,1,,
64550,92397,93223,29139,0,,
64551,92398,93223,29139,2,,
64552,92399,93223,29139,0,,
64553,92397,93222,29139,5,,
64554,92398,93222,29139,0,,
64555,92399,93222,29139,0,,
64574,92409,93245,29143,2,,
64575,92410,93245,29143,0,,
64576,92409,93246,29143,7,,
64577,92410,93246,29143,0,,
64578,92409,93247,29143,3,,
64579,92410,93247,29143,11,,
64580,92409,93248,29143,0,,
64581,92410,93248,29143,2,,
64588,92415,93258,29145,2,,
64589,92414,93258,29145,0,,
64590,92415,93257,29145,11,,
64591,92414,93257,29145,3,,
64592,92415,93256,29145,0,,
64593,92414,93256,29145,7,,
64594,92415,93255,29145,0,,
64595,92414,93255,29145,2,,
64596,92417,93259,29146,2,,
64597,92416,93259,29146,0,,
64598,92417,93262,29146,2,,
64599,92416,93262,29146,0,,
64600,92417,93261,29146,3,,
64601,92416,93261,29146,11,,
64602,92417,93260,29146,7,,
64603,92416,93260,29146,0,,
64604,92419,93263,29147,0,,
64605,92418,93263,29147,2,,
64606,92419,93266,29147,2,,
64607,92418,93266,29147,0,,
64608,92419,93264,29147,0,,
64609,92418,93264,29147,7,,
64610,92419,93265,29147,11,,
64611,92418,93265,29147,3,,
64612,92421,93267,29148,0,,
64613,92420,93267,29148,2,,
64614,92421,93270,29148,2,,
64615,92420,93270,29148,0,,
64616,92421,93268,29148,0,,
64617,92420,93268,29148,7,,
64618,92421,93269,29148,11,,
64619,92420,93269,29148,3,,
64620,92423,93274,29149,0,,
64621,92422,93274,29149,2,,
64622,92423,93272,29149,0,,
64623,92422,93272,29149,7,,
64624,92423,93273,29149,0,,
64625,92422,93273,29149,14,,
64626,92423,93271,29149,1,,
64627,92422,93271,29149,1,,
64634,92455,93304,29157,7,,
64635,92456,93304,29157,0,,
64636,92455,93305,29157,0,,
64637,92456,93305,29157,14,,
64638,92455,93306,29157,2,,
64639,92456,93306,29157,0,,
64640,92455,93303,29157,0,,
64641,92456,93303,29157,2,,
64645,92461,93312,29159,6,,
64646,92460,93312,29159,8,,
64647,92461,93310,29159,2,,
64648,92460,93310,29159,0,,
64649,92461,93313,29159,2,,
64650,92460,93313,29159,0,,
64651,92461,93311,29159,0,,
64652,92460,93311,29159,7,,
64697,92528,93386,29180,3,,
64698,92527,93386,29180,11,,
64699,92528,93387,29180,2,,
64700,92527,93387,29180,0,,
64701,92528,93384,29180,2,,
64702,92527,93384,29180,0,,
64703,92528,93385,29180,7,,
64704,92527,93385,29180,0,,
64714,92544,93407,29186,2,,
64715,92543,93407,29186,0,,
64716,92544,93406,29186,1,,
64717,92543,93406,29186,13,,
64718,92544,93405,29186,7,,
64719,92543,93405,29186,0,,
64720,92544,93404,29186,2,,
64721,92543,93404,29186,0,,
64778,92612,93468,29209,4,,
64779,92613,93468,29209,10,,
64780,92612,93469,29209,0,,
64781,92613,93469,29209,2,,
64782,92612,93466,29209,2,,
64783,92613,93466,29209,0,,
64784,92612,93467,29209,7,,
64785,92613,93467,29209,0,,
64786,92614,93470,29210,2,,
64787,92615,93470,29210,0,,
64788,92614,93471,29210,7,,
64789,92615,93471,29210,0,,
64790,92614,93473,29210,0,,
64791,92615,93473,29210,2,,
64792,92614,93472,29210,4,,
64793,92615,93472,29210,10,,
64794,92616,93476,29211,0,,
64795,92617,93476,29211,5,,
64796,92618,93476,29211,1,,
64797,92616,93475,29211,5,,
64798,92617,93475,29211,1,,
64799,92618,93475,29211,0,,
64800,92616,93474,29211,0,,
64801,92617,93474,29211,0,,
64802,92618,93474,29211,6,,
64809,92622,93486,29213,2,,
64810,92623,93486,29213,0,,
64811,92622,93485,29213,9,,
64812,92623,93485,29213,5,,
64813,92622,93484,29213,7,,
64814,92623,93484,29213,0,,
64815,92622,93483,29213,0,,
64816,92623,93483,29213,2,,
64832,92644,93509,29221,0,,
64833,92645,93509,29221,7,,
64834,92644,93508,29221,0,,
64835,92645,93508,29221,2,,
64836,92644,93511,29221,2,,
64837,92645,93511,29221,0,,
64838,92644,93510,29221,11,,
64839,92645,93510,29221,3,,
64860,92681,93551,29232,0,,
64861,92680,93551,29232,1,,
64862,92681,93550,29232,0,,
64863,92680,93550,29232,15,,
64864,92681,93549,29232,30,,
64865,92680,93549,29232,0,,
64866,92681,93548,29232,13,,
64867,92680,93548,29232,17,,
64868,92681,93554,29232,30,,
64869,92680,93554,29232,0,,
64870,92681,93552,29232,10,,
64871,92680,93552,29232,0,,
64872,92681,93553,29232,0,,
64873,92680,93553,29232,4,,
64885,92713,93584,29242,2,,
64886,92712,93584,29242,0,,
64887,92713,93581,29242,2,,
64888,92712,93581,29242,0,,
64889,92713,93582,29242,7,,
64890,92712,93582,29242,0,,
64891,92713,93583,29242,2,,
64892,92712,93583,29242,12,,
64903,92724,93597,29246,0,,
64904,92725,93597,29246,14,,
64905,92724,93596,29246,6,,
64906,92725,93596,29246,1,,
64907,92724,93598,29246,0,,
64908,92725,93598,29246,2,,
64909,92724,93595,29246,0,,
64910,92725,93595,29246,2,,
64918,92764,93633,29254,2,,
64919,92763,93633,29254,0,,
64920,92764,93634,29254,7,,
64921,92763,93634,29254,0,,
64922,92764,93635,29254,1,,
64923,92763,93635,29254,13,,
64924,92764,93636,29254,2,,
64925,92763,93636,29254,0,,
64948,92802,93671,29269,2,,
64949,92801,93671,29269,0,,
64950,92802,93674,29269,1,,
64951,92801,93674,29269,1,,
64952,92802,93672,29269,7,,
64953,92801,93672,29269,0,,
64954,92802,93673,29269,0,,
64955,92801,93673,29269,14,,
64995,92859,93737,29286,2,,
64996,92860,93737,29286,0,,
64997,92859,93739,29286,2,,
64998,92860,93739,29286,12,,
64999,92859,93738,29286,7,,
65000,92860,93738,29286,0,,
65001,92859,93740,29286,2,,
65002,92860,93740,29286,0,,
65003,92878,93755,29292,0,,
65004,92879,93755,29292,0,,
65005,92882,93755,29292,0,,
65006,92881,93755,29292,2,,
65007,92880,93755,29292,0,,
65008,92878,93756,29292,0,,
65009,92879,93756,29292,7,,
65010,92882,93756,29292,0,,
65011,92881,93756,29292,0,,
65012,92880,93756,29292,0,,
65013,92878,93757,29292,5,,
65014,92879,93757,29292,3,,
65015,92882,93757,29292,3,,
65016,92881,93757,29292,1,,
65017,92880,93757,29292,2,,
65018,92878,93758,29292,0,,
65019,92879,93758,29292,0,,
65020,92882,93758,29292,0,,
65021,92881,93758,29292,0,,
65022,92880,93758,29292,2,,
65023,92890,93765,29294,0,,
65024,92889,93765,29294,5,,
65025,92888,93765,29294,0,,
65026,92887,93765,29294,0,,
65027,92886,93765,29294,0,,
65028,92890,93764,29294,0,,
65029,92889,93764,29294,0,,
65030,92888,93764,29294,4,,
65031,92887,93764,29294,0,,
65032,92886,93764,29294,3,,
65033,92890,93763,29294,0,,
65034,92889,93763,29294,0,,
65035,92888,93763,29294,0,,
65036,92887,93763,29294,4,,
65037,92886,93763,29294,0,,
65038,92890,93762,29294,4,,
65039,92889,93762,29294,0,,
65040,92888,93762,29294,0,,
65041,92887,93762,29294,0,,
65042,92886,93762,29294,2,,
65067,92916,93797,29303,5,,
65068,92915,93797,29303,9,,
65069,92916,93796,29303,0,,
65070,92915,93796,29303,7,,
65071,92916,93798,29303,2,,
65072,92915,93798,29303,0,,
65073,92916,93795,29303,2,,
65074,92915,93795,29303,0,,
65129,92974,93860,29322,2,,
65130,92973,93860,29322,0,,
65131,92974,93861,29322,7,,
65132,92973,93861,29322,0,,
65133,92974,93862,29322,0,,
65134,92973,93862,29322,14,,
65135,92974,93863,29322,2,,
65136,92973,93863,29322,0,,
65147,92986,93875,29326,7,,
65148,92985,93875,29326,0,,
65149,92986,93874,29326,2,,
65150,92985,93874,29326,0,,
65151,92986,93877,29326,2,,
65152,92985,93877,29326,0,,
65153,92986,93876,29326,4,,
65154,92985,93876,29326,10,,
65158,92993,93885,29329,0,,
65159,92994,93885,29329,7,,
65160,92993,93884,29329,0,,
65161,92994,93884,29329,2,,
65162,92993,93887,29329,1,,
65163,92994,93887,29329,1,,
65164,92993,93886,29329,14,,
65165,92994,93886,29329,0,,
65181,93030,93915,29338,0,,
65182,93029,93915,29338,7,,
65183,93030,93914,29338,7,,
65184,93029,93914,29338,7,,
65185,93030,93913,29338,1,,
65186,93029,93913,29338,0,,
65187,93030,93912,29338,7,,
65188,93029,93912,29338,0,,
65198,93057,93941,29346,7,,
65199,93058,93941,29346,0,,
65200,93057,93940,29346,2,,
65201,93058,93940,29346,0,,
65202,93057,93943,29346,2,,
65203,93058,93943,29346,0,,
65204,93057,93942,29346,0,,
65205,93058,93942,29346,14,,
65206,93059,93945,29347,0,,
65207,93060,93945,29347,7,,
65208,93059,93944,29347,2,,
65209,93060,93944,29347,0,,
65210,93059,93947,29347,2,,
65211,93060,93947,29347,0,,
65212,93059,93946,29347,8,,
65213,93060,93946,29347,6,,
65227,93067,93955,29351,7,,
65228,93068,93955,29351,0,,
65229,93067,93954,29351,2,,
65230,93068,93954,29351,0,,
65231,93067,93957,29351,2,,
65232,93068,93957,29351,0,,
65233,93067,93956,29351,2,,
65234,93068,93956,29351,12,,
65235,93069,93961,29352,2,,
65236,93070,93961,29352,0,,
65237,93069,93960,29352,2,,
65238,93070,93960,29352,12,,
65239,93069,93959,29352,7,,
65240,93070,93959,29352,0,,
65241,93069,93958,29352,2,,
65242,93070,93958,29352,0,,
65291,93162,94044,29381,2,,
65292,93163,94044,29381,0,,
65293,93162,94045,29381,0,,
65294,93163,94045,29381,7,,
65295,93162,94046,29381,13,,
65296,93163,94046,29381,1,,
65297,93162,94047,29381,0,,
65298,93163,94047,29381,2,,
65313,93181,94062,29386,0,,
65314,93180,94062,29386,2,,
65315,93181,94061,29386,2,,
65316,93180,94061,29386,12,,
65317,93181,94060,29386,7,,
65318,93180,94060,29386,0,,
65319,93181,94059,29386,2,,
65320,93180,94059,29386,0,,
65321,93183,94063,29387,2,,
65322,93182,94063,29387,0,,
65323,93183,94066,29387,2,,
65324,93182,94066,29387,0,,
65325,93183,94064,29387,0,,
65326,93182,94064,29387,7,,
65327,93183,94065,29387,14,,
65328,93182,94065,29387,0,,
65332,93188,94072,29389,10,,
65333,93187,94072,29389,4,,
65334,93188,94073,29389,0,,
65335,93187,94073,29389,2,,
65336,93188,94070,29389,2,,
65337,93187,94070,29389,0,,
65338,93188,94071,29389,0,,
65339,93187,94071,29389,7,,
65359,93214,94097,29397,0,,
65360,93213,94097,29397,2,,
65361,93214,94099,29397,14,,
65362,93213,94099,29397,0,,
65363,93214,94098,29397,5,,
65364,93213,94098,29397,2,,
65365,93214,94100,29397,0,,
65366,93213,94100,29397,2,,
65367,93215,94101,29398,5,,
65368,93216,94101,29398,5,,
65369,93215,94102,29398,10,,
65370,93216,94102,29398,0,,
65401,93225,94130,29402,0,,
65402,93226,94130,29402,2,,
65403,93225,94129,29402,0,,
65404,93226,94129,29402,14,,
65405,93225,94128,29402,7,,
65406,93226,94128,29402,0,,
65407,93225,94127,29402,2,,
65408,93226,94127,29402,0,,
65415,93236,94139,29406,2,,
65416,93237,94139,29406,0,,
65417,93238,94139,29406,0,,
65418,93236,94138,29406,6,,
65419,93237,94138,29406,6,,
65420,93238,94138,29406,2,,
65421,93236,94137,29406,0,,
65422,93237,94137,29406,0,,
65423,93238,94137,29406,7,,
65424,93236,94136,29406,0,,
65425,93237,94136,29406,2,,
65426,93238,94136,29406,0,,
65456,93288,94183,29420,2,,
65457,93287,94183,29420,0,,
65458,93288,94186,29420,2,,
65459,93287,94186,29420,0,,
65460,93288,94184,29420,0,,
65461,93287,94184,29420,7,,
65462,93288,94185,29420,6,,
65463,93287,94185,29420,8,,
65501,93346,94252,29438,0,,
65502,93347,94252,29438,2,,
65503,93346,94249,29438,2,,
65504,93347,94249,29438,0,,
65505,93346,94250,29438,0,,
65506,93347,94250,29438,7,,
65507,93346,94251,29438,10,,
65508,93347,94251,29438,4,,
65596,93502,94392,29486,2,,
65597,93503,94392,29486,0,,
65598,93502,94393,29486,0,,
65599,93503,94393,29486,7,,
65600,93502,94394,29486,2,,
65601,93503,94394,29486,12,,
65602,93502,94395,29486,0,,
65603,93503,94395,29486,2,,
65616,93522,94415,29493,7,,
65617,93523,94415,29493,0,,
65618,93522,94414,29493,0,,
65619,93523,94414,29493,2,,
65620,93522,94416,29493,0,,
65621,93523,94416,29493,14,,
65622,93522,94417,29493,2,,
65623,93523,94417,29493,0,,
65689,93610,94493,29521,3,,
65690,93611,94493,29521,4,,
65691,93610,94492,29521,0,,
65692,93611,94492,29521,2,,
65693,93610,94495,29521,2,,
65694,93611,94495,29521,0,,
65695,93610,94494,29521,0,,
65696,93611,94494,29521,14,,
65697,93617,94502,29523,2,,
65698,93616,94502,29523,0,,
65699,93617,94500,29523,7,,
65700,93616,94500,29523,0,,
65701,93617,94501,29523,4,,
65702,93616,94501,29523,10,,
65703,93617,94499,29523,0,,
65704,93616,94499,29523,2,,
65711,93628,94515,29527,0,,
65712,93627,94515,29527,2,,
65713,93628,94514,29527,6,,
65714,93627,94514,29527,8,,
65715,93628,94513,29527,7,,
65716,93627,94513,29527,0,,
65717,93628,94512,29527,2,,
65718,93627,94512,29527,0,,
65719,93630,94519,29528,0,,
65720,93629,94519,29528,2,,
65721,93630,94518,29528,5,,
65722,93629,94518,29528,9,,
65723,93630,94517,29528,7,,
65724,93629,94517,29528,0,,
65725,93630,94516,29528,2,,
65726,93629,94516,29528,0,,
65733,93655,94549,29536,0,,
65734,93656,94549,29536,2,,
65735,93655,94551,29536,14,,
65736,93656,94551,29536,0,,
65737,93655,94550,29536,1,,
65738,93656,94550,29536,6,,
65739,93655,94552,29536,2,,
65740,93656,94552,29536,0,,
65744,93661,94557,29538,0,,
65745,93660,94557,29538,7,,
65746,93662,94557,29538,0,,
65747,93661,94556,29538,0,,
65748,93660,94556,29538,2,,
65749,93662,94556,29538,0,,
65750,93661,94559,29538,2,,
65751,93660,94559,29538,0,,
65752,93662,94559,29538,0,,
65753,93661,94558,29538,7,,
65754,93660,94558,29538,1,,
65755,93662,94558,29538,6,,
65759,93666,94563,29540,0,,
65760,93667,94563,29540,2,,
65761,93666,94566,29540,0,,
65762,93667,94566,29540,2,,
65763,93666,94564,29540,7,,
65764,93667,94564,29540,0,,
65765,93666,94565,29540,6,,
65766,93667,94565,29540,8,,
65774,93678,94579,29545,2,,
65775,93677,94579,29545,0,,
65776,93678,94578,29545,6,,
65777,93677,94578,29545,8,,
65778,93678,94577,29545,7,,
65779,93677,94577,29545,0,,
65780,93678,94576,29545,0,,
65781,93677,94576,29545,2,,
65782,93680,94583,29546,2,,
65783,93679,94583,29546,0,,
65784,93680,94582,29546,9,,
65785,93679,94582,29546,5,,
65786,93680,94581,29546,0,,
65787,93679,94581,29546,7,,
65788,93680,94580,29546,0,,
65789,93679,94580,29546,2,,
65812,93705,94612,29556,6,,
65813,93704,94612,29556,8,,
65814,93705,94613,29556,0,,
65815,93704,94613,29556,2,,
65816,93705,94610,29556,2,,
65817,93704,94610,29556,0,,
65818,93705,94611,29556,7,,
65819,93704,94611,29556,0,,
65826,93712,94620,29559,1,,
65827,93713,94620,29559,0,,
65828,93712,94621,29559,0,,
65829,93713,94621,29559,5,,
65830,93712,94622,29559,1,,
65831,93713,94622,29559,7,,
65832,93712,94623,29559,4,,
65833,93713,94623,29559,0,,
65863,93741,94648,29568,0,,
65864,93740,94648,29568,2,,
65865,93741,94646,29568,0,,
65866,93740,94646,29568,7,,
65867,93741,94647,29568,10,,
65868,93740,94647,29568,4,,
65869,93741,94645,29568,2,,
65870,93740,94645,29568,0,,
65871,93743,94652,29569,0,,
65872,93742,94652,29569,2,,
65873,93743,94650,29569,7,,
65874,93742,94650,29569,0,,
65875,93743,94651,29569,6,,
65876,93742,94651,29569,8,,
65877,93743,94649,29569,2,,
65878,93742,94649,29569,0,,
65906,93782,94691,29581,2,,
65907,93780,94691,29581,0,,
65908,93781,94691,29581,0,,
65909,93782,94694,29581,0,,
65910,93780,94694,29581,0,,
65911,93781,94694,29581,2,,
65912,93782,94693,29581,3,,
65913,93780,94693,29581,5,,
65914,93781,94693,29581,6,,
65915,93782,94692,29581,7,,
65916,93780,94692,29581,0,,
65917,93781,94692,29581,0,,
65918,93784,94698,29582,2,,
65919,93783,94698,29582,0,,
65920,93784,94697,29582,2,,
65921,93783,94697,29582,12,,
65922,93784,94696,29582,0,,
65923,93783,94696,29582,7,,
65924,93784,94695,29582,2,,
65925,93783,94695,29582,0,,
65932,93791,94706,29585,0,,
65933,93792,94706,29585,7,,
65934,93791,94707,29585,10,,
65935,93792,94707,29585,4,,
65936,93791,94705,29585,0,,
65937,93792,94705,29585,2,,
65938,93791,94708,29585,2,,
65939,93792,94708,29585,0,,
65964,93816,94739,29594,0,,
65965,93815,94739,29594,2,,
65966,93816,94742,29594,0,,
65967,93815,94742,29594,2,,
65968,93816,94741,29594,12,,
65969,93815,94741,29594,2,,
65970,93816,94740,29594,0,,
65971,93815,94740,29594,7,,
65972,93817,94743,29595,2,,
65973,93818,94743,29595,0,,
65974,93817,94746,29595,2,,
65975,93818,94746,29595,0,,
65976,93817,94745,29595,2,,
65977,93818,94745,29595,12,,
65978,93817,94744,29595,7,,
65979,93818,94744,29595,0,,
65998,93831,94768,29601,3,,
65999,93832,94768,29601,0,,
66000,93831,94765,29601,3,,
66001,93832,94765,29601,0,,
66002,93831,94766,29601,4,,
66003,93832,94766,29601,0,,
66004,93831,94767,29601,0,,
66005,93832,94767,29601,17,,
66006,93834,94769,29602,1,,
66007,93833,94769,29602,0,,
66008,93834,94771,29602,3,,
66009,93833,94771,29602,11,,
66010,93834,94770,29602,5,,
66011,93833,94770,29602,0,,
66012,93834,94772,29602,3,,
66013,93833,94772,29602,0,,
66014,93835,94773,29603,1,,
66015,93836,94773,29603,0,,
66016,93835,94775,29603,2,,
66017,93836,94775,29603,12,,
66018,93835,94774,29603,5,,
66019,93836,94774,29603,0,,
66020,93835,94776,29603,3,,
66021,93836,94776,29603,0,,
66022,93838,94777,29604,1,,
66023,93837,94777,29604,0,,
66024,93838,94779,29604,2,,
66025,93837,94779,29604,12,,
66026,93838,94778,29604,5,,
66027,93837,94778,29604,0,,
66028,93838,94780,29604,3,,
66029,93837,94780,29604,0,,
66030,93840,94784,29605,3,,
66031,93839,94784,29605,0,,
66032,93840,94781,29605,1,,
66033,93839,94781,29605,0,,
66034,93840,94783,29605,2,,
66035,93839,94783,29605,12,,
66036,93840,94782,29605,5,,
66037,93839,94782,29605,0,,
66038,93842,94788,29606,0,,
66039,93841,94788,29606,3,,
66040,93842,94786,29606,5,,
66041,93841,94786,29606,0,,
66042,93842,94787,29606,4,,
66043,93841,94787,29606,10,,
66044,93842,94785,29606,0,,
66045,93841,94785,29606,1,,
66046,93843,94790,29607,8,,
66047,93844,94790,29607,6,,
66048,93843,94791,29607,3,,
66049,93844,94791,29607,0,,
66050,93843,94789,29607,0,,
66051,93844,94789,29607,5,,
66052,93846,94794,29608,0,,
66053,93845,94794,29608,3,,
66054,93846,94792,29608,5,,
66055,93845,94792,29608,0,,
66056,93846,94793,29608,5,,
66057,93845,94793,29608,9,,
66074,93860,94816,29614,0,,
66075,93861,94816,29614,2,,
66076,93860,94815,29614,14,,
66077,93861,94815,29614,0,,
66078,93860,94814,29614,0,,
66079,93861,94814,29614,7,,
66080,93860,94813,29614,0,,
66081,93861,94813,29614,2,,
66089,93869,94824,29617,0,,
66090,93870,94824,29617,2,,
66091,93869,94825,29617,7,,
66092,93870,94825,29617,0,,
66093,93869,94826,29617,7,,
66094,93870,94826,29617,7,,
66095,93869,94827,29617,2,,
66096,93870,94827,29617,0,,
66097,93872,94828,29618,2,,
66098,93871,94828,29618,0,,
66099,93872,94829,29618,0,,
66100,93871,94829,29618,7,,
66101,93872,94830,29618,7,,
66102,93871,94830,29618,7,,
66103,93872,94831,29618,0,,
66104,93871,94831,29618,2,,
66159,93945,94907,29642,0,,
66160,93946,94907,29642,2,,
66161,93945,94908,29642,7,,
66162,93946,94908,29642,0,,
66163,93945,94909,29642,7,,
66164,93946,94909,29642,7,,
66165,93945,94910,29642,2,,
66166,93946,94910,29642,0,,
66170,93953,94919,29645,0,,
66171,93952,94919,29645,2,,
66172,93953,94918,29645,2,,
66173,93952,94918,29645,12,,
66174,93953,94917,29645,7,,
66175,93952,94917,29645,0,,
66176,93953,94916,29645,2,,
66177,93952,94916,29645,0,,
66185,93967,94934,29649,0,,
66186,93966,94934,29649,1,,
66187,93967,94932,29649,0,,
66188,93966,94932,29649,1,,
66189,93967,94933,29649,1,,
66190,93966,94933,29649,0,,
66191,93967,94931,29649,1,,
66192,93966,94931,29649,0,,
66291,94101,95069,29693,1,,
66292,94100,95069,29693,0,,
66293,94103,95069,29693,0,,
66294,94102,95069,29693,0,,
66295,94101,95068,29693,0,,
66296,94100,95068,29693,1,,
66297,94103,95068,29693,0,,
66298,94102,95068,29693,0,,
66299,94101,95067,29693,0,,
66300,94100,95067,29693,0,,
66301,94103,95067,29693,0,,
66302,94102,95067,29693,1,,
66303,94101,95066,29693,0,,
66304,94100,95066,29693,0,,
66305,94103,95066,29693,1,,
66306,94102,95066,29693,0,,
66309,94115,95078,29698,7,,
66310,94116,95078,29698,0,,
66311,94115,95079,29698,1,,
66312,94116,95079,29698,13,,
66313,94115,95077,29698,0,,
66314,94116,95077,29698,2,,
66315,94115,95080,29698,0,,
66316,94116,95080,29698,2,,
66332,94153,95115,29711,10,,
66333,94154,95115,29711,1,,
66334,94155,95115,29711,10,,
66335,94153,95117,29711,0,,
66336,94154,95117,29711,3,,
66337,94155,95117,29711,0,,
66338,94153,95116,29711,0,,
66339,94154,95116,29711,3,,
66340,94155,95116,29711,0,,
66341,94153,95119,29711,0,,
66342,94154,95119,29711,3,,
66343,94155,95119,29711,0,,
66344,94153,95118,29711,0,,
66345,94154,95118,29711,3,,
66346,94155,95118,29711,0,,
66347,94153,95120,29711,0,,
66348,94154,95120,29711,4,,
66349,94155,95120,29711,0,,
66353,94160,95128,29713,0,,
66354,94159,95128,29713,50,,
66355,94160,95129,29713,0,,
66356,94159,95129,29713,12,,
66357,94160,95130,29713,25,,
66358,94159,95130,29713,0,,
66359,94160,95131,29713,0,,
66360,94159,95131,29713,50,,
66361,94160,95132,29713,0,,
66362,94159,95132,29713,12,,
66363,94160,95121,29713,180,,
66364,94159,95121,29713,0,,
66365,94160,95122,29713,25,,
66366,94159,95122,29713,0,,
66367,94160,95123,29713,2,,
66368,94159,95123,29713,48,,
66369,94160,95124,29713,0,,
66370,94159,95124,29713,180,,
66371,94160,95125,29713,50,,
66372,94159,95125,29713,0,,
66373,94160,95126,29713,12,,
66374,94159,95126,29713,0,,
66375,94160,95127,29713,12,,
66376,94159,95127,29713,0,,
66400,94214,95188,29729,7,,
66401,94215,95188,29729,0,,
66402,94216,95188,29729,0,,
66403,94214,95189,29729,3,,
66404,94215,95189,29729,0,,
66405,94216,95189,29729,11,,
66406,94214,95190,29729,0,,
66407,94215,95190,29729,2,,
66408,94216,95190,29729,0,,
66409,94214,95187,29729,0,,
66410,94215,95187,29729,2,,
66411,94216,95187,29729,0,,
66429,94314,95277,29751,2,,
66430,94315,95277,29751,0,,
66431,94314,95278,29751,7,,
66432,94315,95278,29751,0,,
66433,94314,95279,29751,1,,
66434,94315,95279,29751,13,,
66435,94314,95280,29751,2,,
66436,94315,95280,29751,0,,
66520,94481,95431,29796,7,,
66521,94482,95431,29796,0,,
66522,94481,95430,29796,0,,
66523,94482,95430,29796,2,,
66524,94481,95433,29796,0,,
66525,94482,95433,29796,2,,
66526,94481,95432,29796,12,,
66527,94482,95432,29796,2,,
66551,94539,95488,29813,0,,
66552,94540,95488,29813,0,,
66553,94541,95488,29813,0,,
66554,94542,95488,29813,1,,
66555,94539,95484,29813,1,,
66556,94540,95484,29813,1,,
66557,94541,95484,29813,0,,
66558,94542,95484,29813,0,,
66559,94539,95489,29813,0,,
66560,94540,95489,29813,0,,
66561,94541,95489,29813,0,,
66562,94542,95489,29813,3,,
66563,94539,95485,29813,7,,
66564,94540,95485,29813,0,,
66565,94541,95485,29813,0,,
66566,94542,95485,29813,0,,
66567,94539,95486,29813,0,,
66568,94540,95486,29813,4,,
66569,94541,95486,29813,7,,
66570,94542,95486,29813,3,,
66571,94539,95487,29813,1,,
66572,94540,95487,29813,0,,
66573,94541,95487,29813,0,,
66574,94542,95487,29813,0,,
66632,94618,95571,29836,7,,
66633,94619,95571,29836,0,,
66634,94618,95570,29836,2,,
66635,94619,95570,29836,0,,
66636,94618,95573,29836,2,,
66637,94619,95573,29836,0,,
66638,94618,95572,29836,2,,
66639,94619,95572,29836,12,,
66663,94646,95598,29846,0,,
66664,94647,95598,29846,2,,
66665,94646,95599,29846,5,,
66666,94647,95599,29846,2,,
66667,94646,95601,29846,2,,
66668,94647,95601,29846,0,,
66669,94646,95600,29846,0,,
66670,94647,95600,29846,14,,
66725,94712,95655,29867,10,,
66726,94711,95655,29867,4,,
66727,94712,95654,29867,0,,
66728,94711,95654,29867,7,,
66729,94712,95653,29867,0,,
66730,94711,95653,29867,2,,
66731,94712,95656,29867,0,,
66732,94711,95656,29867,2,,
66740,94722,95668,29871,2,,
66741,94721,95668,29871,12,,
66742,94722,95669,29871,2,,
66743,94721,95669,29871,0,,
66744,94722,95666,29871,2,,
66745,94721,95666,29871,0,,
66746,94722,95667,29871,7,,
66747,94721,95667,29871,0,,
66748,94723,95670,29872,2,,
66749,94724,95670,29872,0,,
66750,94723,95671,29872,7,,
66751,94724,95671,29872,0,,
66752,94723,95672,29872,2,,
66753,94724,95672,29872,12,,
66754,94723,95673,29872,2,,
66755,94724,95673,29872,0,,
66758,94730,95681,29875,0,,
66759,94731,95681,29875,2,,
66760,94730,95680,29875,0,,
66761,94731,95680,29875,14,,
66762,94730,95678,29875,2,,
66763,94731,95678,29875,0,,
66764,94730,95679,29875,7,,
66765,94731,95679,29875,0,,
66766,94732,95683,29876,7,,
66767,94733,95683,29876,0,,
66768,94732,95682,29876,0,,
66769,94733,95682,29876,2,,
66770,94732,95685,29876,2,,
66771,94733,95685,29876,0,,
66772,94732,95684,29876,4,,
66773,94733,95684,29876,10,,
66774,94734,95687,29877,1,,
66775,94735,95687,29877,0,,
66776,94734,95686,29877,0,,
66777,94735,95686,29877,1,,
66778,94734,95689,29877,0,,
66779,94735,95689,29877,1,,
66780,94734,95688,29877,1,,
66781,94735,95688,29877,0,,
66782,94734,95691,29877,1,,
66783,94735,95691,29877,0,,
66784,94734,95690,29877,1,,
66785,94735,95690,29877,0,,
66789,94739,95696,29879,7,,
66790,94740,95696,29879,0,,
66791,94739,95697,29879,2,,
66792,94740,95697,29879,12,,
66793,94739,95698,29879,2,,
66794,94740,95698,29879,0,,
66795,94739,95695,29879,2,,
66796,94740,95695,29879,0,,
66804,94749,95703,29882,2,,
66805,94748,95703,29882,0,,
66806,94749,95704,29882,0,,
66807,94748,95704,29882,7,,
66808,94749,95705,29882,9,,
66809,94748,95705,29882,5,,
66810,94749,95706,29882,0,,
66811,94748,95706,29882,2,,
66825,94773,95730,29890,11,,
66826,94774,95730,29890,3,,
66827,94773,95731,29890,0,,
66828,94774,95731,29890,2,,
66829,94773,95728,29890,0,,
66830,94774,95728,29890,2,,
66831,94773,95729,29890,0,,
66832,94774,95729,29890,7,,
66833,94775,95734,29891,10,,
66834,94776,95734,29891,4,,
66835,94775,95735,29891,0,,
66836,94776,95735,29891,2,,
66837,94775,95732,29891,0,,
66838,94776,95732,29891,2,,
66839,94775,95733,29891,0,,
66840,94776,95733,29891,7,,
66847,94784,95744,29894,0,,
66848,94785,95744,29894,0,,
66849,94783,95744,29894,2,,
66850,94784,95742,29894,0,,
66851,94785,95742,29894,2,,
66852,94783,95742,29894,2,,
66853,94784,95743,29894,3,,
66854,94785,95743,29894,1,,
66855,94783,95743,29894,0,,
66856,94786,95746,29895,7,,
66857,94787,95746,29895,0,,
66858,94786,95747,29895,0,,
66859,94787,95747,29895,14,,
66860,94786,95745,29895,2,,
66861,94787,95745,29895,0,,
66862,94786,95748,29895,2,,
66863,94787,95748,29895,0,,
66864,94791,95754,29897,6,,
66865,94792,95754,29897,6,,
66866,94793,95754,29897,2,,
66867,94791,95755,29897,2,,
66868,94792,95755,29897,0,,
66869,94793,95755,29897,0,,
66870,94791,95752,29897,0,,
66871,94792,95752,29897,2,,
66872,94793,95752,29897,0,,
66873,94791,95753,29897,0,,
66874,94792,95753,29897,0,,
66875,94793,95753,29897,7,,
66929,94851,95822,29917,0,,
66930,94852,95822,29917,2,,
66931,94851,95820,29917,0,,
66932,94852,95820,29917,3,,
66933,94851,95821,29917,0,,
66934,94852,95821,29917,3,,
66935,94851,95818,29917,3,,
66936,94852,95818,29917,0,,
66937,94851,95819,29917,2,,
66938,94852,95819,29917,0,,
66939,94851,95817,29917,3,,
66940,94852,95817,29917,0,,
66941,94854,95823,29918,2,,
66942,94853,95823,29918,0,,
66943,94854,95826,29918,2,,
66944,94853,95826,29918,0,,
66945,94854,95825,29918,1,,
66946,94853,95825,29918,13,,
66947,94854,95824,29918,7,,
66948,94853,95824,29918,0,,
66967,94881,95848,29927,7,,
66968,94882,95848,29927,0,,
66969,94881,95849,29927,0,,
66970,94882,95849,29927,14,,
66971,94881,95850,29927,0,,
66972,94882,95850,29927,2,,
66973,94881,95847,29927,2,,
66974,94882,95847,29927,0,,
66985,94896,95865,29934,4,,
66986,94897,95865,29934,0,,
66987,94896,95864,29934,2,,
66988,94897,95864,29934,0,,
66989,94896,95867,29934,1,,
66990,94897,95867,29934,2,,
66991,94896,95866,29934,0,,
66992,94897,95866,29934,10,,
66999,94898,95869,29935,15,,
67000,94899,95869,29935,0,,
67001,94898,95868,29935,20,,
67002,94899,95868,29935,0,,
67003,94898,95871,29935,13,,
67004,94899,95871,29935,27,,
67005,94898,95870,29935,0,,
67006,94899,95870,29935,15,,
67013,94913,95887,29940,2,,
67014,94912,95887,29940,0,,
67015,94913,95886,29940,10,,
67016,94912,95886,29940,4,,
67017,94913,95885,29940,0,,
67018,94912,95885,29940,7,,
67019,94913,95884,29940,2,,
67020,94912,95884,29940,0,,
67021,94921,95894,29943,2,,
67022,94920,95894,29943,0,,
67023,94921,95895,29943,0,,
67024,94920,95895,29943,7,,
67025,94921,95896,29943,6,,
67026,94920,95896,29943,8,,
67027,94921,95897,29943,2,,
67028,94920,95897,29943,0,,
67060,95029,95996,29973,2,,
67061,95028,95996,29973,0,,
67062,95029,95997,29973,0,,
67063,95028,95997,29973,7,,
67064,95029,95998,29973,6,,
67065,95028,95998,29973,8,,
67066,95029,95999,29973,2,,
67067,95028,95999,29973,0,,
67086,95056,96025,29981,0,,
67087,95055,96025,29981,2,,
67088,95056,96027,29981,9,,
67089,95055,96027,29981,5,,
67090,95056,96026,29981,0,,
67091,95055,96026,29981,7,,
67092,95056,96028,29981,2,,
67093,95055,96028,29981,0,,
67096,95060,96031,29983,2,,
67097,95059,96031,29983,0,,
67098,95060,96034,29983,2,,
67099,95059,96034,29983,0,,
67100,95060,96032,29983,0,,
67101,95059,96032,29983,7,,
67102,95060,96033,29983,7,,
67103,95059,96033,29983,7,,
67113,95072,96043,29988,1,,
67114,95073,96043,29988,0,,
67115,95072,96044,29988,0,,
67116,95073,96044,29988,1,,
67117,95072,96045,29988,0,,
67118,95073,96045,29988,1,,
67134,95094,96068,29995,7,,
67135,95093,96068,29995,0,,
67136,95094,96069,29995,4,,
67137,95093,96069,29995,10,,
67138,95094,96070,29995,0,,
67139,95093,96070,29995,2,,
67140,95094,96067,29995,0,,
67141,95093,96067,29995,2,,
67142,95095,96072,29996,7,,
67143,95096,96072,29996,0,,
67144,95095,96073,29996,6,,
67145,95096,96073,29996,8,,
67146,95095,96074,29996,0,,
67147,95096,96074,29996,2,,
67148,95095,96071,29996,0,,
67149,95096,96071,29996,2,,
67150,95098,96076,29997,2,,
67151,95097,96076,29997,0,,
67152,95098,96077,29997,10,,
67153,95097,96077,29997,4,,
67154,95098,96078,29997,7,,
67155,95097,96078,29997,0,,
67156,95098,96075,29997,0,,
67157,95097,96075,29997,7,,
67158,95100,96079,29998,0,,
67159,95099,96079,29998,14,,
67160,95100,96081,29998,7,,
67161,95099,96081,29998,0,,
67162,95100,96080,29998,2,,
67163,95099,96080,29998,0,,
67164,95100,96082,29998,8,,
67165,95099,96082,29998,6,,
67172,95105,96092,30000,2,,
67173,95104,96092,30000,0,,
67174,95105,96089,30000,0,,
67175,95104,96089,30000,2,,
67176,95105,96091,30000,5,,
67177,95104,96091,30000,9,,
67178,95105,96090,30000,7,,
67179,95104,96090,30000,0,,
67204,95273,96252,30044,1,,
67205,95274,96252,30044,13,,
67206,95273,96253,30044,2,,
67207,95274,96253,30044,0,,
67208,95273,96250,30044,2,,
67209,95274,96250,30044,0,,
67210,95273,96251,30044,7,,
67211,95274,96251,30044,0,,
67262,95323,96305,30059,7,,
67263,95322,96305,30059,0,,
67264,95323,96304,30059,2,,
67265,95322,96304,30059,0,,
67266,95323,96307,30059,2,,
67267,95322,96307,30059,0,,
67268,95323,96306,30059,2,,
67269,95322,96306,30059,12,,
67270,95325,96309,30060,7,,
67271,95324,96309,30060,0,,
67272,95325,96308,30060,2,,
67273,95324,96308,30060,0,,
67274,95325,96311,30060,2,,
67275,95324,96311,30060,0,,
67276,95325,96310,30060,1,,
67277,95324,96310,30060,13,,
67278,95328,96317,30062,2,,
67279,95329,96317,30062,0,,
67280,95328,96316,30062,2,,
67281,95329,96316,30062,12,,
67282,95328,96315,30062,7,,
67283,95329,96315,30062,0,,
67284,95328,96314,30062,2,,
67285,95329,96314,30062,0,,
67294,95336,96322,30065,2,,
67295,95337,96322,30065,0,,
67296,95336,96323,30065,7,,
67297,95337,96323,30065,0,,
67298,95336,96324,30065,3,,
67299,95337,96324,30065,11,,
67300,95336,96325,30065,2,,
67301,95337,96325,30065,0,,
67360,95397,96399,30084,2,,
67361,95398,96399,30084,0,,
67362,95397,96402,30084,2,,
67363,95398,96402,30084,0,,
67364,95397,96400,30084,7,,
67365,95398,96400,30084,0,,
67366,95397,96401,30084,3,,
67367,95398,96401,30084,11,,
67373,95427,96429,30093,8,,
67374,95428,96429,30093,6,,
67375,95427,96428,30093,0,,
67376,95428,96428,30093,7,,
67377,95427,96430,30093,0,,
67378,95428,96430,30093,2,,
67379,95427,96427,30093,2,,
67380,95428,96427,30093,0,,
67474,95500,96541,30117,2,,
67475,95501,96541,30117,0,,
67476,95500,96540,30117,3,,
67477,95501,96540,30117,11,,
67478,95500,96539,30117,7,,
67479,95501,96539,30117,0,,
67480,95500,96538,30117,2,,
67481,95501,96538,30117,0,,
67753,95718,96744,30180,2,,
67754,95717,96744,30180,0,,
67755,95718,96743,30180,2,,
67756,95717,96743,30180,12,,
67757,95718,96742,30180,7,,
67758,95717,96742,30180,0,,
67759,95718,96741,30180,2,,
67760,95717,96741,30180,0,,
67800,95754,96762,30190,14,,
67801,95753,96762,30190,0,,
67802,95754,96763,30190,6,,
67803,95753,96763,30190,8,,
67804,95754,96761,30190,0,,
67805,95753,96761,30190,2,,
67806,95754,96766,30190,1,,
67807,95753,96766,30190,0,,
67808,95754,96767,30190,2,,
67809,95753,96767,30190,0,,
67810,95754,96764,30190,0,,
67811,95753,96764,30190,14,,
67812,95754,96765,30190,0,,
67813,95753,96765,30190,7,,
67835,95775,96791,30197,7,,
67836,95774,96791,30197,0,,
67837,95775,96790,30197,2,,
67838,95774,96790,30197,0,,
67839,95775,96793,30197,2,,
67840,95774,96793,30197,0,,
67841,95775,96792,30197,1,,
67842,95774,96792,30197,13,,
67870,95812,96836,30210,2,,
67871,95811,96836,30210,0,,
67872,95812,96834,30210,7,,
67873,95811,96834,30210,0,,
67874,95812,96835,30210,0,,
67875,95811,96835,30210,14,,
67876,95812,96833,30210,2,,
67877,95811,96833,30210,0,,
67890,95839,96855,30219,2,,
67891,95840,96855,30219,0,,
67892,95839,96858,30219,2,,
67893,95840,96858,30219,0,,
67894,95839,96857,30219,0,,
67895,95840,96857,30219,14,,
67896,95839,96856,30219,7,,
67897,95840,96856,30219,0,,
67940,95920,96929,30244,0,,
67941,95919,96929,30244,7,,
67942,95920,96928,30244,2,,
67943,95919,96928,30244,0,,
67944,95920,96931,30244,0,,
67945,95919,96931,30244,2,,
67946,95920,96930,30244,12,,
67947,95919,96930,30244,2,,
67993,95992,96990,30261,0,,
67994,95993,96990,30261,30,,
67995,95992,96991,30261,20,,
67996,95993,96991,30261,0,,
67997,95992,96988,30261,20,,
67998,95993,96988,30261,0,,
67999,95992,96989,30261,0,,
68000,95993,96989,30261,20,,
68001,95992,96986,30261,6,,
68002,95993,96986,30261,4,,
68003,95992,96987,30261,0,,
68004,95993,96987,30261,20,,
68005,95994,96993,30262,0,,
68006,95995,96993,30262,7,,
68007,95994,96992,30262,2,,
68008,95995,96992,30262,0,,
68009,95994,96995,30262,2,,
68010,95995,96995,30262,0,,
68011,95994,96994,30262,4,,
68012,95995,96994,30262,10,,
68030,96034,97029,30277,0,,
68031,96033,97029,30277,20,,
68032,96034,97030,30277,0,,
68033,96033,97030,30277,20,,
68034,96034,97031,30277,23,,
68035,96033,97031,30277,7,,
68036,96034,97032,30277,10,,
68037,96033,97032,30277,0,,
68038,96034,97033,30277,15,,
68039,96033,97033,30277,0,,
68040,96038,97041,30279,2,,
68041,96037,97041,30279,0,,
68042,96038,97040,30279,7,,
68043,96037,97040,30279,7,,
68044,96038,97038,30279,2,,
68045,96037,97038,30279,0,,
68046,96038,97039,30279,0,,
68047,96037,97039,30279,7,,
68114,96131,97142,30312,1,,
68115,96130,97142,30312,0,,
68116,96133,97142,30312,0,,
68117,96132,97142,30312,0,,
68118,96131,97141,30312,0,,
68119,96130,97141,30312,0,,
68120,96133,97141,30312,0,,
68121,96132,97141,30312,1,,
68122,96131,97140,30312,0,,
68123,96130,97140,30312,0,,
68124,96133,97140,30312,0,,
68125,96132,97140,30312,1,,
68126,96131,97139,30312,0,,
68127,96130,97139,30312,1,,
68128,96133,97139,30312,0,,
68129,96132,97139,30312,0,,
68130,96131,97138,30312,0,,
68131,96130,97138,30312,0,,
68132,96133,97138,30312,1,,
68133,96132,97138,30312,0,,
68134,96131,97137,30312,0,,
68135,96130,97137,30312,0,,
68136,96133,97137,30312,0,,
68137,96132,97137,30312,1,,
68142,96139,97151,30314,0,,
68143,96138,97151,30314,0,,
68144,96141,97151,30314,1,,
68145,96140,97151,30314,0,,
68146,96139,97152,30314,0,,
68147,96138,97152,30314,0,,
68148,96141,97152,30314,0,,
68149,96140,97152,30314,1,,
68150,96139,97150,30314,0,,
68151,96138,97150,30314,0,,
68152,96141,97150,30314,0,,
68153,96140,97150,30314,1,,
68154,96139,97149,30314,0,,
68155,96138,97149,30314,1,,
68156,96141,97149,30314,0,,
68157,96140,97149,30314,0,,
68158,96139,97148,30314,1,,
68159,96138,97148,30314,0,,
68160,96141,97148,30314,0,,
68161,96140,97148,30314,0,,
68162,96139,97147,30314,0,,
68163,96138,97147,30314,1,,
68164,96141,97147,30314,0,,
68165,96140,97147,30314,0,,
68166,96144,97153,30315,0,,
68167,96145,97153,30315,0,,
68168,96143,97153,30315,0,,
68169,96142,97153,30315,1,,
68170,96144,97155,30315,0,,
68171,96145,97155,30315,0,,
68172,96143,97155,30315,0,,
68173,96142,97155,30315,1,,
68174,96144,97154,30315,0,,
68175,96145,97154,30315,0,,
68176,96143,97154,30315,1,,
68177,96142,97154,30315,0,,
68178,96144,97157,30315,1,,
68179,96145,97157,30315,0,,
68180,96143,97157,30315,0,,
68181,96142,97157,30315,0,,
68182,96144,97156,30315,0,,
68183,96145,97156,30315,1,,
68184,96143,97156,30315,0,,
68185,96142,97156,30315,0,,
68186,96144,97158,30315,0,,
68187,96145,97158,30315,1,,
68188,96143,97158,30315,0,,
68189,96142,97158,30315,0,,
68190,96146,97161,30316,0,,
68191,96147,97161,30316,0,,
68192,96148,97161,30316,0,,
68193,96149,97161,30316,1,,
68194,96146,97160,30316,1,,
68195,96147,97160,30316,6,,
68196,96148,97160,30316,0,,
68197,96149,97160,30316,0,,
68198,96146,97163,30316,0,,
68199,96147,97163,30316,0,,
68200,96148,97163,30316,1,,
68201,96149,97163,30316,0,,
68202,96146,97162,30316,1,,
68203,96147,97162,30316,0,,
68204,96148,97162,30316,0,,
68205,96149,97162,30316,0,,
68206,96146,97164,30316,0,,
68207,96147,97164,30316,0,,
68208,96148,97164,30316,1,,
68209,96149,97164,30316,0,,
68210,96146,97159,30316,1,,
68211,96147,97159,30316,0,,
68212,96148,97159,30316,0,,
68213,96149,97159,30316,0,,
68256,96208,97225,30335,0,,
68257,96209,97225,30335,2,,
68258,96208,97224,30335,2,,
68259,96209,97224,30335,3,,
68260,96208,97223,30335,3,,
68261,96209,97223,30335,0,,
68262,96208,97222,30335,1,,
68263,96209,97222,30335,0,,
68304,96240,97263,30344,0,,
68305,96239,97263,30344,0,,
68306,96238,97263,30344,1,,
68307,96237,97263,30344,0,,
68308,96240,97270,30344,0,,
68309,96239,97270,30344,0,,
68310,96238,97270,30344,0,,
68311,96237,97270,30344,1,,
68312,96240,97271,30344,0,,
68313,96239,97271,30344,0,,
68314,96238,97271,30344,0,,
68315,96237,97271,30344,1,,
68316,96240,97268,30344,1,,
68317,96239,97268,30344,0,,
68318,96238,97268,30344,0,,
68319,96237,97268,30344,0,,
68320,96240,97269,30344,0,,
68321,96239,97269,30344,0,,
68322,96238,97269,30344,0,,
68323,96237,97269,30344,1,,
68324,96240,97266,30344,0,,
68325,96239,97266,30344,0,,
68326,96238,97266,30344,1,,
68327,96237,97266,30344,0,,
68328,96240,97267,30344,0,,
68329,96239,97267,30344,0,,
68330,96238,97267,30344,0,,
68331,96237,97267,30344,1,,
68332,96240,97264,30344,0,,
68333,96239,97264,30344,1,,
68334,96238,97264,30344,1,,
68335,96237,97264,30344,0,,
68336,96240,97265,30344,0,,
68337,96239,97265,30344,1,,
68338,96238,97265,30344,0,,
68339,96237,97265,30344,0,,
68343,96262,97292,30350,6,,
68344,96261,97292,30350,8,,
68345,96262,97293,30350,0,,
68346,96261,97293,30350,2,,
68347,96262,97290,30350,2,,
68348,96261,97290,30350,0,,
68349,96262,97291,30350,0,,
68350,96261,97291,30350,7,,
68371,96263,97294,30351,1,,
68372,96264,97294,30351,0,,
68373,96263,97295,30351,0,,
68374,96264,97295,30351,1,,
68375,96263,97298,30351,0,,
68376,96264,97298,30351,1,,
68377,96263,97297,30351,1,,
68378,96264,97297,30351,0,,
68379,96263,97296,30351,0,,
68380,96264,97296,30351,4,,
68410,96343,97358,30378,4,,
68411,96344,97358,30378,10,,
68412,96343,97359,30378,0,,
68413,96344,97359,30378,2,,
68414,96343,97356,30378,2,,
68415,96344,97356,30378,0,,
68416,96343,97357,30378,7,,
68417,96344,97357,30378,0,,
68418,96346,97363,30379,0,,
68419,96345,97363,30379,1,,
68420,96346,97362,30379,4,,
68421,96345,97362,30379,0,,
68422,96346,97361,30379,4,,
68423,96345,97361,30379,0,,
68424,96346,97360,30379,6,,
68425,96345,97360,30379,6,,
68426,96346,97365,30379,0,,
68427,96345,97365,30379,4,,
68428,96346,97364,30379,4,,
68429,96345,97364,30379,0,,
68479,96408,97415,30401,0,,
68480,96409,97415,30401,0,,
68481,96407,97415,30401,2,,
68482,96408,97414,30401,1,,
68483,96409,97414,30401,9,,
68484,96407,97414,30401,4,,
68485,96408,97413,30401,7,,
68486,96409,97413,30401,0,,
68487,96407,97413,30401,0,,
68488,96408,97412,30401,0,,
68489,96409,97412,30401,0,,
68490,96407,97412,30401,2,,
68514,96456,97453,30418,2,,
68515,96455,97453,30418,0,,
68516,96456,97452,30418,0,,
68517,96455,97452,30418,4,,
68518,96456,97451,30418,0,,
68519,96455,97451,30418,12,,
68520,96458,97456,30419,2,,
68521,96457,97456,30419,0,,
68522,96458,97455,30419,0,,
68523,96457,97455,30419,4,,
68524,96458,97454,30419,0,,
68525,96457,97454,30419,12,,
68526,96459,97457,30420,12,,
68527,96460,97457,30420,0,,
68528,96459,97458,30420,4,,
68529,96460,97458,30420,0,,
68530,96459,97459,30420,0,,
68531,96460,97459,30420,2,,
68532,96462,97460,30421,0,,
68533,96461,97460,30421,12,,
68534,96462,97461,30421,0,,
68535,96461,97461,30421,4,,
68536,96462,97462,30421,2,,
68537,96461,97462,30421,0,,
68538,96463,97463,30422,0,,
68539,96464,97463,30422,12,,
68540,96463,97464,30422,1,,
68541,96464,97464,30422,3,,
68542,96463,97465,30422,2,,
68543,96464,97465,30422,0,,
68544,96466,97468,30423,2,,
68545,96465,97468,30423,0,,
68546,96466,97466,30423,0,,
68547,96465,97466,30423,12,,
68548,96466,97467,30423,0,,
68549,96465,97467,30423,4,,
68550,96467,97472,30424,0,,
68551,96468,97472,30424,4,,
68552,96467,97469,30424,0,,
68553,96468,97469,30424,12,,
68554,96467,97470,30424,0,,
68555,96468,97470,30424,4,,
68556,96467,97471,30424,2,,
68557,96468,97471,30424,0,,
68558,96470,97475,30425,0,,
68559,96469,97475,30425,14,,
68560,96470,97474,30425,6,,
68561,96469,97474,30425,1,,
68562,96470,97473,30425,2,,
68563,96469,97473,30425,0,,
68564,96470,97476,30425,2,,
68565,96469,97476,30425,0,,
68566,96472,97479,30426,0,,
68567,96471,97479,30426,14,,
68568,96472,97478,30426,6,,
68569,96471,97478,30426,1,,
68570,96472,97477,30426,2,,
68571,96471,97477,30426,0,,
68572,96472,97480,30426,2,,
68573,96471,97480,30426,0,,
68574,96474,97483,30427,0,,
68575,96473,97483,30427,14,,
68576,96474,97482,30427,6,,
68577,96473,97482,30427,1,,
68578,96474,97481,30427,2,,
68579,96473,97481,30427,0,,
68580,96474,97484,30427,2,,
68581,96473,97484,30427,0,,
68582,96475,97488,30428,0,,
68583,96476,97488,30428,2,,
68584,96475,97487,30428,2,,
68585,96476,97487,30428,12,,
68586,96475,97486,30428,7,,
68587,96476,97486,30428,0,,
68588,96475,97485,30428,2,,
68589,96476,97485,30428,0,,
68590,96478,97490,30429,0,,
68591,96477,97490,30429,7,,
68592,96478,97491,30429,14,,
68593,96477,97491,30429,0,,
68594,96478,97489,30429,0,,
68595,96477,97489,30429,2,,
68596,96478,97492,30429,0,,
68597,96477,97492,30429,2,,
68637,96526,97536,30445,4,,
68638,96527,97536,30445,10,,
68639,96526,97537,30445,2,,
68640,96527,97537,30445,0,,
68641,96526,97534,30445,2,,
68642,96527,97534,30445,0,,
68643,96526,97535,30445,7,,
68644,96527,97535,30445,0,,
68681,96608,97663,30469,2,,
68682,96609,97663,30469,0,,
68683,96608,97662,30469,10,,
68684,96609,97662,30469,4,,
68685,96608,97661,30469,0,,
68686,96609,97661,30469,7,,
68687,96608,97660,30469,0,,
68688,96609,97660,30469,2,,
68699,96625,97680,30474,2,,
68700,96624,97680,30474,0,,
68701,96625,97677,30474,0,,
68702,96624,97677,30474,2,,
68703,96625,97679,30474,5,,
68704,96624,97679,30474,9,,
68705,96625,97678,30474,7,,
68706,96624,97678,30474,0,,
68744,96684,97744,30492,0,,
68745,96683,97744,30492,7,,
68746,96684,97745,30492,6,,
68747,96683,97745,30492,8,,
68748,96684,97746,30492,2,,
68749,96683,97746,30492,0,,
68750,96684,97743,30492,2,,
68751,96683,97743,30492,0,,
68778,96754,97811,30513,2,,
68779,96753,97811,30513,0,,
68780,96754,97810,30513,7,,
68781,96753,97810,30513,7,,
68782,96754,97809,30513,0,,
68783,96753,97809,30513,7,,
68784,96754,97808,30513,2,,
68785,96753,97808,30513,0,,
68894,96853,97953,30545,14,,
68895,96852,97953,30545,0,,
68896,96853,97952,30545,0,,
68897,96852,97952,30545,7,,
68898,96853,97954,30545,2,,
68899,96852,97954,30545,0,,
68900,96853,97951,30545,2,,
68901,96852,97951,30545,0,,
68902,96855,97955,30546,2,,
68903,96854,97955,30546,0,,
68904,96855,97957,30546,14,,
68905,96854,97957,30546,0,,
68906,96855,97956,30546,0,,
68907,96854,97956,30546,7,,
68908,96855,97958,30546,2,,
68909,96854,97958,30546,0,,
68912,96859,97986,30547,0,,
68913,96858,97986,30547,0,,
68914,96857,97986,30547,0,,
68915,96856,97986,30547,1,,
68916,96859,97985,30547,0,,
68917,96858,97985,30547,1,,
68918,96857,97985,30547,0,,
68919,96856,97985,30547,0,,
68920,96859,97984,30547,0,,
68921,96858,97984,30547,1,,
68922,96857,97984,30547,0,,
68923,96856,97984,30547,0,,
68924,96859,97959,30547,1,,
68925,96858,97959,30547,0,,
68926,96857,97959,30547,0,,
68927,96856,97959,30547,0,,
68928,96859,97961,30547,0,,
68929,96858,97961,30547,1,,
68930,96857,97961,30547,0,,
68931,96856,97961,30547,0,,
68932,96859,97960,30547,0,,
68933,96858,97960,30547,0,,
68934,96857,97960,30547,1,,
68935,96856,97960,30547,0,,
68936,96859,97963,30547,0,,
68937,96858,97963,30547,0,,
68938,96857,97963,30547,1,,
68939,96856,97963,30547,0,,
68940,96859,97962,30547,0,,
68941,96858,97962,30547,1,,
68942,96857,97962,30547,0,,
68943,96856,97962,30547,0,,
68944,96859,97965,30547,0,,
68945,96858,97965,30547,0,,
68946,96857,97965,30547,0,,
68947,96856,97965,30547,1,,
68948,96859,97964,30547,0,,
68949,96858,97964,30547,0,,
68950,96857,97964,30547,0,,
68951,96856,97964,30547,1,,
68952,96859,97967,30547,0,,
68953,96858,97967,30547,1,,
68954,96857,97967,30547,0,,
68955,96856,97967,30547,0,,
68956,96859,97966,30547,1,,
68957,96858,97966,30547,0,,
68958,96857,97966,30547,0,,
68959,96856,97966,30547,0,,
68960,96859,97968,30547,0,,
68961,96858,97968,30547,1,,
68962,96857,97968,30547,0,,
68963,96856,97968,30547,0,,
68964,96859,97969,30547,1,,
68965,96858,97969,30547,0,,
68966,96857,97969,30547,0,,
68967,96856,97969,30547,0,,
68968,96859,97970,30547,0,,
68969,96858,97970,30547,0,,
68970,96857,97970,30547,0,,
68971,96856,97970,30547,1,,
68972,96859,97971,30547,0,,
68973,96858,97971,30547,1,,
68974,96857,97971,30547,0,,
68975,96856,97971,30547,0,,
68976,96859,97972,30547,0,,
68977,96858,97972,30547,1,,
68978,96857,97972,30547,0,,
68979,96856,97972,30547,0,,
68980,96859,97973,30547,0,,
68981,96858,97973,30547,1,,
68982,96857,97973,30547,0,,
68983,96856,97973,30547,0,,
68984,96859,97974,30547,1,,
68985,96858,97974,30547,0,,
68986,96857,97974,30547,0,,
68987,96856,97974,30547,0,,
68988,96859,97975,30547,1,,
68989,96858,97975,30547,0,,
68990,96857,97975,30547,0,,
68991,96856,97975,30547,0,,
68992,96859,97976,30547,0,,
68993,96858,97976,30547,0,,
68994,96857,97976,30547,0,,
68995,96856,97976,30547,1,,
68996,96859,97977,30547,0,,
68997,96858,97977,30547,1,,
68998,96857,97977,30547,0,,
68999,96856,97977,30547,0,,
69000,96859,97978,30547,0,,
69001,96858,97978,30547,1,,
69002,96857,97978,30547,0,,
69003,96856,97978,30547,0,,
69004,96859,97979,30547,0,,
69005,96858,97979,30547,1,,
69006,96857,97979,30547,0,,
69007,96856,97979,30547,0,,
69008,96859,97980,30547,1,,
69009,96858,97980,30547,0,,
69010,96857,97980,30547,0,,
69011,96856,97980,30547,0,,
69012,96859,97981,30547,1,,
69013,96858,97981,30547,0,,
69014,96857,97981,30547,0,,
69015,96856,97981,30547,0,,
69016,96859,97982,30547,0,,
69017,96858,97982,30547,1,,
69018,96857,97982,30547,0,,
69019,96856,97982,30547,0,,
69020,96859,97983,30547,0,,
69021,96858,97983,30547,1,,
69022,96857,97983,30547,0,,
69023,96856,97983,30547,0,,
69030,96877,98006,30556,7,,
69031,96878,98006,30556,7,,
69032,96877,98007,30556,0,,
69033,96878,98007,30556,2,,
69034,96877,98004,30556,0,,
69035,96878,98004,30556,2,,
69036,96877,98005,30556,7,,
69037,96878,98005,30556,0,,
69050,96941,98061,30576,0,,
69051,96942,98061,30576,2,,
69052,96941,98062,30576,2,,
69053,96942,98062,30576,5,,
69054,96941,98063,30576,14,,
69055,96942,98063,30576,0,,
69056,96941,98064,30576,2,,
69057,96942,98064,30576,0,,
69060,96945,98067,30578,0,,
69061,96946,98067,30578,2,,
69062,96945,98069,30578,4,,
69063,96946,98069,30578,10,,
69064,96945,98068,30578,7,,
69065,96946,98068,30578,0,,
69066,96945,98070,30578,0,,
69067,96946,98070,30578,2,,
69092,96959,98099,30583,2,,
69093,96960,98099,30583,0,,
69094,96959,98102,30583,2,,
69095,96960,98102,30583,0,,
69096,96959,98101,30583,2,,
69097,96960,98101,30583,12,,
69098,96959,98100,30583,7,,
69099,96960,98100,30583,0,,
69117,96988,98133,30595,2,,
69118,96989,98133,30595,0,,
69119,96988,98132,30595,5,,
69120,96989,98132,30595,9,,
69121,96988,98131,30595,7,,
69122,96989,98131,30595,0,,
69123,96988,98130,30595,0,,
69124,96989,98130,30595,2,,
69125,96986,98124,30594,3,,
69126,96987,98124,30594,0,,
69127,96986,98125,30594,2,,
69128,96987,98125,30594,0,,
69129,96986,98126,30594,0,,
69130,96987,98126,30594,1,,
69131,96986,98127,30594,1,,
69132,96987,98127,30594,0,,
69133,96986,98129,30594,1,,
69134,96987,98129,30594,0,,
69135,96986,98128,30594,0,,
69136,96987,98128,30594,8,,
69137,96990,98137,30596,2,,
69138,96991,98137,30596,0,,
69139,96990,98136,30596,3,,
69140,96991,98136,30596,0,,
69141,96990,98139,30596,1,,
69142,96991,98139,30596,0,,
69143,96990,98138,30596,0,,
69144,96991,98138,30596,1,,
69145,96990,98135,30596,0,,
69146,96991,98135,30596,1,,
69147,96990,98134,30596,5,,
69148,96991,98134,30596,3,,
69186,97060,98215,30620,2,,
69187,97061,98215,30620,0,,
69188,97060,98214,30620,5,,
69189,97061,98214,30620,9,,
69190,97060,98213,30620,0,,
69191,97061,98213,30620,7,,
69192,97060,98212,30620,2,,
69193,97061,98212,30620,0,,
69242,97195,98362,30660,0,,
69243,97194,98362,30660,7,,
69244,97195,98363,30660,14,,
69245,97194,98363,30660,0,,
69246,97195,98361,30660,0,,
69247,97194,98361,30660,2,,
69248,97195,98364,30660,0,,
69249,97194,98364,30660,2,,
69307,97311,98483,30693,2,,
69308,97310,98483,30693,0,,
69309,97311,98482,30693,1,,
69310,97310,98482,30693,13,,
69311,97311,98481,30693,7,,
69312,97310,98481,30693,0,,
69313,97311,98480,30693,2,,
69314,97310,98480,30693,0,,
69360,97403,98571,30721,1,,
69361,97402,98571,30721,13,,
69362,97403,98570,30721,7,,
69363,97402,98570,30721,0,,
69364,97403,98569,30721,2,,
69365,97402,98569,30721,0,,
69366,97403,98572,30721,2,,
69367,97402,98572,30721,0,,
69374,97426,98593,30728,0,,
69375,97427,98593,30728,2,,
69376,97426,98595,30728,13,,
69377,97427,98595,30728,1,,
69378,97426,98594,30728,0,,
69379,97427,98594,30728,7,,
69380,97426,98596,30728,0,,
69381,97427,98596,30728,2,,
69382,97428,98600,30729,0,,
69383,97429,98600,30729,2,,
69384,97428,98597,30729,0,,
69385,97429,98597,30729,2,,
69386,97428,98599,30729,13,,
69387,97429,98599,30729,1,,
69388,97428,98598,30729,0,,
69389,97429,98598,30729,7,,
69408,97486,98654,30748,0,,
69409,97485,98654,30748,2,,
69410,97486,98652,30748,7,,
69411,97485,98652,30748,0,,
69412,97486,98653,30748,2,,
69413,97485,98653,30748,12,,
69414,97486,98651,30748,2,,
69415,97485,98651,30748,0,,
69425,97513,98676,30756,2,,
69426,97512,98676,30756,0,,
69427,97513,98677,30756,7,,
69428,97512,98677,30756,0,,
69429,97513,98678,30756,3,,
69430,97512,98678,30756,11,,
69431,97513,98679,30756,2,,
69432,97512,98679,30756,0,,
69442,97544,98706,30766,2,,
69443,97545,98706,30766,0,,
69444,97544,98705,30766,0,,
69445,97545,98705,30766,14,,
69446,97544,98704,30766,4,,
69447,97545,98704,30766,3,,
69448,97544,98703,30766,2,,
69449,97545,98703,30766,0,,
69450,97549,98711,30768,0,,
69451,97550,98711,30768,2,,
69452,97549,98710,30768,7,,
69453,97550,98710,30768,0,,
69454,97549,98714,30768,2,,
69455,97550,98714,30768,0,,
69456,97549,98713,30768,0,,
69457,97550,98713,30768,2,,
69458,97549,98712,30768,0,,
69459,97550,98712,30768,3,,
69460,97570,98730,30775,2,,
69461,97569,98730,30775,0,,
69462,97570,98731,30775,7,,
69463,97569,98731,30775,0,,
69464,97570,98732,30775,1,,
69465,97569,98732,30775,13,,
69466,97570,98733,30775,2,,
69467,97569,98733,30775,0,,
69507,97671,98825,30807,11,,
69508,97670,98825,30807,3,,
69509,97671,98824,30807,0,,
69510,97670,98824,30807,7,,
69511,97671,98826,30807,0,,
69512,97670,98826,30807,2,,
69513,97671,98823,30807,0,,
69514,97670,98823,30807,2,,
69515,97673,98829,30808,12,,
69516,97672,98829,30808,2,,
69517,97673,98828,30808,0,,
69518,97672,98828,30808,7,,
69519,97673,98830,30808,0,,
69520,97672,98830,30808,2,,
69521,97673,98827,30808,0,,
69522,97672,98827,30808,2,,
69523,97675,98831,30809,2,,
69524,97674,98831,30809,0,,
69525,97675,98832,30809,7,,
69526,97674,98832,30809,0,,
69527,97675,98833,30809,1,,
69528,97674,98833,30809,13,,
69529,97675,98834,30809,2,,
69530,97674,98834,30809,0,,
69543,97712,98868,30818,2,,
69544,97711,98868,30818,12,,
69545,97712,98869,30818,2,,
69546,97711,98869,30818,0,,
69547,97712,98866,30818,2,,
69548,97711,98866,30818,0,,
69549,97712,98867,30818,7,,
69550,97711,98867,30818,0,,
69575,97756,98904,30831,2,,
69576,97757,98904,30831,0,,
69577,97756,98905,30831,7,,
69578,97757,98905,30831,0,,
69579,97756,98906,30831,2,,
69580,97757,98906,30831,12,,
69581,97756,98907,30831,2,,
69582,97757,98907,30831,0,,
69583,97758,98908,30832,20,,
69584,97759,98908,30832,0,,
69585,97758,98909,30832,8,,
69586,97759,98909,30832,10,,
69608,97803,98950,30845,0,,
69609,97804,98950,30845,2,,
69610,97803,98951,30845,7,,
69611,97804,98951,30845,0,,
69612,97803,98952,30845,7,,
69613,97804,98952,30845,7,,
69614,97803,98953,30845,0,,
69615,97804,98953,30845,2,,
69636,97879,99025,30869,2,,
69637,97878,99025,30869,0,,
69638,97879,99024,30869,1,,
69639,97878,99024,30869,13,,
69640,97879,99022,30869,2,,
69641,97878,99022,30869,0,,
69642,97879,99023,30869,7,,
69643,97878,99023,30869,0,,
69664,97959,99092,30893,0,,
69665,97958,99092,30893,2,,
69666,97959,99090,30893,0,,
69667,97958,99090,30893,7,,
69668,97959,99091,30893,11,,
69669,97958,99091,30893,3,,
69670,97959,99089,30893,0,,
69671,97958,99089,30893,2,,
69695,98036,99154,30916,7,,
69696,98037,99154,30916,0,,
69697,98036,99155,30916,2,,
69698,98037,99155,30916,12,,
69699,98036,99153,30916,0,,
69700,98037,99153,30916,2,,
69701,98036,99156,30916,2,,
69702,98037,99156,30916,0,,
69710,98056,99173,30922,7,,
69711,98057,99173,30922,0,,
69712,98056,99172,30922,2,,
69713,98057,99172,30922,0,,
69714,98056,99175,30922,2,,
69715,98057,99175,30922,0,,
69716,98056,99174,30922,2,,
69717,98057,99174,30922,12,,
69780,98287,99393,30992,1,,
69781,98286,99393,30992,13,,
69782,98287,99392,30992,7,,
69783,98286,99392,30992,0,,
69784,98287,99394,30992,2,,
69785,98286,99394,30992,0,,
69786,98287,99391,30992,2,,
69787,98286,99391,30992,0,,
69813,98333,99440,31007,3,,
69814,98334,99440,31007,11,,
69815,98333,99441,31007,2,,
69816,98334,99441,31007,0,,
69817,98333,99439,31007,7,,
69818,98334,99439,31007,0,,
69819,98333,99438,31007,2,,
69820,98334,99438,31007,0,,
69929,98578,99660,31078,0,,
69930,98579,99660,31078,0,,
69931,98577,99660,31078,1,,
69932,98580,99660,31078,0,,
69933,98581,99660,31078,0,,
69934,98578,99659,31078,0,,
69935,98579,99659,31078,0,,
69936,98577,99659,31078,0,,
69937,98580,99659,31078,0,,
69938,98581,99659,31078,2,,
69939,98578,99658,31078,0,,
69940,98579,99658,31078,0,,
69941,98577,99658,31078,0,,
69942,98580,99658,31078,6,,
69943,98581,99658,31078,8,,
69944,98578,99657,31078,0,,
69945,98579,99657,31078,0,,
69946,98577,99657,31078,0,,
69947,98580,99657,31078,7,,
69948,98581,99657,31078,0,,
69949,98578,99656,31078,0,,
69950,98579,99656,31078,2,,
69951,98577,99656,31078,0,,
69952,98580,99656,31078,0,,
69953,98581,99656,31078,0,,
70079,98864,99943,31160,7,,
70080,98865,99943,31160,0,,
70081,98864,99942,31160,0,,
70082,98865,99942,31160,2,,
70083,98864,99945,31160,2,,
70084,98865,99945,31160,0,,
70085,98864,99944,31160,7,,
70086,98865,99944,31160,7,,
70195,99076,100144,31227,2,,
70196,99075,100144,31227,0,,
70197,99076,100141,31227,2,,
70198,99075,100141,31227,0,,
70199,99076,100143,31227,3,,
70200,99075,100143,31227,11,,
70201,99076,100142,31227,7,,
70202,99075,100142,31227,0,,
70205,99088,100156,31231,7,,
70206,99089,100156,31231,0,,
70207,99088,100157,31231,2,,
70208,99089,100157,31231,12,,
70209,99088,100158,31231,2,,
70210,99089,100158,31231,0,,
70211,99088,100155,31231,2,,
70212,99089,100155,31231,0,,
70242,99149,100208,31249,7,,
70243,99148,100208,31249,0,,
70244,99149,100209,31249,3,,
70245,99148,100209,31249,11,,
70246,99149,100210,31249,2,,
70247,99148,100210,31249,0,,
70248,99149,100207,31249,2,,
70249,99148,100207,31249,0,,
70291,99225,100281,31273,0,,
70292,99224,100281,31273,7,,
70293,99225,100280,31273,0,,
70294,99224,100280,31273,2,,
70295,99225,100283,31273,2,,
70296,99224,100283,31273,0,,
70297,99225,100282,31273,14,,
70298,99224,100282,31273,0,,
70308,99266,100319,31285,7,,
70309,99265,100319,31285,0,,
70310,99266,100318,31285,2,,
70311,99265,100318,31285,0,,
70312,99266,100320,31285,1,,
70313,99265,100320,31285,13,,
70314,99266,100321,31285,2,,
70315,99265,100321,31285,0,,
70386,99380,100436,31323,0,,
70387,99381,100436,31323,2,,
70388,99380,100433,31323,2,,
70389,99381,100433,31323,0,,
70390,99380,100434,31323,7,,
70391,99381,100434,31323,0,,
70392,99380,100435,31323,1,,
70393,99381,100435,31323,13,,
70417,99424,100482,31334,2,,
70418,99423,100482,31334,0,,
70419,99424,100483,31334,0,,
70420,99423,100483,31334,7,,
70421,99424,100484,31334,7,,
70422,99423,100484,31334,7,,
70423,99424,100485,31334,2,,
70424,99423,100485,31334,0,,
70474,99548,100599,31371,2,,
70475,99547,100599,31371,0,,
70476,99548,100598,31371,14,,
70477,99547,100598,31371,0,,
70478,99548,100597,31371,1,,
70479,99547,100597,31371,6,,
70480,99548,100596,31371,2,,
70481,99547,100596,31371,0,,
70522,99595,100638,31387,7,,
70523,99596,100638,31387,0,,
70524,99595,100639,31387,1,,
70525,99596,100639,31387,13,,
70526,99595,100637,31387,2,,
70527,99596,100637,31387,0,,
70528,99595,100640,31387,2,,
70529,99596,100640,31387,0,,
70557,99621,100668,31395,2,,
70558,99622,100668,31395,0,,
70559,99621,100669,31395,3,,
70560,99622,100669,31395,4,,
70561,99621,100670,31395,14,,
70562,99622,100670,31395,0,,
70563,99621,100671,31395,2,,
70564,99622,100671,31395,0,,
70565,99623,100675,31396,0,,
70566,99624,100675,31396,2,,
70567,99623,100674,31396,0,,
70568,99624,100674,31396,14,,
70569,99623,100673,31396,4,,
70570,99624,100673,31396,3,,
70571,99623,100672,31396,0,,
70572,99624,100672,31396,2,,
70596,99666,100709,31410,0,,
70597,99665,100709,31410,14,,
70598,99666,100708,31410,6,,
70599,99665,100708,31410,1,,
70600,99666,100710,31410,2,,
70601,99665,100710,31410,0,,
70602,99666,100707,31410,2,,
70603,99665,100707,31410,0,,
70606,99670,100717,31412,0,,
70607,99671,100717,31412,0,,
70608,99669,100717,31412,0,,
70609,99672,100717,31412,1,,
70610,99673,100717,31412,0,,
70611,99670,100716,31412,0,,
70612,99671,100716,31412,1,,
70613,99669,100716,31412,0,,
70614,99672,100716,31412,0,,
70615,99673,100716,31412,0,,
70616,99670,100718,31412,0,,
70617,99671,100718,31412,0,,
70618,99669,100718,31412,0,,
70619,99672,100718,31412,1,,
70620,99673,100718,31412,0,,
70621,99670,100713,31412,0,,
70622,99671,100713,31412,0,,
70623,99669,100713,31412,5,,
70624,99672,100713,31412,0,,
70625,99673,100713,31412,1,,
70626,99670,100715,31412,4,,
70627,99671,100715,31412,0,,
70628,99669,100715,31412,0,,
70629,99672,100715,31412,0,,
70630,99673,100715,31412,0,,
70631,99670,100714,31412,1,,
70632,99671,100714,31412,1,,
70633,99669,100714,31412,0,,
70634,99672,100714,31412,2,,
70635,99673,100714,31412,2,,
70645,99696,100742,31420,10,,
70646,99695,100742,31420,4,,
70647,99696,100743,31420,0,,
70648,99695,100743,31420,2,,
70649,99696,100740,31420,2,,
70650,99695,100740,31420,0,,
70651,99696,100741,31420,0,,
70652,99695,100741,31420,7,,
70709,99739,100853,31436,6,,
70710,99740,100853,31436,8,,
70711,99739,100852,31436,7,,
70712,99740,100852,31436,0,,
70713,99739,100854,31436,2,,
70714,99740,100854,31436,0,,
70715,99739,100851,31436,0,,
70716,99740,100851,31436,2,,
70730,99776,100892,31446,2,,
70731,99777,100892,31446,0,,
70732,99776,100893,31446,7,,
70733,99777,100893,31446,0,,
70734,99776,100894,31446,2,,
70735,99777,100894,31446,12,,
70736,99776,100895,31446,2,,
70737,99777,100895,31446,0,,
70738,99778,100899,31447,2,,
70739,99779,100899,31447,0,,
70740,99778,100898,31447,2,,
70741,99779,100898,31447,12,,
70742,99778,100897,31447,7,,
70743,99779,100897,31447,0,,
70744,99778,100896,31447,2,,
70745,99779,100896,31447,0,,
70746,99780,100903,31448,0,,
70747,99781,100903,31448,1,,
70748,99780,100902,31448,0,,
70749,99781,100902,31448,1,,
70750,99780,100901,31448,1,,
70751,99781,100901,31448,0,,
70752,99780,100900,31448,1,,
70753,99781,100900,31448,0,,
70764,99793,100916,31454,14,,
70765,99792,100916,31454,0,,
70766,99793,100917,31454,0,,
70767,99792,100917,31454,2,,
70768,99793,100914,31454,2,,
70769,99792,100914,31454,0,,
70770,99793,100915,31454,2,,
70771,99792,100915,31454,5,,
70783,99820,100943,31462,0,,
70784,99821,100943,31462,0,,
70785,99822,100943,31462,1,,
70786,99820,100942,31462,0,,
70787,99821,100942,31462,1,,
70788,99822,100942,31462,0,,
70789,99820,100944,31462,0,,
70790,99821,100944,31462,0,,
70791,99822,100944,31462,1,,
70792,99823,100945,31463,0,,
70793,99825,100945,31463,1,,
70794,99824,100945,31463,0,,
70795,99823,100946,31463,1,,
70796,99825,100946,31463,0,,
70797,99824,100946,31463,0,,
70798,99823,100947,31463,1,,
70799,99825,100947,31463,0,,
70800,99824,100947,31463,0,,
70801,99823,100948,31463,0,,
70802,99825,100948,31463,1,,
70803,99824,100948,31463,0,,
70804,99823,100949,31463,0,,
70805,99825,100949,31463,1,,
70806,99824,100949,31463,0,,
70828,99847,100971,31471,2,,
70829,99848,100971,31471,0,,
70830,99847,100974,31471,2,,
70831,99848,100974,31471,0,,
70832,99847,100973,31471,4,,
70833,99848,100973,31471,10,,
70834,99847,100972,31471,7,,
70835,99848,100972,31471,0,,
70836,99852,100978,31473,1,,
70837,99851,100978,31473,0,,
70838,99852,100977,31473,1,,
70839,99851,100977,31473,0,,
70840,99853,100979,31474,0,,
70841,99854,100979,31474,7,,
70842,99853,100980,31474,5,,
70843,99854,100980,31474,2,,
70844,99856,100982,31475,2,,
70845,99855,100982,31475,5,,
70846,99856,100981,31475,7,,
70847,99855,100981,31475,0,,
70848,99857,100984,31476,7,,
70849,99858,100984,31476,0,,
70850,99857,100983,31476,0,,
70851,99858,100983,31476,7,,
70852,99860,100986,31477,7,,
70853,99859,100986,31477,0,,
70854,99860,100985,31477,0,,
70855,99859,100985,31477,7,,
70856,99861,100987,31478,7,,
70857,99862,100987,31478,0,,
70858,99861,100988,31478,0,,
70859,99862,100988,31478,7,,
70860,99863,100990,31479,7,,
70861,99864,100990,31479,0,,
70862,99863,100989,31479,0,,
70863,99864,100989,31479,7,,
70864,99868,100992,31480,2,,
70865,99869,100992,31480,0,,
70866,99865,100992,31480,1,,
70867,99866,100992,31480,2,,
70868,99867,100992,31480,2,,
70869,99868,100993,31480,0,,
70870,99869,100993,31480,0,,
70871,99865,100993,31480,7,,
70872,99866,100993,31480,0,,
70873,99867,100993,31480,0,,
70874,99868,100991,31480,1,,
70875,99869,100991,31480,6,,
70876,99865,100991,31480,0,,
70877,99866,100991,31480,0,,
70878,99867,100991,31480,0,,
70879,99874,100996,31481,0,,
70880,99873,100996,31481,0,,
70881,99872,100996,31481,0,,
70882,99870,100996,31481,7,,
70883,99871,100996,31481,0,,
70884,99874,100994,31481,1,,
70885,99873,100994,31481,6,,
70886,99872,100994,31481,0,,
70887,99870,100994,31481,0,,
70888,99871,100994,31481,0,,
70889,99874,100995,31481,2,,
70890,99873,100995,31481,0,,
70891,99872,100995,31481,2,,
70892,99870,100995,31481,1,,
70893,99871,100995,31481,2,,
70894,99879,100997,31482,1,,
70895,99878,100997,31482,6,,
70896,99877,100997,31482,0,,
70897,99876,100997,31482,0,,
70898,99875,100997,31482,0,,
70899,99879,100998,31482,1,,
70900,99878,100998,31482,0,,
70901,99877,100998,31482,2,,
70902,99876,100998,31482,2,,
70903,99875,100998,31482,2,,
70904,99879,100999,31482,0,,
70905,99878,100999,31482,0,,
70906,99877,100999,31482,0,,
70907,99876,100999,31482,7,,
70908,99875,100999,31482,0,,
70909,99884,101000,31483,0,,
70910,99883,101000,31483,0,,
70911,99882,101000,31483,4,,
70912,99881,101000,31483,0,,
70913,99880,101000,31483,3,,
70914,99884,101001,31483,3,,
70915,99883,101001,31483,3,,
70916,99882,101001,31483,0,,
70917,99881,101001,31483,0,,
70918,99880,101001,31483,1,,
70919,99884,101002,31483,0,,
70920,99883,101002,31483,0,,
70921,99882,101002,31483,0,,
70922,99881,101002,31483,7,,
70923,99880,101002,31483,0,,
70924,99888,101004,31484,1,,
70925,99889,101004,31484,4,,
70926,99887,101004,31484,4,,
70927,99886,101004,31484,1,,
70928,99885,101004,31484,4,,
70929,99888,101005,31484,7,,
70930,99889,101005,31484,0,,
70931,99887,101005,31484,0,,
70932,99886,101005,31484,0,,
70933,99885,101005,31484,0,,
70934,99888,101003,31484,0,,
70935,99889,101003,31484,0,,
70936,99887,101003,31484,0,,
70937,99886,101003,31484,7,,
70938,99885,101003,31484,0,,
71005,99966,101083,31507,0,,
71006,99967,101083,31507,0,,
71007,99964,101083,31507,0,,
71008,99965,101083,31507,1,,
71009,99966,101082,31507,0,,
71010,99967,101082,31507,0,,
71011,99964,101082,31507,0,,
71012,99965,101082,31507,1,,
71013,99966,101085,31507,1,,
71014,99967,101085,31507,0,,
71015,99964,101085,31507,0,,
71016,99965,101085,31507,0,,
71017,99966,101084,31507,0,,
71018,99967,101084,31507,0,,
71019,99964,101084,31507,1,,
71020,99965,101084,31507,0,,
71221,100241,101331,31597,2,,
71222,100240,101331,31597,0,,
71223,100241,101330,31597,5,,
71224,100240,101330,31597,9,,
71225,100241,101329,31597,0,,
71226,100240,101329,31597,7,,
71227,100241,101328,31597,2,,
71228,100240,101328,31597,0,,
71248,100269,101360,31607,3,,
71249,100270,101360,31607,0,,
71250,100269,101358,31607,0,,
71251,100270,101358,31607,1,,
71252,100269,101359,31607,3,,
71253,100270,101359,31607,4,,
71319,100351,101444,31634,0,,
71320,100353,101444,31634,0,,
71321,100352,101444,31634,0,,
71322,100355,101444,31634,0,,
71323,100354,101444,31634,0,,
71324,100357,101444,31634,0,,
71325,100356,101444,31634,0,,
71326,100359,101444,31634,0,,
71327,100358,101444,31634,16,,
71328,100351,101443,31634,20,,
71329,100353,101443,31634,19,,
71330,100352,101443,31634,19,,
71331,100355,101443,31634,20,,
71332,100354,101443,31634,20,,
71333,100357,101443,31634,20,,
71334,100356,101443,31634,20,,
71335,100359,101443,31634,19,,
71336,100358,101443,31634,3,,
71441,100548,101631,31691,2,,
71442,100547,101631,31691,0,,
71443,100548,101634,31691,0,,
71444,100547,101634,31691,2,,
71445,100548,101633,31691,10,,
71446,100547,101633,31691,4,,
71447,100548,101632,31691,0,,
71448,100547,101632,31691,7,,
71482,100634,101702,31714,0,,
71483,100633,101702,31714,2,,
71484,100634,101701,31714,14,,
71485,100633,101701,31714,0,,
71486,100634,101700,31714,0,,
71487,100633,101700,31714,7,,
71488,100634,101699,31714,2,,
71489,100633,101699,31714,0,,
71518,100713,101763,31741,0,,
71519,100712,101763,31741,2,,
71520,100715,101763,31741,0,,
71521,100714,101763,31741,0,,
71522,100711,101763,31741,0,,
71523,100713,101766,31741,0,,
71524,100712,101766,31741,0,,
71525,100715,101766,31741,0,,
71526,100714,101766,31741,2,,
71527,100711,101766,31741,0,,
71528,100713,101764,31741,5,,
71529,100712,101764,31741,0,,
71530,100715,101764,31741,0,,
71531,100714,101764,31741,0,,
71532,100711,101764,31741,2,,
71533,100713,101765,31741,0,,
71534,100712,101765,31741,3,,
71535,100715,101765,31741,5,,
71536,100714,101765,31741,3,,
71537,100711,101765,31741,3,,
71538,100717,101770,31742,0,,
71539,100716,101770,31742,0,,
71540,100719,101770,31742,2,,
71541,100718,101770,31742,0,,
71542,100720,101770,31742,2,,
71543,100717,101768,31742,0,,
71544,100716,101768,31742,2,,
71545,100719,101768,31742,0,,
71546,100718,101768,31742,0,,
71547,100720,101768,31742,2,,
71548,100717,101769,31742,0,,
71549,100716,101769,31742,0,,
71550,100719,101769,31742,0,,
71551,100718,101769,31742,4,,
71552,100720,101769,31742,0,,
71553,100717,101767,31742,3,,
71554,100716,101767,31742,0,,
71555,100719,101767,31742,0,,
71556,100718,101767,31742,1,,
71557,100720,101767,31742,0,,
71565,100728,101779,31745,7,,
71566,100729,101779,31745,0,,
71567,100728,101778,31745,0,,
71568,100729,101778,31745,2,,
71569,100728,101781,31745,0,,
71570,100729,101781,31745,2,,
71571,100728,101780,31745,7,,
71572,100729,101780,31745,7,,
71625,100838,101873,31784,7,,
71626,100839,101873,31784,0,,
71627,100838,101872,31784,0,,
71628,100839,101872,31784,2,,
71629,100838,101875,31784,2,,
71630,100839,101875,31784,0,,
71631,100838,101874,31784,4,,
71632,100839,101874,31784,10,,
71633,100844,101881,31786,9,,
71634,100843,101881,31786,5,,
71635,100844,101880,31786,0,,
71636,100843,101880,31786,7,,
71637,100844,101882,31786,0,,
71638,100843,101882,31786,2,,
71639,100844,101879,31786,2,,
71640,100843,101879,31786,0,,
71666,100876,101916,31796,1,,
71667,100875,101916,31796,13,,
71668,100876,101917,31796,2,,
71669,100875,101917,31796,0,,
71670,100876,101914,31796,0,,
71671,100875,101914,31796,2,,
71672,100876,101915,31796,7,,
71673,100875,101915,31796,0,,
71674,100884,101927,31799,2,,
71675,100883,101927,31799,0,,
71676,100884,101926,31799,9,,
71677,100883,101926,31799,5,,
71678,100884,101925,31799,0,,
71679,100883,101925,31799,7,,
71680,100884,101924,31799,2,,
71681,100883,101924,31799,0,,
71726,100959,101995,31827,0,,
71727,100960,101995,31827,1,,
71728,100959,101994,31827,0,,
71729,100960,101994,31827,1,,
71730,100959,101993,31827,0,,
71731,100960,101993,31827,1,,
71732,100959,101992,31827,1,,
71733,100960,101992,31827,0,,
71734,100959,101996,31827,1,,
71735,100960,101996,31827,0,,
71739,100982,102020,31834,1,,
71740,100983,102020,31834,0,,
71741,100982,102021,31834,0,,
71742,100983,102021,31834,1,,
71743,100982,102018,31834,1,,
71744,100983,102018,31834,0,,
71745,100982,102019,31834,1,,
71746,100983,102019,31834,0,,
71747,100984,102024,31835,1,,
71748,100985,102024,31835,0,,
71749,100984,102025,31835,0,,
71750,100985,102025,31835,1,,
71751,100984,102026,31835,1,,
71752,100985,102026,31835,0,,
71753,100984,102027,31835,0,,
71754,100985,102027,31835,1,,
71755,100984,102022,31835,0,,
71756,100985,102022,31835,1,,
71757,100984,102023,31835,1,,
71758,100985,102023,31835,0,,
71759,100986,102028,31836,1,,
71760,100987,102028,31836,0,,
71761,100986,102029,31836,1,,
71762,100987,102029,31836,0,,
71763,100988,102030,31837,1,,
71764,100989,102030,31837,0,,
71765,100988,102031,31837,1,,
71766,100989,102031,31837,0,,
71767,100988,102036,31837,0,,
71768,100989,102036,31837,1,,
71769,100988,102033,31837,1,,
71770,100989,102033,31837,0,,
71771,100988,102032,31837,0,,
71772,100989,102032,31837,1,,
71773,100988,102035,31837,1,,
71774,100989,102035,31837,0,,
71775,100988,102034,31837,1,,
71776,100989,102034,31837,0,,
71790,101034,102079,31851,9,,
71791,101035,102079,31851,5,,
71792,101034,102078,31851,0,,
71793,101035,102078,31851,7,,
71794,101034,102077,31851,2,,
71795,101035,102077,31851,0,,
71796,101034,102080,31851,2,,
71797,101035,102080,31851,0,,
71802,101058,102104,31858,2,,
71803,101059,102104,31858,0,,
71804,101058,102101,31858,2,,
71805,101059,102101,31858,0,,
71806,101058,102103,31858,0,,
71807,101059,102103,31858,14,,
71808,101058,102102,31858,0,,
71809,101059,102102,31858,7,,
71956,101482,102463,31978,0,,
71957,101481,102463,31978,7,,
71958,101480,102463,31978,0,,
71959,101482,102462,31978,1,,
71960,101481,102462,31978,1,,
71961,101480,102462,31978,0,,
71962,101482,102464,31978,5,,
71963,101481,102464,31978,0,,
71964,101480,102464,31978,9,,
71965,101482,102465,31978,2,,
71966,101481,102465,31978,0,,
71967,101480,102465,31978,0,,
71987,101512,102493,31989,1,,
71988,101510,102493,31989,0,,
71989,101511,102493,31989,0,,
71990,101512,102495,31989,0,,
71991,101510,102495,31989,0,,
71992,101511,102495,31989,1,,
71993,101512,102494,31989,1,,
71994,101510,102494,31989,0,,
71995,101511,102494,31989,0,,
71996,101512,102500,31989,1,,
71997,101510,102500,31989,0,,
71998,101511,102500,31989,0,,
71999,101512,102501,31989,1,,
72000,101510,102501,31989,0,,
72001,101511,102501,31989,0,,
72002,101512,102498,31989,0,,
72003,101510,102498,31989,1,,
72004,101511,102498,31989,0,,
72005,101512,102499,31989,1,,
72006,101510,102499,31989,0,,
72007,101511,102499,31989,0,,
72008,101512,102496,31989,0,,
72009,101510,102496,31989,0,,
72010,101511,102496,31989,1,,
72011,101512,102497,31989,1,,
72012,101510,102497,31989,0,,
72013,101511,102497,31989,0,,
72125,101673,102652,32035,2,,
72126,101672,102652,32035,0,,
72127,101673,102650,32035,7,,
72128,101672,102650,32035,0,,
72129,101673,102651,32035,4,,
72130,101672,102651,32035,10,,
72131,101673,102649,32035,2,,
72132,101672,102649,32035,0,,
72194,101873,102802,32095,2,,
72195,101872,102802,32095,0,,
72196,101873,102803,32095,0,,
72197,101872,102803,32095,7,,
72198,101873,102804,32095,14,,
72199,101872,102804,32095,0,,
72200,101873,102805,32095,2,,
72201,101872,102805,32095,0,,
72211,101929,102840,32109,2,,
72212,101928,102840,32109,0,,
72213,101929,102841,32109,7,,
72214,101928,102841,32109,0,,
72215,101929,102842,32109,6,,
72216,101928,102842,32109,8,,
72217,101929,102843,32109,0,,
72218,101928,102843,32109,2,,
72219,101933,102854,32110,4,,
72220,101932,102854,32110,0,,
72221,101931,102854,32110,0,,
72222,101930,102854,32110,0,,
72223,101933,102853,32110,0,,
72224,101932,102853,32110,4,,
72225,101931,102853,32110,0,,
72226,101930,102853,32110,0,,
72227,101933,102852,32110,18,,
72228,101932,102852,32110,0,,
72229,101931,102852,32110,0,,
72230,101930,102852,32110,12,,
72231,101933,102851,32110,0,,
72232,101932,102851,32110,10,,
72233,101931,102851,32110,44,,
72234,101930,102851,32110,6,,
72235,101933,102850,32110,0,,
72236,101932,102850,32110,0,,
72237,101931,102850,32110,30,,
72238,101930,102850,32110,0,,
72239,101933,102849,32110,0,,
72240,101932,102849,32110,0,,
72241,101931,102849,32110,4,,
72242,101930,102849,32110,0,,
72243,101933,102848,32110,0,,
72244,101932,102848,32110,0,,
72245,101931,102848,32110,0,,
72246,101930,102848,32110,8,,
72247,101933,102844,32110,0,,
72248,101932,102844,32110,4,,
72249,101931,102844,32110,0,,
72250,101930,102844,32110,0,,
72251,101933,102845,32110,0,,
72252,101932,102845,32110,4,,
72253,101931,102845,32110,0,,
72254,101930,102845,32110,0,,
72255,101933,102846,32110,4,,
72256,101932,102846,32110,0,,
72257,101931,102846,32110,0,,
72258,101930,102846,32110,0,,
72259,101933,102847,32110,0,,
72260,101932,102847,32110,8,,
72261,101931,102847,32110,0,,
72262,101930,102847,32110,0,,
72281,101961,102881,32118,7,,
72282,101962,102881,32118,0,,
72283,101961,102880,32118,2,,
72284,101962,102880,32118,0,,
72285,101961,102883,32118,2,,
72286,101962,102883,32118,0,,
72287,101961,102882,32118,2,,
72288,101962,102882,32118,12,,
72289,101974,102893,32120,13,,
72290,101975,102893,32120,2,,
72291,101976,102893,32120,0,,
72292,101974,102892,32120,0,,
72293,101975,102892,32120,4,,
72294,101976,102892,32120,0,,
72295,101974,102895,32120,0,,
72296,101975,102895,32120,7,,
72297,101976,102895,32120,0,,
72298,101974,102894,32120,1,,
72299,101975,102894,32120,0,,
72300,101976,102894,32120,7,,
72301,101974,102891,32120,0,,
72302,101975,102891,32120,1,,
72303,101976,102891,32120,0,,
72304,101977,102900,32121,0,,
72305,101978,102900,32121,7,,
72306,101979,102900,32121,0,,
72307,101977,102896,32121,0,,
72308,101978,102896,32121,1,,
72309,101979,102896,32121,0,,
72310,101977,102897,32121,0,,
72311,101978,102897,32121,0,,
72312,101979,102897,32121,4,,
72313,101977,102898,32121,5,,
72314,101978,102898,32121,4,,
72315,101979,102898,32121,6,,
72316,101977,102899,32121,8,,
72317,101978,102899,32121,0,,
72318,101979,102899,32121,0,,
72333,102020,102937,32130,2,,
72334,102021,102937,32130,0,,
72335,102020,102936,32130,2,,
72336,102021,102936,32130,12,,
72337,102020,102935,32130,7,,
72338,102021,102935,32130,0,,
72339,102020,102934,32130,2,,
72340,102021,102934,32130,0,,
72360,102068,102978,32144,2,,
72361,102067,102978,32144,0,,
72362,102068,102979,32144,7,,
72363,102067,102979,32144,0,,
72364,102068,102980,32144,2,,
72365,102067,102980,32144,12,,
72366,102068,102981,32144,0,,
72367,102067,102981,32144,2,,
72372,102094,103003,32152,7,,
72373,102095,103003,32152,0,,
72374,102094,103002,32152,2,,
72375,102095,103002,32152,0,,
72376,102094,103005,32152,2,,
72377,102095,103005,32152,0,,
72378,102094,103004,32152,5,,
72379,102095,103004,32152,9,,
72387,102122,103027,32160,2,,
72388,102121,103027,32160,0,,
72389,102122,103026,32160,2,,
72390,102121,103026,32160,5,,
72391,102122,103028,32160,1,,
72392,102121,103028,32160,0,,
72393,102126,103035,32162,2,,
72394,102127,103035,32162,0,,
72395,102126,103034,32162,2,,
72396,102127,103034,32162,12,,
72397,102126,103033,32162,7,,
72398,102127,103033,32162,0,,
72399,102126,103032,32162,2,,
72400,102127,103032,32162,0,,
72401,102129,103039,32163,0,,
72402,102128,103039,32163,2,,
72403,102129,103038,32163,4,,
72404,102128,103038,32163,10,,
72405,102129,103037,32163,7,,
72406,102128,103037,32163,0,,
72407,102129,103036,32163,2,,
72408,102128,103036,32163,0,,
72409,102131,103045,32164,0,,
72410,102130,103045,32164,1,,
72411,102131,103044,32164,1,,
72412,102130,103044,32164,0,,
72413,102131,103047,32164,9,,
72414,102130,103047,32164,0,,
72415,102131,103046,32164,0,,
72416,102130,103046,32164,7,,
72417,102131,103041,32164,0,,
72418,102130,103041,32164,4,,
72419,102131,103040,32164,0,,
72420,102130,103040,32164,1,,
72421,102131,103043,32164,0,,
72422,102130,103043,32164,9,,
72423,102131,103042,32164,2,,
72424,102130,103042,32164,2,,
72425,102131,103049,32164,0,,
72426,102130,103049,32164,2,,
72427,102131,103048,32164,1,,
72428,102130,103048,32164,0,,
72455,102202,103107,32185,0,,
72456,102203,103107,32185,2,,
72457,102202,103109,32185,14,,
72458,102203,103109,32185,0,,
72459,102202,103108,32185,1,,
72460,102203,103108,32185,6,,
72461,102202,103110,32185,2,,
72462,102203,103110,32185,0,,
72506,102272,103176,32207,2,,
72507,102273,103176,32207,0,,
72508,102271,103176,32207,0,,
72509,102272,103174,32207,7,,
72510,102273,103174,32207,0,,
72511,102271,103174,32207,0,,
72512,102272,103175,32207,2,,
72513,102273,103175,32207,5,,
72514,102271,103175,32207,7,,
72515,102272,103173,32207,2,,
72516,102273,103173,32207,0,,
72517,102271,103173,32207,0,,
72570,102399,103274,32246,2,,
72571,102400,103274,32246,0,,
72572,102399,103275,32246,7,,
72573,102400,103275,32246,0,,
72574,102399,103276,32246,2,,
72575,102400,103276,32246,12,,
72576,102399,103277,32246,2,,
72577,102400,103277,32246,0,,
72611,102485,103351,32275,0,,
72612,102484,103351,32275,1,,
72613,102485,103352,32275,1,,
72614,102484,103352,32275,0,,
72615,102485,103353,32275,1,,
72616,102484,103353,32275,0,,
72617,102487,103356,32276,14,,
72618,102486,103356,32276,0,,
72619,102487,103354,32276,0,,
72620,102486,103354,32276,1,,
72621,102487,103355,32276,3,,
72622,102486,103355,32276,11,,
72678,102575,103436,32303,2,,
72679,102574,103436,32303,0,,
72680,102575,103437,32303,7,,
72681,102574,103437,32303,0,,
72682,102575,103438,32303,1,,
72683,102574,103438,32303,13,,
72684,102575,103439,32303,2,,
72685,102574,103439,32303,0,,
72723,102635,103492,32323,0,,
72724,102634,103492,32323,1,,
72725,102635,103493,32323,1,,
72726,102634,103493,32323,1,,
72727,102635,103494,32323,1,,
72728,102634,103494,32323,0,,
72729,102635,103495,32323,1,,
72730,102634,103495,32323,0,,
72803,102761,103610,32359,2,,
72804,102762,103610,32359,0,,
72805,102761,103611,32359,0,,
72806,102762,103611,32359,7,,
72807,102761,103612,32359,10,,
72808,102762,103612,32359,4,,
72809,102761,103613,32359,0,,
72810,102762,103613,32359,2,,
72811,102764,103614,32360,0,,
72812,102763,103614,32360,2,,
72813,102764,103615,32360,7,,
72814,102763,103615,32360,0,,
72815,102764,103617,32360,2,,
72816,102763,103617,32360,0,,
72817,102764,103616,32360,0,,
72818,102763,103616,32360,3,,
72819,102764,103618,32360,3,,
72820,102763,103618,32360,1,,
72825,102791,103644,32367,0,,
72826,102792,103644,32367,2,,
72827,102791,103641,32367,2,,
72828,102792,103641,32367,0,,
72829,102791,103642,32367,7,,
72830,102792,103642,32367,0,,
72831,102791,103643,32367,0,,
72832,102792,103643,32367,14,,
72844,102825,103682,32377,5,,
72845,102824,103682,32377,9,,
72846,102825,103683,32377,2,,
72847,102824,103683,32377,0,,
72848,102825,103680,32377,2,,
72849,102824,103680,32377,0,,
72850,102825,103681,32377,0,,
72851,102824,103681,32377,7,,
72904,102917,103763,32407,0,,
72905,102918,103763,32407,0,,
72906,102919,103763,32407,1,,
72907,102917,103762,32407,1,,
72908,102918,103762,32407,0,,
72909,102919,103762,32407,0,,
72910,102917,103761,32407,0,,
72911,102918,103761,32407,1,,
72912,102919,103761,32407,0,,
72974,103060,103887,32448,2,,
72975,103059,103887,32448,0,,
72976,103060,103890,32448,0,,
72977,103059,103890,32448,2,,
72978,103060,103888,32448,0,,
72979,103059,103888,32448,7,,
72980,103060,103889,32448,11,,
72981,103059,103889,32448,3,,
72989,103079,103902,32455,0,,
72990,103082,103902,32455,0,,
72991,103081,103902,32455,0,,
72992,103080,103902,32455,2,,
72993,103079,103903,32455,7,,
72994,103082,103903,32455,0,,
72995,103081,103903,32455,0,,
72996,103080,103903,32455,0,,
72997,103079,103905,32455,0,,
72998,103082,103905,32455,2,,
72999,103081,103905,32455,0,,
73000,103080,103905,32455,0,,
73001,103079,103904,32455,0,,
73002,103082,103904,32455,3,,
73003,103081,103904,32455,6,,
73004,103080,103904,32455,5,,
73005,103079,103906,32455,0,,
73006,103082,103906,32455,2,,
73007,103081,103906,32455,0,,
73008,103080,103906,32455,0,,
73013,103109,103932,32464,8,,
73014,103110,103932,32464,6,,
73015,103109,103933,32464,0,,
73016,103110,103933,32464,2,,
73017,103109,103930,32464,0,,
73018,103110,103930,32464,2,,
73019,103109,103931,32464,7,,
73020,103110,103931,32464,0,,
