id,rtype,instance_id,quantity
31122,,9513,2
31123,,9513,7
31124,,9513,14
31125,,9513,2
31140,,9521,543
31141,,9521,23
31142,,9521,12
31143,,9522,2
31144,,9522,7
31145,,9522,14
31146,,9522,2
31147,,9523,20
31148,,9523,4
31181,,9542,2
31182,,9542,7
31183,,9542,14
31184,,9543,2
31185,,9543,7
31186,,9543,14
31187,,9544,2
31188,,9544,7
31189,,9544,14
31194,,9546,2
31195,,9546,7
31196,,9546,14
31197,,9547,2
31198,,9547,7
31199,,9547,14
31200,,9548,2
31201,,9548,7
31202,,9548,14
31203,,9549,2
31204,,9549,7
31205,,9549,14
31206,,9549,10
31207,,9549,5
31208,,9549,4
31209,,9549,14
31210,,9550,2
31211,,9550,7
31212,,9550,14
31213,,9550,10
31214,,9550,5
31215,,9550,4
31216,,9550,14
31251,,9565,2
31252,,9565,7
31253,,9565,14
31254,,9565,2
31274,,9571,2
31275,,9571,7
31276,,9571,14
31277,,9571,2
31278,,9572,2
31279,,9572,7
31280,,9572,14
31281,,9572,2
31304,,9580,2
31305,,9580,7
31306,,9580,14
31307,,9580,2
31308,,9581,2
31309,,9581,7
31310,,9581,14
31311,,9581,2
31407,,9613,2
31408,,9613,7
31409,,9613,14
31410,,9613,2
31478,,9637,2
31479,,9637,7
31480,,9637,14
31481,,9637,2
31482,,9638,2
31483,,9638,7
31484,,9638,14
31485,,9638,2
31504,,9642,2
31505,,9642,7
31506,,9642,14
31507,,9642,2
31523,,9648,2
31524,,9648,7
31525,,9648,14
31526,,9648,2
31553,,9658,2
31554,,9658,7
31555,,9658,14
31556,,9658,2
31582,,9666,2
31583,,9666,7
31584,,9666,14
31585,,9666,2
31698,,9712,4
31699,,9712,6
31700,,9712,2
31701,,9712,1
31702,,9712,8
31703,,9712,4
31766,,9731,1
31767,,9731,1
31768,,9731,1
31769,,9731,1
31770,,9733,2
31771,,9733,7
31772,,9733,14
31773,,9733,2
31798,,9741,2
31799,,9741,7
31800,,9741,14
31801,,9741,2
31814,,9748,2
31815,,9748,7
31816,,9748,14
31817,,9748,2
31908,,9787,3
31909,,9787,10
31910,,9787,15
31911,,9787,99
31979,,9813,2
31980,,9813,7
31981,,9813,14
31982,,9813,2
32036,,9830,2
32037,,9830,7
32038,,9830,14
32039,,9830,2
32063,,9838,2
32064,,9838,7
32065,,9838,14
32066,,9838,2
32089,,9844,2
32090,,9844,7
32091,,9844,14
32092,,9844,2
32112,,9850,2
32113,,9850,7
32114,,9850,14
32115,,9850,2
32138,,9860,2
32139,,9860,7
32140,,9860,14
32141,,9860,2
32198,,9879,2
32199,,9879,7
32200,,9879,14
32201,,9879,2
32216,,9885,2
32217,,9885,7
32218,,9885,14
32219,,9885,2
32271,,9905,2
32272,,9905,7
32273,,9905,14
32274,,9905,2
32279,,9907,2
32280,,9907,7
32281,,9907,14
32282,,9907,2
32283,,9908,2
32284,,9908,7
32285,,9908,14
32286,,9908,2
32320,,9923,2
32321,,9923,7
32322,,9923,14
32323,,9923,2
32496,,9973,2
32497,,9973,7
32498,,9973,14
32499,,9973,2
32537,,9989,2
32538,,9989,7
32539,,9989,14
32540,,9989,2
32543,,9994,2
32544,,9994,7
32545,,9994,14
32546,,9994,2
32555,,9997,2
32556,,9997,7
32557,,9997,14
32558,,9997,2
32604,,10014,2
32605,,10014,7
32606,,10014,14
32607,,10014,2
32610,,10018,1
32611,,10018,20
32612,,10018,20
32613,,10018,10
32713,,10052,2
32714,,10052,7
32715,,10052,14
32716,,10052,2
32760,,10066,2
32761,,10066,7
32762,,10066,14
32763,,10066,2
32783,,10068,2
32784,,10068,7
32785,,10068,14
32786,,10068,2
32803,,10075,2
32804,,10075,7
32805,,10075,14
32806,,10075,2
32880,,10099,2
32881,,10099,7
32882,,10099,14
32883,,10099,2
32884,,10100,2
32885,,10100,7
32886,,10100,14
32887,,10100,2
32888,,10101,2
32889,,10101,7
32890,,10101,14
32891,,10101,2
32892,,10102,2
32893,,10102,7
32894,,10102,14
32895,,10102,2
32896,,10103,2
32897,,10103,7
32898,,10103,14
32899,,10103,2
33147,,10171,2
33148,,10171,7
33149,,10171,14
33150,,10171,2
33164,,10177,2
33165,,10177,7
33166,,10177,14
33167,,10177,2
33231,,10202,4
33232,,10202,4
33233,,10202,1
33234,,10202,1
33292,,10224,2
33293,,10224,7
33294,,10224,14
33295,,10224,2
33309,,10229,2
33310,,10229,7
33311,,10229,14
33312,,10229,2
33360,,10243,2
33361,,10243,7
33362,,10243,14
33363,,10243,2
33373,,10247,2
33374,,10247,7
33375,,10247,14
33376,,10247,2
33435,,10265,2
33436,,10265,7
33437,,10265,14
33438,,10265,2
33530,,10295,2
33531,,10295,7
33532,,10295,14
33533,,10295,2
33547,,10300,1
33548,,10300,1
33549,,10300,1
33550,,10300,1
33551,,10301,1
33552,,10301,1
33553,,10301,1
33554,,10301,1
33603,,10317,2
33604,,10317,7
33605,,10317,14
33606,,10317,2
33625,,10325,2
33626,,10325,7
33627,,10325,14
33628,,10325,2
33713,,10357,1
33714,,10357,1
33715,,10357,1
33716,,10357,1
33815,,10388,2
33816,,10388,7
33817,,10388,14
33818,,10388,2
34030,,10461,2
34031,,10461,7
34032,,10461,14
34033,,10461,2
34084,,10481,2
34085,,10481,7
34086,,10481,14
34087,,10481,2
34154,,10507,1
34155,,10507,2
34156,,10507,1
34157,,10507,1
34171,,10513,50
34172,,10513,18
34173,,10513,4
34174,,10513,3
34175,,10513,4
34176,,10513,4
34177,,10513,4
34178,,10513,1
34179,,10513,1
34180,,10513,1
34181,,10513,3
34182,,10513,1
34183,,10513,3
34299,,10549,2
34300,,10549,7
34301,,10549,14
34302,,10549,2
34323,,10557,2
34324,,10557,7
34325,,10557,14
34326,,10557,2
34342,,10563,2
34343,,10563,7
34344,,10563,14
34345,,10563,2
34422,,10589,4
34423,,10589,4
34424,,10589,4
34425,,10589,5
34426,,10589,4
34427,,10589,1
34428,,10589,1
34429,,10589,2
34430,,10589,2
34431,,10589,1
34583,,10642,2
34584,,10642,7
34585,,10642,14
34586,,10642,2
34672,,10673,2
34673,,10673,7
34674,,10673,14
34675,,10673,2
34733,,10693,2
34734,,10693,7
34735,,10693,14
34736,,10693,2
34774,,10709,1
34775,,10709,1
34841,,10733,2
34842,,10733,7
34843,,10733,14
34844,,10733,2
34853,,10737,1
34854,,10737,1
34855,,10737,1
34856,,10737,1
34857,,10737,1
34905,,10755,365
34906,,10755,1
34907,,10755,1
34917,,10758,365
34918,,10758,365
34950,,10772,2
34951,,10772,7
34952,,10772,14
34953,,10772,2
34985,,10784,2
34986,,10784,7
34987,,10784,14
34988,,10784,2
34994,,10787,2
34995,,10787,7
34996,,10787,14
34997,,10787,2
35048,,10805,2
35049,,10805,7
35050,,10805,14
35051,,10805,2
35283,,10890,2
35284,,10890,7
35285,,10890,14
35286,,10890,2
35365,,10916,2
35366,,10916,7
35367,,10916,14
35368,,10916,2
35405,,10926,2
35406,,10926,7
35407,,10926,14
35408,,10926,2
35409,,10927,2
35410,,10927,7
35411,,10927,14
35412,,10927,2
35460,,10941,2
35461,,10941,7
35462,,10941,14
35463,,10941,2
35497,,10950,2
35498,,10950,7
35499,,10950,14
35500,,10950,2
35584,,10984,7
35585,,10984,2
35586,,10984,3
35587,,10984,2
35588,,10984,3
35589,,10984,1
35590,,10984,2
35630,,10998,2
35631,,10998,7
35632,,10998,14
35633,,10998,2
35648,,11003,2
35649,,11003,7
35650,,11003,14
35651,,11003,2
35657,,11006,2
35658,,11006,7
35659,,11006,14
35660,,11006,2
35715,,11026,2
35716,,11026,7
35717,,11026,14
35718,,11026,2
35741,,11033,2
35742,,11033,7
35743,,11033,14
35744,,11033,2
35745,,11033,1
35746,,11033,1
35917,,11099,2
35918,,11099,7
35919,,11099,14
35920,,11099,2
35921,,11100,2
35922,,11100,7
35923,,11100,14
35924,,11100,2
36124,,11166,1
36125,,11166,1
36126,,11166,1
36127,,11166,1
36128,,11166,1
36129,,11166,1
36130,,11166,3
36131,,11166,7
36247,,11206,2
36248,,11206,7
36249,,11206,14
36250,,11206,2
36581,,11299,2
36582,,11299,7
36583,,11299,14
36584,,11299,2
36595,,11303,2
36596,,11303,7
36597,,11303,14
36598,,11303,2
36636,,11312,2
36637,,11312,7
36638,,11312,14
36639,,11312,2
36736,,11344,2
36737,,11344,7
36738,,11344,14
36739,,11344,2
37230,,11499,2
37231,,11499,7
37232,,11499,14
37233,,11499,2
37246,,11504,2
37247,,11504,7
37248,,11504,14
37249,,11504,2
37428,,11564,2
37429,,11564,7
37430,,11564,14
37431,,11564,2
37665,,11613,2
37666,,11613,7
37667,,11613,14
37668,,11613,2
37925,,11688,2
37926,,11688,7
37927,,11688,14
37928,,11688,2
37929,,11688,5
37930,,11688,2
37931,,11688,2
37932,,11688,1
37933,,11689,2
37934,,11689,7
37935,,11689,14
37936,,11689,2
37937,,11689,5
37938,,11689,2
37939,,11689,2
37940,,11689,1
38001,,11710,2
38002,,11710,7
38003,,11710,14
38004,,11710,2
38005,,11711,5
38006,,11711,4
38098,,11742,7
38099,,11742,1
38100,,11742,8
38116,,11748,2
38117,,11748,7
38118,,11748,14
38119,,11748,2
38167,,11760,2
38168,,11760,1
38169,,11761,2
38170,,11761,1
38171,,11762,2
38172,,11762,1
38184,,11767,1
38185,,11767,1
38186,,11767,1
38187,,11767,1
38188,,11767,1
38189,,11767,1
38190,,11767,1
38191,,11767,1
38192,,11767,1
38193,,11767,1
38194,,11767,1
38195,,11767,1
38196,,11767,1
38197,,11767,1
38198,,11767,1
38199,,11767,1
38200,,11767,1
38201,,11767,1
38202,,11767,1
38203,,11767,1
38204,,11767,1
38205,,11767,1
38206,,11767,1
38207,,11767,1
38208,,11767,1
38209,,11767,1
38210,,11767,1
38211,,11767,1
38212,,11767,1
38213,,11767,1
38214,,11767,1
38235,,11774,2
38236,,11774,7
38237,,11774,14
38238,,11774,2
38304,,11792,2
38305,,11792,7
38306,,11792,14
38307,,11792,2
38327,,11800,1
38328,,11800,1
38329,,11800,1
38330,,11800,1
38331,,11800,1
38332,,11800,1
38333,,11800,1
38334,,11800,1
38335,,11800,1
38336,,11800,1
38337,,11800,1
38338,,11800,1
38339,,11800,1
38340,,11800,1
38341,,11800,1
38342,,11800,1
38343,,11800,1
38344,,11800,1
38345,,11800,1
38346,,11800,1
38347,,11800,1
38348,,11800,1
38349,,11800,1
38350,,11800,1
38351,,11800,1
38352,,11800,1
38353,,11800,1
38354,,11800,1
38355,,11800,1
38356,,11800,1
38357,,11800,1
38358,,11800,1
38359,,11800,1
38360,,11800,1
38361,,11800,1
38362,,11800,1
38363,,11800,1
38490,,11842,2
38491,,11842,7
38492,,11842,14
38493,,11842,2
38512,,11849,2
38513,,11849,7
38514,,11849,14
38515,,11849,2
38520,,11851,2
38521,,11851,7
38522,,11851,14
38523,,11851,2
38568,,11866,1
38569,,11866,2
38570,,11866,1
38571,,11866,2
38575,,11868,2
38576,,11868,2
38577,,11868,2
38578,,11868,2
38579,,11868,2
38580,,11868,2
38581,,11868,2
38582,,11868,2
38583,,11868,2
38584,,11868,2
38585,,11868,2
38586,,11868,2
38587,,11868,2
38588,,11868,2
38589,,11868,2
38590,,11868,2
38591,,11868,2
38592,,11868,2
38593,,11868,2
38594,,11868,2
38595,,11868,2
38596,,11868,2
38597,,11868,2
38598,,11868,2
38599,,11868,2
38600,,11868,2
38601,,11868,2
38602,,11868,2
38621,,11875,2
38622,,11875,7
38623,,11875,14
38624,,11875,2
38640,,11881,1
38641,,11881,1
38642,,11881,1
38643,,11881,3
38644,,11881,2
38788,,11929,2
38789,,11929,7
38790,,11929,14
38791,,11929,2
38898,,11964,4
38899,,11964,4
38900,,11964,4
38901,,11964,4
38902,,11964,3
38903,,11964,4
38904,,11964,4
38905,,11964,1
38929,,11973,18
38930,,11973,4
38931,,11973,3
38932,,11973,3
38933,,11973,1
38934,,11973,1
38935,,11973,1
38939,,11975,2
38940,,11975,7
38941,,11975,14
38942,,11975,2
38974,,11984,7
38975,,11984,3
38976,,11984,2
39151,,12041,2
39152,,12041,7
39153,,12041,14
39154,,12041,2
39169,,12046,2
39170,,12046,7
39171,,12046,14
39172,,12046,2
39175,,12048,2
39176,,12048,7
39177,,12048,14
39178,,12048,2
39336,,12104,1
39337,,12104,1
39338,,12104,1
39339,,12104,1
39460,,12145,2
39461,,12145,7
39462,,12145,14
39463,,12145,2
39706,,12222,2
39707,,12222,7
39708,,12222,14
39709,,12222,2
39748,,12235,2
39749,,12235,7
39750,,12235,14
39751,,12235,2
39752,,12236,4
39753,,12236,30
39754,,12236,12
39755,,12236,12
39756,,12236,2
39757,,12236,2
39760,,12238,2
39761,,12238,7
39762,,12238,14
39763,,12238,2
39896,,12288,1
39897,,12288,7
39898,,12288,14
39899,,12288,2
39900,,12288,2
39901,,12289,1
39902,,12289,7
39903,,12289,14
39904,,12289,2
39905,,12289,2
39921,,12297,2
39922,,12297,7
39923,,12297,14
39924,,12297,2
40075,,12350,2
40076,,12350,7
40077,,12350,14
40078,,12350,2
40140,,12373,2
40141,,12373,7
40142,,12373,14
40143,,12373,2
40344,,12441,2
40345,,12441,7
40346,,12441,14
40347,,12441,2
40403,,12461,2
40404,,12461,7
40405,,12461,14
40406,,12461,2
40520,,12499,2
40521,,12499,7
40522,,12499,14
40523,,12499,2
40544,,12506,2
40545,,12506,7
40546,,12506,14
40547,,12506,2
40897,,12619,2
40898,,12619,7
40899,,12619,14
40900,,12619,2
40901,,12620,2
40902,,12620,7
40903,,12620,14
40904,,12620,2
41007,,12656,2
41008,,12656,7
41009,,12656,14
41010,,12656,2
41117,,12688,2
41118,,12688,7
41119,,12688,14
41120,,12688,2
41393,,12780,2
41394,,12780,3
41395,,12780,4
41396,,12780,5
41412,,12786,2
41413,,12786,7
41414,,12786,14
41415,,12786,2
41456,,12799,2
41457,,12799,7
41458,,12799,14
41459,,12799,2
41504,,12814,2
41505,,12814,7
41506,,12814,14
41507,,12814,2
41513,,12816,2
41514,,12816,7
41515,,12816,14
41516,,12816,2
41624,,12850,2
41625,,12850,7
41626,,12850,14
41627,,12850,2
41669,,12860,2
41670,,12860,7
41671,,12860,14
41672,,12860,2
41701,,12871,2
41702,,12871,7
41703,,12871,14
41704,,12871,2
41705,,12872,2
41706,,12872,7
41707,,12872,14
41708,,12872,2
41709,,12873,2
41710,,12873,7
41711,,12873,14
41712,,12873,2
41720,,12876,2
41721,,12876,7
41722,,12876,14
41723,,12876,2
41749,,12884,2
41750,,12884,7
41751,,12884,14
41752,,12884,2
41912,,12937,2
41913,,12937,7
41914,,12937,14
41915,,12937,2
41984,,12961,1
41985,,12961,1
41986,,12961,1
42101,,12998,2
42102,,12998,7
42103,,12998,14
42104,,12998,2
42339,,13078,2
42340,,13078,7
42341,,13078,14
42342,,13078,2
42612,,13166,2
42613,,13166,7
42614,,13166,14
42615,,13166,2
42770,,13202,2
42771,,13202,7
42772,,13202,14
42773,,13202,2
42786,,13205,2
42787,,13205,7
42788,,13205,14
42789,,13205,2
42913,,13237,2
42914,,13237,7
42915,,13237,14
42916,,13237,2
42975,,13258,1
42976,,13258,2
42977,,13258,1
42978,,13258,1
43265,,13349,2
43266,,13349,7
43267,,13349,14
43268,,13349,2
43350,,13376,2
43351,,13376,7
43352,,13376,14
43353,,13376,2
43384,,13386,1
43385,,13386,4
43386,,13386,1
43539,,13434,2
43540,,13434,7
43541,,13434,14
43542,,13434,2
43604,,13454,2
43605,,13454,7
43606,,13454,14
43607,,13454,2
43709,,13489,2
43710,,13489,7
43711,,13489,14
43712,,13489,2
43878,,13540,500
43879,,13540,500
43905,,13553,2
43906,,13553,7
43907,,13553,14
43908,,13553,2
44413,,13715,2
44414,,13715,7
44415,,13715,14
44416,,13715,2
44605,,13771,2
44606,,13771,7
44607,,13771,14
44608,,13771,2
44930,,13882,2
44931,,13882,7
44932,,13882,14
44933,,13882,2
44982,,13899,2
44983,,13899,7
44984,,13899,14
44985,,13899,2
45116,,13943,2
45117,,13943,7
45118,,13943,14
45119,,13943,2
45124,,13945,12
45125,,13945,4
45126,,13945,28
45127,,13945,2
45128,,13945,1
45373,,14026,2
45374,,14026,7
45375,,14026,14
45376,,14026,2
45443,,14046,2
45444,,14046,7
45445,,14046,14
45446,,14046,2
45590,,14080,2
45591,,14080,7
45592,,14080,14
45593,,14080,2
45616,,14086,2
45617,,14086,7
45618,,14086,14
45619,,14086,2
45647,,14096,2
45648,,14096,1
45649,,14096,3
45663,,14101,2
45664,,14101,7
45665,,14101,14
45666,,14101,2
45735,,14122,2
45736,,14122,7
45737,,14122,14
45738,,14122,2
45745,,14125,2
45746,,14125,7
45747,,14125,14
45748,,14125,2
45758,,14129,2
45759,,14129,7
45760,,14129,14
45761,,14129,2
45765,,14131,2
45766,,14131,7
45767,,14131,14
45768,,14131,2
45769,,14132,6
45770,,14132,3
45771,,14132,1
45772,,14132,1
45773,,14132,1
45774,,14132,1
45775,,14132,20
45776,,14132,3
45777,,14133,2
45778,,14133,7
45779,,14133,14
45780,,14133,2
45781,,14134,2
45782,,14134,7
45783,,14134,14
45784,,14134,2
45805,,14140,2
45806,,14140,7
45807,,14140,14
45808,,14140,2
45809,,14141,2
45810,,14141,7
45811,,14141,14
45812,,14141,2
45813,,14142,2
45814,,14142,7
45815,,14142,14
45816,,14142,2
45840,,14150,1
45841,,14150,1
45842,,14150,1
45843,,14150,1
45860,,14155,2
45861,,14155,7
45862,,14155,14
45863,,14155,2
45885,,14162,2
45886,,14162,7
45887,,14162,14
45888,,14162,2
45942,,14178,2
45943,,14178,7
45944,,14178,14
45945,,14178,2
45955,,14181,2
45956,,14181,7
45957,,14181,14
45958,,14181,2
45974,,14189,1
45975,,14189,50
45976,,14189,1
45977,,14189,1
45978,,14189,4
45979,,14189,1
45980,,14189,50
45981,,14189,4
45982,,14189,50
46081,,14219,2
46082,,14219,7
46083,,14219,14
46084,,14219,2
46119,,14232,2
46120,,14232,7
46121,,14232,14
46122,,14232,2
46143,,14239,2
46144,,14239,7
46145,,14239,14
46146,,14239,2
46147,,14240,2
46148,,14240,7
46149,,14240,14
46150,,14240,2
46151,,14241,2
46152,,14241,7
46153,,14241,14
46154,,14241,2
46155,,14242,2
46156,,14242,7
46157,,14242,14
46158,,14242,2
46159,,14243,2
46160,,14243,7
46161,,14243,14
46162,,14243,2
46169,,14247,2
46170,,14247,7
46171,,14247,14
46172,,14247,2
46261,,14277,2
46262,,14277,7
46263,,14277,14
46264,,14277,2
46265,,14278,2
46266,,14278,7
46267,,14278,14
46268,,14278,2
46287,,14285,2
46288,,14285,7
46289,,14285,14
46290,,14285,2
46338,,14302,2
46339,,14302,7
46340,,14302,14
46341,,14302,2
46370,,14311,2
46371,,14311,7
46372,,14311,14
46373,,14311,2
46374,,14312,10
46375,,14312,3
46376,,14312,5
46377,,14312,20
46378,,14312,5
46379,,14312,30
46414,,14324,1
46415,,14324,1
46416,,14324,1
46417,,14324,1
46432,,14329,2
46433,,14329,7
46434,,14329,14
46435,,14329,2
46445,,14332,2
46446,,14332,7
46447,,14332,30
46448,,14332,8
46449,,14332,10
46450,,14333,2
46451,,14333,7
46452,,14333,30
46453,,14333,8
46454,,14333,10
46455,,14334,2
46456,,14334,7
46457,,14334,30
46458,,14334,8
46459,,14334,100
46460,,14335,2
46461,,14335,7
46462,,14335,30
46463,,14335,8
46464,,14335,200
46465,,14336,2
46466,,14336,7
46467,,14336,30
46468,,14336,8
46469,,14336,200
46470,,14336,50
46471,,14337,2
46472,,14337,7
46473,,14337,30
46474,,14337,8
46475,,14337,200
46476,,14337,50
46480,,14339,2
46481,,14339,7
46482,,14339,30
46483,,14339,8
46484,,14339,2000
46485,,14340,2
46486,,14340,7
46487,,14340,30
46488,,14340,8
46489,,14340,2000
46490,,14340,4
46491,,14341,2
46492,,14341,7
46493,,14341,30
46494,,14341,8
46495,,14341,2000
46496,,14341,4
46500,,14343,2
46501,,14343,7
46502,,14343,30
46503,,14343,8
46504,,14343,3000
46505,,14343,4
46506,,14344,2
46507,,14344,7
46508,,14344,30
46509,,14344,8
46510,,14344,3000
46511,,14344,4
46512,,14345,2
46513,,14345,7
46514,,14345,30
46515,,14345,8
46516,,14345,300000
46517,,14346,2
46518,,14346,7
46519,,14346,30
46520,,14346,8
46521,,14346,3000
46522,,14346,4
46523,,14347,2
46524,,14347,7
46525,,14347,30
46526,,14347,8
46527,,14347,3000
46528,,14347,4
46529,,14348,2
46530,,14348,7
46531,,14348,30
46532,,14348,8
46533,,14348,3000
46534,,14348,4
46535,,14349,2
46536,,14349,7
46537,,14349,30
46538,,14349,8
46539,,14349,3000
46540,,14349,4
46541,,14350,2
46542,,14350,7
46543,,14350,30
46544,,14350,8
46545,,14350,3000
46546,,14350,4
46547,,14351,2
46548,,14351,7
46549,,14351,30
46550,,14351,8
46551,,14351,3000
46552,,14351,4
46553,,14352,2
46554,,14352,7
46555,,14352,30
46556,,14352,8
46557,,14352,3000
46558,,14352,4
46559,,14353,2
46560,,14353,7
46561,,14353,30
46562,,14353,8
46563,,14353,3000
46564,,14353,4
46565,,14354,2
46566,,14354,7
46567,,14354,30
46568,,14354,8
46569,,14354,3000
46570,,14354,4
46575,,14357,2
46576,,14357,7
46577,,14357,30
46578,,14357,8
46579,,14357,3000
46580,,14357,4
46581,,14358,2
46582,,14358,7
46583,,14358,30
46584,,14358,8
46585,,14358,3000
46586,,14358,4
46587,,14359,2
46588,,14359,7
46589,,14359,30
46590,,14359,8
46591,,14359,3000
46592,,14359,4
46593,,14360,2
46594,,14360,7
46595,,14360,30
46596,,14360,8
46597,,14360,3000
46598,,14360,4
46626,,14372,2
46627,,14372,7
46628,,14372,14
46629,,14372,2
46670,,14381,2
46671,,14381,7
46672,,14381,14
46673,,14381,2
46685,,14386,2
46686,,14386,7
46687,,14386,14
46688,,14386,2
46694,,14389,2
46695,,14389,7
46696,,14389,14
46697,,14389,2
46777,,14417,2
46778,,14417,1
46779,,14417,1
46780,,14417,7
46781,,14417,1
46782,,14417,4
46850,,14435,2
46851,,14435,7
46852,,14435,14
46853,,14435,2
46862,,14439,2
46863,,14439,7
46864,,14439,14
46865,,14439,2
46866,,14440,2
46867,,14440,7
46868,,14440,14
46869,,14440,2
46870,,14440,3000
46871,,14441,2
46872,,14441,7
46873,,14441,14
46874,,14441,2
46875,,14441,700
46876,,14442,2
46877,,14442,7
46878,,14442,14
46879,,14442,2
46880,,14442,700
46881,,14443,2
46882,,14443,7
46883,,14443,14
46884,,14443,2
46924,,14460,2
46925,,14460,7
46926,,14460,14
46927,,14460,2
46931,,14463,2
46932,,14463,7
46933,,14463,14
46934,,14463,2
46987,,14482,8
46988,,14482,2
46989,,14482,4
47285,,14581,2
47286,,14581,7
47287,,14581,14
47288,,14581,2
47311,,14589,2
47312,,14589,7
47313,,14589,14
47314,,14589,2
47376,,14610,8
47377,,14610,4
47378,,14610,1
47379,,14610,4
47380,,14610,4
47381,,14610,4
47382,,14610,4
47383,,14610,8
47384,,14610,8
47385,,14610,6
47386,,14610,10
47387,,14610,20
47435,,14627,2
47436,,14627,7
47437,,14627,14
47438,,14627,2
47755,,14725,1
47756,,14725,1
47757,,14725,1
47758,,14725,1
47790,,14735,2
47791,,14735,7
47792,,14735,14
47793,,14735,2
47824,,14751,2
47825,,14751,7
47826,,14751,14
47827,,14751,2
47852,,14761,2
47853,,14761,7
47854,,14761,14
47855,,14761,2
47895,,14774,1
47896,,14774,1
47897,,14774,1
47951,,14795,14
47952,,14795,2
48029,,14813,30
48030,,14813,12
48031,,14813,16
48032,,14813,4
48033,,14813,4
48197,,14873,2
48198,,14873,7
48199,,14873,14
48200,,14873,2
48234,,14886,2
48235,,14886,7
48236,,14886,14
48237,,14886,2
48293,,14897,2
48294,,14897,7
48295,,14897,14
48296,,14897,2
48297,,14898,1
48298,,14898,1
48299,,14898,7
48300,,14898,4
48301,,14898,3
48302,,14898,21
48513,,14963,2
48514,,14963,3
48515,,14963,3
48576,,14982,2
48577,,14982,7
48578,,14982,14
48579,,14982,2
48610,,14997,1
48611,,14997,1
48612,,14997,1
48613,,14997,1
48614,,14997,1
48615,,14997,1
48636,,15003,2
48637,,15003,7
48638,,15003,14
48639,,15003,2
48835,,15072,2
48836,,15072,7
48837,,15072,14
48838,,15072,2
48909,,15098,2
48910,,15098,7
48911,,15098,14
48912,,15098,2
48956,,15113,2
48957,,15113,7
48958,,15113,14
48959,,15113,2
48960,,15114,2
48961,,15114,7
48962,,15114,14
48963,,15114,2
49036,,15136,10
49037,,15136,2
49038,,15136,1
49039,,15136,1
49040,,15136,1
49041,,15136,5
49094,,15152,6
49095,,15152,5
49096,,15152,2
49097,,15152,2
49243,,15197,2
49244,,15197,7
49245,,15197,14
49246,,15197,2
49346,,15228,2
49347,,15228,7
49348,,15228,14
49349,,15228,2
49372,,15235,2
49373,,15235,7
49374,,15235,14
49375,,15235,2
49382,,15237,2
49383,,15237,7
49384,,15237,14
49385,,15237,2
49405,,15245,2
49406,,15245,7
49407,,15245,14
49408,,15245,2
49440,,15256,2
49441,,15256,7
49442,,15256,14
49443,,15256,2
49568,,15300,2
49569,,15300,7
49570,,15300,14
49571,,15300,2
49585,,15305,2
49586,,15305,7
49587,,15305,14
49588,,15305,2
49631,,15322,2
49632,,15322,7
49633,,15322,14
49634,,15322,2
49992,,15445,2
49993,,15445,7
49994,,15445,14
49995,,15445,2
50025,,15454,2
50026,,15454,7
50027,,15454,14
50028,,15454,2
50029,,15455,2
50030,,15455,7
50031,,15455,14
50032,,15455,2
50170,,15473,2
50171,,15473,7
50172,,15473,14
50173,,15473,2
50174,,15474,3
50175,,15474,3
50176,,15474,3
50285,,15514,2
50286,,15514,7
50287,,15514,14
50288,,15514,2
50372,,15543,2
50373,,15543,7
50374,,15543,14
50375,,15543,2
50420,,15553,200
50421,,15553,200
50422,,15553,100
50423,,15553,100
50434,,15559,7
50435,,15559,2
50436,,15559,2
50484,,15573,2
50485,,15573,7
50486,,15573,14
50487,,15573,2
50488,,15574,2
50489,,15574,7
50490,,15574,14
50491,,15574,2
50673,,15624,7
50674,,15624,2
50675,,15624,3
50715,,15638,2
50716,,15638,7
50717,,15638,14
50718,,15638,2
50719,,15639,2
50720,,15639,7
50721,,15639,14
50722,,15639,2
50764,,15652,7
50765,,15652,1
50766,,15652,7
50777,,15657,5
50778,,15657,2
50779,,15657,7
50780,,15657,2
50781,,15657,7
50782,,15657,1
50783,,15657,1
50784,,15657,1
50785,,15657,4
50786,,15658,2
50787,,15658,7
50788,,15658,14
50789,,15658,2
50794,,15660,2
50795,,15660,7
50796,,15660,14
50797,,15660,2
50825,,15669,2
50826,,15669,7
50827,,15669,14
50828,,15669,2
50857,,15677,1
50858,,15677,21
50859,,15677,2
50887,,15687,2
50888,,15687,7
50889,,15687,14
50890,,15687,2
50932,,15700,2
50933,,15700,7
50934,,15700,14
50935,,15700,2
51005,,15719,2
51006,,15719,7
51007,,15719,14
51008,,15719,2
51035,,15728,2
51036,,15728,7
51037,,15728,14
51038,,15728,2
51134,,15756,2
51135,,15756,7
51136,,15756,14
51137,,15756,2
51138,,15757,2
51139,,15757,7
51140,,15757,14
51141,,15757,2
51196,,15774,2
51197,,15774,7
51198,,15774,14
51199,,15774,2
51232,,15786,1
51233,,15786,10
51234,,15786,1
51235,,15786,14
51246,,15790,2
51247,,15790,14
51248,,15790,3
51249,,15790,7
51267,,15796,2
51268,,15796,14
51269,,15796,1
51270,,15796,10
51282,,15800,2
51283,,15800,1
51284,,15800,14
51285,,15800,10
51350,,15817,4
51351,,15817,2
51352,,15817,5
51353,,15818,4
51354,,15818,2
51355,,15818,5
51356,,15819,4
51357,,15819,2
51358,,15819,5
51359,,15820,4
51360,,15820,2
51361,,15820,5
51362,,15821,4
51363,,15821,2
51364,,15821,5
51365,,15822,4
51366,,15822,2
51367,,15822,5
51368,,15823,4
51369,,15823,2
51370,,15823,5
51371,,15824,4
51372,,15824,2
51373,,15824,5
51383,,15826,2
51384,,15826,7
51385,,15826,14
51386,,15826,2
51393,,15829,2
51394,,15829,2
51395,,15829,3
51431,,15835,2
51432,,15835,2
51433,,15835,3
51478,,15846,2
51479,,15846,7
51480,,15846,14
51481,,15846,2
51551,,15870,2
51552,,15870,7
51553,,15870,14
51554,,15870,2
51555,,15871,2
51556,,15871,7
51557,,15871,14
51558,,15871,2
51567,,15874,1000
51568,,15874,10
51569,,15875,1
51570,,15875,1
51575,,15878,1
51576,,15878,14
51577,,15878,1
51578,,15878,7
51697,,15921,2
51698,,15921,7
51699,,15921,14
51700,,15921,2
51865,,15972,2
51866,,15972,7
51867,,15972,14
51868,,15972,2
52031,,16020,2
52032,,16020,7
52033,,16020,14
52034,,16020,2
52038,,16022,1
52039,,16022,2
52040,,16022,5
52190,,16068,2
52191,,16068,7
52192,,16068,14
52193,,16068,2
52274,,16094,2
52275,,16094,7
52276,,16094,14
52277,,16094,2
52298,,16099,2
52299,,16099,7
52300,,16099,14
52301,,16099,2
52407,,16130,1
52408,,16130,1
52409,,16130,1
52410,,16130,1
52411,,16130,1
52412,,16130,1
52413,,16130,1
52461,,16146,1
52462,,16146,7
52463,,16146,1
52464,,16146,7
52465,,16146,1
52466,,16146,1
52538,,16168,2
52539,,16168,7
52540,,16168,14
52541,,16168,2
52891,,16277,2
52892,,16277,7
52893,,16277,14
52894,,16277,2
52895,,16278,2
52896,,16278,7
52897,,16278,14
52898,,16278,2
53035,,16323,3
53036,,16323,2
53037,,16323,1
53060,,16332,2
53061,,16332,7
53062,,16332,14
53063,,16332,2
53423,,16448,2
53424,,16448,7
53425,,16448,14
53426,,16448,2
53427,,16449,2
53428,,16449,7
53429,,16449,14
53430,,16449,2
53447,,16458,1
53448,,16458,7
53449,,16458,1
53450,,16458,1
53451,,16458,1
53452,,16458,7
53455,,16460,2
53456,,16460,7
53457,,16460,14
53458,,16460,2
53465,,16462,7
53466,,16462,7
53467,,16462,1
53468,,16462,1
53469,,16462,1
53470,,16462,1
53519,,16480,1
53520,,16480,1
53521,,16480,1
53568,,16496,1
53569,,16496,7
53570,,16496,1
53571,,16496,7
53572,,16496,1
53573,,16496,1
53622,,16524,2
53623,,16524,7
53624,,16524,14
53625,,16524,2
53679,,16544,2
53680,,16544,7
53681,,16544,14
53682,,16544,2
53683,,16545,2
53684,,16545,7
53685,,16545,14
53686,,16545,2
53687,,16546,2
53688,,16546,7
53689,,16546,14
53690,,16546,2
53691,,16547,2
53692,,16547,7
53693,,16547,14
53694,,16547,2
53824,,16589,2
53825,,16589,7
53826,,16589,14
53827,,16589,2
53857,,16620,2
53858,,16620,7
53859,,16620,14
53860,,16620,2
54032,,16670,1
54033,,16670,3
54034,,16670,7
54035,,16670,1
54036,,16670,7
54037,,16670,1
54042,,16672,2
54043,,16672,7
54044,,16672,14
54045,,16672,2
54046,,16673,1
54047,,16673,3
54048,,16673,7
54049,,16673,1
54050,,16673,7
54051,,16673,1
54266,,16741,1
54267,,16741,3
54268,,16741,7
54269,,16741,1
54270,,16741,7
54271,,16741,1
54405,,16787,1
54406,,16787,1
54407,,16787,1
54408,,16787,1
54409,,16787,1
54410,,16787,1
54465,,16808,2
54466,,16808,7
54467,,16808,14
54468,,16808,2
54469,,16809,2
54470,,16809,7
54471,,16809,14
54472,,16809,2
54502,,16821,2
54503,,16821,7
54504,,16821,14
54505,,16821,2
54509,,16823,2
54510,,16823,7
54511,,16823,14
54512,,16823,2
54704,,16895,2
54705,,16895,7
54706,,16895,14
54707,,16895,2
54965,,16981,2
54966,,16981,7
54967,,16981,14
54968,,16981,2
55071,,17018,2
55072,,17018,7
55073,,17018,14
55074,,17018,2
55251,,17069,2
55252,,17069,7
55253,,17069,14
55254,,17069,2
55438,,17132,2
55439,,17132,7
55440,,17132,14
55441,,17132,2
55645,,17201,2
55646,,17201,7
55647,,17201,14
55648,,17201,2
55677,,17211,2
55678,,17211,7
55679,,17211,14
55680,,17211,2
55708,,17220,2
55709,,17220,1
55710,,17220,1
55794,,17248,2
55795,,17248,7
55796,,17248,14
55797,,17248,2
55798,,17249,2
55799,,17249,7
55800,,17249,14
55801,,17249,2
55917,,17288,2
55918,,17288,7
55919,,17288,14
55920,,17288,2
56021,,17318,2
56022,,17318,7
56023,,17318,14
56024,,17318,2
56040,,17322,2
56041,,17322,7
56042,,17322,14
56043,,17322,2
56145,,17351,2
56146,,17351,7
56147,,17351,14
56148,,17351,2
56235,,17379,2
56236,,17379,7
56237,,17379,14
56238,,17379,2
56250,,17383,2
56251,,17383,7
56252,,17383,14
56253,,17383,2
56260,,17386,2
56261,,17386,7
56262,,17386,14
56263,,17386,2
56338,,17413,2
56339,,17413,7
56340,,17413,14
56341,,17413,2
56409,,17434,2
56410,,17434,7
56411,,17434,14
56412,,17434,2
56506,,17462,2
56507,,17462,7
56508,,17462,14
56509,,17462,2
56545,,17473,2
56546,,17473,7
56547,,17473,14
56548,,17473,2
56549,,17474,2
56550,,17474,7
56551,,17474,14
56552,,17474,2
56676,,17515,2
56677,,17515,7
56678,,17515,14
56679,,17515,2
56688,,17519,2
56689,,17519,7
56690,,17519,14
56691,,17519,2
56707,,17524,2
56708,,17524,7
56709,,17524,14
56710,,17524,2
56715,,17526,5
56716,,17526,10
56773,,17547,2
56774,,17547,7
56775,,17547,14
56776,,17547,2
56777,,17548,2
56778,,17548,7
56779,,17548,14
56780,,17548,2
56832,,17566,2
56833,,17566,7
56834,,17566,14
56835,,17566,2
57063,,17644,1
57064,,17644,4
57065,,17644,30
57066,,17644,6
57129,,17666,2
57130,,17666,7
57131,,17666,14
57132,,17666,2
57156,,17675,2
57157,,17675,7
57158,,17675,14
57159,,17675,2
57209,,17692,2
57210,,17692,7
57211,,17692,14
57212,,17692,2
57219,,17695,2
57220,,17695,7
57221,,17695,14
57222,,17695,2
57252,,17705,7
57253,,17705,7
57254,,17705,2
57255,,17705,7
57256,,17705,14
57257,,17705,2
57603,,17808,2
57604,,17808,7
57605,,17808,14
57606,,17808,2
57657,,17824,4
57658,,17824,1
57659,,17824,5
57660,,17824,5
57668,,17827,2
57669,,17827,7
57670,,17827,14
57671,,17827,2
57759,,17854,2
57760,,17854,7
57761,,17854,14
57762,,17854,2
57782,,17863,7
57783,,17863,4
57784,,17863,8
57785,,17863,2
57794,,17867,1
57795,,17867,1
57796,,17867,1
57953,,17914,4
57954,,17914,3
57955,,17914,1
57956,,17914,1
57957,,17914,2
57958,,17914,1
57959,,17914,1
57960,,17914,1
57961,,17914,7
58258,,18016,2
58259,,18016,3
58260,,18016,14
58261,,18016,2
58494,,18087,1
58495,,18087,1
58496,,18087,1
58497,,18087,1
58596,,18119,2
58597,,18119,7
58598,,18119,14
58599,,18119,2
58632,,18132,2
58633,,18132,7
58634,,18132,14
58635,,18132,2
58662,,18141,2
58663,,18141,7
58664,,18141,14
58665,,18141,2
59556,,18432,2
59557,,18432,7
59558,,18432,14
59559,,18432,2
59672,,18466,2
59673,,18466,7
59674,,18466,14
59675,,18466,2
59956,,18550,2
59957,,18550,7
59958,,18550,14
59959,,18550,2
59960,,18551,2
59961,,18551,7
59962,,18551,14
59963,,18551,2
60037,,18577,2
60038,,18577,7
60039,,18577,14
60040,,18577,2
60041,,18578,2
60042,,18578,7
60043,,18578,14
60044,,18578,2
60055,,18580,2
60056,,18580,7
60057,,18580,14
60058,,18580,2
60263,,18639,2
60264,,18639,7
60265,,18639,14
60266,,18639,2
60281,,18644,2
60282,,18644,7
60283,,18644,14
60284,,18644,2
60315,,18656,2
60316,,18656,7
60317,,18656,14
60318,,18656,2
60352,,18667,2
60353,,18667,7
60354,,18667,14
60355,,18667,2
60396,,18681,2
60397,,18681,7
60398,,18681,14
60399,,18681,2
60400,,18682,2
60401,,18682,7
60402,,18682,14
60403,,18682,2
60407,,18684,2
60408,,18684,7
60409,,18684,14
60410,,18684,2
60411,,18685,2
60412,,18685,7
60413,,18685,14
60414,,18685,2
60430,,18690,2
60431,,18690,7
60432,,18690,14
60433,,18690,2
60486,,18708,2
60487,,18708,7
60488,,18708,14
60489,,18708,2
60505,,18720,2
60506,,18720,7
60507,,18720,14
60508,,18720,2
60585,,18746,2
60586,,18746,7
60587,,18746,14
60588,,18746,2
60608,,18750,2
60609,,18750,7
60610,,18750,14
60611,,18750,2
60612,,18751,2
60613,,18751,7
60614,,18751,14
60615,,18751,2
60620,,18754,2
60621,,18754,7
60622,,18754,14
60623,,18754,2
60624,,18755,2
60625,,18755,7
60626,,18755,14
60627,,18755,2
60628,,18756,2
60629,,18756,7
60630,,18756,14
60631,,18756,2
60635,,18758,2
60636,,18758,7
60637,,18758,14
60638,,18758,2
60715,,18782,2
60716,,18782,7
60717,,18782,14
60718,,18782,2
60742,,18792,2
60743,,18792,7
60744,,18792,14
60745,,18792,2
60777,,18805,2
60778,,18805,7
60779,,18805,14
60780,,18805,2
60784,,18808,2
60785,,18808,7
60786,,18808,14
60787,,18808,2
60809,,18814,2
60810,,18814,7
60811,,18814,14
60812,,18814,2
60887,,18839,2
60888,,18839,7
60889,,18839,14
60890,,18839,2
60891,,18840,2
60892,,18840,7
60893,,18840,14
60894,,18840,2
60905,,18845,2
60906,,18845,7
60907,,18845,14
60908,,18845,2
60916,,18848,2
60917,,18848,7
60918,,18848,14
60919,,18848,2
60971,,18867,2
60972,,18867,7
60973,,18867,14
60974,,18867,2
60993,,18874,2
60994,,18874,7
60995,,18874,14
60996,,18874,2
61044,,18891,2
61045,,18891,7
61046,,18891,14
61047,,18891,2
61055,,18894,2
61056,,18894,7
61057,,18894,14
61058,,18894,2
61068,,18897,2
61069,,18897,7
61070,,18897,14
61071,,18897,2
61072,,18898,2
61073,,18898,7
61074,,18898,14
61075,,18898,2
61092,,18906,2
61093,,18906,7
61094,,18906,14
61095,,18906,2
61135,,18917,2
61136,,18917,7
61137,,18917,14
61138,,18917,2
61159,,18923,1
61160,,18923,2
61161,,18923,1
61162,,18923,1
61163,,18924,2
61164,,18924,7
61165,,18924,14
61166,,18924,2
61222,,18947,2
61223,,18947,7
61224,,18947,14
61225,,18947,2
61240,,18953,2
61241,,18953,7
61242,,18953,14
61243,,18953,2
61261,,18958,2
61262,,18958,7
61263,,18958,14
61264,,18958,2
61335,,18979,2
61336,,18979,7
61337,,18979,14
61338,,18979,2
61376,,18992,2
61377,,18992,7
61378,,18992,14
61379,,18992,2
61443,,19011,2
61444,,19011,7
61445,,19011,14
61446,,19011,2
61471,,19020,2
61472,,19020,7
61473,,19020,14
61474,,19020,2
61486,,19025,2
61487,,19025,7
61488,,19025,14
61489,,19025,2
61512,,19034,2
61513,,19034,7
61514,,19034,14
61515,,19034,2
61516,,19035,2
61517,,19035,7
61518,,19035,14
61519,,19035,2
61552,,19044,2
61553,,19044,7
61554,,19044,14
61555,,19044,2
61556,,19045,2
61557,,19045,7
61558,,19045,14
61559,,19045,2
61570,,19050,2
61571,,19050,7
61572,,19050,14
61573,,19050,2
61574,,19051,2
61575,,19051,7
61576,,19051,14
61577,,19051,2
61578,,19052,2
61579,,19052,7
61580,,19052,14
61581,,19052,2
61585,,19054,2
61586,,19054,7
61587,,19054,14
61588,,19054,2
61627,,19071,2
61628,,19071,7
61629,,19071,14
61630,,19071,2
61631,,19072,2
61632,,19072,7
61633,,19072,14
61634,,19072,2
61648,,19076,2
61649,,19076,7
61650,,19076,14
61651,,19076,2
61669,,19083,2
61670,,19083,7
61671,,19083,14
61672,,19083,2
61673,,19084,5
61674,,19084,1
61675,,19084,3
61676,,19084,8
61802,,19128,2
61803,,19128,7
61804,,19128,14
61805,,19128,2
61870,,19150,2
61871,,19150,7
61872,,19150,14
61873,,19150,2
62018,,19198,1
62019,,19198,7
62020,,19198,14
62021,,19198,2
62143,,19240,2
62144,,19240,7
62145,,19240,14
62146,,19240,2
62212,,19264,10
62213,,19264,2
62214,,19264,1
62215,,19264,1
62216,,19264,1
62217,,19264,1
62218,,19264,4
62219,,19264,5
62223,,19266,4
62224,,19266,1
62225,,19266,1
62226,,19266,1
62227,,19266,5
62228,,19266,1
62229,,19266,2
62230,,19266,1
62231,,19267,5
62232,,19267,1
62233,,19267,1
62234,,19267,4
62235,,19267,2
62236,,19267,1
62237,,19267,1
62238,,19267,1
62239,,19268,4
62240,,19268,1
62241,,19268,1
62242,,19268,5
62243,,19268,2
62244,,19268,1
62245,,19268,1
62246,,19268,1
62247,,19269,1
62248,,19269,1
62249,,19269,1
62250,,19269,4
62251,,19269,2
62271,,19284,1
62272,,19284,1
62273,,19284,1
62274,,19284,1
62275,,19284,1
62276,,19284,1
62277,,19284,1
62278,,19284,1
62346,,19305,2
62347,,19305,7
62348,,19305,14
62349,,19305,2
62368,,19310,1
62369,,19310,1
62370,,19310,1
62371,,19310,1
62372,,19310,4
62373,,19310,5
62374,,19310,2
62375,,19310,1
62406,,19321,2
62407,,19321,7
62408,,19321,14
62409,,19321,2
62730,,19411,2
62731,,19411,7
62732,,19411,14
62733,,19411,2
62737,,19413,20
62738,,19413,20
62739,,19413,20
62763,,19419,2
62764,,19419,1
62765,,19419,1
62766,,19419,4
62767,,19419,1
62780,,19423,1
62781,,19423,1
62782,,19423,2
62783,,19423,4
62784,,19423,1
62972,,19468,1
62973,,19468,4
62974,,19468,1
62975,,19468,1
62976,,19468,2
62980,,19470,2
62981,,19470,7
62982,,19470,14
62983,,19470,2
63190,,19529,1
63191,,19529,1
63192,,19529,2
63193,,19529,5
63194,,19529,1
63195,,19529,1
63196,,19529,1
63197,,19529,4
63213,,19534,1
63214,,19534,2
63215,,19534,1
63216,,19534,4
63217,,19534,1
63460,,19609,1
63461,,19609,2
63462,,19609,1
63463,,19609,1
63464,,19609,1
63465,,19609,1
63466,,19609,5
63467,,19609,4
63500,,19626,2
63501,,19626,7
63502,,19626,14
63503,,19626,2
63533,,19645,5
63534,,19645,1
63535,,19645,1
63536,,19645,2
63537,,19645,4
63538,,19645,1
63539,,19645,1
63540,,19645,1
63661,,19719,2
63662,,19719,7
63663,,19719,14
63664,,19719,2
63684,,19735,2
63685,,19735,7
63686,,19735,14
63687,,19735,2
63696,,19739,2
63697,,19739,7
63698,,19739,14
63699,,19739,2
63703,,19741,2
63704,,19741,7
63705,,19741,14
63706,,19741,2
63724,,19748,2
63725,,19748,7
63726,,19748,14
63727,,19748,2
63764,,19760,2
63765,,19760,7
63766,,19760,14
63767,,19760,2
63778,,19763,2
63779,,19763,7
63780,,19763,14
63781,,19763,2
63812,,19772,2
63813,,19772,7
63814,,19772,14
63815,,19772,2
63816,,19773,10
63817,,19773,1
63818,,19773,2
63830,,19777,2
63831,,19777,7
63832,,19777,14
63833,,19777,2
63878,,19787,2
63879,,19787,1
63880,,19787,4
63881,,19787,1
63882,,19787,1
63883,,19787,1
63884,,19787,2
63885,,19787,2
63910,,19796,2
63911,,19796,7
63912,,19796,14
63913,,19796,2
63942,,19805,2
63943,,19805,7
63944,,19805,14
63945,,19805,2
63982,,19818,1
63983,,19818,1
63984,,19818,2
63985,,19818,1
63986,,19818,4
64157,,19873,1
64158,,19873,1
64159,,19873,1
64160,,19873,1
64161,,19873,4
64162,,19873,2
64163,,19873,5
64164,,19873,1
64201,,19882,2
64202,,19882,7
64203,,19882,14
64204,,19882,2
64614,,20023,2
64615,,20023,7
64616,,20023,14
64617,,20023,2
64624,,20025,2
64625,,20025,7
64626,,20025,14
64627,,20025,2
64666,,20039,2
64667,,20039,7
64668,,20039,14
64669,,20039,2
64991,,20136,2
64992,,20136,7
64993,,20136,14
64994,,20136,2
64995,,20137,2
64996,,20137,7
64997,,20137,14
64998,,20137,2
65185,,20193,2
65186,,20193,7
65187,,20193,14
65188,,20193,2
65326,,20238,1
65327,,20238,1
65328,,20238,1
65329,,20238,1
65497,,20297,2
65498,,20297,7
65499,,20297,14
65500,,20297,2
65537,,20309,1
65538,,20309,1
65539,,20309,1
65540,,20309,2
65541,,20309,4
65572,,20321,1
65573,,20321,2
65574,,20321,1
65575,,20321,4
65576,,20321,1
65660,,20344,2
65661,,20344,7
65662,,20344,14
65663,,20344,2
65714,,20360,2
65715,,20360,7
65716,,20360,14
65717,,20360,2
65721,,20362,2
65722,,20362,7
65723,,20362,14
65724,,20362,2
65725,,20363,2
65726,,20363,7
65727,,20363,14
65728,,20363,2
65851,,20398,1
65852,,20398,2
65853,,20398,1
65854,,20398,1
65855,,20398,4
65884,,20410,1
65885,,20410,1
65886,,20410,1
65887,,20410,1
65897,,20414,2
65898,,20414,7
65899,,20414,14
65900,,20414,2
65901,,20415,2
65902,,20415,7
65903,,20415,14
65904,,20415,2
66015,,20447,1
66016,,20447,2
66017,,20447,1
66018,,20447,4
66019,,20447,1
66135,,20483,1
66136,,20483,2
66137,,20483,1
66138,,20483,1
66139,,20483,4
66207,,20505,2
66208,,20505,7
66209,,20505,14
66210,,20505,2
66302,,20538,2
66303,,20538,7
66304,,20538,14
66305,,20538,2
66349,,20554,1
66350,,20554,1
66351,,20554,2
66352,,20554,4
66353,,20554,1
66445,,20582,2
66446,,20582,7
66447,,20582,14
66448,,20582,2
66513,,20601,2
66514,,20601,7
66515,,20601,14
66516,,20601,2
66558,,20618,2
66559,,20618,7
66560,,20618,14
66561,,20618,2
66585,,20625,1
66586,,20625,1
66587,,20625,5
66938,,20743,2
66939,,20743,7
66940,,20743,14
66941,,20743,2
66942,,20744,2
66943,,20744,7
66944,,20744,14
66945,,20744,2
66946,,20745,2
66947,,20745,7
66948,,20745,14
66949,,20745,2
66950,,20746,2
66951,,20746,7
66952,,20746,14
66953,,20746,2
66954,,20747,2
66955,,20747,7
66956,,20747,14
66957,,20747,2
66970,,20753,1
66971,,20753,3
66972,,20753,9
66973,,20753,2
66974,,20753,7
66975,,20753,7
66976,,20753,7
67121,,20793,14
67122,,20793,2
67123,,20793,1
67124,,20793,1
67139,,20799,1
67140,,20799,1
67141,,20799,1
67142,,20799,1
67143,,20799,1
67144,,20799,1
67145,,20799,1
67146,,20799,1
67147,,20799,1
67148,,20799,1
67149,,20799,1
67150,,20799,1
67151,,20800,1
67152,,20800,1
67153,,20800,1
67154,,20800,1
67155,,20800,1
67156,,20800,1
67157,,20800,1
67158,,20800,1
67159,,20800,1
67160,,20800,1
67161,,20800,1
67162,,20800,1
67163,,20801,2
67164,,20801,7
67165,,20801,14
67166,,20801,2
67261,,20831,2
67262,,20831,7
67263,,20831,14
67264,,20831,2
67364,,20867,2
67365,,20867,7
67366,,20867,14
67367,,20867,2
67494,,20908,2
67495,,20908,2
67496,,20908,4
67497,,20908,2
67498,,20908,2
67526,,20918,2
67527,,20918,7
67528,,20918,14
67529,,20918,2
67580,,20939,2
67581,,20939,7
67582,,20939,14
67583,,20939,2
67584,,20940,2
67585,,20940,7
67586,,20940,14
67587,,20940,2
67588,,20942,2
67589,,20942,7
67590,,20942,14
67591,,20942,2
67664,,20968,2
67665,,20968,7
67666,,20968,14
67667,,20968,2
67681,,20974,2
67682,,20974,7
67683,,20974,14
67684,,20974,2
67726,,20991,2
67727,,20991,7
67728,,20991,14
67729,,20991,2
67776,,21006,1
67777,,21006,1
67778,,21006,1
67844,,21029,2
67845,,21029,7
67846,,21029,14
67847,,21029,2
67854,,21032,2
67855,,21032,7
67856,,21032,14
67857,,21032,2
67858,,21033,1
67859,,21033,1
67860,,21033,1
67861,,21033,1
67975,,21085,2
67976,,21085,7
67977,,21085,14
67978,,21085,2
68100,,21132,2
68101,,21132,7
68102,,21132,14
68103,,21132,2
68156,,21152,2
68157,,21152,7
68158,,21152,14
68159,,21152,2
68309,,21200,2
68310,,21200,7
68311,,21200,14
68312,,21200,2
68400,,21232,2
68401,,21232,7
68402,,21232,14
68403,,21232,2
68458,,21252,2
68459,,21252,7
68460,,21252,14
68461,,21252,2
68462,,21253,2
68463,,21253,7
68464,,21253,14
68465,,21253,2
68468,,21255,2
68469,,21255,7
68470,,21255,14
68471,,21255,2
68568,,21291,453456
68569,,21291,335633
68570,,21291,1
68647,,21318,2
68648,,21318,7
68649,,21318,14
68650,,21318,2
68785,,21354,2
68786,,21354,7
68787,,21354,14
68788,,21354,2
68789,,21355,2
68790,,21355,7
68791,,21355,14
68792,,21355,2
68860,,21377,7
68861,,21377,14
68862,,21377,2
68863,,21377,14
68864,,21378,2
68865,,21378,7
68866,,21378,14
68867,,21378,2
68871,,21380,1
68872,,21380,1
68873,,21380,1
68874,,21380,1
68875,,21380,1
68890,,21385,2
68891,,21385,7
68892,,21385,14
68893,,21385,2
68910,,21393,1
68911,,21393,7
68912,,21393,14
68913,,21393,2
69072,,21448,2
69073,,21448,7
69074,,21448,14
69075,,21448,2
69316,,21529,2
69317,,21529,7
69318,,21529,14
69319,,21529,2
69382,,21556,2
69383,,21556,7
69384,,21556,14
69385,,21556,2
69573,,21623,2
69574,,21623,7
69575,,21623,14
69576,,21623,2
69577,,21623,3
69578,,21623,1
69579,,21624,2
69580,,21624,7
69581,,21624,14
69582,,21624,2
69583,,21624,3
69584,,21624,1
69585,,21625,2
69586,,21625,7
69587,,21625,14
69588,,21625,2
69589,,21626,2
69590,,21626,7
69591,,21626,14
69592,,21626,2
69596,,21628,2
69597,,21628,7
69598,,21628,14
69599,,21628,2
69600,,21629,2
69601,,21629,7
69602,,21629,14
69603,,21629,2
69624,,21637,2
69625,,21637,7
69626,,21637,14
69627,,21637,2
69656,,21648,2
69657,,21648,7
69658,,21648,14
69659,,21648,2
70230,,21830,2
70231,,21830,7
70232,,21830,14
70233,,21830,2
70654,,21959,2
70655,,21959,7
70656,,21959,14
70657,,21959,2
70658,,21960,2
70659,,21960,7
70660,,21960,14
70661,,21960,2
70662,,21961,2
70663,,21961,7
70664,,21961,14
70665,,21961,2
70666,,21962,2
70667,,21962,7
70668,,21962,14
70669,,21962,2
70670,,21963,2
70671,,21963,7
70672,,21963,14
70673,,21963,2
71122,,22124,2
71123,,22124,7
71124,,22124,14
71125,,22124,2
71140,,22129,2
71141,,22129,7
71142,,22129,14
71143,,22129,2
71144,,22130,2
71145,,22130,7
71146,,22130,14
71147,,22130,2
71202,,22152,2
71203,,22152,7
71204,,22152,14
71205,,22152,2
71289,,22181,2
71290,,22181,7
71291,,22181,14
71292,,22181,2
71439,,22231,2
71440,,22231,7
71441,,22231,14
71442,,22231,2
71443,,22232,2
71444,,22232,7
71445,,22232,14
71446,,22232,2
71770,,22338,10
71771,,22338,10
71772,,22338,3
71773,,22338,1
71774,,22338,2
71775,,22338,1
71776,,22338,1
72234,,22488,2
72235,,22488,7
72236,,22488,14
72237,,22488,2
72591,,22610,2
72592,,22610,7
72593,,22610,14
72594,,22610,2
72685,,22640,2
72686,,22640,7
72687,,22640,14
72688,,22640,2
72689,,22641,2
72690,,22641,7
72691,,22641,14
72692,,22641,2
73614,,22966,2
73615,,22966,7
73616,,22966,14
73617,,22966,2
73620,,22968,2
73621,,22968,7
73622,,22968,14
73623,,22968,2
73730,,23011,2
73731,,23011,7
73732,,23011,14
73733,,23011,2
73850,,23057,7
73851,,23057,7
73852,,23057,7
73853,,23057,7
73854,,23057,7
73855,,23057,7
74127,,23145,5
74128,,23145,5
74129,,23145,5
74140,,23150,2
74141,,23150,7
74142,,23150,14
74143,,23150,2
74212,,23171,2
74213,,23171,7
74214,,23171,14
74215,,23171,2
74701,,23324,2
74702,,23324,7
74703,,23324,14
74704,,23324,2
75327,,23526,2
75328,,23526,7
75329,,23526,14
75330,,23526,2
75629,,23633,2
75630,,23633,7
75631,,23633,14
75632,,23633,2
75633,,23634,2
75634,,23634,7
75635,,23634,14
75636,,23634,2
75637,,23635,2
75638,,23635,7
75639,,23635,14
75640,,23635,2
75641,,23636,2
75642,,23636,7
75643,,23636,14
75644,,23636,2
75920,,23731,1
75921,,23731,1
75922,,23731,1
75923,,23731,1
75924,,23731,1
75925,,23731,1
75940,,23737,2
75941,,23737,7
75942,,23737,14
75943,,23737,2
75996,,23753,1
75997,,23753,1
75998,,23753,1
75999,,23753,2
76125,,23795,2
76126,,23795,7
76127,,23795,14
76128,,23795,2
76325,,23860,2
76326,,23860,7
76327,,23860,14
76328,,23860,2
76388,,23882,2
76389,,23882,7
76390,,23882,14
76391,,23882,2
76434,,23898,2
76435,,23898,7
76436,,23898,14
76437,,23898,2
76473,,23909,2
76474,,23909,7
76475,,23909,14
76476,,23909,2
76538,,23934,5
76539,,23934,5
76540,,23934,10
76541,,23934,4
76542,,23934,6
77067,,24127,2
77068,,24127,7
77069,,24127,14
77070,,24127,2
77071,,24127,3
77072,,24127,3
77073,,24128,2
77074,,24128,7
77075,,24128,14
77076,,24128,2
77077,,24129,2
77078,,24129,7
77079,,24129,14
77080,,24129,2
77100,,24135,2
77101,,24135,7
77102,,24135,14
77103,,24135,2
77137,,24146,2
77138,,24146,7
77139,,24146,14
77140,,24146,2
77283,,24193,2
77284,,24193,7
77285,,24193,14
77286,,24193,2
77370,,24224,2
77371,,24224,7
77372,,24224,14
77373,,24224,2
77374,,24225,2
77375,,24225,7
77376,,24225,14
77377,,24225,2
77438,,24244,2
77439,,24244,7
77440,,24244,14
77441,,24244,2
77948,,24412,2
77949,,24412,7
77950,,24412,14
77951,,24412,2
78040,,24449,2
78041,,24449,7
78042,,24449,14
78043,,24449,2
78766,,24685,1
78767,,24685,1
78768,,24685,1
78769,,24685,1
78770,,24685,1
78857,,24715,2
78858,,24715,7
78859,,24715,14
78860,,24715,2
78903,,24731,1
78904,,24731,1
78905,,24731,1
78906,,24731,1
78907,,24731,1
78908,,24731,1
78927,,24737,2
78928,,24737,7
78929,,24737,14
78930,,24737,2
78961,,24750,2
78962,,24750,7
78963,,24750,14
78964,,24750,2
78968,,24752,2
78969,,24752,7
78970,,24752,14
78971,,24752,2
78993,,24761,4
78994,,24761,30
78995,,24761,8
78996,,24761,30
78997,,24761,4
78998,,24761,1
78999,,24761,30
79000,,24761,4
79141,,24803,2
79142,,24803,7
79143,,24803,14
79144,,24803,2
79162,,24810,2
79163,,24810,7
79164,,24810,14
79165,,24810,2
79166,,24811,2
79167,,24811,7
79168,,24811,14
79169,,24811,2
79170,,24812,7
79171,,24812,21
79172,,24812,14
79173,,24812,7
79174,,24812,7
79175,,24812,1
79176,,24812,2
79177,,24812,2
79178,,24812,1
79179,,24812,2
79180,,24812,2
79181,,24812,2
79182,,24812,7
79183,,24812,1
79184,,24812,1
79185,,24812,1
79186,,24812,1
79187,,24812,1
79188,,24812,1
79189,,24812,1
79190,,24812,1
79191,,24812,1
79192,,24812,1
79193,,24812,1
79194,,24812,1
79195,,24812,1
79196,,24812,1
79197,,24812,1
79198,,24812,1
79199,,24812,1
79200,,24812,1
79201,,24812,7
79219,,24817,2
79220,,24817,7
79221,,24817,14
79222,,24817,2
79330,,24853,2
79331,,24853,7
79332,,24853,14
79333,,24853,2
79718,,24988,2
79719,,24988,7
79720,,24988,14
79721,,24988,2
79824,,25024,2
79825,,25024,7
79826,,25024,14
79827,,25024,2
80118,,25117,1
80119,,25117,7
80120,,25117,14
80121,,25117,2
80283,,25173,2
80284,,25173,7
80285,,25173,14
80286,,25173,2
80287,,25174,2
80288,,25174,7
80289,,25174,14
80290,,25174,2
80499,,25241,2
80500,,25241,7
80501,,25241,14
80502,,25241,2
80513,,25245,2
80514,,25245,7
80515,,25245,14
80516,,25245,2
80528,,25249,2
80529,,25249,7
80530,,25249,14
80531,,25249,2
80538,,25253,2
80539,,25253,7
80540,,25253,14
80541,,25253,2
80650,,25290,2
80651,,25290,7
80652,,25290,14
80653,,25290,2
80654,,25291,2
80655,,25291,7
80656,,25291,14
80657,,25291,2
80658,,25292,2
80659,,25292,7
80660,,25292,14
80661,,25292,2
80722,,25312,2
80723,,25312,7
80724,,25312,14
80725,,25312,2
80729,,25314,2
80730,,25314,7
80731,,25314,14
80732,,25314,2
80783,,25330,2
80784,,25330,7
80785,,25330,14
80786,,25330,2
80897,,25361,2
80898,,25361,7
80899,,25361,14
80900,,25361,2
80932,,25369,2
80933,,25369,7
80934,,25369,14
80935,,25369,2
80939,,25371,2
80940,,25371,7
80941,,25371,14
80942,,25371,2
80943,,25372,1
80944,,25372,1
80945,,25372,1
80946,,25372,1
80947,,25372,1
80948,,25372,1
81015,,25394,2
81016,,25394,7
81017,,25394,14
81018,,25394,2
81069,,25411,2
81070,,25411,7
81071,,25411,14
81072,,25411,2
81158,,25441,3
81159,,25441,7
81160,,25441,1
81161,,25441,1
81162,,25441,1
81163,,25441,2
81164,,25441,2
81165,,25441,2
81166,,25441,3
81167,,25441,1
81168,,25441,1
81169,,25441,1
81170,,25441,2
81171,,25441,2
81172,,25441,2
81213,,25453,2
81214,,25453,7
81215,,25453,14
81216,,25453,2
81366,,25500,2
81367,,25500,7
81368,,25500,14
81369,,25500,2
81419,,25509,2
81420,,25509,7
81421,,25509,7
81422,,25509,1
81423,,25509,5
81441,,25516,2
81442,,25516,7
81443,,25516,14
81444,,25516,2
81447,,25518,5
81448,,25518,15
81841,,25643,2
81842,,25643,7
81843,,25643,14
81844,,25643,2
81958,,25677,2
81959,,25677,7
81960,,25677,14
81961,,25677,2
82276,,25786,2
82277,,25786,7
82278,,25786,14
82279,,25786,2
82300,,25793,2
82301,,25793,7
82302,,25793,14
82303,,25793,2
82329,,25802,2
82330,,25802,7
82331,,25802,14
82332,,25802,2
82338,,25805,2
82339,,25805,7
82340,,25805,14
82341,,25805,2
82351,,25809,2
82352,,25809,7
82353,,25809,14
82354,,25809,2
82430,,25830,2
82431,,25830,7
82432,,25830,14
82433,,25830,2
82452,,25837,2
82453,,25837,7
82454,,25837,14
82455,,25837,2
82458,,25839,2
82459,,25839,7
82460,,25839,14
82461,,25839,2
82595,,25890,2
82596,,25890,7
82597,,25890,14
82598,,25890,2
82599,,25891,2
82600,,25891,7
82601,,25891,14
82602,,25891,2
82691,,25917,2
82692,,25917,7
82693,,25917,14
82694,,25917,2
82709,,25927,2
82710,,25927,7
82711,,25927,14
82712,,25927,2
82742,,25938,10
82743,,25938,10
82784,,25950,4
82785,,25950,2
82786,,25950,2
82787,,25950,1
82788,,25950,1
82789,,25950,1
82790,,25950,4
82791,,25950,4
82792,,25950,4
82793,,25950,30
82794,,25950,1
82795,,25950,8
82796,,25950,1
82797,,25950,3
82798,,25950,1
82799,,25950,1
82800,,25950,1
82801,,25950,20
82802,,25950,10
82803,,25950,1
82804,,25950,1
82805,,25950,4
82819,,25955,2
82820,,25955,7
82821,,25955,14
82822,,25955,2
82831,,25959,2
82832,,25959,7
82833,,25959,14
82834,,25959,2
82891,,25985,2
82892,,25985,7
82893,,25985,14
82894,,25985,2
82895,,25986,2
82896,,25986,7
82897,,25986,30
82898,,25986,2
82925,,25995,2
82926,,25995,7
82927,,25995,14
82928,,25995,2
82939,,26002,2
82940,,26002,7
82941,,26002,14
82942,,26002,2
82949,,26005,2
82950,,26005,7
82951,,26005,14
82952,,26005,2
82966,,26009,2
82967,,26009,7
82968,,26009,14
82969,,26009,2
83005,,26020,2
83006,,26020,7
83007,,26020,14
83008,,26020,2
83016,,26023,2
83017,,26023,7
83018,,26023,14
83019,,26023,2
83032,,26027,5
83033,,26027,1
83034,,26027,1
83089,,26045,2
83090,,26045,7
83091,,26045,14
83092,,26045,2
83103,,26050,2
83104,,26050,7
83105,,26050,14
83106,,26050,2
83107,,26051,2
83108,,26051,7
83109,,26051,14
83110,,26051,2
83135,,26060,2
83136,,26060,7
83137,,26060,14
83138,,26060,2
83139,,26061,2
83140,,26061,7
83141,,26061,14
83142,,26061,2
83182,,26073,2
83183,,26073,7
83184,,26073,14
83185,,26073,2
83193,,26077,2
83194,,26077,7
83195,,26077,14
83196,,26077,2
83197,,26078,2
83198,,26078,7
83199,,26078,14
83200,,26078,2
83201,,26080,2
83202,,26080,7
83203,,26080,14
83204,,26080,2
83231,,26090,2
83232,,26090,7
83233,,26090,14
83234,,26090,2
83250,,26097,2
83251,,26097,7
83252,,26097,14
83253,,26097,2
83280,,26107,2
83281,,26107,7
83282,,26107,14
83283,,26107,2
83300,,26116,2
83301,,26116,7
83302,,26116,14
83303,,26116,2
83345,,26130,2
83346,,26130,7
83347,,26130,14
83348,,26130,2
83354,,26133,2
83355,,26133,7
83356,,26133,14
83357,,26133,2
83358,,26134,2
83359,,26134,7
83360,,26134,14
83361,,26134,2
83373,,26138,2
83374,,26138,7
83375,,26138,14
83376,,26138,2
83452,,26160,2
83453,,26160,7
83454,,26160,14
83455,,26160,2
83456,,26161,2
83457,,26161,7
83458,,26161,14
83459,,26161,2
83470,,26165,2
83471,,26165,7
83472,,26165,14
83473,,26165,2
83485,,26169,2
83486,,26169,7
83487,,26169,14
83488,,26169,2
83498,,26173,2
83499,,26173,7
83500,,26173,14
83501,,26173,2
83542,,26185,2
83543,,26185,7
83544,,26185,14
83545,,26185,2
83567,,26192,2
83568,,26192,7
83569,,26192,14
83570,,26192,2
83575,,26195,2
83576,,26195,7
83577,,26195,14
83578,,26195,2
83579,,26195,12
83580,,26195,14
83596,,26201,2
83597,,26201,7
83598,,26201,14
83599,,26201,2
83696,,26233,2
83697,,26233,7
83698,,26233,14
83699,,26233,2
83717,,26238,2
83718,,26238,7
83719,,26238,14
83720,,26238,2
83818,,26276,2
83819,,26276,7
83820,,26276,14
83821,,26276,2
83860,,26288,2
83861,,26288,7
83862,,26288,14
83863,,26288,2
84008,,26328,2
84009,,26328,7
84010,,26328,14
84011,,26328,2
84012,,26329,2
84013,,26329,7
84014,,26329,14
84015,,26329,2
84397,,26434,2
84398,,26434,7
84399,,26434,14
84400,,26434,5
84401,,26435,2
84402,,26435,7
84403,,26435,14
84404,,26435,5
84992,,26606,2
84993,,26606,7
84994,,26606,14
84995,,26606,2
85228,,26681,2
85229,,26681,7
85230,,26681,14
85231,,26681,2
85285,,26698,1
85286,,26698,1
85287,,26698,1
85288,,26698,1
85289,,26699,1
85290,,26699,1
85291,,26699,1
85292,,26699,1
85296,,26701,1
85297,,26701,1
85298,,26701,1
85299,,26701,1
85300,,26701,1
85301,,26701,1
85302,,26701,1
85303,,26701,1
85304,,26701,1
85305,,26701,1
85306,,26701,1
85307,,26701,1
85308,,26701,1
85309,,26701,1
85310,,26701,1
85311,,26701,1
85312,,26701,1
85941,,26926,2
85942,,26926,7
85943,,26926,14
85944,,26926,2
85945,,26927,2
85946,,26927,7
85947,,26927,14
85948,,26927,2
86142,,26987,2
86143,,26987,7
86144,,26987,14
86145,,26987,2
86146,,26988,7
86147,,26988,1
86148,,26988,3
86149,,26989,3
86150,,26989,1
86151,,26989,1
86152,,26989,1
86153,,26989,3
86154,,26989,1
86155,,26989,3
86156,,26990,1
86157,,26990,1
86158,,26990,3
86159,,26990,1
86160,,26990,3
86161,,26990,1
86162,,26990,3
86177,,26995,2
86178,,26995,30
86179,,26995,30
86180,,26995,30
86181,,26995,15
86182,,26995,2
86183,,26995,2
86184,,26995,1
86185,,26995,4
86186,,26995,4
86187,,26995,4
86188,,26995,4
86189,,26995,1
86190,,26995,1
86191,,26995,2
86192,,26996,30
86193,,26996,30
86194,,26996,30
86195,,26996,15
86196,,26996,2
86197,,26996,2
86198,,26996,1
86199,,26996,2
86200,,26996,4
86201,,26996,4
86202,,26996,4
86203,,26996,4
86204,,26996,1
86205,,26996,1
86206,,26996,2
86207,,26997,30
86208,,26997,30
86209,,26997,30
86210,,26997,15
86211,,26997,2
86212,,26997,2
86213,,26997,1
86214,,26997,2
86215,,26997,4
86216,,26997,4
86217,,26997,4
86218,,26997,4
86219,,26997,1
86220,,26997,1
86221,,26997,2
86310,,27034,2
86311,,27034,7
86312,,27034,14
86313,,27034,2
86433,,27071,2
86434,,27071,7
86435,,27071,14
86436,,27071,2
86495,,27092,2
86496,,27092,7
86497,,27092,14
86498,,27092,2
86538,,27105,2
86539,,27105,7
86540,,27105,14
86541,,27105,2
86559,,27112,2
86560,,27112,7
86561,,27112,14
86562,,27112,2
86575,,27117,2
86576,,27117,7
86577,,27117,14
86578,,27117,2
86714,,27162,2
86715,,27162,7
86716,,27162,14
86717,,27162,2
86722,,27164,2
86723,,27164,7
86724,,27164,14
86725,,27164,2
86921,,27227,1
86922,,27227,1
86923,,27227,1
86924,,27227,1
86925,,27227,1
86926,,27227,1
86927,,27227,1
86928,,27227,1
86929,,27227,1
86930,,27227,1
86931,,27228,1
86932,,27228,1
86933,,27228,1
86934,,27228,1
86935,,27228,1
86936,,27228,1
86937,,27228,1
86938,,27228,1
86939,,27228,1
86940,,27228,1
87025,,27256,2
87026,,27256,7
87027,,27256,14
87028,,27256,2
87189,,27312,2
87190,,27312,7
87191,,27312,14
87192,,27312,2
87201,,27315,2
87202,,27315,7
87203,,27315,14
87204,,27315,2
87247,,27331,2
87248,,27331,7
87249,,27331,14
87250,,27331,2
87251,,27332,2
87252,,27332,7
87253,,27332,14
87254,,27332,2
87257,,27334,2
87258,,27334,7
87259,,27334,14
87260,,27334,2
87261,,27335,2
87262,,27335,7
87263,,27335,14
87264,,27335,2
87292,,27342,1
87293,,27342,2
87294,,27342,2
87295,,27342,3
87302,,27348,2
87303,,27348,7
87304,,27348,14
87305,,27348,2
87338,,27359,2
87339,,27359,7
87340,,27359,14
87341,,27359,2
87342,,27360,2
87343,,27360,7
87344,,27360,14
87345,,27360,2
87346,,27361,2
87347,,27361,7
87348,,27361,14
87349,,27361,2
87373,,27374,2
87374,,27374,7
87375,,27374,14
87376,,27374,2
87425,,27387,2
87426,,27387,7
87427,,27387,14
87428,,27387,2
87441,,27391,2
87442,,27391,7
87443,,27391,14
87444,,27391,2
87451,,27393,2
87452,,27393,7
87453,,27393,14
87454,,27393,2
87455,,27394,2
87456,,27394,7
87457,,27394,14
87458,,27394,2
87459,,27395,2
87460,,27395,7
87461,,27395,14
87462,,27395,2
87487,,27402,1
87488,,27402,7
87489,,27402,2
87499,,27406,2
87500,,27406,7
87501,,27406,14
87502,,27406,2
87544,,27419,2
87545,,27419,7
87546,,27419,14
87547,,27419,2
87612,,27436,2
87613,,27436,7
87614,,27436,14
87615,,27436,2
87631,,27440,1
87632,,27440,31
87636,,27442,1
87637,,27442,31
87638,,27443,2
87639,,27443,7
87640,,27443,14
87641,,27443,2
87657,,27449,2
87658,,27449,7
87659,,27449,14
87660,,27449,2
87697,,27462,4
87698,,27462,4
87699,,27462,3
87700,,27462,2
87701,,27462,1
87708,,27465,2
87709,,27465,7
87710,,27465,14
87711,,27465,2
87765,,27487,2
87766,,27487,7
87767,,27487,14
87768,,27487,2
87769,,27488,2
87770,,27488,7
87771,,27488,14
87772,,27488,2
87799,,27501,2
87800,,27501,7
87801,,27501,14
87802,,27501,2
87847,,27517,2
87848,,27517,7
87849,,27517,14
87850,,27517,2
87862,,27521,2
87863,,27521,7
87864,,27521,14
87865,,27521,2
87934,,27545,2
87935,,27545,7
87936,,27545,14
87937,,27545,2
88011,,27569,2
88012,,27569,7
88013,,27569,14
88014,,27569,2
88015,,27570,2
88016,,27570,7
88017,,27570,14
88018,,27570,2
88042,,27579,1
88043,,27579,1
88044,,27579,1
88045,,27579,1
88046,,27579,1
88047,,27579,1
88048,,27579,1
88049,,27580,2
88050,,27580,7
88051,,27580,14
88052,,27580,2
88060,,27583,2
88061,,27583,7
88062,,27583,14
88063,,27583,2
88077,,27587,1
88078,,27587,1
88079,,27587,1
88080,,27587,1
88092,,27593,2
88093,,27593,14
88094,,27593,8
88109,,27598,2
88110,,27598,7
88111,,27598,14
88112,,27598,2
88120,,27602,2
88121,,27602,7
88122,,27602,14
88123,,27602,2
88139,,27610,2
88140,,27610,7
88141,,27610,14
88142,,27610,2
88173,,27619,2
88174,,27619,7
88175,,27619,14
88176,,27619,2
88219,,27636,2
88220,,27636,7
88221,,27636,14
88222,,27636,2
88286,,27656,2
88287,,27656,7
88288,,27656,14
88289,,27656,2
88306,,27661,2
88307,,27661,7
88308,,27661,14
88309,,27661,2
88310,,27662,2
88311,,27662,7
88312,,27662,14
88313,,27662,2
88314,,27663,2
88315,,27663,7
88316,,27663,14
88317,,27663,2
88325,,27666,2
88326,,27666,7
88327,,27666,14
88328,,27666,2
88358,,27675,2
88359,,27675,7
88360,,27675,14
88361,,27675,2
88376,,27682,2
88377,,27682,3
88378,,27682,1
88379,,27683,2
88380,,27683,7
88381,,27683,14
88382,,27683,2
88383,,27684,2
88384,,27684,7
88385,,27684,14
88386,,27684,2
88399,,27688,2
88400,,27688,7
88401,,27688,14
88402,,27688,2
88409,,27691,1
88410,,27691,7
88411,,27691,2
88412,,27691,1
88413,,27691,3
88414,,27691,14
88415,,27691,13
88416,,27691,2
88500,,27713,2
88501,,27713,7
88502,,27713,14
88503,,27713,2
88526,,27720,2
88527,,27720,7
88528,,27720,14
88529,,27720,2
88530,,27721,2
88531,,27721,7
88532,,27721,14
88533,,27721,2
88568,,27733,2
88569,,27733,7
88570,,27733,14
88571,,27733,2
88606,,27745,7
88607,,27745,5
88608,,27745,1
88609,,27745,2
88725,,27781,2
88726,,27781,7
88727,,27781,14
88728,,27781,2
88758,,27791,2
88759,,27791,7
88760,,27791,14
88761,,27791,2
88762,,27792,2
88763,,27792,7
88764,,27792,14
88765,,27792,2
88771,,27796,2
88772,,27796,7
88773,,27796,14
88774,,27796,2
88799,,27802,2
88800,,27802,7
88801,,27802,14
88802,,27802,2
88833,,27814,2
88834,,27814,7
88835,,27814,14
88836,,27814,2
88849,,27823,2
88850,,27823,7
88851,,27823,14
88852,,27823,2
88921,,27844,2
88922,,27844,7
88923,,27844,14
88924,,27844,2
88925,,27845,2
88926,,27845,7
88927,,27845,14
88928,,27845,2
88932,,27847,2
88933,,27847,7
88934,,27847,14
88935,,27847,2
88939,,27850,14
88940,,27850,4
88941,,27850,2
88942,,27850,1
88943,,27850,14
88944,,27850,14
88945,,27850,14
88979,,27859,2
88980,,27859,7
88981,,27859,14
88982,,27859,2
89012,,27870,1
89013,,27870,1
89014,,27870,1
89030,,27876,2
89031,,27876,7
89032,,27876,14
89033,,27876,2
89043,,27879,2
89044,,27879,7
89045,,27879,14
89046,,27879,2
89053,,27881,2
89054,,27881,7
89055,,27881,14
89056,,27881,2
89057,,27882,2
89058,,27882,7
89059,,27882,14
89060,,27882,2
89061,,27883,2
89062,,27883,7
89063,,27883,14
89064,,27883,2
89071,,27886,2
89072,,27886,7
89073,,27886,14
89074,,27886,2
89078,,27888,2
89079,,27888,7
89080,,27888,14
89081,,27888,2
89123,,27902,2
89124,,27902,7
89125,,27902,14
89126,,27902,2
89127,,27903,2
89128,,27903,7
89129,,27903,14
89130,,27903,2
89131,,27905,2
89132,,27905,7
89133,,27905,14
89134,,27905,2
89141,,27908,2
89142,,27908,7
89143,,27908,14
89144,,27908,2
89152,,27911,2
89153,,27911,7
89154,,27911,14
89155,,27911,2
89159,,27913,2
89160,,27913,7
89161,,27913,14
89162,,27913,2
89166,,27917,2
89167,,27917,7
89168,,27917,14
89169,,27917,2
89173,,27919,7
89174,,27919,2
89175,,27919,7
89176,,27919,3
89177,,27919,7
89209,,27929,2
89210,,27929,7
89211,,27929,14
89212,,27929,2
89213,,27930,2
89214,,27930,7
89215,,27930,14
89216,,27930,2
89222,,27934,2
89223,,27934,7
89224,,27934,14
89225,,27934,2
89237,,27938,2
89238,,27938,7
89239,,27938,14
89240,,27938,2
89241,,27939,2
89242,,27939,7
89243,,27939,14
89244,,27939,2
89259,,27943,2
89260,,27943,7
89261,,27943,14
89262,,27943,2
89265,,27946,2
89266,,27946,7
89267,,27946,14
89268,,27946,2
89297,,27955,2
89298,,27955,7
89299,,27955,14
89300,,27955,2
89303,,27957,2
89304,,27957,7
89305,,27957,14
89306,,27957,2
89332,,27965,4
89333,,27965,1
89334,,27965,1
89335,,27965,2
89353,,27977,14
89354,,27977,7
89355,,27977,7
89356,,27977,4
89357,,27977,4
89358,,27977,2
89359,,27977,7
89360,,27977,7
89361,,27977,1
89362,,27977,14
89363,,27977,1
89385,,27986,5
89386,,27986,5
89387,,27986,1
89388,,27986,3
89392,,27988,2
89393,,27988,7
89394,,27988,14
89395,,27988,2
89396,,27989,2
89397,,27989,7
89398,,27989,14
89399,,27989,2
89438,,28002,2
89439,,28002,7
89440,,28002,14
89441,,28002,2
89453,,28006,2
89454,,28006,7
89455,,28006,14
89456,,28006,2
89457,,28007,2
89458,,28007,7
89459,,28007,14
89460,,28007,2
89471,,28012,2
89472,,28012,7
89473,,28012,14
89474,,28012,2
89505,,28027,2
89506,,28027,7
89507,,28027,14
89508,,28027,2
89521,,28034,2
89522,,28034,7
89523,,28034,14
89524,,28034,2
89525,,28035,2
89526,,28035,7
89527,,28035,14
89528,,28035,2
89529,,28036,3
89530,,28036,4
89531,,28036,5
89535,,28038,1
89536,,28038,14
89537,,28038,1
89538,,28038,14
89539,,28038,2
89540,,28038,7
89558,,28045,2
89559,,28045,7
89560,,28045,14
89561,,28045,2
89568,,28048,2
89569,,28048,7
89570,,28048,14
89571,,28048,2
89585,,28053,4
89586,,28053,2
89587,,28053,2
89588,,28053,1
89589,,28053,10
89593,,28055,2
89594,,28055,7
89595,,28055,14
89596,,28055,2
89597,,28055,3
89652,,28071,2
89653,,28071,7
89654,,28071,14
89655,,28071,2
89671,,28076,2
89672,,28076,7
89673,,28076,14
89674,,28076,2
89675,,28077,2
89676,,28077,7
89677,,28077,14
89678,,28077,2
89679,,28078,2
89680,,28078,7
89681,,28078,14
89682,,28078,2
89718,,28091,2
89719,,28091,7
89720,,28091,14
89721,,28091,2
89759,,28104,30
89760,,28104,30
89761,,28104,30
89762,,28104,15
89763,,28104,15
89764,,28104,8
89765,,28104,4
89766,,28104,4
89767,,28104,4
89768,,28105,30
89769,,28105,30
89770,,28105,30
89771,,28105,15
89772,,28105,15
89773,,28105,8
89774,,28105,4
89775,,28105,4
89776,,28105,4
89777,,28106,30
89778,,28106,30
89779,,28106,30
89780,,28106,15
89781,,28106,15
89782,,28106,8
89783,,28106,4
89784,,28106,4
89785,,28106,4
89786,,28107,30
89787,,28107,30
89788,,28107,30
89789,,28107,15
89790,,28107,15
89791,,28107,8
89792,,28107,4
89793,,28107,4
89794,,28107,4
89795,,28108,30
89796,,28108,30
89797,,28108,30
89798,,28108,15
89799,,28108,15
89800,,28108,8
89801,,28108,4
89802,,28108,4
89803,,28108,4
89808,,28111,2
89809,,28111,7
89810,,28111,14
89811,,28111,2
89818,,28115,2
89819,,28115,7
89820,,28115,14
89821,,28115,2
89828,,28118,2
89829,,28118,7
89830,,28118,14
89831,,28118,2
89851,,28124,1
89852,,28124,1
89853,,28124,1
89854,,28124,11
89855,,28124,1
89856,,28124,2
89857,,28124,1
89858,,28124,1
89859,,28124,1
89860,,28124,2
89861,,28124,14
89862,,28124,5
89863,,28124,1
89895,,28135,2
89896,,28135,7
89897,,28135,14
89898,,28135,2
89899,,28136,2
89900,,28136,7
89901,,28136,14
89902,,28136,2
89906,,28138,2
89907,,28138,7
89908,,28138,14
89909,,28138,2
89910,,28139,2
89911,,28139,7
89912,,28139,14
89913,,28139,2
89947,,28150,2
89948,,28150,7
89949,,28150,14
89950,,28150,2
89968,,28155,2
89969,,28155,7
89970,,28155,14
89971,,28155,2
89978,,28158,6
89979,,28158,1
89980,,28158,1
89981,,28158,3
89982,,28158,3
90001,,28164,2
90002,,28164,7
90003,,28164,14
90004,,28164,2
90016,,28169,2
90017,,28169,7
90018,,28169,14
90019,,28169,2
90066,,28193,2
90067,,28193,7
90068,,28193,14
90069,,28193,2
90070,,28194,2
90071,,28194,7
90072,,28194,14
90073,,28194,2
90084,,28198,7
90085,,28198,14
90086,,28198,1
90087,,28199,2
90088,,28199,7
90089,,28199,14
90090,,28199,2
90190,,28237,2
90191,,28237,7
90192,,28237,14
90193,,28237,2
90209,,28241,2
90210,,28241,7
90211,,28241,14
90212,,28241,2
90256,,28255,5
90257,,28255,2
90258,,28255,5
90259,,28255,4
90260,,28255,3
90261,,28255,5
90262,,28255,5
90289,,28264,2
90290,,28264,7
90291,,28264,14
90292,,28264,2
90293,,28265,2
90294,,28265,7
90295,,28265,14
90296,,28265,2
90297,,28266,2
90298,,28266,7
90299,,28266,14
90300,,28266,2
90313,,28271,7
90314,,28271,1
90315,,28271,1
90316,,28271,1
90317,,28271,1
90330,,28275,2
90331,,28275,7
90332,,28275,14
90333,,28275,2
90334,,28276,2
90335,,28276,7
90336,,28276,14
90337,,28276,2
90341,,28278,2
90342,,28278,7
90343,,28278,14
90344,,28278,2
90345,,28279,2
90346,,28279,7
90347,,28279,14
90348,,28279,2
90376,,28290,30
90377,,28290,15
90378,,28290,15
90385,,28293,2
90386,,28293,7
90387,,28293,14
90388,,28293,2
90454,,28314,2
90455,,28314,7
90456,,28314,14
90457,,28314,2
90491,,28326,2
90492,,28326,7
90493,,28326,14
90494,,28326,2
90506,,28330,1
90507,,28330,1
90508,,28330,14
90509,,28330,6
90510,,28330,4
90511,,28330,2
90512,,28330,1
90530,,28337,2
90531,,28337,7
90532,,28337,14
90533,,28337,2
90537,,28340,2
90538,,28340,7
90539,,28340,14
90540,,28340,2
90548,,28345,2
90549,,28345,7
90550,,28345,14
90551,,28345,2
90564,,28350,2
90565,,28350,7
90566,,28350,14
90567,,28350,2
90575,,28353,2
90576,,28353,7
90577,,28353,14
90578,,28353,2
90634,,28358,2
90635,,28358,7
90636,,28358,14
90637,,28358,2
90647,,28361,2
90648,,28361,7
90649,,28361,14
90650,,28361,2
90651,,28362,2
90652,,28362,7
90653,,28362,14
90654,,28362,2
90658,,28364,2
90659,,28364,7
90660,,28364,14
90661,,28364,2
90751,,28380,1
90752,,28380,14
90753,,28380,14
90754,,28380,2
90755,,28380,1
90756,,28380,14
90757,,28380,1
90770,,28383,2
90771,,28383,7
90772,,28383,14
90773,,28383,2
90801,,28393,2
90802,,28393,7
90803,,28393,14
90804,,28393,2
90827,,28402,2
90828,,28402,7
90829,,28402,14
90830,,28402,2
90834,,28404,4
90835,,28404,1
90836,,28404,1
90837,,28404,7
90838,,28404,1
90864,,28414,2
90865,,28414,7
90866,,28414,14
90867,,28414,2
90871,,28416,2
90872,,28416,7
90873,,28416,14
90874,,28416,2
90881,,28419,2
90882,,28419,7
90883,,28419,14
90884,,28419,2
90892,,28422,2
90893,,28422,7
90894,,28422,14
90895,,28422,2
90943,,28436,14
90944,,28436,7
90945,,28436,1
90946,,28436,2
90947,,28436,5
90948,,28436,7
90949,,28436,7
90954,,28438,2
90955,,28438,7
90956,,28438,14
90957,,28438,2
90971,,28443,2
90972,,28443,7
90973,,28443,14
90974,,28443,2
90975,,28444,2
90976,,28444,7
90977,,28444,14
90978,,28444,2
91003,,28454,1
91004,,28454,2
91005,,28454,1
91012,,28458,2
91013,,28458,7
91014,,28458,14
91015,,28458,2
91036,,28465,2
91037,,28465,7
91038,,28465,14
91039,,28465,2
91075,,28475,2
91076,,28475,7
91077,,28475,14
91078,,28475,2
91118,,28487,2
91119,,28487,7
91120,,28487,14
91121,,28487,2
91169,,28505,2
91170,,28505,7
91171,,28505,14
91172,,28505,2
91176,,28507,2
91177,,28507,7
91178,,28507,14
91179,,28507,2
91180,,28507,5
91181,,28507,10
91227,,28517,2
91228,,28517,7
91229,,28517,14
91230,,28517,2
91231,,28518,1
91232,,28518,1
91233,,28518,1
91234,,28519,1
91235,,28519,1
91236,,28519,1
91237,,28520,1
91238,,28520,1
91239,,28520,1
91240,,28521,1
91241,,28521,1
91242,,28521,1
91243,,28522,1
91244,,28522,1
91245,,28522,1
91246,,28523,1
91247,,28523,1
91248,,28523,1
91249,,28524,1
91250,,28524,1
91251,,28524,1
91278,,28534,2
91279,,28534,7
91280,,28534,14
91281,,28534,2
91366,,28567,2
91367,,28567,7
91368,,28567,14
91369,,28567,2
91404,,28576,2
91405,,28576,7
91406,,28576,14
91407,,28576,2
91461,,28595,2
91462,,28595,7
91463,,28595,14
91464,,28595,2
91500,,28608,2
91501,,28608,7
91502,,28608,14
91503,,28608,2
91582,,28639,2
91583,,28639,7
91584,,28639,14
91585,,28639,2
91586,,28640,2
91587,,28640,7
91588,,28640,14
91589,,28640,2
91613,,28649,2
91614,,28649,7
91615,,28649,14
91616,,28649,2
91669,,28662,2
91670,,28662,7
91671,,28662,14
91672,,28662,2
91731,,28681,2
91732,,28681,7
91733,,28681,1
91734,,28681,7
91746,,28685,2
91747,,28685,7
91748,,28685,14
91749,,28685,2
91756,,28687,2
91757,,28687,7
91758,,28687,14
91759,,28687,2
91815,,28705,2
91816,,28705,7
91817,,28705,14
91818,,28705,2
91822,,28707,2
91823,,28707,7
91824,,28707,14
91825,,28707,2
91878,,28724,2
91879,,28724,7
91880,,28724,14
91881,,28724,2
91891,,28727,2
91892,,28727,7
91893,,28727,14
91894,,28727,2
91895,,28728,2
91896,,28728,7
91897,,28728,14
91898,,28728,2
91911,,28733,2
91912,,28733,7
91913,,28733,14
91914,,28733,2
91927,,28738,2
91928,,28738,7
91929,,28738,14
91930,,28738,2
91931,,28739,7
91932,,28739,2
91933,,28739,2
91934,,28739,2
91935,,28739,3
91936,,28739,6
91937,,28740,2
91938,,28740,7
91939,,28740,14
91940,,28740,2
91941,,28741,2
91942,,28741,7
91943,,28741,14
91944,,28741,2
91950,,28744,2
91951,,28744,7
91952,,28744,14
91953,,28744,2
91954,,28745,2
91955,,28745,7
91956,,28745,14
91957,,28745,2
91972,,28750,40
91973,,28750,365
91974,,28750,365
91985,,28754,4
91986,,28754,21
91987,,28754,7
91988,,28754,5
91989,,28754,4
91990,,28754,5
91991,,28754,21
91992,,28754,4
91993,,28754,4
91994,,28754,7
91995,,28754,21
91996,,28754,14
91997,,28754,14
91998,,28754,7
91999,,28754,21
92000,,28754,7
92001,,28754,7
92006,,28756,2
92007,,28756,4
92008,,28756,8
92009,,28756,1
92010,,28756,1
92011,,28756,8
92012,,28757,2
92013,,28757,7
92014,,28757,14
92015,,28757,2
92022,,28760,2
92023,,28760,7
92024,,28760,14
92025,,28760,2
92029,,28762,2
92030,,28762,7
92031,,28762,14
92032,,28762,2
92039,,28764,2
92040,,28764,7
92041,,28764,14
92042,,28764,2
92063,,28771,2
92064,,28771,7
92065,,28771,14
92066,,28771,2
92071,,28774,2
92072,,28774,7
92073,,28774,14
92074,,28774,2
92075,,28775,1
92076,,28775,1
92077,,28775,1
92078,,28775,1
92079,,28775,1
92080,,28775,1
92081,,28775,1
92082,,28775,1
92083,,28776,2
92084,,28776,7
92085,,28776,14
92086,,28776,2
92098,,28779,2
92099,,28779,7
92100,,28779,14
92101,,28779,2
92117,,28784,2
92118,,28784,7
92119,,28784,14
92120,,28784,2
92130,,28787,2
92131,,28787,7
92132,,28787,14
92133,,28787,2
92148,,28797,2
92149,,28797,7
92150,,28797,14
92151,,28797,2
92152,,28798,2
92153,,28798,7
92154,,28798,14
92155,,28798,2
92159,,28800,2
92160,,28800,7
92161,,28800,14
92162,,28800,2
92163,,28801,2
92164,,28801,7
92165,,28801,14
92166,,28801,2
92176,,28805,2
92177,,28805,7
92178,,28805,14
92179,,28805,2
92180,,28806,2
92181,,28806,7
92182,,28806,14
92183,,28806,2
92226,,28820,2
92227,,28820,7
92228,,28820,14
92229,,28820,2
92232,,28822,2
92233,,28822,7
92234,,28822,14
92235,,28822,2
92236,,28823,2
92237,,28823,7
92238,,28823,14
92239,,28823,2
92261,,28832,2
92262,,28832,7
92263,,28832,14
92264,,28832,2
92305,,28847,2
92306,,28847,7
92307,,28847,14
92308,,28847,2
92309,,28848,2
92310,,28848,7
92311,,28848,14
92312,,28848,2
92317,,28853,1
92318,,28853,1
92319,,28853,1
92320,,28853,1
92321,,28853,1
92322,,28853,1
92341,,28857,2
92342,,28857,7
92343,,28857,7
92344,,28857,7
92345,,28858,2
92346,,28858,7
92347,,28858,14
92348,,28858,2
92432,,28887,2
92433,,28887,7
92434,,28887,14
92435,,28887,2
92442,,28889,2
92443,,28889,7
92444,,28889,14
92445,,28889,2
92456,,28891,2
92457,,28891,7
92458,,28891,14
92459,,28891,2
92463,,28893,2
92464,,28893,7
92465,,28893,14
92466,,28893,2
92494,,28905,2
92495,,28905,7
92496,,28905,14
92497,,28905,2
92501,,28907,2
92502,,28907,7
92503,,28907,14
92504,,28907,2
92515,,28911,2
92516,,28911,7
92517,,28911,14
92518,,28911,2
92519,,28912,2
92520,,28912,7
92521,,28912,14
92522,,28912,2
92523,,28913,2
92524,,28913,7
92525,,28913,14
92526,,28913,2
92535,,28916,2
92536,,28916,7
92537,,28916,14
92538,,28916,2
92539,,28917,3
92540,,28917,7
92541,,28917,20
92542,,28917,2
92552,,28921,2
92553,,28921,7
92554,,28921,14
92555,,28921,2
92556,,28922,2
92557,,28922,7
92558,,28922,14
92559,,28922,2
92564,,28924,2
92565,,28924,7
92566,,28924,14
92567,,28924,2
92621,,28943,2
92622,,28943,7
92623,,28943,14
92624,,28943,2
92633,,28948,2
92634,,28948,7
92635,,28948,14
92636,,28948,2
92637,,28949,2
92638,,28949,7
92639,,28949,14
92640,,28949,2
92645,,28951,2
92646,,28951,7
92647,,28951,14
92648,,28951,2
92678,,28964,2
92679,,28964,7
92680,,28964,14
92681,,28964,2
92707,,28974,2
92708,,28974,3
92709,,28974,3
92720,,28978,2
92721,,28978,7
92722,,28978,14
92723,,28978,2
92741,,28985,2
92742,,28985,7
92743,,28985,14
92744,,28985,2
92759,,28991,7
92760,,28991,2
92761,,28991,10
92792,,29003,2
92793,,29003,7
92794,,29003,14
92795,,29003,2
92885,,29034,2
92886,,29034,7
92887,,29034,14
92888,,29034,2
92892,,29036,2
92893,,29036,7
92894,,29036,14
92895,,29036,2
92905,,29040,4
92906,,29040,7
92913,,29043,5
92914,,29043,5
92915,,29044,2
92916,,29044,7
92917,,29044,14
92918,,29044,2
92939,,29053,2
92940,,29053,7
92941,,29053,14
92942,,29053,2
93085,,29100,2
93086,,29100,7
93087,,29100,14
93088,,29100,2
93089,,29101,2
93090,,29101,7
93091,,29101,14
93092,,29101,2
93103,,29105,2
93104,,29105,7
93105,,29105,14
93106,,29105,2
93107,,29105,3
93128,,29111,2
93129,,29111,7
93130,,29111,14
93131,,29111,2
93167,,29124,2
93168,,29124,7
93169,,29124,14
93170,,29124,2
93174,,29126,2
93175,,29126,7
93176,,29126,14
93177,,29126,2
93198,,29133,2
93199,,29133,7
93200,,29133,14
93201,,29133,2
93202,,29133,2
93222,,29139,5
93223,,29139,2
93224,,29139,1
93225,,29139,2
93226,,29139,1
93245,,29143,2
93246,,29143,7
93247,,29143,14
93248,,29143,2
93255,,29145,2
93256,,29145,7
93257,,29145,14
93258,,29145,2
93259,,29146,2
93260,,29146,7
93261,,29146,14
93262,,29146,2
93263,,29147,2
93264,,29147,7
93265,,29147,14
93266,,29147,2
93267,,29148,2
93268,,29148,7
93269,,29148,14
93270,,29148,2
93271,,29149,2
93272,,29149,7
93273,,29149,14
93274,,29149,2
93303,,29157,2
93304,,29157,7
93305,,29157,14
93306,,29157,2
93310,,29159,2
93311,,29159,7
93312,,29159,14
93313,,29159,2
93384,,29180,2
93385,,29180,7
93386,,29180,14
93387,,29180,2
93404,,29186,2
93405,,29186,7
93406,,29186,14
93407,,29186,2
93466,,29209,2
93467,,29209,7
93468,,29209,14
93469,,29209,2
93470,,29210,2
93471,,29210,7
93472,,29210,14
93473,,29210,2
93474,,29211,6
93475,,29211,6
93476,,29211,6
93483,,29213,2
93484,,29213,7
93485,,29213,14
93486,,29213,2
93508,,29221,2
93509,,29221,7
93510,,29221,14
93511,,29221,2
93548,,29232,30
93549,,29232,30
93550,,29232,15
93551,,29232,1
93552,,29232,10
93553,,29232,4
93554,,29232,30
93581,,29242,2
93582,,29242,7
93583,,29242,14
93584,,29242,2
93595,,29246,2
93596,,29246,7
93597,,29246,14
93598,,29246,2
93633,,29254,2
93634,,29254,7
93635,,29254,14
93636,,29254,2
93671,,29269,2
93672,,29269,7
93673,,29269,14
93674,,29269,2
93737,,29286,2
93738,,29286,7
93739,,29286,14
93740,,29286,2
93755,,29292,2
93756,,29292,7
93757,,29292,14
93758,,29292,2
93762,,29294,6
93763,,29294,4
93764,,29294,7
93765,,29294,5
93795,,29303,2
93796,,29303,7
93797,,29303,14
93798,,29303,2
93860,,29322,2
93861,,29322,7
93862,,29322,14
93863,,29322,2
93874,,29326,2
93875,,29326,7
93876,,29326,14
93877,,29326,2
93884,,29329,2
93885,,29329,7
93886,,29329,14
93887,,29329,2
93912,,29338,7
93913,,29338,1
93914,,29338,14
93915,,29338,7
93940,,29346,2
93941,,29346,7
93942,,29346,14
93943,,29346,2
93944,,29347,2
93945,,29347,7
93946,,29347,14
93947,,29347,2
93954,,29351,2
93955,,29351,7
93956,,29351,14
93957,,29351,2
93958,,29352,2
93959,,29352,7
93960,,29352,14
93961,,29352,2
94044,,29381,2
94045,,29381,7
94046,,29381,14
94047,,29381,2
94059,,29386,2
94060,,29386,7
94061,,29386,14
94062,,29386,2
94063,,29387,2
94064,,29387,7
94065,,29387,14
94066,,29387,2
94070,,29389,2
94071,,29389,7
94072,,29389,14
94073,,29389,2
94097,,29397,2
94098,,29397,7
94099,,29397,14
94100,,29397,2
94101,,29398,10
94102,,29398,10
94127,,29402,2
94128,,29402,7
94129,,29402,14
94130,,29402,2
94136,,29406,2
94137,,29406,7
94138,,29406,14
94139,,29406,2
94183,,29420,2
94184,,29420,7
94185,,29420,14
94186,,29420,2
94249,,29438,2
94250,,29438,7
94251,,29438,14
94252,,29438,2
94392,,29486,2
94393,,29486,7
94394,,29486,14
94395,,29486,2
94414,,29493,2
94415,,29493,7
94416,,29493,14
94417,,29493,2
94492,,29521,2
94493,,29521,7
94494,,29521,14
94495,,29521,2
94499,,29523,2
94500,,29523,7
94501,,29523,14
94502,,29523,2
94512,,29527,2
94513,,29527,7
94514,,29527,14
94515,,29527,2
94516,,29528,2
94517,,29528,7
94518,,29528,14
94519,,29528,2
94549,,29536,2
94550,,29536,7
94551,,29536,14
94552,,29536,2
94556,,29538,2
94557,,29538,7
94558,,29538,14
94559,,29538,2
94563,,29540,2
94564,,29540,7
94565,,29540,14
94566,,29540,2
94576,,29545,2
94577,,29545,7
94578,,29545,14
94579,,29545,2
94580,,29546,2
94581,,29546,7
94582,,29546,14
94583,,29546,2
94610,,29556,2
94611,,29556,7
94612,,29556,14
94613,,29556,2
94620,,29559,1
94621,,29559,5
94622,,29559,8
94623,,29559,4
94645,,29568,2
94646,,29568,7
94647,,29568,14
94648,,29568,2
94649,,29569,2
94650,,29569,7
94651,,29569,14
94652,,29569,2
94691,,29581,2
94692,,29581,7
94693,,29581,14
94694,,29581,2
94695,,29582,2
94696,,29582,7
94697,,29582,14
94698,,29582,2
94705,,29585,2
94706,,29585,7
94707,,29585,14
94708,,29585,2
94739,,29594,2
94740,,29594,7
94741,,29594,14
94742,,29594,2
94743,,29595,2
94744,,29595,7
94745,,29595,14
94746,,29595,2
94765,,29601,3
94766,,29601,4
94767,,29601,17
94768,,29601,3
94769,,29602,1
94770,,29602,5
94771,,29602,14
94772,,29602,3
94773,,29603,1
94774,,29603,5
94775,,29603,14
94776,,29603,3
94777,,29604,1
94778,,29604,5
94779,,29604,14
94780,,29604,3
94781,,29605,1
94782,,29605,5
94783,,29605,14
94784,,29605,3
94785,,29606,1
94786,,29606,5
94787,,29606,14
94788,,29606,3
94789,,29607,5
94790,,29607,14
94791,,29607,3
94792,,29608,5
94793,,29608,14
94794,,29608,3
94813,,29614,2
94814,,29614,7
94815,,29614,14
94816,,29614,2
94824,,29617,2
94825,,29617,7
94826,,29617,14
94827,,29617,2
94828,,29618,2
94829,,29618,7
94830,,29618,14
94831,,29618,2
94907,,29642,2
94908,,29642,7
94909,,29642,14
94910,,29642,2
94916,,29645,2
94917,,29645,7
94918,,29645,14
94919,,29645,2
94931,,29649,1
94932,,29649,1
94933,,29649,1
94934,,29649,1
95066,,29693,1
95067,,29693,1
95068,,29693,1
95069,,29693,1
95077,,29698,2
95078,,29698,7
95079,,29698,14
95080,,29698,2
95115,,29711,21
95116,,29711,3
95117,,29711,3
95118,,29711,3
95119,,29711,3
95120,,29711,4
95121,,29713,180
95122,,29713,25
95123,,29713,50
95124,,29713,180
95125,,29713,50
95126,,29713,12
95127,,29713,12
95128,,29713,50
95129,,29713,12
95130,,29713,25
95131,,29713,50
95132,,29713,12
95187,,29729,2
95188,,29729,7
95189,,29729,14
95190,,29729,2
95277,,29751,2
95278,,29751,7
95279,,29751,14
95280,,29751,2
95430,,29796,2
95431,,29796,7
95432,,29796,14
95433,,29796,2
95484,,29813,2
95485,,29813,7
95486,,29813,14
95487,,29813,1
95488,,29813,1
95489,,29813,3
95570,,29836,2
95571,,29836,7
95572,,29836,14
95573,,29836,2
95598,,29846,2
95599,,29846,7
95600,,29846,14
95601,,29846,2
95653,,29867,2
95654,,29867,7
95655,,29867,14
95656,,29867,2
95666,,29871,2
95667,,29871,7
95668,,29871,14
95669,,29871,2
95670,,29872,2
95671,,29872,7
95672,,29872,14
95673,,29872,2
95678,,29875,2
95679,,29875,7
95680,,29875,14
95681,,29875,2
95682,,29876,2
95683,,29876,7
95684,,29876,14
95685,,29876,2
95686,,29877,1
95687,,29877,1
95688,,29877,1
95689,,29877,1
95690,,29877,1
95691,,29877,1
95695,,29879,2
95696,,29879,7
95697,,29879,14
95698,,29879,2
95703,,29882,2
95704,,29882,7
95705,,29882,14
95706,,29882,2
95728,,29890,2
95729,,29890,7
95730,,29890,14
95731,,29890,2
95732,,29891,2
95733,,29891,7
95734,,29891,14
95735,,29891,2
95742,,29894,4
95743,,29894,4
95744,,29894,2
95745,,29895,2
95746,,29895,7
95747,,29895,14
95748,,29895,2
95752,,29897,2
95753,,29897,7
95754,,29897,14
95755,,29897,2
95817,,29917,3
95818,,29917,3
95819,,29917,2
95820,,29917,3
95821,,29917,3
95822,,29917,2
95823,,29918,2
95824,,29918,7
95825,,29918,14
95826,,29918,2
95847,,29927,2
95848,,29927,7
95849,,29927,14
95850,,29927,2
95864,,29934,2
95865,,29934,4
95866,,29934,10
95867,,29934,3
95868,,29935,20
95869,,29935,15
95870,,29935,15
95871,,29935,40
95884,,29940,2
95885,,29940,7
95886,,29940,14
95887,,29940,2
95894,,29943,2
95895,,29943,7
95896,,29943,14
95897,,29943,2
95996,,29973,2
95997,,29973,7
95998,,29973,14
95999,,29973,2
96025,,29981,2
96026,,29981,7
96027,,29981,14
96028,,29981,2
96031,,29983,2
96032,,29983,7
96033,,29983,14
96034,,29983,2
96043,,29988,1
96044,,29988,1
96045,,29988,1
96067,,29995,2
96068,,29995,7
96069,,29995,14
96070,,29995,2
96071,,29996,2
96072,,29996,7
96073,,29996,14
96074,,29996,2
96075,,29997,7
96076,,29997,2
96077,,29997,14
96078,,29997,7
96079,,29998,14
96080,,29998,2
96081,,29998,7
96082,,29998,14
96089,,30000,2
96090,,30000,7
96091,,30000,14
96092,,30000,2
96250,,30044,2
96251,,30044,7
96252,,30044,14
96253,,30044,2
96304,,30059,2
96305,,30059,7
96306,,30059,14
96307,,30059,2
96308,,30060,2
96309,,30060,7
96310,,30060,14
96311,,30060,2
96314,,30062,2
96315,,30062,7
96316,,30062,14
96317,,30062,2
96322,,30065,2
96323,,30065,7
96324,,30065,14
96325,,30065,2
96399,,30084,2
96400,,30084,7
96401,,30084,14
96402,,30084,2
96427,,30093,2
96428,,30093,7
96429,,30093,14
96430,,30093,2
96538,,30117,2
96539,,30117,7
96540,,30117,14
96541,,30117,2
96741,,30180,2
96742,,30180,7
96743,,30180,14
96744,,30180,2
96761,,30190,2
96762,,30190,14
96763,,30190,14
96764,,30190,14
96765,,30190,7
96766,,30190,1
96767,,30190,2
96790,,30197,2
96791,,30197,7
96792,,30197,14
96793,,30197,2
96833,,30210,2
96834,,30210,7
96835,,30210,14
96836,,30210,2
96855,,30219,2
96856,,30219,7
96857,,30219,14
96858,,30219,2
96928,,30244,2
96929,,30244,7
96930,,30244,14
96931,,30244,2
96986,,30261,10
96987,,30261,20
96988,,30261,20
96989,,30261,20
96990,,30261,30
96991,,30261,20
96992,,30262,2
96993,,30262,7
96994,,30262,14
96995,,30262,2
97029,,30277,20
97030,,30277,20
97031,,30277,30
97032,,30277,10
97033,,30277,15
97038,,30279,2
97039,,30279,7
97040,,30279,14
97041,,30279,2
97137,,30312,1
97138,,30312,1
97139,,30312,1
97140,,30312,1
97141,,30312,1
97142,,30312,1
97147,,30314,1
97148,,30314,1
97149,,30314,1
97150,,30314,1
97151,,30314,1
97152,,30314,1
97153,,30315,1
97154,,30315,1
97155,,30315,1
97156,,30315,1
97157,,30315,1
97158,,30315,1
97159,,30316,1
97160,,30316,7
97161,,30316,1
97162,,30316,1
97163,,30316,1
97164,,30316,1
97222,,30335,1
97223,,30335,3
97224,,30335,5
97225,,30335,2
97263,,30344,1
97264,,30344,2
97265,,30344,1
97266,,30344,1
97267,,30344,1
97268,,30344,1
97269,,30344,1
97270,,30344,1
97271,,30344,1
97290,,30350,2
97291,,30350,7
97292,,30350,14
97293,,30350,2
97294,,30351,1
97295,,30351,1
97296,,30351,4
97297,,30351,1
97298,,30351,1
97356,,30378,2
97357,,30378,7
97358,,30378,14
97359,,30378,2
97360,,30379,12
97361,,30379,4
97362,,30379,4
97363,,30379,1
97364,,30379,4
97365,,30379,4
97412,,30401,2
97413,,30401,7
97414,,30401,14
97415,,30401,2
97451,,30418,12
97452,,30418,4
97453,,30418,2
97454,,30419,12
97455,,30419,4
97456,,30419,2
97457,,30420,12
97458,,30420,4
97459,,30420,2
97460,,30421,12
97461,,30421,4
97462,,30421,2
97463,,30422,12
97464,,30422,4
97465,,30422,2
97466,,30423,12
97467,,30423,4
97468,,30423,2
97469,,30424,12
97470,,30424,4
97471,,30424,2
97472,,30424,4
97473,,30425,2
97474,,30425,7
97475,,30425,14
97476,,30425,2
97477,,30426,2
97478,,30426,7
97479,,30426,14
97480,,30426,2
97481,,30427,2
97482,,30427,7
97483,,30427,14
97484,,30427,2
97485,,30428,2
97486,,30428,7
97487,,30428,14
97488,,30428,2
97489,,30429,2
97490,,30429,7
97491,,30429,14
97492,,30429,2
97534,,30445,2
97535,,30445,7
97536,,30445,14
97537,,30445,2
97660,,30469,2
97661,,30469,7
97662,,30469,14
97663,,30469,2
97677,,30474,2
97678,,30474,7
97679,,30474,14
97680,,30474,2
97743,,30492,2
97744,,30492,7
97745,,30492,14
97746,,30492,2
97808,,30513,2
97809,,30513,7
97810,,30513,14
97811,,30513,2
97951,,30545,2
97952,,30545,7
97953,,30545,14
97954,,30545,2
97955,,30546,2
97956,,30546,7
97957,,30546,14
97958,,30546,2
97959,,30547,1
97960,,30547,1
97961,,30547,1
97962,,30547,1
97963,,30547,1
97964,,30547,1
97965,,30547,1
97966,,30547,1
97967,,30547,1
97968,,30547,1
97969,,30547,1
97970,,30547,1
97971,,30547,1
97972,,30547,1
97973,,30547,1
97974,,30547,1
97975,,30547,1
97976,,30547,1
97977,,30547,1
97978,,30547,1
97979,,30547,1
97980,,30547,1
97981,,30547,1
97982,,30547,1
97983,,30547,1
97984,,30547,1
97985,,30547,1
97986,,30547,1
98004,,30556,2
98005,,30556,7
98006,,30556,14
98007,,30556,2
98061,,30576,2
98062,,30576,7
98063,,30576,14
98064,,30576,2
98067,,30578,2
98068,,30578,7
98069,,30578,14
98070,,30578,2
98099,,30583,2
98100,,30583,7
98101,,30583,14
98102,,30583,2
98124,,30594,3
98125,,30594,2
98126,,30594,1
98127,,30594,1
98128,,30594,8
98129,,30594,1
98130,,30595,2
98131,,30595,7
98132,,30595,14
98133,,30595,2
98134,,30596,8
98135,,30596,1
98136,,30596,3
98137,,30596,2
98138,,30596,1
98139,,30596,1
98212,,30620,2
98213,,30620,7
98214,,30620,14
98215,,30620,2
98361,,30660,2
98362,,30660,7
98363,,30660,14
98364,,30660,2
98480,,30693,2
98481,,30693,7
98482,,30693,14
98483,,30693,2
98569,,30721,2
98570,,30721,7
98571,,30721,14
98572,,30721,2
98593,,30728,2
98594,,30728,7
98595,,30728,14
98596,,30728,2
98597,,30729,2
98598,,30729,7
98599,,30729,14
98600,,30729,2
98651,,30748,2
98652,,30748,7
98653,,30748,14
98654,,30748,2
98676,,30756,2
98677,,30756,7
98678,,30756,14
98679,,30756,2
98703,,30766,2
98704,,30766,7
98705,,30766,14
98706,,30766,2
98710,,30768,7
98711,,30768,2
98712,,30768,3
98713,,30768,2
98714,,30768,2
98730,,30775,2
98731,,30775,7
98732,,30775,14
98733,,30775,2
98823,,30807,2
98824,,30807,7
98825,,30807,14
98826,,30807,2
98827,,30808,2
98828,,30808,7
98829,,30808,14
98830,,30808,2
98831,,30809,2
98832,,30809,7
98833,,30809,14
98834,,30809,2
98866,,30818,2
98867,,30818,7
98868,,30818,14
98869,,30818,2
98904,,30831,2
98905,,30831,7
98906,,30831,14
98907,,30831,2
98908,,30832,20
98909,,30832,18
98950,,30845,2
98951,,30845,7
98952,,30845,14
98953,,30845,2
99022,,30869,2
99023,,30869,7
99024,,30869,14
99025,,30869,2
99089,,30893,2
99090,,30893,7
99091,,30893,14
99092,,30893,2
99153,,30916,2
99154,,30916,7
99155,,30916,14
99156,,30916,2
99172,,30922,2
99173,,30922,7
99174,,30922,14
99175,,30922,2
99391,,30992,2
99392,,30992,7
99393,,30992,14
99394,,30992,2
99438,,31007,2
99439,,31007,7
99440,,31007,14
99441,,31007,2
99656,,31078,2
99657,,31078,7
99658,,31078,14
99659,,31078,2
99660,,31078,1
99942,,31160,2
99943,,31160,7
99944,,31160,14
99945,,31160,2
100141,,31227,2
100142,,31227,7
100143,,31227,14
100144,,31227,2
100155,,31231,2
100156,,31231,7
100157,,31231,14
100158,,31231,2
100207,,31249,2
100208,,31249,7
100209,,31249,14
100210,,31249,2
100280,,31273,2
100281,,31273,7
100282,,31273,14
100283,,31273,2
100318,,31285,2
100319,,31285,7
100320,,31285,14
100321,,31285,2
100433,,31323,2
100434,,31323,7
100435,,31323,14
100436,,31323,2
100482,,31334,2
100483,,31334,7
100484,,31334,14
100485,,31334,2
100596,,31371,2
100597,,31371,7
100598,,31371,14
100599,,31371,2
100637,,31387,2
100638,,31387,7
100639,,31387,14
100640,,31387,2
100668,,31395,2
100669,,31395,7
100670,,31395,14
100671,,31395,2
100672,,31396,2
100673,,31396,7
100674,,31396,14
100675,,31396,2
100707,,31410,2
100708,,31410,7
100709,,31410,14
100710,,31410,2
100713,,31412,6
100714,,31412,6
100715,,31412,4
100716,,31412,1
100717,,31412,1
100718,,31412,1
100740,,31420,2
100741,,31420,7
100742,,31420,14
100743,,31420,2
100851,,31436,2
100852,,31436,7
100853,,31436,14
100854,,31436,2
100892,,31446,2
100893,,31446,7
100894,,31446,14
100895,,31446,2
100896,,31447,2
100897,,31447,7
100898,,31447,14
100899,,31447,2
100900,,31448,1
100901,,31448,1
100902,,31448,1
100903,,31448,1
100914,,31454,2
100915,,31454,7
100916,,31454,14
100917,,31454,2
100942,,31462,1
100943,,31462,1
100944,,31462,1
100945,,31463,1
100946,,31463,1
100947,,31463,1
100948,,31463,1
100949,,31463,1
100971,,31471,2
100972,,31471,7
100973,,31471,14
100974,,31471,2
100977,,31473,1
100978,,31473,1
100979,,31474,7
100980,,31474,7
100981,,31475,7
100982,,31475,7
100983,,31476,7
100984,,31476,7
100985,,31477,7
100986,,31477,7
100987,,31478,7
100988,,31478,7
100989,,31479,7
100990,,31479,7
100991,,31480,7
100992,,31480,7
100993,,31480,7
100994,,31481,7
100995,,31481,7
100996,,31481,7
100997,,31482,7
100998,,31482,7
100999,,31482,7
101000,,31483,7
101001,,31483,7
101002,,31483,7
101003,,31484,7
101004,,31484,14
101005,,31484,7
101082,,31507,1
101083,,31507,1
101084,,31507,1
101085,,31507,1
101328,,31597,2
101329,,31597,7
101330,,31597,14
101331,,31597,2
101358,,31607,1
101359,,31607,7
101360,,31607,3
101443,,31634,160
101444,,31634,16
101631,,31691,2
101632,,31691,7
101633,,31691,14
101634,,31691,2
101699,,31714,2
101700,,31714,7
101701,,31714,14
101702,,31714,2
101763,,31741,2
101764,,31741,7
101765,,31741,14
101766,,31741,2
101767,,31742,4
101768,,31742,4
101769,,31742,4
101770,,31742,4
101778,,31745,2
101779,,31745,7
101780,,31745,14
101781,,31745,2
101872,,31784,2
101873,,31784,7
101874,,31784,14
101875,,31784,2
101879,,31786,2
101880,,31786,7
101881,,31786,14
101882,,31786,2
101914,,31796,2
101915,,31796,7
101916,,31796,14
101917,,31796,2
101924,,31799,2
101925,,31799,7
101926,,31799,14
101927,,31799,2
101992,,31827,1
101993,,31827,1
101994,,31827,1
101995,,31827,1
101996,,31827,1
102018,,31834,1
102019,,31834,1
102020,,31834,1
102021,,31834,1
102022,,31835,1
102023,,31835,1
102024,,31835,1
102025,,31835,1
102026,,31835,1
102027,,31835,1
102028,,31836,1
102029,,31836,1
102030,,31837,1
102031,,31837,1
102032,,31837,1
102033,,31837,1
102034,,31837,1
102035,,31837,1
102036,,31837,1
102077,,31851,2
102078,,31851,7
102079,,31851,14
102080,,31851,2
102101,,31858,2
102102,,31858,7
102103,,31858,14
102104,,31858,2
102462,,31978,2
102463,,31978,7
102464,,31978,14
102465,,31978,2
102493,,31989,1
102494,,31989,1
102495,,31989,1
102496,,31989,1
102497,,31989,1
102498,,31989,1
102499,,31989,1
102500,,31989,1
102501,,31989,1
102649,,32035,2
102650,,32035,7
102651,,32035,14
102652,,32035,2
102802,,32095,2
102803,,32095,7
102804,,32095,14
102805,,32095,2
102840,,32109,2
102841,,32109,7
102842,,32109,14
102843,,32109,2
102844,,32110,4
102845,,32110,4
102846,,32110,4
102847,,32110,8
102848,,32110,8
102849,,32110,4
102850,,32110,30
102851,,32110,60
102852,,32110,30
102853,,32110,4
102854,,32110,4
102880,,32118,2
102881,,32118,7
102882,,32118,14
102883,,32118,2
102891,,32120,1
102892,,32120,4
102893,,32120,15
102894,,32120,8
102895,,32120,7
102896,,32121,1
102897,,32121,4
102898,,32121,15
102899,,32121,8
102900,,32121,7
102934,,32130,2
102935,,32130,7
102936,,32130,14
102937,,32130,2
102978,,32144,2
102979,,32144,7
102980,,32144,14
102981,,32144,2
103002,,32152,2
103003,,32152,7
103004,,32152,14
103005,,32152,2
103026,,32160,7
103027,,32160,2
103028,,32160,1
103032,,32162,2
103033,,32162,7
103034,,32162,14
103035,,32162,2
103036,,32163,2
103037,,32163,7
103038,,32163,14
103039,,32163,2
103040,,32164,1
103041,,32164,4
103042,,32164,4
103043,,32164,9
103044,,32164,1
103045,,32164,1
103046,,32164,7
103047,,32164,9
103048,,32164,1
103049,,32164,2
103107,,32185,2
103108,,32185,7
103109,,32185,14
103110,,32185,2
103173,,32207,2
103174,,32207,7
103175,,32207,14
103176,,32207,2
103274,,32246,2
103275,,32246,7
103276,,32246,14
103277,,32246,2
103351,,32275,1
103352,,32275,1
103353,,32275,1
103354,,32276,1
103355,,32276,14
103356,,32276,14
103436,,32303,2
103437,,32303,7
103438,,32303,14
103439,,32303,2
103492,,32323,1
103493,,32323,2
103494,,32323,1
103495,,32323,1
103610,,32359,2
103611,,32359,7
103612,,32359,14
103613,,32359,2
103614,,32360,2
103615,,32360,7
103616,,32360,3
103617,,32360,2
103618,,32360,4
103641,,32367,2
103642,,32367,7
103643,,32367,14
103644,,32367,2
103680,,32377,2
103681,,32377,7
103682,,32377,14
103683,,32377,2
103761,,32407,1
103762,,32407,1
103763,,32407,1
103887,,32448,2
103888,,32448,7
103889,,32448,14
103890,,32448,2
103902,,32455,2
103903,,32455,7
103904,,32455,14
103905,,32455,2
103906,,32455,2
103930,,32464,2
103931,,32464,7
103932,,32464,14
103933,,32464,2
103957,,32471,2
103958,,32471,7
103959,,32471,14
103960,,32471,2
104101,,32508,2
104102,,32508,7
104103,,32508,14
104104,,32508,2
104251,,32551,2
104252,,32551,7
104253,,32551,14
104254,,32551,2
104255,,32552,2
104256,,32552,7
104257,,32552,14
104258,,32552,2
104292,,32565,2
104293,,32565,7
104294,,32565,14
104295,,32565,2
104510,,32637,2
104511,,32637,7
104512,,32637,14
104513,,32637,2
104580,,32662,2
104581,,32662,7
104582,,32662,14
104583,,32662,2
104590,,32666,2
104591,,32666,7
104592,,32666,14
104593,,32666,2
104633,,32678,2
104634,,32678,7
104635,,32678,14
104636,,32678,2
104655,,32686,2
104656,,32686,7
104657,,32686,14
104658,,32686,2
104703,,32704,2
104704,,32704,7
104705,,32704,14
104706,,32704,2
104764,,32718,2
104765,,32718,7
104766,,32718,14
104767,,32718,2
104813,,32728,2
104814,,32728,7
104815,,32728,14
104816,,32728,2
104885,,32749,2
104886,,32749,7
104887,,32749,14
104888,,32749,2
104892,,32751,2
104893,,32751,7
104894,,32751,14
104895,,32751,2
104939,,32765,2
104940,,32765,7
104941,,32765,14
104942,,32765,2
104946,,32767,2
104947,,32767,7
104948,,32767,14
104949,,32767,2
104980,,32778,2
104981,,32778,7
104982,,32778,14
104983,,32778,2
104984,,32779,2
104985,,32779,7
104986,,32779,14
104987,,32779,2
105052,,32800,2
105053,,32800,7
105054,,32800,14
105055,,32800,2
105089,,32811,2
105090,,32811,7
105091,,32811,14
105092,,32811,2
105105,,32816,7
105106,,32816,1
105107,,32816,7
105108,,32816,4
105109,,32816,1
105110,,32816,1
105256,,32868,2
105257,,32868,7
105258,,32868,14
105259,,32868,2
105304,,32883,2
105305,,32883,7
105306,,32883,14
105307,,32883,2
105308,,32884,2
105309,,32884,7
105310,,32884,14
105311,,32884,2
105312,,32885,2
105313,,32885,7
105314,,32885,14
105315,,32885,2
105316,,32886,7
105317,,32886,7
105318,,32886,7
105319,,32886,1
105320,,32886,2
105321,,32887,7
105322,,32887,7
105323,,32887,7
105324,,32887,7
105325,,32887,2
105389,,32912,2
105390,,32912,7
105391,,32912,14
105392,,32912,2
105393,,32913,1
105394,,32913,1
105395,,32913,1
105396,,32913,1
105397,,32914,1
105398,,32914,1
105399,,32915,1
105400,,32915,1
105401,,32916,1
105402,,32916,1
105403,,32917,1
105404,,32917,1
105405,,32918,1
105406,,32918,1
105410,,32920,1
105411,,32920,1
105415,,32922,2
105416,,32922,7
105417,,32922,14
105418,,32922,2
105468,,32939,2
105469,,32939,7
105470,,32939,14
105471,,32939,2
105499,,32948,2
105500,,32948,7
105501,,32948,14
105502,,32948,2
105518,,32952,1
105519,,32952,1
105520,,32952,1
105521,,32952,2
105522,,32952,1
105523,,32952,1
105578,,32969,2
105579,,32969,7
105580,,32969,14
105581,,32969,2
105582,,32969,1
105583,,32969,1
105584,,32970,1
105585,,32970,1
105586,,32970,2
105587,,32970,2
105599,,32978,2
105600,,32978,7
105601,,32978,14
105602,,32978,2
105763,,33046,2
105764,,33046,6
105765,,33046,14
105766,,33046,2
105767,,33046,2
105799,,33056,2
105800,,33056,7
105801,,33056,14
105802,,33056,2
105838,,33063,2
105839,,33063,7
105840,,33063,14
105841,,33063,2
105895,,33082,2
105896,,33082,7
105897,,33082,14
105898,,33082,2
106151,,33169,2
106152,,33169,7
106153,,33169,14
106154,,33169,2
106161,,33171,2
106162,,33171,7
106163,,33171,14
106164,,33171,2
106212,,33190,2
106213,,33190,7
106214,,33190,14
106215,,33190,2
106280,,33209,2
106281,,33209,7
106282,,33209,14
106283,,33209,2
106284,,33210,2
106285,,33210,7
106286,,33210,14
106287,,33210,2
106288,,33211,2
106289,,33211,7
106290,,33211,14
106291,,33211,2
106479,,33283,2
106480,,33283,7
106481,,33283,14
106482,,33283,2
106549,,33314,2
106550,,33314,7
106749,,33383,2
106750,,33383,7
106751,,33383,14
106752,,33383,2
106753,,33384,2
106754,,33384,7
106755,,33384,14
106756,,33384,2
106775,,33389,2
106776,,33389,7
106777,,33389,14
106778,,33389,2
106779,,33390,2
106780,,33390,7
106781,,33390,14
106782,,33390,2
107049,,33477,2
107050,,33477,7
107051,,33477,14
107052,,33477,2
107056,,33482,7
107057,,33482,14
107058,,33482,2
107294,,33543,2
107295,,33543,7
107296,,33543,14
107297,,33543,2
107318,,33552,2
107319,,33552,7
107320,,33552,14
107321,,33552,2
107534,,33609,2
107535,,33609,7
107536,,33609,14
107537,,33609,2
107558,,33616,2
107559,,33616,7
107560,,33616,14
107561,,33616,2
107562,,33617,2
107563,,33617,7
107564,,33617,14
107565,,33617,2
107677,,33652,2
107678,,33652,7
107679,,33652,14
107680,,33652,2
107705,,33659,2
107706,,33659,7
107707,,33659,14
107708,,33659,2
107752,,33673,2
107753,,33673,7
107754,,33673,14
107755,,33673,2
107841,,33700,2
107842,,33700,7
107843,,33700,14
107844,,33700,2
107901,,33721,4
107902,,33721,4
107903,,33721,28
107904,,33721,28
107905,,33721,4
107906,,33721,8
107907,,33721,4
107908,,33721,4
108065,,33771,2
108066,,33771,7
108067,,33771,14
108068,,33771,2
108330,,33855,14
108331,,33855,2
108332,,33855,2
108333,,33855,2
108334,,33855,1
108408,,33879,2
108409,,33879,7
108410,,33879,14
108411,,33879,2
108420,,33882,2
108421,,33882,7
108422,,33882,14
108423,,33882,2
108424,,33883,2
108425,,33883,7
108426,,33883,14
108427,,33883,2
108428,,33884,2
108429,,33884,7
108430,,33884,14
108431,,33884,2
108432,,33885,2
108433,,33885,7
108434,,33885,14
108435,,33885,2
108508,,33909,2
108509,,33909,7
108510,,33909,14
108511,,33909,2
108542,,33920,2
108543,,33920,7
108544,,33920,14
108545,,33920,2
108546,,33921,2
108547,,33921,7
108548,,33921,14
108549,,33921,2
108577,,33931,2
108578,,33931,7
108579,,33931,14
108580,,33931,2
108586,,33934,2
108587,,33934,7
108588,,33934,14
108589,,33934,2
108720,,33976,2
108721,,33976,7
108722,,33976,14
108723,,33976,2
108736,,33982,2
108737,,33982,7
108738,,33982,14
108739,,33982,2
108889,,34035,1
108890,,34035,1
108891,,34035,1
108892,,34035,1
109077,,34093,2
109078,,34093,7
109079,,34093,14
109080,,34093,2
109087,,34096,2
109088,,34096,7
109089,,34096,14
109090,,34096,2
109099,,34101,2
109100,,34101,7
109101,,34101,14
109102,,34101,2
109169,,34121,2
109170,,34121,7
109171,,34121,14
109172,,34121,2
109173,,34122,2
109174,,34122,7
109175,,34122,14
109176,,34122,2
109259,,34154,2
109260,,34154,7
109261,,34154,14
109262,,34154,2
109274,,34158,2
109275,,34158,7
109276,,34158,14
109277,,34158,2
109307,,34169,2
109308,,34169,7
109309,,34169,14
109310,,34169,2
109330,,34177,2
109331,,34177,7
109332,,34177,14
109333,,34177,2
109475,,34228,2
109476,,34228,7
109477,,34228,14
109478,,34228,2
109576,,34259,2
109577,,34259,7
109578,,34259,14
109579,,34259,2
109580,,34260,2
109581,,34260,7
109582,,34260,14
109583,,34260,2
109613,,34272,2
109614,,34272,7
109615,,34272,14
109616,,34272,2
109674,,34296,5
109675,,34296,3
109676,,34296,5
109677,,34296,5
109678,,34296,2
109829,,34348,2
109830,,34348,7
109831,,34348,14
109832,,34348,2
109915,,34375,2
109916,,34375,7
109917,,34375,14
109918,,34375,2
110066,,34423,2
110067,,34423,7
110068,,34423,14
110069,,34423,2
110142,,34448,2
110143,,34448,7
110144,,34448,14
110145,,34448,2
110150,,34451,2
110151,,34451,7
110152,,34451,14
110153,,34451,2
110166,,34456,2
110167,,34456,7
110168,,34456,14
110169,,34456,2
110189,,34464,3
110190,,34464,7
110191,,34464,2
110237,,34480,2
110238,,34480,7
110239,,34480,14
110240,,34480,2
110244,,34482,1
110245,,34482,1
110246,,34482,1
110247,,34483,2
110248,,34483,7
110249,,34483,14
110250,,34483,2
110251,,34484,2
110252,,34484,7
110253,,34484,14
110254,,34484,2
110255,,34485,2
110256,,34485,7
110257,,34485,14
110258,,34485,2
110259,,34486,2
110260,,34486,7
110261,,34486,14
110262,,34486,2
110263,,34487,2
110264,,34487,7
110265,,34487,14
110266,,34487,2
110374,,34526,2
110375,,34526,7
110376,,34526,14
110377,,34526,2
110378,,34527,2
110379,,34527,7
110380,,34527,14
110381,,34527,2
110382,,34528,2
110383,,34528,7
110384,,34528,14
110385,,34528,2
110386,,34529,2
110387,,34529,7
110388,,34529,14
110389,,34529,2
110611,,34604,7
110612,,34604,1
110613,,34604,2
110614,,34604,2
110615,,34604,7
110618,,34606,7
110619,,34606,7
110620,,34606,2
110621,,34606,2
110622,,34606,1
110700,,34634,2
110701,,34634,7
110702,,34634,14
110703,,34634,2
110736,,34646,2
110737,,34646,7
110738,,34646,14
110739,,34646,2
110740,,34647,2
110741,,34647,7
110742,,34647,14
110743,,34647,2
110991,,34726,2
110992,,34726,7
110993,,34726,14
110994,,34726,2
111076,,34754,2
111077,,34754,7
111078,,34754,14
111079,,34754,2
111121,,34769,2
111122,,34769,7
111123,,34769,14
111124,,34769,2
111291,,34826,2
111292,,34826,7
111293,,34826,14
111294,,34826,2
111339,,34844,2
111340,,34844,7
111341,,34844,14
111342,,34844,2
111361,,34850,7
111362,,34850,1
111363,,34850,14
111364,,34850,7
111379,,34856,2
111380,,34856,7
111381,,34856,14
111382,,34856,2
111383,,34857,2
111384,,34857,7
111385,,34857,14
111386,,34857,2
111387,,34858,2
111388,,34858,7
111389,,34858,14
111390,,34858,2
111391,,34858,1
111392,,34858,1
111393,,34858,1
111466,,34886,1
111467,,34886,1
111468,,34886,1
111469,,34886,1
111482,,34891,2
111483,,34891,7
111484,,34891,14
111485,,34891,2
111486,,34892,2
111487,,34892,7
111488,,34892,14
111489,,34892,2
111490,,34893,2
111491,,34893,7
111492,,34893,14
111493,,34893,2
111494,,34894,2
111495,,34894,7
111496,,34894,14
111497,,34894,2
111531,,34907,2
111532,,34907,7
111533,,34907,14
111534,,34907,2
111559,,34915,1
111560,,34915,5
111561,,34915,1
111562,,34915,1
111563,,34915,5
111564,,34916,2
111565,,34916,7
111566,,34916,14
111567,,34916,2
111656,,34946,2
111657,,34946,7
111658,,34946,14
111659,,34946,2
111681,,34955,2
111682,,34955,7
111683,,34955,14
111684,,34955,2
111739,,34975,2
111740,,34975,7
111741,,34975,14
111742,,34975,2
111778,,34988,2
111779,,34988,7
111780,,34988,14
111781,,34988,2
111794,,34994,60
111795,,34994,30
111796,,34994,30
111797,,34994,45
111821,,35005,2
111822,,35005,7
111823,,35005,14
111824,,35005,2
111858,,35019,2
111859,,35019,7
111860,,35019,14
111861,,35019,2
111952,,35050,2
111953,,35050,7
111954,,35050,14
111955,,35050,2
111983,,35064,2
111984,,35064,7
111985,,35064,14
111986,,35064,2
112027,,35079,2
112028,,35079,7
112029,,35079,14
112030,,35079,2
112084,,35099,2
112085,,35099,7
112086,,35099,14
112087,,35099,2
112100,,35102,1
112101,,35102,1
112102,,35102,1
112183,,35124,2
112184,,35124,7
112185,,35124,14
112186,,35124,2
112246,,35140,1
112247,,35140,4
112248,,35140,4
112249,,35140,4
112295,,35155,2
112296,,35155,7
112297,,35155,14
112298,,35155,2
112299,,35156,1
112300,,35156,1
112324,,35164,2
112325,,35164,7
112326,,35164,14
112327,,35164,2
112384,,35184,3
112385,,35184,3
112386,,35184,5
112387,,35184,5
112388,,35184,1
112389,,35184,1
112390,,35184,2
112391,,35184,2
112392,,35184,3
112393,,35184,1
112394,,35185,1
112395,,35185,3
112396,,35185,5
112397,,35185,5
112398,,35185,1
112399,,35185,1
112400,,35185,2
112401,,35185,2
112402,,35185,3
112403,,35185,3
112425,,35194,2
112426,,35194,7
112427,,35194,14
112428,,35194,2
112429,,35195,1
112430,,35195,7
112431,,35195,14
112432,,35195,2
112504,,35218,1
112505,,35218,1
112506,,35218,2
112507,,35218,1
112508,,35218,1
112509,,35218,1
112510,,35218,1
112511,,35219,4
112512,,35219,4
112513,,35219,4
112514,,35219,4
112515,,35219,4
112516,,35219,4
112517,,35220,4
112518,,35220,4
112519,,35220,4
112520,,35220,4
112521,,35220,4
112522,,35220,4
112556,,35233,2
112557,,35233,7
112558,,35233,14
112559,,35233,2
112571,,35238,3
112572,,35238,2
112573,,35238,1
112752,,35291,2
112753,,35291,7
112754,,35291,14
112755,,35291,2
112832,,35317,2
112833,,35317,7
112834,,35317,14
112835,,35317,2
112939,,35353,2
112940,,35353,1
112941,,35353,1
112942,,35353,1
112943,,35353,3
113096,,35404,2
113097,,35404,7
113098,,35404,14
113099,,35404,2
113132,,35415,2
113133,,35415,7
113134,,35415,14
113135,,35415,2
113138,,35417,1
113139,,35417,1
113140,,35417,1
113141,,35417,1
113142,,35418,1
113143,,35418,1
113144,,35418,1
113145,,35418,1
113169,,35427,2
113170,,35427,7
113171,,35427,14
113172,,35427,2
113198,,35436,2
113199,,35436,7
113200,,35436,14
113201,,35436,2
113202,,35436,1
113229,,35446,2
113230,,35446,7
113231,,35446,14
113232,,35446,5
113233,,35446,1
113237,,35449,2
113238,,35449,7
113239,,35449,14
113240,,35449,2
113281,,35464,2
113282,,35464,7
113283,,35464,14
113284,,35464,2
113332,,35479,2
113333,,35479,7
113334,,35479,14
113335,,35479,2
113366,,35492,2
113367,,35492,7
113368,,35492,14
113369,,35492,2
113390,,35499,2
113391,,35499,7
113392,,35499,14
113393,,35499,2
113404,,35503,2
113405,,35503,7
113406,,35503,14
113407,,35503,2
113416,,35506,2
113417,,35506,7
113418,,35506,14
113419,,35506,2
113426,,35509,2
113427,,35509,7
113428,,35509,14
113429,,35509,2
113462,,35519,2
113463,,35519,7
113464,,35519,14
113465,,35519,2
113488,,35529,2
113489,,35529,7
113490,,35529,14
113491,,35529,2
113501,,35537,2
113502,,35537,7
113503,,35537,14
113504,,35537,2
113551,,35554,2
113552,,35554,7
113553,,35554,14
113554,,35554,2
113576,,35563,2
113577,,35563,7
113578,,35563,14
113579,,35563,2
113677,,35598,2
113678,,35598,7
113679,,35598,14
113680,,35598,2
113687,,35601,2
113688,,35601,7
113689,,35601,14
113690,,35601,2
113691,,35602,2
113692,,35602,7
113693,,35602,14
113694,,35602,2
113715,,35611,2
113716,,35611,7
113717,,35611,14
113718,,35611,2
113750,,35625,2
113751,,35625,7
113752,,35625,14
113753,,35625,2
113787,,35635,2
113788,,35635,7
113789,,35635,14
113790,,35635,2
113791,,35636,2
113792,,35636,7
113793,,35636,14
113794,,35636,2
113814,,35644,2
113815,,35644,7
113816,,35644,14
113817,,35644,2
113818,,35645,2
113819,,35645,7
113820,,35645,14
113821,,35645,2
113859,,35659,1
113860,,35659,7
113861,,35659,14
113862,,35659,2
113863,,35659,7
113864,,35659,1
113881,,35665,3
113882,,35665,1
113883,,35665,7
113884,,35665,1
113885,,35665,1
113886,,35665,1
113887,,35665,1
113888,,35665,1
113903,,35670,2
113904,,35670,7
113905,,35670,14
113906,,35670,2
113943,,35683,2
113944,,35683,7
113945,,35683,14
113946,,35683,2
113947,,35684,2
113948,,35684,7
113949,,35684,14
113950,,35684,2
113990,,35700,2
113991,,35700,7
113992,,35700,14
113993,,35700,2
114027,,35712,2
114028,,35712,7
114029,,35712,14
114030,,35712,2
114044,,35719,2
114045,,35719,7
114046,,35719,14
114047,,35719,2
114069,,35729,2
114070,,35729,7
114071,,35729,14
114072,,35729,2
114118,,35745,2
114119,,35745,7
114120,,35745,14
114121,,35745,2
114402,,35841,2
114403,,35841,7
114404,,35841,14
114405,,35841,2
114439,,35855,2
114440,,35855,7
114441,,35855,14
114442,,35855,2
114483,,35869,2
114484,,35869,7
114485,,35869,14
114486,,35869,2
114503,,35874,2
114504,,35874,7
114505,,35874,14
114506,,35874,2
114532,,35885,2
114533,,35885,7
114534,,35885,14
114535,,35885,2
114658,,35925,2
114659,,35925,7
114660,,35925,14
114661,,35925,2
114662,,35926,2
114663,,35926,7
114664,,35926,14
114665,,35926,2
114684,,35933,2
114685,,35933,7
114686,,35933,14
114687,,35933,2
114710,,35942,2
114711,,35942,7
114712,,35942,14
114713,,35942,2
114724,,35947,2
114725,,35947,7
114726,,35947,14
114727,,35947,2
114728,,35948,2
114729,,35948,7
114730,,35948,14
114731,,35948,2
114787,,35967,1
114788,,35967,7
114789,,35967,14
114790,,35967,2
114806,,35975,2
114807,,35975,7
114808,,35975,14
114809,,35975,2
114822,,35981,2
114823,,35981,7
114824,,35981,14
114825,,35981,2
114851,,35991,2
114852,,35991,7
114853,,35991,14
114854,,35991,2
114959,,36026,1
114960,,36026,14
114961,,36026,14
115105,,36063,2
115106,,36063,7
115107,,36063,14
115108,,36063,2
115459,,36167,2
115460,,36167,7
115461,,36167,14
115462,,36167,2
115463,,36168,2
115464,,36168,7
115465,,36168,14
115466,,36168,2
115474,,36171,2
115475,,36171,7
115476,,36171,14
115477,,36171,2
115491,,36176,2
115492,,36176,7
115493,,36176,14
115494,,36176,2
115497,,36178,2
115498,,36178,7
115499,,36178,14
115500,,36178,2
115519,,36185,2
115520,,36185,7
115521,,36185,14
115522,,36185,2
115523,,36186,2
115524,,36186,7
115525,,36186,14
115526,,36186,2
115572,,36201,2
115573,,36201,7
115574,,36201,14
115575,,36201,2
115606,,36210,2
115607,,36210,7
115608,,36210,14
115609,,36210,2
115684,,36234,2
115685,,36234,7
115686,,36234,14
115687,,36234,2
115771,,36263,2
115772,,36263,7
115773,,36263,14
115774,,36263,2
115778,,36265,2
115779,,36265,7
115780,,36265,14
115781,,36265,2
115895,,36301,2
115896,,36301,7
115897,,36301,14
115898,,36301,2
115932,,36311,2
115933,,36311,7
115934,,36311,14
115935,,36311,2
115936,,36312,2
115937,,36312,7
115938,,36312,14
115939,,36312,2
115983,,36329,1
115984,,36329,1
115985,,36329,3
115986,,36329,3
115987,,36329,5
115988,,36329,2
115989,,36329,2
116000,,36333,2
116001,,36333,7
116002,,36333,14
116003,,36333,2
116068,,36353,2
116069,,36353,7
116070,,36353,14
116071,,36353,2
116093,,36362,2
116094,,36362,7
116095,,36362,14
116096,,36362,2
116097,,36363,2
116098,,36363,7
116099,,36363,14
116100,,36363,2
116101,,36364,2
116102,,36364,7
116103,,36364,14
116104,,36364,2
116151,,36380,22
116152,,36380,14
116153,,36380,2
116161,,36383,14
116162,,36383,2
116163,,36383,2
116164,,36383,1
116165,,36383,4
116166,,36383,4
116167,,36383,4
116168,,36383,2
116169,,36383,1
116192,,36388,2
116193,,36388,7
116194,,36388,14
116195,,36388,2
116196,,36389,2
116197,,36389,7
116198,,36389,14
116199,,36389,2
116200,,36390,2
116201,,36390,7
116202,,36390,14
116203,,36390,2
116217,,36396,2
116218,,36396,7
116219,,36396,14
116220,,36396,2
116221,,36397,2
116222,,36397,7
116223,,36397,14
116224,,36397,2
116249,,36403,2
116250,,36403,7
116251,,36403,14
116252,,36403,2
116263,,36408,2
116264,,36408,7
116265,,36408,14
116266,,36408,2
116294,,36419,2
116295,,36419,7
116296,,36419,14
116297,,36419,2
116298,,36420,2
116299,,36420,7
116300,,36420,14
116301,,36420,2
116302,,36421,1
116303,,36421,1
116304,,36421,1
116330,,36431,2
116331,,36431,7
116332,,36431,14
116333,,36431,2
116361,,36444,2
116362,,36444,7
116363,,36444,14
116364,,36444,2
116391,,36454,1
116392,,36454,1
116405,,36457,2
116406,,36457,7
116407,,36457,14
116408,,36457,2
116420,,36464,2
116421,,36464,7
116422,,36464,14
116423,,36464,2
116496,,36491,2
116497,,36491,2
116498,,36491,1
116499,,36491,1
116593,,36528,2
116594,,36528,7
116595,,36528,14
116596,,36528,2
116646,,36547,2
116647,,36547,7
116648,,36547,14
116649,,36547,2
116650,,36548,2
116651,,36548,7
116652,,36548,14
116653,,36548,2
116725,,36570,1
116726,,36570,1
116727,,36570,1
116728,,36570,1
116729,,36571,1
116730,,36571,3
116731,,36571,1
116732,,36571,1
116779,,36585,2
116780,,36585,1
116781,,36585,5
116782,,36585,2
116803,,36591,2
116804,,36591,7
116805,,36591,14
116806,,36591,2
116857,,36610,2
116858,,36610,7
116859,,36610,14
116860,,36610,2
116861,,36611,2
116862,,36611,7
116863,,36611,14
116864,,36611,2
116930,,36635,2
116931,,36635,7
116932,,36635,14
116933,,36635,2
116940,,36638,1
116941,,36638,1
116942,,36638,1
117027,,36665,2
117028,,36665,7
117029,,36665,14
117030,,36665,2
117058,,36676,14
117059,,36676,7
117060,,36676,1
117061,,36676,2
117062,,36676,1
117219,,36728,2
117220,,36728,7
117221,,36728,14
117222,,36728,2
117234,,36733,3
117235,,36733,2
117236,,36733,1
117237,,36733,3
117238,,36733,1
117239,,36733,2
117240,,36733,2
117241,,36733,2
117242,,36733,2
117243,,36733,2
117260,,36740,2
117261,,36740,7
117262,,36740,14
117263,,36740,2
117278,,36745,2
117279,,36745,7
117280,,36745,14
117281,,36745,2
117285,,36747,2
117286,,36747,7
117287,,36747,14
117288,,36747,2
117456,,36799,2
117457,,36799,7
117458,,36799,14
117459,,36799,2
117460,,36800,2
117461,,36800,7
117462,,36800,14
117463,,36800,2
117464,,36801,2
117465,,36801,7
117466,,36801,14
117467,,36801,2
117486,,36809,2
117487,,36809,7
117488,,36809,14
117489,,36809,2
117525,,36815,2
117526,,36815,7
117527,,36815,14
117528,,36815,2
117529,,36816,1
117530,,36816,1
117531,,36816,1
117532,,36816,1
117533,,36816,1
117534,,36816,1
117535,,36816,1
117536,,36816,1
117537,,36816,1
117538,,36816,1
117539,,36816,1
117540,,36816,1
117541,,36816,1
117542,,36816,1
117543,,36816,1
117544,,36816,1
117545,,36816,1
117546,,36816,1
117547,,36816,1
117548,,36816,1
117549,,36816,1
117573,,36826,2
117574,,36826,7
117575,,36826,14
117576,,36826,2
117584,,36829,2
117585,,36829,7
117586,,36829,14
117587,,36829,2
117588,,36830,2
117589,,36830,7
117590,,36830,14
117591,,36830,2
117669,,36857,2
117670,,36857,7
117671,,36857,14
117672,,36857,2
118008,,36970,2
118009,,36970,7
118010,,36970,14
118011,,36970,2
118019,,36973,5
118020,,36973,5
118021,,36973,3
118022,,36973,1
118023,,36973,1
118024,,36973,1
118025,,36973,1
118026,,36973,4
118027,,36973,5
118028,,36973,1
118067,,36987,28
118068,,36987,14
118120,,37007,2
118121,,37007,2
118122,,37007,4
118376,,37094,2
118377,,37094,7
118378,,37094,14
118379,,37094,2
118496,,37134,2
118497,,37134,7
118498,,37134,14
118499,,37134,2
118504,,37136,2
118505,,37136,7
118506,,37136,14
118507,,37136,2
118508,,37137,2
118509,,37137,7
118510,,37137,14
118511,,37137,2
118512,,37138,2
118513,,37138,7
118514,,37138,14
118515,,37138,2
118522,,37141,2
118523,,37141,7
118524,,37141,14
118525,,37141,2
118546,,37148,1
118547,,37148,1
118548,,37148,1
118549,,37148,1
118550,,37148,1
118551,,37148,1
118552,,37148,1
118553,,37148,1
118554,,37149,2
118555,,37149,7
118556,,37149,14
118557,,37149,2
118597,,37162,2
118598,,37162,7
118599,,37162,14
118600,,37162,2
118603,,37164,2
118604,,37164,7
118605,,37164,14
118606,,37164,2
118816,,37241,2
118817,,37241,7
118818,,37241,14
118819,,37241,2
118884,,37260,2
118885,,37260,7
118886,,37260,14
118887,,37260,2
119606,,37491,2
119607,,37491,7
119608,,37491,14
119609,,37491,2
119634,,37498,2
119635,,37498,7
119636,,37498,14
119637,,37498,2
119638,,37499,2
119639,,37499,7
119640,,37499,14
119641,,37499,2
119673,,37511,2
119674,,37511,7
119675,,37511,14
119676,,37511,2
119716,,37524,2
119717,,37524,7
119718,,37524,14
119719,,37524,2
119720,,37525,2
119721,,37525,7
119722,,37525,14
119723,,37525,2
119810,,37555,2
119811,,37555,7
119812,,37555,14
119813,,37555,2
120017,,37623,2
120018,,37623,7
120019,,37623,14
120020,,37623,2
120176,,37674,2
120177,,37674,7
120178,,37674,14
120179,,37674,2
120180,,37675,2
120181,,37675,7
120182,,37675,14
120183,,37675,2
120184,,37676,2
120185,,37676,7
120186,,37676,14
120187,,37676,2
120369,,37739,2
120370,,37739,7
120371,,37739,14
120372,,37739,2
120453,,37768,1
120454,,37768,1
120455,,37768,1
120456,,37768,1
120465,,37771,2
120466,,37771,2
120467,,37771,1
120468,,37771,2
120479,,37773,2
120480,,37773,7
120481,,37773,14
120482,,37773,2
120735,,37856,2
120736,,37856,7
120737,,37856,14
120738,,37856,2
121027,,37950,2
121028,,37950,7
121029,,37950,14
121030,,37950,2
121148,,37989,2
121149,,37989,7
121150,,37989,14
121151,,37989,2
121215,,38011,2
121216,,38011,7
121217,,38011,14
121218,,38011,2
121361,,38059,2
121362,,38059,7
121363,,38059,14
121364,,38059,2
121392,,38070,2
121393,,38070,7
121394,,38070,14
121395,,38070,2
121566,,38130,2
121567,,38130,7
121568,,38130,14
121569,,38130,2
121621,,38149,2
121622,,38149,7
121623,,38149,14
121624,,38149,2
122018,,38276,2
122019,,38276,7
122020,,38276,14
122021,,38276,2
122259,,38361,1
122260,,38361,1
122261,,38361,1
122442,,38421,2
122443,,38421,7
122444,,38421,14
122445,,38421,2
122446,,38422,2
122447,,38422,7
122448,,38422,14
122449,,38422,2
122603,,38470,1
122604,,38470,2
122605,,38470,2
122606,,38470,2
122610,,38472,2
122611,,38472,7
122612,,38472,14
122613,,38472,2
122741,,38518,2
122742,,38518,7
122743,,38518,14
122744,,38518,2
122832,,38551,2
122833,,38551,7
122834,,38551,14
122835,,38551,2
122984,,38601,2
122985,,38601,7
122986,,38601,14
122987,,38601,2
123090,,38634,2
123091,,38634,7
123092,,38634,14
123093,,38634,2
123101,,38638,2
123102,,38638,7
123103,,38638,14
123104,,38638,2
123738,,38866,2
123739,,38866,7
123740,,38866,14
123741,,38866,2
123742,,38867,2
123743,,38867,7
123744,,38867,14
123745,,38867,2
123746,,38868,2
123747,,38868,7
123748,,38868,14
123749,,38868,2
123750,,38869,2
123751,,38869,7
123752,,38869,14
123753,,38869,2
123754,,38869,4
123755,,38870,2
123756,,38870,7
123757,,38870,14
123758,,38870,2
123772,,38875,2
123773,,38875,7
123774,,38875,14
123775,,38875,2
123781,,38878,2
123782,,38878,7
123783,,38878,14
123784,,38878,2
124149,,38997,2
124150,,38997,7
124151,,38997,14
124152,,38997,2
124358,,39071,2
124359,,39071,7
124360,,39071,14
124361,,39071,2
124619,,39161,2
124620,,39161,7
124621,,39161,14
124622,,39161,2
124873,,39248,2
124874,,39248,7
124875,,39248,14
124876,,39248,2
124877,,39249,2
124878,,39249,7
124879,,39249,14
124880,,39249,2
124886,,39252,2
124887,,39252,7
124888,,39252,14
124889,,39252,2
124927,,39265,2
124928,,39265,7
124929,,39265,14
124930,,39265,2
124937,,39267,2
124938,,39267,7
124939,,39267,14
124940,,39267,2
124941,,39268,2
124942,,39268,7
124943,,39268,14
124944,,39268,2
125181,,39347,2
125182,,39347,7
125183,,39347,14
125184,,39347,2
125239,,39365,2
125240,,39365,7
125241,,39365,14
125242,,39365,2
125345,,39399,2
125346,,39399,7
125347,,39399,14
125348,,39399,2
125500,,39453,2
125501,,39453,7
125502,,39453,14
125503,,39453,2
125504,,39454,2
125505,,39454,7
125506,,39454,14
125507,,39454,2
125725,,39527,2
125726,,39527,7
125727,,39527,14
125728,,39527,2
125818,,39558,2
125819,,39558,7
125820,,39558,14
125821,,39558,2
125879,,39573,2
125880,,39573,7
125881,,39573,14
125882,,39573,2
125911,,39584,2
125912,,39584,7
125913,,39584,14
125914,,39584,2
125924,,39588,4
125925,,39588,12
125926,,39588,4
125927,,39588,2
125928,,39588,15
125963,,39601,2
125964,,39601,7
125965,,39601,14
125966,,39601,2
126112,,39647,2
126113,,39647,7
126114,,39647,14
126115,,39647,2
126164,,39666,2
126165,,39666,7
126166,,39666,14
126167,,39666,2
126168,,39667,2
126169,,39667,7
126170,,39667,14
126171,,39667,2
126251,,39694,2
126252,,39694,7
126253,,39694,14
126254,,39694,2
126258,,39696,2
126259,,39696,7
126260,,39696,14
126261,,39696,2
126262,,39697,2
126263,,39697,7
126264,,39697,14
126265,,39697,2
126375,,39736,1
126376,,39736,1
126377,,39736,1
126378,,39736,1
126379,,39736,1
126380,,39736,1
126381,,39737,1
126382,,39737,1
126383,,39737,1
126384,,39737,1
126385,,39737,1
126386,,39737,1
126393,,39740,15
126394,,39740,1
126395,,39740,7
126396,,39740,15
126397,,39740,2
126398,,39740,4
126399,,39741,15
126400,,39741,1
126401,,39741,15
126402,,39741,2
126403,,39741,3
126404,,39742,15
126405,,39742,1
126406,,39742,15
126407,,39742,2
126408,,39742,3
126409,,39743,15
126410,,39743,1
126411,,39743,15
126412,,39743,2
126413,,39743,3
126414,,39744,15
126415,,39744,1
126416,,39744,15
126417,,39744,2
126418,,39744,3
126419,,39745,15
126420,,39745,1
126421,,39745,15
126422,,39745,2
126423,,39745,3
126427,,39747,1
126428,,39747,1
126429,,39747,1
126430,,39747,1
126431,,39747,4
126439,,39750,2
126440,,39750,7
126441,,39750,14
126442,,39750,2
126484,,39766,2
126485,,39766,7
126486,,39766,14
126487,,39766,2
126492,,39768,7
126493,,39768,14
126494,,39768,14
126544,,39784,2
126545,,39784,7
126546,,39784,14
126547,,39784,2
126568,,39791,2
126569,,39791,7
126570,,39791,14
126571,,39791,2
126583,,39795,2
126584,,39795,7
126585,,39795,14
126586,,39795,2
126587,,39796,2
126588,,39796,7
126589,,39796,14
126590,,39796,2
126640,,39815,2
126641,,39815,7
126642,,39815,14
126643,,39815,2
126730,,39845,2
126731,,39845,7
126732,,39845,14
126733,,39845,2
126734,,39846,2
126735,,39846,7
126736,,39846,14
126737,,39846,2
126896,,39892,2
126897,,39892,7
126898,,39892,14
126899,,39892,2
126926,,39902,4
126927,,39902,10
126928,,39902,4
126929,,39902,4
126935,,39906,2
126936,,39906,7
126937,,39906,14
126938,,39906,2
127050,,39942,2
127051,,39942,7
127052,,39942,14
127053,,39942,2
127098,,39959,2
127099,,39959,7
127100,,39959,14
127101,,39959,2
127114,,39964,10
127115,,39964,15
127116,,39964,8
127154,,39974,2
127155,,39974,7
127156,,39974,14
127157,,39974,2
127195,,39989,2
127196,,39989,7
127197,,39989,14
127198,,39989,2
127326,,40030,7
127327,,40030,1
127328,,40030,1
127329,,40030,1
127330,,40030,1
127331,,40031,2
127332,,40031,7
127333,,40031,14
127334,,40031,2
127335,,40032,2
127336,,40032,7
127337,,40032,14
127338,,40032,2
127390,,40047,2
127391,,40047,7
127392,,40047,14
127393,,40047,2
127445,,40063,2
127446,,40063,7
127447,,40063,14
127448,,40063,2
127458,,40067,2
127459,,40067,7
127460,,40067,14
127461,,40067,2
127477,,40073,100
127478,,40073,6
127479,,40073,100
127480,,40073,50
127481,,40073,1
127482,,40073,2
127483,,40073,1
127484,,40074,100
127485,,40074,6
127486,,40074,100
127487,,40074,50
127488,,40074,1
127489,,40074,2
127490,,40074,1
127491,,40075,1000
127492,,40075,10
127493,,40075,500
127494,,40075,250
127495,,40075,3
127496,,40075,5
127497,,40075,1
127498,,40076,1000
127499,,40076,10
127500,,40076,500
127501,,40076,250
127502,,40076,3
127503,,40076,5
127504,,40076,1
127505,,40077,1000
127506,,40077,10
127507,,40077,500
127508,,40077,250
127509,,40077,3
127510,,40077,5
127511,,40077,1
127554,,40092,2
127555,,40092,7
127556,,40092,14
127557,,40092,2
127567,,40096,2
127568,,40096,7
127569,,40096,14
127570,,40096,2
127571,,40097,2
127572,,40097,7
127573,,40097,14
127574,,40097,2
127652,,40122,2
127653,,40122,7
127654,,40122,14
127655,,40122,2
127659,,40124,2
127660,,40124,7
127661,,40124,14
127662,,40124,2
127841,,40183,2
127842,,40183,7
127843,,40183,14
127844,,40183,2
127870,,40192,2
127871,,40192,7
127872,,40192,14
127873,,40192,2
127920,,40215,4
127921,,40215,26
127922,,40215,2
128014,,40246,3
128015,,40246,5
128016,,40246,3
128017,,40246,8
128018,,40246,3
128019,,40246,10
128027,,40251,1
128028,,40251,10
128029,,40251,5
128042,,40255,1
128043,,40255,7
128044,,40255,4
128045,,40255,3
128046,,40255,2
128084,,40273,2
128085,,40273,7
128086,,40273,14
128087,,40273,2
128114,,40282,3
128115,,40282,1
128116,,40282,1
128117,,40282,1
128118,,40282,7
128119,,40282,1
128120,,40282,1
128121,,40282,1
128165,,40299,2
128166,,40299,7
128167,,40299,14
128168,,40299,2
128188,,40305,2
128189,,40305,7
128190,,40305,14
128191,,40305,2
128241,,40320,1
128242,,40320,1
128243,,40320,1
128244,,40320,2
128245,,40320,1
128275,,40331,2
128276,,40331,7
128277,,40331,14
128278,,40331,2
128320,,40344,2
128321,,40344,7
128322,,40344,14
128323,,40344,2
128333,,40348,2
128334,,40348,7
128335,,40348,14
128336,,40348,2
128337,,40349,2
128338,,40349,7
128339,,40349,14
128340,,40349,2
128344,,40351,2
128345,,40351,7
128346,,40351,14
128347,,40351,2
128348,,40352,2
128349,,40352,7
128350,,40352,14
128351,,40352,2
128401,,40368,2
128402,,40368,7
128403,,40368,14
128404,,40368,2
128579,,40415,1
128580,,40415,7
128581,,40415,14
128582,,40415,2
128583,,40415,2
128639,,40435,2
128640,,40435,3
128641,,40435,1
128642,,40435,3
128643,,40435,3
128644,,40435,3
128677,,40448,2
128678,,40448,7
128679,,40448,14
128680,,40448,2
128681,,40449,2
128682,,40449,7
128683,,40449,14
128684,,40449,2
128685,,40450,2
128686,,40450,7
128687,,40450,14
128688,,40450,2
128689,,40451,2
128690,,40451,7
128691,,40451,14
128692,,40451,2
128717,,40459,2
128718,,40459,7
128719,,40459,14
128720,,40459,2
128757,,40472,2
128758,,40472,7
128759,,40472,14
128760,,40472,2
128832,,40493,2
128833,,40493,7
128834,,40493,14
128835,,40493,2
128908,,40523,2
128909,,40523,7
128910,,40523,14
128911,,40523,2
128912,,40524,2
128913,,40524,7
128914,,40524,14
128915,,40524,2
128916,,40525,2
128917,,40525,7
128918,,40525,14
128919,,40525,2
128933,,40530,2
128934,,40530,7
128935,,40530,14
128936,,40530,2
128943,,40533,2
128944,,40533,7
128945,,40533,14
128946,,40533,2
129039,,40561,2
129040,,40561,7
129041,,40561,14
129042,,40561,2
129043,,40562,1
129044,,40562,1
129045,,40562,1
129046,,40562,1
129047,,40562,1
129048,,40562,1
129049,,40562,1
129050,,40562,1
129051,,40562,1
129052,,40562,1
129053,,40562,1
129054,,40562,1
129065,,40565,2
129066,,40565,7
129067,,40565,14
129068,,40565,2
129074,,40568,2
129075,,40568,7
129076,,40568,14
129077,,40568,2
129078,,40569,1
129079,,40569,1
129080,,40569,1
129081,,40569,1
129082,,40569,1
129083,,40569,1
129084,,40569,1
129085,,40569,1
129086,,40569,1
129087,,40569,1
129104,,40575,5
129105,,40575,1
129106,,40575,3
129241,,40622,14
129242,,40622,2
129245,,40624,7
129246,,40624,2
129287,,40636,2
129288,,40636,7
129289,,40636,14
129290,,40636,2
129306,,40641,2
129307,,40641,7
129308,,40641,14
129309,,40641,2
129360,,40659,2
129361,,40659,7
129362,,40659,14
129363,,40659,2
129390,,40668,2
129391,,40668,7
129392,,40668,14
129393,,40668,2
129405,,40672,2
129406,,40672,7
129407,,40672,14
129408,,40672,2
129620,,40733,2
129621,,40733,7
129622,,40733,14
129623,,40733,2
129661,,40746,1
129662,,40746,5
129663,,40747,5
129664,,40747,5
129669,,40749,2
129670,,40749,7
129671,,40749,14
129672,,40749,2
129673,,40750,2
129674,,40750,7
129675,,40750,14
129676,,40750,2
129677,,40751,2
129678,,40751,7
129679,,40751,14
129680,,40751,2
129706,,40760,2
129707,,40760,7
129708,,40760,14
129709,,40760,2
129842,,40801,2
129843,,40801,7
129844,,40801,14
129845,,40801,2
129876,,40811,1
129877,,40811,1
129878,,40811,1
129922,,40825,2
129923,,40825,7
129924,,40825,14
129925,,40825,2
129935,,40828,2
129936,,40828,7
129937,,40828,14
129938,,40828,2
129951,,40833,2
129952,,40833,7
129953,,40833,14
129954,,40833,2
129955,,40834,2
129956,,40834,7
129957,,40834,14
129958,,40834,2
129997,,40843,2
129998,,40843,7
129999,,40843,14
130000,,40843,2
130001,,40844,2
130002,,40844,7
130003,,40844,14
130004,,40844,2
130025,,40851,2
130026,,40851,7
130027,,40851,14
130028,,40851,2
130122,,40883,7
130123,,40883,7
130124,,40883,2
130125,,40883,7
130126,,40883,2
130127,,40884,7
130128,,40884,7
130129,,40884,2
130130,,40884,7
130131,,40884,2
130132,,40885,7
130133,,40885,7
130134,,40885,2
130135,,40885,7
130136,,40885,2
130198,,40909,2
130199,,40909,7
130200,,40909,14
130201,,40909,2
130202,,40910,2
130203,,40910,7
130204,,40910,14
130205,,40910,2
130206,,40911,2
130207,,40911,7
130208,,40911,14
130209,,40911,2
130210,,40912,2
130211,,40912,7
130212,,40912,14
130213,,40912,2
130214,,40913,2
130215,,40913,7
130216,,40913,14
130217,,40913,2
130218,,40914,2
130219,,40914,7
130220,,40914,14
130221,,40914,2
130222,,40915,2
130223,,40915,7
130224,,40915,14
130225,,40915,2
130226,,40916,2
130227,,40916,7
130228,,40916,14
130229,,40916,2
130230,,40917,2
130231,,40917,7
130232,,40917,14
130233,,40917,2
130234,,40918,2
130235,,40918,7
130236,,40918,14
130237,,40918,2
130250,,40924,2
130251,,40924,7
130252,,40924,14
130253,,40924,2
130280,,40932,2
130281,,40932,7
130282,,40932,14
130283,,40932,2
130317,,40944,2
130318,,40944,7
130319,,40944,14
130320,,40944,2
130341,,40952,7
130342,,40952,7
130343,,40952,1
130344,,40952,2
130345,,40952,2
130346,,40952,2
130347,,40952,7
130348,,40952,7
130349,,40952,1
130350,,40952,21
130351,,40952,7
130352,,40952,14
130353,,40952,14
130354,,40952,7
130355,,40952,7
130356,,40952,7
130357,,40952,7
130358,,40953,2
130359,,40953,7
130360,,40953,14
130361,,40953,2
130398,,40964,2
130399,,40964,7
130400,,40964,14
130401,,40964,2
130402,,40965,2
130403,,40965,7
130404,,40965,14
130405,,40965,2
130406,,40965,1
130484,,40991,2
130485,,40991,7
130486,,40991,14
130487,,40991,2
130538,,41011,1
130539,,41011,1
130540,,41011,1
130541,,41012,1
130542,,41012,1
130543,,41012,1
130544,,41013,1
130545,,41013,1
130546,,41013,1
130547,,41014,1
130548,,41014,1
130549,,41014,1
130550,,41015,1
130551,,41015,1
130552,,41015,1
130553,,41016,1
130554,,41016,1
130555,,41016,1
130556,,41017,1
130557,,41017,1
130558,,41017,1
130559,,41018,1
130560,,41018,1
130561,,41018,1
130562,,41019,1
130563,,41019,1
130564,,41019,1
130565,,41020,1
130566,,41020,1
130567,,41020,1
130568,,41021,1
130569,,41021,1
130570,,41022,1
130571,,41022,1
130572,,41023,1
130573,,41023,1
130574,,41024,1
130575,,41024,1
130576,,41025,1
130577,,41025,1
130578,,41026,1
130579,,41026,1
130580,,41027,1
130581,,41027,1
130582,,41028,1
130583,,41028,1
130584,,41029,1
130585,,41029,1
130586,,41030,1
130587,,41030,1
130588,,41031,1
130589,,41031,1
130636,,41044,2
130637,,41044,7
130638,,41044,14
130639,,41044,2
130681,,41060,2
130682,,41060,1
130683,,41060,1
130684,,41060,1
130685,,41060,1
130686,,41060,1
130687,,41060,1
130688,,41060,1
130689,,41060,1
130690,,41060,1
130691,,41061,2
130692,,41061,1
130693,,41061,1
130694,,41061,1
130695,,41061,1
130696,,41061,1
130697,,41061,1
130698,,41061,1
130699,,41061,1
130700,,41061,1
130701,,41062,1
130702,,41062,1
130703,,41062,1
130704,,41062,1
130705,,41062,1
130706,,41062,1
130747,,41074,1
130748,,41074,7
130749,,41074,14
130750,,41074,2
130751,,41074,2
130752,,41075,1
130753,,41075,7
130754,,41075,14
130755,,41075,2
130756,,41075,2
130757,,41076,1
130758,,41076,7
130759,,41076,14
130760,,41076,2
130761,,41076,2
130762,,41077,1
130763,,41077,7
130764,,41077,14
130765,,41077,2
130766,,41077,2
130773,,41079,2
130774,,41079,7
130775,,41079,14
130776,,41079,2
130804,,41088,2
130805,,41088,7
130806,,41088,14
130807,,41088,2
130868,,41106,2
130869,,41106,7
130870,,41106,14
130871,,41106,2
130948,,41131,2
130949,,41131,7
130950,,41131,14
130951,,41131,2
131052,,41169,2
131053,,41169,7
131054,,41169,14
131055,,41169,2
131071,,41175,2
131072,,41175,7
131073,,41175,14
131074,,41175,2
131120,,41187,2
131121,,41187,7
131122,,41187,14
131123,,41187,2
131156,,41195,2
131157,,41195,7
131158,,41195,14
131159,,41195,2
131224,,41225,1
131225,,41225,4
131226,,41225,4
131354,,41270,7
131355,,41270,7
131356,,41270,14
131357,,41270,3
131358,,41271,7
131359,,41271,7
131360,,41271,14
131361,,41271,3
131448,,41294,2
131449,,41294,7
131450,,41294,14
131451,,41294,2
131480,,41302,2
131481,,41302,7
131482,,41302,14
131483,,41302,2
131548,,41322,2
131549,,41322,7
131550,,41322,14
131551,,41322,2
131556,,41324,2
131557,,41324,7
131558,,41324,14
131559,,41324,2
131563,,41326,2
131564,,41326,7
131565,,41326,14
131566,,41326,2
131576,,41330,2
131577,,41330,7
131578,,41330,14
131579,,41330,2
131580,,41330,2
131581,,41331,1
131582,,41331,3
131583,,41331,1
131584,,41331,1
131585,,41331,1
131586,,41331,1
131587,,41331,1
131588,,41331,1
131589,,41331,1
131590,,41331,1
131591,,41331,2
131592,,41331,1
131593,,41331,1
131594,,41331,2
131595,,41331,1
131596,,41332,1
131597,,41332,2
131598,,41332,3
131599,,41332,3
131600,,41332,9
131601,,41332,3
131602,,41332,1
131603,,41332,1
131604,,41332,1
131605,,41332,1
131606,,41332,2
131607,,41332,1
131608,,41332,2
131609,,41332,3
131610,,41332,1
131611,,41333,1
131612,,41333,2
131613,,41333,3
131614,,41333,3
131615,,41333,9
131616,,41333,3
131617,,41333,1
131618,,41333,1
131619,,41333,1
131620,,41333,1
131621,,41333,2
131622,,41333,1
131623,,41333,2
131624,,41333,3
131625,,41333,1
131690,,41355,2
131691,,41355,7
131692,,41355,14
131693,,41355,2
131703,,41359,2
131704,,41359,7
131705,,41359,14
131706,,41359,2
131707,,41360,4
131708,,41360,4
131709,,41360,8
131710,,41360,6
131711,,41360,2
131712,,41360,2
131713,,41360,26
131714,,41360,4
131715,,41360,8
131716,,41360,12
131717,,41361,4
131718,,41361,4
131719,,41361,8
131720,,41361,6
131721,,41361,2
131722,,41361,2
131723,,41361,26
131724,,41361,4
131725,,41361,8
131726,,41361,12
131727,,41362,4
131728,,41362,4
131729,,41362,8
131730,,41362,6
131731,,41362,2
131732,,41362,2
131733,,41362,26
131734,,41362,4
131735,,41362,8
131736,,41362,12
131737,,41363,4
131738,,41363,4
131739,,41363,2
131740,,41363,2
131741,,41364,4
131742,,41364,4
131743,,41364,2
131744,,41364,2
131745,,41365,4
131746,,41365,4
131747,,41365,2
131748,,41365,2
131772,,41373,100
131773,,41373,5
131774,,41373,5
131790,,41379,28
131791,,41379,28
131792,,41379,28
131793,,41379,28
131794,,41379,28
131795,,41379,28
131796,,41379,4
131797,,41379,28
131798,,41379,4
131799,,41379,4
131800,,41379,4
131801,,41379,1
131802,,41379,1
131813,,41384,2
131814,,41384,7
131815,,41384,14
131816,,41384,2
131868,,41401,1
131869,,41401,1
131870,,41401,3
131871,,41401,3
131872,,41401,1
132029,,41449,2
132030,,41449,7
132031,,41449,14
132032,,41449,2
132033,,41450,2
132034,,41450,7
132035,,41450,14
132036,,41450,2
132037,,41451,2
132038,,41451,7
132039,,41451,14
132040,,41451,2
132041,,41452,2
132042,,41452,7
132043,,41452,14
132044,,41452,2
132171,,41486,2
132172,,41486,7
132173,,41486,14
132174,,41486,2
132194,,41494,2
132195,,41494,7
132196,,41494,14
132197,,41494,2
132214,,41499,2
132215,,41499,7
132216,,41499,14
132217,,41499,2
132228,,41506,2
132229,,41506,7
132230,,41506,14
132231,,41506,2
132248,,41511,2
132249,,41511,7
132250,,41511,14
132251,,41511,2
132252,,41512,2
132253,,41512,7
132254,,41512,14
132255,,41512,2
132256,,41513,1
132257,,41513,12
132258,,41513,4
132259,,41514,2
132260,,41514,2
132261,,41514,4
132262,,41514,4
132263,,41515,2
132264,,41515,2
132265,,41515,4
132266,,41515,4
132380,,41549,2
132381,,41549,7
132382,,41549,14
132383,,41549,2
132387,,41551,2
132388,,41551,7
132389,,41551,14
132390,,41551,2
132416,,41565,2
132417,,41565,7
132418,,41565,14
132419,,41565,2
132481,,41585,2
132482,,41585,7
132483,,41585,14
132484,,41585,2
132521,,41601,2
132522,,41601,7
132523,,41601,14
132524,,41601,2
132546,,41610,2
132547,,41610,7
132548,,41610,14
132549,,41610,2
132571,,41617,7
132572,,41617,7
132573,,41617,2
132574,,41617,3
132575,,41617,1
132576,,41617,1
132577,,41617,1
132590,,41621,2
132591,,41621,7
132592,,41621,14
132593,,41621,2
132597,,41623,2
132598,,41623,7
132599,,41623,14
132600,,41623,2
132610,,41625,1
132611,,41625,1
132612,,41625,1
132613,,41625,1
132614,,41625,1
132615,,41625,2
132616,,41625,3
132617,,41625,1
132618,,41625,7
132619,,41625,7
132620,,41625,1
132621,,41625,1
132622,,41625,2
132623,,41625,2
132624,,41625,7
132625,,41625,1
132626,,41625,1
132627,,41625,1
132628,,41625,1
132629,,41625,1
132630,,41625,7
132631,,41625,7
132632,,41625,7
132633,,41625,1
132665,,41635,1
132666,,41635,1
132667,,41635,1
132668,,41635,1
132669,,41635,1
132674,,41637,2
132675,,41637,7
132676,,41637,14
132677,,41637,2
132678,,41638,1
132679,,41638,1
132680,,41638,1
132681,,41638,1
132682,,41638,1
132683,,41639,1
132684,,41639,1
132685,,41639,1
132686,,41639,1
132687,,41639,1
132715,,41647,1
132716,,41647,1
132717,,41647,1
132718,,41647,1
132755,,41658,2
132756,,41658,7
132757,,41658,14
132758,,41658,2
132806,,41672,2
132807,,41672,7
132808,,41672,14
132809,,41672,2
132842,,41683,2
132843,,41683,7
132844,,41683,14
132845,,41683,2
132946,,41717,1
132947,,41717,1
132948,,41717,1
132949,,41717,1
133046,,41751,6
133047,,41751,7
133048,,41751,1
133049,,41751,7
133050,,41751,2
133051,,41751,1
133052,,41751,1
133053,,41751,1
133074,,41759,1
133075,,41759,1
133076,,41759,15
133077,,41759,1
133086,,41762,10
133087,,41762,2
133088,,41762,1
133158,,41784,10
133159,,41784,1
133160,,41784,2
133161,,41784,1
133213,,41798,12
133214,,41798,2
133215,,41798,4
133216,,41798,4
133217,,41798,4
133218,,41798,4
133219,,41798,4
133220,,41798,4
133221,,41798,2
133222,,41798,2
133223,,41798,2
133224,,41798,2
133225,,41798,1
133226,,41798,1
133227,,41798,1
133228,,41798,2
133229,,41798,4
133230,,41798,4
133231,,41798,4
133312,,41821,2
133313,,41821,7
133314,,41821,14
133315,,41821,2
133386,,41842,2
133387,,41842,7
133388,,41842,14
133389,,41842,2
133453,,41862,2
133454,,41862,7
133455,,41862,14
133456,,41862,2
133497,,41874,100
133498,,41874,10
133499,,41874,2
133500,,41874,1
133524,,41880,2
133525,,41880,7
133526,,41880,14
133527,,41880,2
133572,,41892,2
133573,,41892,7
133574,,41892,14
133575,,41892,2
133576,,41893,2
133577,,41893,7
133578,,41893,14
133579,,41893,2
133670,,41928,2
133671,,41928,7
133672,,41928,14
133673,,41928,2
133773,,41963,4
133774,,41963,10
133775,,41963,1
133776,,41963,2
133834,,41983,2
133835,,41983,7
133836,,41983,14
133837,,41983,2
133880,,41997,2
133881,,41997,7
133882,,41997,14
133883,,41997,2
133903,,42002,2
133904,,42002,7
133905,,42002,14
133906,,42002,2
134053,,42053,2
134054,,42053,7
134055,,42053,14
134056,,42053,2
134168,,42096,2
134169,,42096,7
134170,,42096,14
134171,,42096,2
134172,,42097,2
134173,,42097,7
134174,,42097,14
134175,,42097,2
134327,,42140,2
134328,,42140,7
134329,,42140,14
134330,,42140,2
134379,,42156,2
134380,,42156,7
134381,,42156,14
134382,,42156,2
134383,,42157,2
134384,,42157,7
134385,,42157,14
134386,,42157,2
134467,,42182,2
134468,,42182,7
134469,,42182,14
134470,,42182,2
134531,,42205,2
134532,,42205,7
134533,,42205,14
134534,,42205,2
136624,,42846,2
136625,,42846,7
136626,,42846,14
136627,,42846,2
136653,,42855,4
136654,,42855,2
136655,,42855,6
136656,,42855,12
136657,,42855,6
136658,,42855,4
136659,,42855,1
136660,,42855,9
136806,,42906,2
136807,,42906,7
136808,,42906,14
136809,,42906,2
136810,,42907,2
136811,,42907,7
136812,,42907,14
136813,,42907,2
136826,,42912,3
136827,,42912,1
136828,,42912,1
136829,,42912,1
136830,,42912,1
136831,,42912,7
136832,,42913,2
136833,,42913,7
136834,,42913,14
136835,,42913,2
136849,,42917,1
136850,,42917,2
136851,,42917,2
136918,,42947,2
136919,,42947,7
136920,,42947,14
136921,,42947,2
137031,,42987,2
137032,,42987,7
137033,,42987,14
137034,,42987,2
137035,,42988,2
137036,,42988,7
137037,,42988,14
137038,,42988,2
137039,,42990,2
137040,,42990,7
137041,,42990,14
137042,,42990,2
137043,,42991,2
137044,,42991,7
137045,,42991,14
137046,,42991,2
137058,,42995,2
137059,,42995,7
137060,,42995,14
137061,,42995,2
137114,,43016,7
137115,,43016,7
137116,,43016,7
137117,,43016,7
137118,,43016,7
137200,,43040,2
137201,,43040,7
137202,,43040,14
137203,,43040,2
137272,,43060,2
137273,,43060,7
137274,,43060,14
137275,,43060,2
137298,,43070,2
137299,,43070,7
137300,,43070,14
137301,,43070,2
137470,,43129,2
137471,,43129,7
137472,,43129,14
137473,,43129,2
137563,,43159,2
137564,,43159,7
137565,,43159,14
137566,,43159,2
137600,,43173,2
137601,,43173,7
137602,,43173,14
137603,,43173,2
137634,,43183,2
137635,,43183,7
137636,,43183,14
137637,,43183,2
137718,,43211,2
137719,,43211,3
137720,,43212,2
137721,,43212,3
137722,,43213,2
137723,,43213,3
137724,,43214,2
137725,,43214,3
137776,,43228,2
137777,,43228,7
137778,,43228,14
137779,,43228,2
137877,,43257,2
137878,,43257,7
137879,,43257,14
137880,,43257,2
137910,,43266,3
137911,,43266,2
137912,,43266,5
137913,,43266,5
137914,,43266,3
137915,,43266,6
137916,,43266,4
137917,,43266,5
138018,,43296,2
138019,,43296,7
138020,,43296,14
138021,,43296,2
138022,,43297,2
138023,,43297,7
138024,,43297,14
138025,,43297,2
138026,,43298,2
138027,,43298,7
138028,,43298,14
138029,,43298,2
138030,,43299,2
138031,,43299,7
138032,,43299,14
138033,,43299,2
138036,,43301,2
138037,,43301,7
138038,,43301,14
138039,,43301,2
138040,,43302,2
138041,,43302,7
138042,,43302,14
138043,,43302,2
138156,,43346,2
138157,,43346,7
138158,,43346,14
138159,,43346,2
138163,,43348,2
138164,,43348,7
138165,,43348,14
138166,,43348,2
138167,,43349,2
138168,,43349,7
138169,,43349,14
138170,,43349,2
138304,,43397,2
138305,,43397,7
138306,,43397,14
138307,,43397,2
138310,,43399,3
138311,,43399,5
138312,,43399,2
138313,,43399,6
138314,,43399,4
138315,,43399,5
138316,,43399,7
138317,,43399,3
138359,,43411,2
138360,,43411,7
138361,,43411,14
138362,,43411,2
138379,,43418,2
138380,,43418,7
138381,,43418,14
138382,,43418,2
138385,,43420,2
138386,,43420,7
138387,,43420,14
138388,,43420,2
138401,,43425,2
138402,,43425,7
138403,,43425,14
138404,,43425,2
138419,,43429,20
138420,,43429,20
138421,,43429,4
138422,,43429,4
138423,,43429,4
138424,,43429,2
138425,,43429,4
138426,,43429,2
138427,,43429,2
138428,,43429,2
138429,,43429,2
138505,,43453,2
138506,,43453,7
138507,,43453,14
138508,,43453,2
138529,,43460,20
138530,,43460,20
138531,,43460,4
138532,,43460,4
138533,,43460,2
138534,,43460,4
138535,,43460,4
138536,,43460,4
138537,,43460,2
138538,,43460,2
138539,,43460,4
138540,,43461,5
138541,,43461,4
138542,,43461,1
138543,,43461,6
138544,,43461,7
138545,,43461,2
138546,,43461,7
138547,,43461,1
138548,,43461,1
138549,,43461,7
138572,,43466,5
138573,,43466,21
138574,,43466,20
138575,,43466,7
138576,,43466,6
138577,,43466,1
138578,,43466,7
138579,,43466,1
138580,,43466,7
138581,,43466,1
138582,,43466,3
138583,,43466,1
138584,,43466,1
138585,,43466,10
138600,,43472,2
138601,,43472,7
138602,,43472,14
138603,,43472,2
138604,,43473,2
138605,,43473,7
138606,,43473,14
138607,,43473,2
138616,,43478,2
138617,,43478,7
138618,,43478,14
138619,,43478,2
138642,,43484,2
138643,,43484,7
138644,,43484,14
138645,,43484,2
138787,,43523,2
138788,,43523,7
138789,,43523,14
138790,,43523,2
138815,,43530,2
138816,,43530,7
138817,,43530,14
138818,,43530,2
138915,,43557,2
138916,,43557,7
138917,,43557,14
138918,,43557,2
139055,,43601,2
139056,,43601,7
139057,,43601,14
139058,,43601,2
139077,,43606,2
139078,,43606,7
139079,,43606,14
139080,,43606,2
139081,,43607,2
139082,,43607,7
139083,,43607,14
139084,,43607,2
139205,,43640,2
139206,,43640,7
139207,,43640,14
139208,,43640,2
139232,,43649,1
139233,,43649,1
139234,,43649,1
139235,,43649,1
139236,,43649,1
139237,,43649,1
139238,,43649,1
139239,,43649,1
139378,,43696,2
139379,,43696,7
139380,,43696,14
139381,,43696,2
139656,,43775,1
139657,,43775,1
139658,,43775,1
139659,,43775,1
139660,,43775,1
139661,,43775,1
139662,,43775,1
139663,,43775,1
139664,,43775,1
139665,,43775,1
139666,,43775,1
139667,,43775,1
139668,,43775,1
139669,,43775,1
139670,,43775,1
139671,,43775,1
139672,,43775,1
139673,,43775,1
139674,,43775,1
139721,,43795,1
139722,,43795,1
139723,,43795,1
139724,,43795,1
139725,,43795,1
139803,,43820,2
139804,,43820,7
139805,,43820,14
139806,,43820,2
139837,,43829,2
139838,,43829,7
139839,,43829,14
139840,,43829,2
139873,,43838,2
139874,,43838,7
139875,,43838,14
139876,,43838,2
139920,,43850,2
139921,,43850,7
139922,,43850,14
139923,,43850,2
139982,,43870,2
139983,,43870,7
139984,,43870,14
139985,,43870,2
140027,,43886,2
140028,,43886,7
140029,,43886,14
140030,,43886,2
140031,,43887,2
140032,,43887,7
140033,,43887,14
140034,,43887,2
140277,,43964,2
140278,,43964,7
140279,,43964,14
140280,,43964,2
140286,,43967,1
140287,,43967,1
140288,,43967,1
140289,,43967,1
140312,,43976,2
140313,,43976,7
140314,,43976,14
140315,,43976,2
140333,,43983,2
140334,,43983,7
140335,,43983,14
140336,,43983,2
140366,,43992,2
140367,,43992,7
140368,,43992,14
140369,,43992,2
140412,,44007,2
140413,,44007,7
140414,,44007,14
140415,,44007,2
140437,,44014,2
140438,,44014,7
140439,,44014,14
140440,,44014,2
140650,,44088,2
140651,,44088,7
140652,,44088,14
140653,,44088,2
140729,,44109,2
140730,,44109,7
140731,,44109,14
140732,,44109,2
140863,,44151,2
140864,,44151,7
140865,,44151,14
140866,,44151,2
140881,,44156,2
140882,,44156,7
140883,,44156,2
140884,,44156,1
141259,,44268,2
141260,,44268,7
141261,,44268,14
141262,,44268,2
141308,,44281,2
141309,,44281,7
141310,,44281,14
141311,,44281,2
141483,,44331,3
141484,,44331,2
141485,,44331,3
141486,,44331,3
141487,,44331,2
141551,,44356,2
141552,,44356,7
141553,,44356,14
141554,,44356,2
141926,,44470,2
141927,,44470,7
141928,,44470,14
141929,,44470,2
141937,,44474,2
141938,,44474,7
141939,,44474,14
141940,,44474,2
141948,,44478,2
141949,,44478,7
141950,,44478,14
141951,,44478,2
141955,,44483,1
141956,,44483,1
141957,,44483,1
141958,,44483,1
141959,,44483,1
141960,,44483,1
141961,,44483,1
141962,,44483,1
141963,,44483,1
141964,,44483,1
141965,,44483,1
142069,,44508,2
142070,,44508,7
142071,,44508,14
142072,,44508,2
142079,,44511,7
142080,,44511,7
142081,,44511,7
142082,,44511,7
142083,,44511,7
142084,,44511,7
142085,,44511,7
142086,,44511,7
142087,,44511,7
142088,,44511,7
142089,,44511,7
142112,,44520,52
142113,,44520,52
142114,,44520,52
142138,,44529,2
142139,,44529,7
142140,,44529,14
142141,,44529,2
142142,,44530,2
142143,,44530,7
142144,,44530,14
142145,,44530,2
142155,,44534,3
142156,,44534,2
142157,,44534,3
142158,,44534,3
142159,,44534,2
142160,,44535,8
142161,,44535,8
142162,,44535,8
142163,,44535,8
142164,,44535,8
142165,,44535,8
142166,,44535,8
142167,,44535,8
142168,,44535,8
142169,,44535,8
142170,,44535,8
142257,,44560,2
142258,,44560,7
142259,,44560,14
142260,,44560,2
142263,,44562,2
142264,,44562,7
142265,,44562,14
142266,,44562,2
142276,,44567,2
142277,,44567,7
142278,,44567,14
142279,,44567,2
142280,,44568,4
142281,,44568,2
142282,,44568,6
142283,,44568,7
142284,,44568,1
142285,,44568,2
142449,,44622,4
142450,,44622,4
142451,,44622,2
142452,,44622,2
142453,,44622,1
142517,,44647,1
142518,,44647,3
142519,,44647,1
142520,,44647,1
142614,,44683,5
142615,,44683,10
142616,,44683,2
142645,,44693,20
142646,,44693,20
142647,,44693,5
142648,,44693,20
142649,,44693,5
142650,,44693,5
142651,,44693,5
142652,,44693,5
142761,,44730,2
142762,,44730,7
142763,,44730,14
142764,,44730,2
142827,,44751,2
142828,,44751,7
142829,,44751,14
142830,,44751,2
142933,,44790,2
142934,,44790,7
142935,,44790,14
142936,,44790,2
143115,,44847,10
143116,,44847,5
143117,,44847,5
143118,,44847,20
143119,,44847,3
143120,,44848,2
143121,,44848,7
143122,,44848,14
143123,,44848,2
143124,,44849,4
143125,,44849,1
143126,,44849,2
143127,,44849,7
143144,,44854,7
143145,,44854,2
143146,,44854,2
143147,,44854,7
143148,,44854,7
143149,,44854,1
143150,,44854,1
143151,,44854,1
143152,,44855,7
143153,,44855,2
143154,,44855,2
143155,,44855,6
143156,,44855,7
143157,,44855,1
143158,,44855,1
143159,,44855,1
143160,,44855,1
143161,,44855,1
143162,,44855,1
143318,,44902,2
143319,,44902,7
143320,,44902,14
143321,,44902,2
143338,,44910,2
143339,,44910,7
143340,,44910,14
143341,,44910,2
143354,,44915,2
143355,,44915,7
143356,,44915,14
143357,,44915,2
143358,,44916,2
143359,,44916,7
143360,,44916,14
143361,,44916,2
143409,,44930,2
143410,,44930,7
143411,,44930,14
143412,,44930,2
143649,,45002,1
143650,,45002,1
143651,,45002,1
143652,,45002,1
143653,,45002,1
143654,,45002,1
143655,,45002,1
143656,,45002,1
143657,,45002,1
143658,,45002,1
143664,,45005,2
143665,,45005,7
143666,,45005,14
143667,,45005,2
143668,,45006,2
143669,,45006,7
143670,,45006,14
143671,,45006,2
143780,,45041,1
143781,,45041,1
143782,,45041,1
143783,,45041,1
143784,,45041,1
143785,,45041,1
143789,,45043,1
143790,,45043,1
143791,,45043,1
143792,,45043,1
143793,,45044,1
143794,,45044,1
143795,,45044,1
143796,,45044,1
143797,,45045,1
143798,,45045,1
143799,,45045,1
143800,,45045,1
143801,,45046,1
143802,,45046,1
143803,,45046,1
143804,,45046,1
143840,,45059,2
143841,,45059,7
143842,,45059,14
143843,,45059,2
143932,,45091,1
143933,,45091,1
143934,,45091,1
143935,,45091,1
144013,,45120,5
144014,,45120,5
144073,,45146,2
144074,,45146,7
144075,,45146,14
144076,,45146,2
144077,,45147,2
144078,,45147,7
144079,,45147,14
144080,,45147,2
144081,,45148,2
144082,,45148,7
144083,,45148,14
144084,,45148,2
144085,,45149,2
144086,,45149,7
144087,,45149,14
144088,,45149,2
144089,,45150,2
144090,,45150,7
144091,,45150,14
144092,,45150,2
144142,,45168,7
144143,,45168,3
144144,,45168,1
144145,,45168,6
144146,,45168,7
144153,,45171,2
144154,,45171,7
144155,,45171,14
144156,,45171,2
144157,,45172,2
144158,,45172,7
144159,,45172,14
144160,,45172,2
144230,,45191,1
144231,,45191,1
144232,,45191,1
144233,,45191,1
144234,,45191,1
144235,,45191,1
144236,,45191,1
144237,,45192,1
144238,,45192,1
144239,,45192,1
144240,,45192,1
144241,,45192,1
144242,,45192,1
144243,,45192,1
144353,,45227,2
144354,,45227,7
144355,,45227,14
144356,,45227,2
144360,,45229,1
144361,,45229,1
144362,,45229,1
144450,,45259,2
144451,,45259,7
144452,,45259,14
144453,,45259,2
144454,,45260,2
144455,,45260,7
144456,,45260,14
144457,,45260,2
144617,,45318,2
144618,,45318,7
144619,,45318,14
144620,,45318,2
144621,,45319,1
144622,,45319,1
144623,,45319,1
144624,,45319,1
144630,,45326,2
144631,,45326,7
144632,,45326,14
144633,,45326,12
144813,,45372,3
144814,,45372,2
144815,,45372,2
144816,,45372,1
144817,,45372,1
144990,,45425,2
144991,,45425,7
144992,,45425,14
144993,,45425,2
145020,,45435,18
145021,,45435,7
145022,,45435,6
145023,,45435,1
145024,,45435,1
145025,,45435,1
145026,,45435,3
145027,,45435,6
145028,,45435,1
145029,,45435,7
145030,,45435,1
145031,,45435,1
145032,,45435,2
145033,,45435,5
145183,,45483,2
145184,,45483,7
145185,,45483,14
145186,,45483,2
145223,,45496,2
145224,,45496,7
145225,,45496,14
145226,,45496,2
145227,,45497,2
145228,,45497,7
145229,,45497,14
145230,,45497,2
145252,,45504,2
145253,,45504,7
145254,,45504,14
145255,,45504,2
145274,,45508,2
145275,,45508,7
145276,,45508,14
145277,,45508,2
145340,,45522,2
145341,,45522,7
145342,,45522,14
145343,,45522,2
145373,,45533,5
145374,,45533,19
145375,,45533,10
145392,,45540,4
145393,,45540,2
145394,,45540,28
145395,,45540,31
145396,,45540,4
145414,,45544,10
145415,,45544,11
145416,,45544,5
145417,,45544,2
145520,,45574,2
145521,,45574,7
145522,,45574,14
145523,,45574,2
145538,,45580,2
145539,,45580,7
145540,,45580,14
145541,,45580,2
145558,,45587,2
145559,,45587,7
145560,,45587,14
145561,,45587,2
145620,,45605,1
145621,,45605,2
145622,,45605,3
145623,,45605,1
145624,,45605,2
145625,,45605,1
145626,,45605,1
145627,,45605,3
145668,,45620,2
145669,,45620,7
145670,,45620,14
145671,,45620,2
145706,,45631,2
145707,,45631,7
145708,,45631,14
145709,,45631,2
145856,,45675,2
145857,,45675,7
145858,,45675,14
145859,,45675,2
145982,,45713,2
145983,,45713,7
145984,,45713,14
145985,,45713,2
145986,,45714,2
145987,,45714,7
145988,,45714,14
145989,,45714,2
145990,,45715,1
145991,,45715,1
145992,,45715,1
146070,,45741,1
146071,,45741,1
146072,,45741,1
146103,,45753,2
146104,,45753,7
146105,,45753,14
146106,,45753,2
146107,,45754,2
146108,,45754,7
146109,,45754,14
146110,,45754,2
146114,,45756,2
146115,,45756,7
146116,,45756,14
146117,,45756,2
146133,,45762,2
146134,,45762,7
146135,,45762,14
146136,,45762,2
146246,,45803,2
146247,,45803,7
146248,,45803,14
146249,,45803,2
146250,,45804,2
146251,,45804,7
146252,,45804,14
146253,,45804,2
146257,,45806,2
146258,,45806,7
146259,,45806,14
146260,,45806,2
146261,,45807,2
146262,,45807,7
146263,,45807,14
146264,,45807,2
146384,,45846,2
146385,,45846,7
146386,,45846,14
146387,,45846,2
146582,,45907,2
146583,,45907,7
146584,,45907,14
146585,,45907,2
146643,,45930,1
146644,,45930,1
146645,,45930,1
146725,,45962,1
146726,,45962,1
146727,,45962,1
146728,,45962,1
146729,,45962,1
146730,,45962,1
146731,,45962,1
146732,,45962,1
146736,,45964,2
146737,,45964,7
146738,,45964,14
146739,,45964,2
146752,,45969,1
146753,,45969,1
146754,,45969,1
146849,,45997,2
146850,,45997,7
146851,,45997,14
146852,,45997,2
146855,,45999,2
146856,,45999,7
146857,,45999,14
146858,,45999,2
146859,,46000,2
146860,,46000,7
146861,,46000,14
146862,,46000,2
146914,,46017,2
146915,,46017,7
146916,,46017,14
146917,,46017,2
147031,,46053,2
147032,,46053,2
147033,,46053,4
147034,,46053,2
147035,,46053,2
147036,,46053,8
147176,,46092,1
147177,,46092,1
147178,,46092,1
147179,,46092,1
147421,,46175,2
147422,,46175,7
147423,,46175,14
147424,,46175,2
147431,,46178,2
147432,,46178,7
147433,,46178,14
147434,,46178,2
147552,,46219,2
147553,,46219,7
147554,,46219,14
147555,,46219,2
147556,,46220,2
147557,,46220,7
147558,,46220,14
147559,,46220,2
147560,,46221,2
147561,,46221,7
147562,,46221,14
147563,,46221,2
147609,,46234,2
147610,,46234,7
147611,,46234,14
147612,,46234,2
147651,,46247,1
147652,,46247,1
147653,,46248,2
147654,,46248,7
147655,,46248,14
147656,,46248,2
147662,,46250,1
147663,,46250,1
147664,,46250,1
147665,,46250,1
147666,,46251,2
147667,,46251,7
147668,,46251,14
147669,,46251,2
147670,,46252,2
147671,,46252,7
147672,,46252,14
147673,,46252,2
147674,,46253,2
147675,,46253,7
147676,,46253,14
147677,,46253,2
147678,,46254,2
147679,,46254,7
147680,,46254,14
147681,,46254,2
147682,,46255,2
147683,,46255,7
147684,,46255,14
147685,,46255,2
147686,,46256,2
147687,,46256,7
147688,,46256,14
147689,,46256,2
147690,,46257,2
147691,,46257,7
147692,,46257,14
147693,,46257,2
147694,,46258,2
147695,,46258,7
147696,,46258,14
147697,,46258,2
147698,,46259,2
147699,,46259,7
147700,,46259,14
147701,,46259,2
147702,,46260,2
147703,,46260,7
147704,,46260,14
147705,,46260,2
147706,,46261,2
147707,,46261,7
147708,,46261,14
147709,,46261,2
147710,,46262,2
147711,,46262,7
147712,,46262,14
147713,,46262,2
147714,,46263,2
147715,,46263,7
147716,,46263,14
147717,,46263,2
147718,,46264,2
147719,,46264,7
147720,,46264,14
147721,,46264,2
147722,,46265,2
147723,,46265,7
147724,,46265,14
147725,,46265,2
147726,,46266,2
147727,,46266,7
147728,,46266,14
147729,,46266,2
147730,,46267,2
147731,,46267,7
147732,,46267,14
147733,,46267,2
147734,,46268,2
147735,,46268,7
147736,,46268,14
147737,,46268,2
147738,,46269,2
147739,,46269,7
147740,,46269,14
147741,,46269,2
147742,,46270,2
147743,,46270,7
147744,,46270,14
147745,,46270,2
147746,,46271,1
147747,,46271,1
147748,,46271,1
147749,,46271,1
147750,,46272,1
147751,,46272,1
147752,,46272,1
147753,,46272,1
147754,,46273,1
147755,,46273,1
147756,,46273,1
147757,,46273,1
147758,,46274,1
147759,,46274,1
147760,,46274,1
147761,,46274,1
147762,,46275,1
147763,,46275,1
147764,,46275,1
147765,,46275,1
147800,,46286,1
147801,,46286,1
147802,,46286,1
147826,,46295,2
147827,,46295,7
147828,,46295,14
147829,,46295,1
147830,,46295,1
147831,,46295,6
147832,,46295,7
147833,,46295,1
147834,,46295,14
147835,,46295,2
147836,,46295,2
147879,,46311,2
147880,,46311,7
147881,,46311,14
147882,,46311,2
147883,,46312,9
147884,,46312,6
147885,,46312,1
147886,,46312,4
147907,,46320,1
147908,,46320,1
147909,,46320,1
147910,,46320,1
147911,,46320,1
147912,,46320,1
147913,,46320,1
147914,,46320,1
147915,,46320,1
147916,,46320,1
147917,,46320,1
147918,,46320,1
147919,,46320,1
147920,,46320,1
147921,,46320,1
147922,,46320,1
147923,,46320,1
147924,,46320,1
147925,,46320,1
147926,,46320,1
147927,,46320,1
147928,,46320,1
147929,,46320,1
147930,,46320,1
147931,,46320,1
147932,,46320,1
148108,,46375,8
148109,,46375,7
148193,,46393,191
148194,,46393,191
148195,,46393,191
148358,,46445,2
148359,,46445,7
148360,,46445,14
148361,,46445,2
148365,,46447,2
148366,,46447,7
148367,,46447,14
148368,,46447,2
148369,,46448,2
148370,,46448,7
148371,,46448,14
148372,,46448,2
148373,,46449,2
148374,,46449,7
148375,,46449,14
148376,,46449,2
148382,,46452,4
148383,,46452,4
148384,,46452,15
148389,,46454,1000
148390,,46454,2000
148391,,46454,10000
148395,,46456,2
148396,,46456,7
148397,,46456,14
148398,,46456,2
148415,,46463,1
148416,,46463,2
148417,,46463,1
148418,,46463,1
148419,,46463,1
148426,,46466,2
148427,,46466,7
148428,,46466,14
148429,,46466,2
148513,,46488,4
148514,,46488,1
148515,,46488,4
148516,,46488,8
148517,,46488,1
148518,,46488,2
148519,,46488,4
148520,,46488,1
148785,,46571,2
148786,,46571,7
148787,,46571,14
148788,,46571,2
148859,,46597,2
148860,,46597,7
148861,,46597,14
148862,,46597,2
148866,,46599,2
148867,,46599,7
148868,,46599,14
148869,,46599,2
149059,,46672,2
149060,,46672,7
149061,,46672,14
149062,,46672,2
149063,,46672,2
149103,,46684,2
149104,,46684,7
149105,,46684,14
149106,,46684,2
149229,,46726,3
149230,,46726,5
149231,,46726,2
149232,,46726,4
149240,,46731,2
149241,,46731,7
149242,,46731,14
149243,,46731,2
149250,,46734,1
149251,,46734,1
149252,,46734,2
149253,,46734,6
149340,,46759,10
149341,,46759,5
149342,,46759,10
149587,,46845,2
149588,,46845,7
149589,,46845,14
149590,,46845,2
149632,,46861,2
149633,,46861,7
149634,,46861,14
149635,,46861,2
149648,,46867,2
149649,,46867,7
149650,,46867,14
149651,,46867,2
149652,,46868,2
149653,,46868,7
149654,,46868,14
149655,,46868,2
149882,,46941,2
149883,,46941,7
149884,,46941,14
149885,,46941,2
149915,,46951,1
149916,,46951,1
149917,,46951,1
149918,,46951,1
149919,,46951,1
149920,,46951,1
149921,,46951,1
149922,,46951,1
150121,,47016,1
150122,,47016,1
150123,,47016,1
150124,,47016,1
150130,,47019,7
150131,,47019,7
150132,,47019,7
150139,,47021,3
150140,,47021,3
150141,,47021,3
150142,,47021,3
150143,,47021,3
150144,,47021,3
150145,,47021,3
150156,,47025,2
150157,,47025,7
150158,,47025,14
150159,,47025,2
150350,,47079,2
150351,,47079,7
150352,,47079,14
150353,,47079,2
150402,,47098,1
150403,,47098,1
150404,,47098,1
150560,,47150,2
150561,,47150,7
150562,,47150,14
150563,,47150,2
150725,,47203,21
150726,,47203,7
150727,,47203,21
150728,,47203,7
150729,,47203,1
150730,,47203,7
150731,,47204,21
150732,,47204,7
150733,,47204,21
150734,,47204,7
150735,,47204,1
150736,,47204,7
150859,,47243,2
150860,,47243,7
150861,,47243,14
150862,,47243,2
150935,,47266,2
150936,,47266,7
150937,,47266,14
150938,,47266,2
151332,,47382,2
151333,,47382,7
151334,,47382,14
151335,,47382,2
151366,,47392,2
151367,,47392,7
151368,,47392,14
151369,,47392,2
151442,,47421,2
151443,,47421,7
151444,,47421,14
151445,,47421,2
151446,,47422,2
151447,,47422,7
151448,,47422,14
151449,,47422,2
151450,,47423,2
151451,,47423,7
151452,,47423,14
151453,,47423,2
151454,,47424,2
151455,,47424,7
151456,,47424,14
151457,,47424,2
151458,,47425,2
151459,,47425,7
151460,,47425,14
151461,,47425,2
151462,,47426,2
151463,,47426,7
151464,,47426,14
151465,,47426,2
151466,,47427,2
151467,,47427,7
151468,,47427,14
151469,,47427,2
151470,,47428,2
151471,,47428,7
151472,,47428,14
151473,,47428,2
151474,,47429,2
151475,,47429,7
151476,,47429,14
151477,,47429,2
151478,,47430,2
151479,,47430,7
151480,,47430,14
151481,,47430,2
151482,,47431,2
151483,,47431,7
151484,,47431,14
151485,,47431,2
151486,,47432,2
151487,,47432,7
151488,,47432,14
151489,,47432,2
152025,,47596,2
152026,,47596,7
152027,,47596,14
152028,,47596,2
152209,,47649,2
152210,,47649,7
152211,,47649,14
152212,,47649,2
152220,,47652,12
152221,,47652,25
152222,,47652,40
152223,,47652,10
152236,,47658,12
152237,,47658,6
152238,,47658,12
152271,,47671,2
152272,,47671,7
152273,,47671,14
152274,,47671,2
152800,,47846,2
152801,,47846,7
152802,,47846,14
152803,,47846,2
152953,,47900,2
152954,,47900,7
152955,,47900,14
152956,,47900,2
152962,,47903,30
152963,,47903,30
152983,,47912,2
152984,,47912,7
152985,,47912,14
152986,,47912,2
153005,,47920,2
153006,,47920,7
153007,,47920,14
153008,,47920,2
153282,,48009,2
153283,,48009,7
153284,,48009,14
153285,,48009,2
153545,,48091,2
153546,,48091,7
153547,,48091,14
153548,,48091,2
153549,,48092,2
153550,,48092,7
153551,,48092,14
153552,,48092,2
153553,,48093,2
153554,,48093,7
153555,,48093,14
153556,,48093,2
153561,,48095,1
153562,,48095,1
153563,,48096,1
153564,,48096,1000
153565,,48097,1
153566,,48097,1
153575,,48101,2
153576,,48101,7
153577,,48101,14
153578,,48101,2
153579,,48102,2
153580,,48102,7
153581,,48102,14
153582,,48102,2
153782,,48161,1
153783,,48161,1
153887,,48191,2
153888,,48191,7
153889,,48191,14
153890,,48191,2
153987,,48222,2
153988,,48222,7
153989,,48222,14
153990,,48222,2
154185,,48286,2
154186,,48286,7
154187,,48286,14
154188,,48286,2
154302,,48324,2
154303,,48324,7
154304,,48324,14
154305,,48324,2
154306,,48325,1
154307,,48325,1
154308,,48325,1
154309,,48325,1
154316,,48328,1
154317,,48328,1
154318,,48328,1
154862,,48480,2
154863,,48480,7
154864,,48480,14
154865,,48480,2
154893,,48490,2
154894,,48490,7
154895,,48490,14
154896,,48490,2
154902,,48493,2
154903,,48493,7
154904,,48493,14
154905,,48493,2
155105,,48563,2
155106,,48563,7
155107,,48563,14
155108,,48563,2
155109,,48564,2
155110,,48564,7
155111,,48564,14
155112,,48564,2
155337,,48633,2
155338,,48633,7
155339,,48633,14
155340,,48633,2
155388,,48647,1
155389,,48647,2
155390,,48647,5
155629,,48725,2
155630,,48725,7
155631,,48725,14
155632,,48725,2
155773,,48760,2
155774,,48760,7
155775,,48760,14
155776,,48760,2
155824,,48774,2
155825,,48774,7
155826,,48774,14
155827,,48774,2
155853,,48783,1
155854,,48783,1
155855,,48783,1
155856,,48783,1
155892,,48794,2
155893,,48794,7
155894,,48794,14
155895,,48794,2
155896,,48795,2
155897,,48795,7
155898,,48795,14
155899,,48795,2
155900,,48796,2
155901,,48796,7
155902,,48796,14
155903,,48796,2
155904,,48797,2
155905,,48797,7
155906,,48797,14
155907,,48797,2
155908,,48798,2
155909,,48798,7
155910,,48798,14
155911,,48798,2
156174,,48886,2
156175,,48886,7
156176,,48886,14
156177,,48886,2
156216,,48898,2
156217,,48898,7
156218,,48898,14
156219,,48898,2
156236,,48903,2
156237,,48903,7
156238,,48903,14
156239,,48903,2
156329,,48931,2
156330,,48931,7
156331,,48931,14
156332,,48931,2
156460,,48971,2
156461,,48971,7
156462,,48971,14
156463,,48971,2
156464,,48972,2
156465,,48972,7
156466,,48972,14
156467,,48972,2
156492,,48980,2
156493,,48980,7
156494,,48980,14
156495,,48980,2
156625,,49013,4
156626,,49013,3
156627,,49013,14
156628,,49013,3
156629,,49013,1
156821,,49074,2
156822,,49074,7
156823,,49074,14
156824,,49074,2
156846,,49081,2
156847,,49081,7
156848,,49081,14
156849,,49081,2
156920,,49101,2
156921,,49101,7
156922,,49101,14
156923,,49101,2
156934,,49105,2
156935,,49105,7
156936,,49105,14
156937,,49105,2
157009,,49126,2
157010,,49126,7
157011,,49126,14
157012,,49126,2
157065,,49145,2
157066,,49145,7
157067,,49145,14
157068,,49145,2
157069,,49146,2
157070,,49146,7
157071,,49146,14
157072,,49146,2
157087,,49153,1
157088,,49153,2
157089,,49153,3
157090,,49153,4
157091,,49153,5
157092,,49153,6
157093,,49154,1
157094,,49154,1
157095,,49154,1
157096,,49154,1
157097,,49154,1
157098,,49154,1
157678,,49355,2
157679,,49355,7
157680,,49355,14
157681,,49355,2
157710,,49365,2
157711,,49365,7
157712,,49365,14
157713,,49365,2
157731,,49370,2
157732,,49370,7
157733,,49370,14
157734,,49370,2
157735,,49371,2
157736,,49371,7
157737,,49371,14
157738,,49371,2
157755,,49378,1
157756,,49378,1
157757,,49378,1
157935,,49441,1
157936,,49441,1
157937,,49441,1
157938,,49441,1
157939,,49441,1
157940,,49441,1
157941,,49441,1
157942,,49441,1
157943,,49441,1
157944,,49441,1
157945,,49441,1
157946,,49441,1
157947,,49441,1
157959,,49446,2
157960,,49446,7
157961,,49446,14
157962,,49446,2
157968,,49449,2
157969,,49449,7
157970,,49449,1
157971,,49449,1
158161,,49513,2
158162,,49513,7
158163,,49513,14
158164,,49513,2
158283,,49552,2
158284,,49552,7
158285,,49552,14
158286,,49552,2
158287,,49553,2
158288,,49553,7
158289,,49553,14
158290,,49553,2
158291,,49554,2
158292,,49554,7
158293,,49554,14
158294,,49554,2
158295,,49555,2
158296,,49555,7
158297,,49555,14
158298,,49555,2
158350,,49573,2
158351,,49573,7
158352,,49573,14
158353,,49573,2
158354,,49574,1
158355,,49574,1
158356,,49574,1
158357,,49574,1
158358,,49575,1
158359,,49575,1
158363,,49577,1
158364,,49577,1
158383,,49584,2
158384,,49584,7
158385,,49584,14
158386,,49584,2
158390,,49586,2
158391,,49586,7
158392,,49586,14
158393,,49586,2
158474,,49612,2
158475,,49612,7
158476,,49612,14
158477,,49612,2
158584,,49651,2
158585,,49651,14
158596,,49655,2
158597,,49655,7
158598,,49655,14
158599,,49655,2
158761,,49712,2
158762,,49712,7
158763,,49712,14
158764,,49712,2
158765,,49713,2
158766,,49713,7
158767,,49713,14
158768,,49713,2
158769,,49714,2
158770,,49714,7
158771,,49714,14
158772,,49714,2
158957,,49779,2
158958,,49779,7
158959,,49779,14
158960,,49779,2
159104,,49829,2
159105,,49829,7
159106,,49829,14
159107,,49829,2
159108,,49830,23
159109,,49830,30
159110,,49830,7
159111,,49830,5
159112,,49830,5
159113,,49830,1
159114,,49830,1
159164,,49846,2
159165,,49846,7
159166,,49846,14
159167,,49846,2
159444,,49940,2
159445,,49940,7
159446,,49940,14
159447,,49940,2
159454,,49943,1
159455,,49943,1
159456,,49943,1
159457,,49943,1
159659,,50020,2
159660,,50020,7
159661,,50020,14
159662,,50020,2
159902,,50093,2
159903,,50093,7
159904,,50093,14
159905,,50093,2
159906,,50094,2
159907,,50094,7
159908,,50094,14
159909,,50094,2
160277,,50206,1
160278,,50206,1
160279,,50206,1
160280,,50206,1
160281,,50207,2
160282,,50207,7
160283,,50207,14
160284,,50207,2
160643,,50323,2
160644,,50323,7
160645,,50323,14
160646,,50323,2
160650,,50325,2
160651,,50325,7
160652,,50325,14
160653,,50325,2
160874,,50382,14
160875,,50382,7
160906,,50393,2
160907,,50393,7
160908,,50393,14
160909,,50393,2
161085,,50458,2
161086,,50458,7
161087,,50458,14
161088,,50458,2
161109,,50466,2
161110,,50466,7
161111,,50466,14
161112,,50466,2
161149,,50478,2
161150,,50478,7
161151,,50478,14
161152,,50478,2
161166,,50485,2
161167,,50485,7
161168,,50485,14
161169,,50485,2
161246,,50511,2
161247,,50511,4
161248,,50511,6
161249,,50511,2
161250,,50511,2
161251,,50512,1
161252,,50512,1
161253,,50512,1
161254,,50512,1
161255,,50512,1
161256,,50512,1
161257,,50512,1
161258,,50512,1
161299,,50525,2
161300,,50525,7
161301,,50525,14
161302,,50525,2
161303,,50526,2
161304,,50526,7
161305,,50526,14
161306,,50526,2
161307,,50527,2
161308,,50527,7
161309,,50527,14
161310,,50527,2
161311,,50528,2
161312,,50528,7
161313,,50528,14
161314,,50528,2
161315,,50529,75
161316,,50529,50
161317,,50529,1
161318,,50529,2
161319,,50529,3
161320,,50529,1
161321,,50529,1
161322,,50529,2
161323,,50529,1
161324,,50529,1
161325,,50529,1
161340,,50535,2
161341,,50535,7
161342,,50535,14
161343,,50535,2
161370,,50546,1
161371,,50546,1
161372,,50546,1
161373,,50546,1
161374,,50546,1
161375,,50546,1
161376,,50546,1
161377,,50546,1
161411,,50560,1
161412,,50560,1
161413,,50560,1
161414,,50560,1
161415,,50561,1
161416,,50561,1
161417,,50561,1
161418,,50561,1
161419,,50562,1
161420,,50562,1
161421,,50562,1
161422,,50562,1
161423,,50563,1
161424,,50563,1
161425,,50563,1
161426,,50563,1
161431,,50566,1
161432,,50566,1
161433,,50566,1
161434,,50566,1
161435,,50566,1
161436,,50567,1
161437,,50567,1
161438,,50567,1
161439,,50567,1
161440,,50567,1
161506,,50587,2
161507,,50587,7
161508,,50587,14
161509,,50587,2
161510,,50588,2
161511,,50588,7
161512,,50588,14
161513,,50588,2
161518,,50591,2
161519,,50591,7
161520,,50591,14
161521,,50591,2
161526,,50593,1
161527,,50593,1
161528,,50593,1
161529,,50593,1
161530,,50593,1
161531,,50593,1
161705,,50648,2
161706,,50648,7
161707,,50648,14
161708,,50648,2
161907,,50710,2
161908,,50710,7
161909,,50710,14
161910,,50710,2
162068,,50766,2
162069,,50766,7
162070,,50766,14
162071,,50766,2
162092,,50773,2
162093,,50773,7
162094,,50773,14
162095,,50773,2
162096,,50774,2
162097,,50774,7
162098,,50774,14
162099,,50774,2
162104,,50777,2
162105,,50777,7
162106,,50777,14
162107,,50777,2
162111,,50779,2
162112,,50779,7
162113,,50779,14
162114,,50779,2
162436,,50891,2
162437,,50891,7
162438,,50891,14
162439,,50891,2
162440,,50892,2
162441,,50892,7
162442,,50892,14
162443,,50892,2
162444,,50893,2
162445,,50893,7
162446,,50893,14
162447,,50893,2
162495,,50910,2
162496,,50910,7
162497,,50910,14
162498,,50910,2
162587,,50939,2
162588,,50939,7
162589,,50939,14
162590,,50939,2
162626,,50953,2
162627,,50953,7
162628,,50953,14
162629,,50953,2
162788,,51006,4
162789,,51006,4
162790,,51006,4
162867,,51031,1
162868,,51031,1
162869,,51031,1
162870,,51031,1
162871,,51031,1
162872,,51031,1
162931,,51055,2
162932,,51055,7
162933,,51055,14
162934,,51055,2
162986,,51072,4
162987,,51072,4
162988,,51072,3
162997,,51074,2
162998,,51074,7
162999,,51074,14
163000,,51074,2
163001,,51075,2
163002,,51075,7
163003,,51075,14
163004,,51075,2
163060,,51093,2
163061,,51093,7
163062,,51093,14
163063,,51093,2
163137,,51116,7
163138,,51116,2
163139,,51116,2
163140,,51116,3
163141,,51116,4
163142,,51116,2
163194,,51134,2
163195,,51134,7
163196,,51134,14
163197,,51134,2
163295,,51166,2
163296,,51166,7
163297,,51166,14
163298,,51166,2
163345,,51188,2
163346,,51188,7
163347,,51188,14
163348,,51188,2
163401,,51209,2
163402,,51209,7
163403,,51209,14
163404,,51209,2
163434,,51218,2
163435,,51218,7
163436,,51218,14
163437,,51218,2
163441,,51220,2
163442,,51220,7
163443,,51220,14
163444,,51220,2
163558,,51257,2
163559,,51257,7
163560,,51257,14
163561,,51257,2
163562,,51258,2
163563,,51258,7
163564,,51258,14
163565,,51258,2
163585,,51265,2
163586,,51265,7
163587,,51265,14
163588,,51265,2
163619,,51277,2
163620,,51277,7
163621,,51277,14
163622,,51277,2
163763,,51327,2
163764,,51327,7
163765,,51327,14
163766,,51327,2
163781,,51333,1
163782,,51333,1
163783,,51333,1
163792,,51336,2
163793,,51336,7
163794,,51336,14
163795,,51336,2
163796,,51337,10
163797,,51337,3
163798,,51337,1
163799,,51337,3
163800,,51337,1
163805,,51340,2
163806,,51340,7
163807,,51340,14
163808,,51340,2
163830,,51349,10
163831,,51349,3
163832,,51349,2
163833,,51349,1
163834,,51349,3
163835,,51349,2
163836,,51349,1
163837,,51349,1
163838,,51349,1
163839,,51349,1
163840,,51349,1
163841,,51349,1
163842,,51349,1
163843,,51349,3
163844,,51349,3
163845,,51349,1
163846,,51349,3
163847,,51349,1
163853,,51352,7
163854,,51352,10
163855,,51352,5
163856,,51352,7
163857,,51352,3
163858,,51352,2
163859,,51352,2
163860,,51352,1
163861,,51352,1
163862,,51352,2
163863,,51352,1
163864,,51352,1
163865,,51352,1
163866,,51352,1
163867,,51352,1
163868,,51352,1
163869,,51352,1
163913,,51366,2
163914,,51366,7
163915,,51366,14
163916,,51366,2
163988,,51391,2
163989,,51391,7
163990,,51391,14
163991,,51391,2
164035,,51406,2
164036,,51406,7
164037,,51406,14
164038,,51406,2
164039,,51407,2
164040,,51407,7
164041,,51407,14
164042,,51407,2
164043,,51408,2
164044,,51408,7
164045,,51408,14
164046,,51408,2
164088,,51421,2
164089,,51421,7
164090,,51421,14
164091,,51421,2
164095,,51423,1
164096,,51423,1
164097,,51423,1
164098,,51423,1
164099,,51424,1
164100,,51424,1
164101,,51424,1
164102,,51424,1
164103,,51425,1
164104,,51425,1
164105,,51425,1
164106,,51425,1
164107,,51426,1
164108,,51426,1
164109,,51426,1
164110,,51426,1
164111,,51427,1
164112,,51427,1
164113,,51427,1
164114,,51427,1
164115,,51428,1
164116,,51428,1
164117,,51428,1
164118,,51428,1
164119,,51429,1
164120,,51429,1
164121,,51429,1
164122,,51429,1
164123,,51430,1
164124,,51430,1
164125,,51430,1
164126,,51430,1
164127,,51431,1
164128,,51431,1
164129,,51431,1
164130,,51431,1
164131,,51432,1
164132,,51432,1
164133,,51432,1
164134,,51432,1
164135,,51433,1
164136,,51433,1
164137,,51433,1
164138,,51433,1
164186,,51449,2
164187,,51449,7
164188,,51449,14
164189,,51449,2
164293,,51480,2
164294,,51480,7
164295,,51480,14
164296,,51480,2
164379,,51509,2
164380,,51509,7
164381,,51509,14
164382,,51509,2
164636,,51594,2
164637,,51594,7
164638,,51594,14
164639,,51594,2
164711,,51613,12
164712,,51613,2
164713,,51613,5
164714,,51613,3
164715,,51613,12
164716,,51613,20
164717,,51613,4
164718,,51613,4
164837,,51654,2
164838,,51654,7
164839,,51654,14
164840,,51654,2
164844,,51656,2
164845,,51656,7
164846,,51656,14
164847,,51656,2
164848,,51657,7
164849,,51657,7
164850,,51657,1
164851,,51657,1
164856,,51660,2
164857,,51660,7
164858,,51660,14
164859,,51660,2
164959,,51696,2
164960,,51696,7
164961,,51696,14
164962,,51696,2
165078,,51734,2
165079,,51734,7
165080,,51735,2
165081,,51735,14
165082,,51736,200
165083,,51736,1400
165084,,51737,20000
165085,,51737,1
165086,,51738,2000
165087,,51738,14000
165108,,51746,2
165109,,51746,7
165110,,51746,14
165111,,51746,2
165114,,51748,200
165115,,51748,1400
165116,,51749,2
165117,,51749,14
165118,,51750,1
165119,,51750,700
165120,,51750,200
165121,,51751,200
165122,,51751,700
165123,,51751,1400
165124,,51752,200
165125,,51752,700
165126,,51752,1400
165127,,51753,200
165128,,51753,700
165129,,51753,1400
165133,,51755,2
165134,,51755,7
165135,,51755,14
165151,,51760,2
165152,,51760,7
165153,,51760,14
165154,,51760,2
165157,,51762,2
165158,,51762,7
165159,,51762,14
165160,,51762,2
165165,,51764,1
165166,,51764,1
165167,,51764,1
165168,,51764,1
165169,,51764,1
165170,,51764,1
165171,,51764,1
165172,,51764,1
165173,,51764,1
165174,,51764,1
165178,,51766,2
165179,,51766,7
165180,,51766,14
165181,,51766,2
165182,,51767,2
165183,,51767,7
165184,,51767,14
165185,,51767,2
165272,,51794,1
165273,,51794,3
165274,,51794,3
165275,,51794,1
165391,,51833,2
165392,,51833,7
165393,,51833,14
165394,,51833,2
165473,,51844,1
165474,,51844,1
165475,,51844,1
165476,,51844,1
165477,,51844,1
165478,,51844,1
165479,,51844,1
165480,,51844,1
165481,,51844,1
165482,,51844,1
165483,,51844,1
165484,,51844,1
165485,,51844,1
165486,,51844,1
165487,,51844,1
165488,,51844,1
165489,,51844,1
165490,,51844,1
165491,,51844,1
165492,,51844,1
165493,,51844,1
165496,,51846,2
165497,,51846,7
165498,,51846,14
165499,,51846,7
165547,,51863,2
165548,,51863,7
165549,,51863,14
165550,,51863,2
165551,,51864,2
165552,,51864,7
165553,,51864,14
165554,,51864,2
165559,,51866,100
165560,,51866,1
165561,,51866,1
165562,,51866,1
165565,,51868,100
165566,,51868,1
165567,,51868,1
165568,,51868,1
165569,,51869,100
165570,,51869,1
165571,,51869,1
165572,,51869,10
165646,,51893,1
165647,,51893,4
165648,,51893,10
165649,,51893,1
165650,,51893,1
165651,,51893,2
165652,,51893,1
165653,,51893,1
165654,,51893,14
165655,,51893,7
165656,,51893,1
165657,,51893,1
165658,,51893,1
165659,,51893,2
165660,,51893,1
165661,,51893,2
165662,,51893,2
165663,,51893,1
165664,,51893,1
165665,,51893,10
165666,,51893,4
165667,,51893,7
165668,,51893,1
165669,,51893,1
165670,,51893,1
165671,,51893,1
165672,,51893,1
165673,,51893,1
165674,,51893,2
165675,,51893,1
165676,,51893,1
165677,,51893,3
165678,,51893,1
165679,,51893,4
165680,,51893,1
165681,,51893,1
165804,,51943,13
165805,,51943,13
165806,,51943,3
165807,,51943,6
165832,,51952,2
165833,,51952,7
165834,,51952,14
165835,,51952,2
165872,,51966,1
165873,,51966,1
165874,,51966,1
165875,,51966,1
165882,,51969,1
165883,,51969,1
165884,,51969,1
165885,,51969,1
166024,,52015,2
166025,,52015,7
166026,,52015,14
166027,,52015,2
166046,,52024,1
166047,,52024,1
166048,,52024,1
166049,,52024,1
166050,,52024,1
166051,,52024,1
166052,,52025,1
166053,,52025,1
166054,,52025,1
166055,,52025,1
166056,,52025,1
166057,,52025,1
166058,,52026,1
166059,,52026,1
166060,,52026,1
166061,,52026,1
166062,,52026,1
166063,,52026,1
166064,,52027,1
166065,,52027,2
166066,,52027,1
166067,,52027,1
166068,,52027,1
166192,,52071,1
166193,,52071,1
166194,,52071,1
166195,,52071,1
166235,,52080,2
166236,,52080,7
166237,,52080,14
166238,,52080,2
166349,,52115,2
166350,,52115,7
166351,,52115,14
166352,,52115,2
166353,,52116,10
166354,,52116,6
166355,,52116,5
166356,,52116,5
166357,,52116,1
166358,,52117,10
166359,,52117,6
166360,,52117,5
166361,,52117,5
166362,,52117,1
166363,,52117,1
166364,,52117,1
166365,,52117,1
166366,,52118,10
166367,,52118,6
166368,,52118,5
166369,,52118,5
166370,,52118,1
166371,,52118,1
166372,,52118,1
166373,,52118,1
166374,,52119,10
166375,,52119,6
166376,,52119,5
166377,,52119,5
166378,,52119,1
166379,,52119,1
166380,,52119,1
166381,,52119,1
166382,,52119,1
166383,,52119,1
166384,,52119,1
166385,,52119,1
166392,,52123,2
166393,,52123,7
166394,,52123,14
166395,,52123,2
166419,,52133,1
166420,,52133,1
166421,,52133,1
166422,,52133,1
166438,,52139,1
166439,,52139,1
166440,,52139,1
166441,,52139,1
166442,,52139,1
166443,,52140,2
166444,,52140,7
166445,,52140,14
166446,,52140,2
166469,,52149,12
166470,,52149,12
166471,,52149,12
166611,,52196,52
166612,,52196,52
166613,,52196,26
166614,,52196,26
166615,,52196,1
166794,,52246,2
166795,,52246,7
166796,,52246,14
166797,,52246,2
166866,,52269,2
166867,,52269,7
166868,,52269,14
166869,,52269,2
166899,,52279,2
166900,,52279,7
166901,,52279,14
166902,,52279,2
166903,,52280,2
166904,,52280,7
166905,,52280,14
166906,,52280,2
167125,,52342,2
167126,,52342,7
167127,,52342,14
167128,,52342,2
167155,,52351,2
167156,,52351,7
167157,,52351,14
167158,,52351,2
167159,,52352,2
167160,,52352,7
167161,,52352,14
167162,,52352,2
167167,,52355,1
167168,,52355,1
167169,,52355,1
167170,,52355,1
167171,,52356,2
167172,,52356,7
167173,,52356,14
167174,,52356,2
167212,,52369,7
167213,,52369,1
167214,,52369,1
167215,,52369,1
167216,,52369,1
167217,,52370,7
167218,,52370,1
167219,,52370,1
167220,,52370,1
167221,,52370,1
167224,,52372,1
167225,,52372,1
167226,,52372,1
167227,,52372,1
167228,,52372,1
167229,,52373,1
167230,,52373,1
167231,,52373,1
167232,,52373,1
167233,,52373,1
167247,,52377,2
167248,,52377,7
167249,,52377,14
167250,,52377,2
167359,,52412,2
167360,,52412,7
167361,,52412,14
167362,,52412,2
167465,,52449,2
167466,,52449,7
167467,,52449,14
167468,,52449,2
167469,,52450,2
167470,,52450,7
167471,,52450,14
167472,,52450,2
167681,,52508,2
167682,,52508,7
167683,,52508,14
167684,,52508,2
167900,,52570,2
167901,,52570,7
167902,,52570,14
167903,,52570,2
167947,,52583,1
167948,,52583,1
167949,,52583,1
167965,,52591,2
167966,,52591,7
167967,,52591,14
167968,,52591,2
167969,,52592,2
167970,,52592,7
167971,,52592,14
167972,,52592,2
167973,,52593,2
167974,,52593,4
167975,,52593,6
167976,,52593,1
167977,,52593,1
167978,,52593,1
168255,,52678,2
168256,,52678,7
168257,,52678,14
168258,,52678,2
168414,,52733,1
168415,,52733,1
168416,,52733,1
168419,,52735,2
168420,,52735,7
168421,,52735,14
168422,,52735,2
168489,,52754,2
168490,,52754,7
168491,,52754,14
168492,,52754,2
168493,,52755,2
168494,,52755,7
168495,,52755,14
168496,,52755,2
168660,,52806,1
168661,,52806,1
168662,,52806,1
168663,,52806,1
168664,,52806,1
168665,,52806,1
168666,,52806,1
168667,,52806,1
168668,,52806,1
168669,,52806,1
168670,,52806,1
168675,,52808,1
168676,,52808,1
168677,,52808,1
168678,,52808,1
168679,,52808,1
168680,,52808,1
168681,,52808,1
168682,,52808,1
168683,,52808,1
168684,,52808,1
168783,,52844,2
168784,,52844,7
168785,,52844,14
168786,,52844,2
168787,,52845,2
168788,,52845,7
168789,,52845,14
168790,,52845,2
168871,,52850,48
168872,,52850,48
168873,,52850,12
168874,,52850,12
168875,,52850,12
168876,,52850,12
168877,,52850,12
168878,,52850,12
168879,,52851,2
168880,,52851,7
168881,,52851,14
168882,,52851,2
168883,,52852,2
168884,,52852,7
168885,,52852,14
168886,,52852,2
168937,,52869,2
168938,,52869,7
168939,,52869,14
168940,,52869,2
168990,,52887,2
168991,,52887,7
168992,,52887,14
168993,,52887,2
169019,,52897,2
169020,,52897,7
169021,,52897,14
169022,,52897,2
169158,,52944,1
169159,,52944,1
169160,,52944,1
169161,,52944,1
169162,,52944,1
169461,,53033,2
169462,,53033,1
169463,,53033,1
169484,,53040,2
169485,,53040,7
169486,,53040,14
169487,,53040,2
169515,,53052,2
169516,,53052,7
169517,,53052,14
169518,,53052,2
169543,,53059,2
169544,,53059,7
169545,,53059,14
169546,,53059,2
169590,,53069,2
169591,,53069,7
169592,,53069,14
169593,,53069,2
169758,,53122,2
169759,,53122,7
169760,,53122,14
169761,,53122,2
169765,,53124,1
169766,,53124,1
169767,,53124,1
169772,,53126,2
169773,,53126,7
169774,,53126,14
169775,,53126,2
169787,,53131,2
169788,,53131,7
169789,,53131,14
169790,,53131,2
169794,,53133,1
169795,,53133,1
169796,,53133,1
169797,,53133,1
169798,,53133,1
169799,,53133,1
169800,,53133,1
169801,,53133,1
169802,,53133,1
169803,,53133,1
169804,,53133,1
169805,,53133,1
169806,,53133,1
169807,,53133,1
169808,,53133,1
169865,,53154,100
169866,,53154,1400
169867,,53155,1
169868,,53155,14
170143,,53229,1
170144,,53229,1
170145,,53229,1
170146,,53229,1
170147,,53229,1
170148,,53229,1
170149,,53229,1
170150,,53229,1
170205,,53247,1
170206,,53247,1
170207,,53247,1
170225,,53255,100
170226,,53255,1400
170227,,53256,100
170228,,53256,1400
170235,,53259,1
170236,,53259,14
170264,,53270,100
170265,,53270,1400
170288,,53279,2
170289,,53279,7
170290,,53279,14
170291,,53279,2
170298,,53283,1
170299,,53283,1
170300,,53283,1
170301,,53283,1
170307,,53286,2
170308,,53286,7
170309,,53286,14
170310,,53287,200
170311,,53287,1400
170312,,53288,200
170313,,53288,1400
170314,,53289,2
170315,,53289,14
170318,,53291,2
170319,,53291,7
170320,,53291,14
170345,,53297,2
170346,,53297,7
170347,,53297,14
170348,,53297,2
170562,,53359,2
170563,,53359,7
170564,,53359,14
170565,,53359,2
170625,,53378,2
170626,,53378,7
170627,,53378,14
170628,,53378,2
170719,,53410,1
170720,,53410,1
170721,,53410,1
170722,,53410,1
170841,,53446,2
170842,,53446,7
170843,,53446,14
170844,,53446,2
170971,,53475,9
170972,,53475,9
170973,,53475,9
170990,,53477,1
170991,,53477,1
170992,,53477,1
170993,,53477,1
170994,,53477,1
170995,,53477,1
170996,,53477,1
170997,,53477,1
170998,,53477,1
170999,,53477,1
171000,,53477,1
171001,,53477,1
171002,,53477,1
171003,,53477,1
171004,,53477,1
171005,,53477,1
171006,,53477,1
171007,,53477,1
171008,,53477,1
171009,,53477,1
171010,,53477,1
171011,,53477,1
171012,,53477,1
171013,,53477,1
171111,,53496,2
171112,,53496,7
171113,,53496,14
171114,,53496,2
171154,,53509,100
171155,,53509,1400
171156,,53510,1
171157,,53510,14
171168,,53512,1
171169,,53512,1
171170,,53512,1
171171,,53512,1
171172,,53512,1
171173,,53512,1
171174,,53512,1
171175,,53512,1
171176,,53512,1
171177,,53512,1
171178,,53512,1
171179,,53512,1
171180,,53512,1
171289,,53542,200
171290,,53542,1400
171291,,53543,200
171292,,53543,1400
171293,,53544,200
171294,,53544,1400
171295,,53545,200
171296,,53545,1400
171297,,53546,100
171298,,53546,1400
171299,,53547,100
171300,,53547,1400
171301,,53548,100
171302,,53548,1400
171303,,53549,100
171304,,53549,1400
171305,,53550,200
171306,,53550,1400
171307,,53551,100
171308,,53551,1400
171309,,53552,200
171310,,53552,1400
171311,,53553,100
171312,,53553,1400
171313,,53554,200
171314,,53554,1400
171315,,53555,200
171316,,53555,1400
171317,,53556,100
171318,,53556,1400
171319,,53557,1
171320,,53557,14
171366,,53565,100
171367,,53565,1400
171368,,53566,100
171369,,53566,1400
171392,,53573,2
171393,,53573,7
171394,,53573,14
171395,,53573,2
171399,,53578,2
171400,,53578,7
171401,,53578,14
171402,,53578,2
171403,,53579,100
171404,,53579,1400
171405,,53580,14
171406,,53580,1
171407,,53581,2
171408,,53581,7
171409,,53581,14
171410,,53581,2
171411,,53581,7
171412,,53581,7
171413,,53581,1
171414,,53582,2
171415,,53582,7
171416,,53582,14
171417,,53582,2
171418,,53582,7
171419,,53582,7
171420,,53582,1
171423,,53584,100
171424,,53584,1400
171446,,53590,100
171447,,53590,1400
171448,,53591,100
171449,,53591,1400
171458,,53594,7
171459,,53594,7
171472,,53597,15
171473,,53597,15
171474,,53597,5
171475,,53597,4
171476,,53597,7
171477,,53597,4
171478,,53597,7
171479,,53597,7
171480,,53597,7
171481,,53597,3
171482,,53597,2
171483,,53598,15
171484,,53598,15
171485,,53598,4
171486,,53598,7
171487,,53598,4
171488,,53598,7
171489,,53598,7
171490,,53598,7
171491,,53598,3
171492,,53598,2
171493,,53599,15
171494,,53599,15
171495,,53599,4
171496,,53599,7
171497,,53599,4
171498,,53599,7
171499,,53599,7
171500,,53599,7
171501,,53599,3
171502,,53599,2
171503,,53600,15
171504,,53600,15
171505,,53600,4
171506,,53600,7
171507,,53600,4
171508,,53600,7
171509,,53600,7
171510,,53600,7
171511,,53600,3
171512,,53600,2
171549,,53611,100
171550,,53611,1400
171551,,53612,2
171552,,53612,14
171553,,53613,2
171554,,53613,14
171555,,53614,100
171556,,53614,1400
171564,,53617,100
171565,,53617,1400
171566,,53618,1
171567,,53618,1
171568,,53618,1
171569,,53618,1
171570,,53619,100
171571,,53619,1400
171581,,53622,100
171582,,53622,1400
171585,,53624,100
171586,,53624,1400
171587,,53625,100
171588,,53625,1400
171589,,53626,100
171590,,53626,1400
171591,,53627,1
171592,,53627,14
171605,,53632,100
171606,,53632,1400
171612,,53635,1
171613,,53635,14
171614,,53636,2
171615,,53636,14
171621,,53639,100
171622,,53639,1400
171623,,53640,1
171624,,53640,14
171662,,53649,2
171663,,53649,7
171664,,53649,14
171665,,53649,2
171666,,53650,100
171667,,53650,1400
171668,,53651,1
171669,,53651,14
171670,,53652,100
171671,,53652,1400
171672,,53653,2
171673,,53653,7
171674,,53653,14
171675,,53653,2
171676,,53654,2
171677,,53654,7
171678,,53654,14
171679,,53654,2
171680,,53655,2
171681,,53655,7
171682,,53655,14
171683,,53655,2
171684,,53656,100
171685,,53656,1400
171736,,53673,1
171737,,53673,1
171738,,53674,1
171739,,53674,1
171743,,53676,4
171744,,53676,4
171745,,53676,4
171746,,53676,4
171747,,53676,4
171748,,53676,1
171749,,53676,1
171750,,53676,1
171751,,53676,1
171752,,53676,1
171753,,53676,1
171754,,53676,1
171755,,53676,1
171756,,53676,1
171757,,53676,1
171758,,53676,1
171759,,53676,1
171760,,53676,1
171761,,53676,1
171762,,53676,1
171763,,53676,1
171764,,53676,1
171765,,53676,1
171766,,53676,1
171767,,53676,1
171768,,53676,1
171769,,53676,1
171770,,53676,2
171771,,53676,2
171772,,53676,28
171773,,53676,1
171774,,53676,28
171775,,53676,4
171776,,53676,4
171777,,53676,1
171778,,53676,1
171779,,53676,1
171780,,53676,28
171781,,53676,28
171782,,53676,28
171783,,53676,2
171784,,53676,4
171785,,53676,4
171786,,53677,2
171787,,53677,7
171788,,53677,14
171789,,53677,2
171795,,53680,200
171796,,53680,200
171797,,53681,100
171798,,53681,1400
171852,,53697,2
171853,,53697,7
171854,,53697,14
171855,,53697,2
171973,,53734,100
171974,,53734,100
171975,,53735,100
171976,,53735,100
171977,,53736,200
171978,,53736,350
171979,,53737,200
171980,,53737,350
171981,,53738,400
171982,,53738,700
171993,,53743,2
171994,,53743,7
171995,,53743,14
171996,,53743,2
172054,,53758,100
172055,,53758,1400
172056,,53759,1
172057,,53759,1
172058,,53759,1
172064,,53761,400
172065,,53761,700
172066,,53762,400
172067,,53762,700
172068,,53763,400
172069,,53763,700
172070,,53764,400
172071,,53764,700
172072,,53765,400
172073,,53765,700
172074,,53766,400
172075,,53766,700
172076,,53767,400
172077,,53767,700
172237,,53805,2
172238,,53805,7
172239,,53805,14
172240,,53805,2
172271,,53816,200
172272,,53816,1500
172273,,53816,500
172274,,53817,200
172275,,53817,700
172276,,53817,1400
172277,,53818,2
172278,,53818,7
172279,,53818,14
172280,,53818,2
172281,,53819,2
172282,,53819,7
172283,,53819,14
172284,,53819,2
172363,,53839,400
172364,,53839,700
172365,,53840,400
172366,,53840,700
172394,,53850,2
172395,,53850,7
172396,,53850,14
172397,,53850,2
172398,,53851,2
172399,,53851,7
172400,,53851,14
172401,,53851,2
172410,,53855,2
172411,,53855,7
172412,,53855,14
172413,,53855,2
172414,,53856,7
172415,,53856,7
172416,,53856,7
172417,,53856,7
172440,,53863,2
172441,,53863,7
172442,,53863,14
172443,,53863,2
172527,,53885,2
172528,,53885,7
172529,,53885,14
172530,,53885,2
172619,,53908,2
172620,,53908,7
172621,,53908,14
172622,,53908,2
172634,,53913,2
172635,,53913,7
172636,,53913,14
172637,,53913,2
172642,,53915,2
172643,,53915,7
172644,,53915,14
172645,,53915,2
172793,,53962,1
172794,,53962,1
172795,,53962,1
172796,,53963,1
172797,,53963,1
172798,,53963,1
172799,,53964,1
172800,,53964,1
172801,,53964,1
172887,,53993,2
172888,,53993,7
172889,,53993,14
172890,,53993,2
172934,,54006,2
172935,,54006,7
172936,,54006,14
172937,,54006,2
172938,,54007,1
172939,,54007,1
172940,,54007,1
172964,,54016,2
172965,,54016,7
172966,,54016,14
172967,,54016,2
173033,,54037,2
173034,,54037,7
173035,,54037,14
173036,,54037,2
173037,,54038,1
173038,,54038,1
173039,,54038,1
173040,,54038,1
173041,,54038,1
173042,,54038,1
173043,,54039,1
173044,,54039,1
173045,,54039,1
173046,,54039,1
173047,,54039,1
173079,,54050,2
173080,,54050,7
173081,,54050,14
173082,,54050,2
173236,,54095,1
173237,,54095,1
173238,,54095,1
173239,,54095,1
173240,,54095,1
173241,,54095,1
173242,,54095,1
173243,,54095,1
173285,,54106,2
173286,,54106,7
173287,,54106,14
173288,,54106,2
173297,,54109,4
173298,,54109,3
173299,,54109,5
173300,,54109,2
173301,,54109,4
173302,,54109,2
173320,,54115,2
173321,,54115,7
173322,,54115,14
173323,,54115,2
173324,,54116,2
173325,,54116,7
173326,,54116,14
173327,,54116,2
173332,,54119,2
173333,,54119,7
173334,,54119,14
173335,,54119,2
173412,,54145,2
173413,,54145,7
173414,,54145,14
173415,,54145,2
173511,,54176,2
173512,,54176,7
173513,,54176,14
173514,,54176,2
173585,,54196,1
173586,,54196,1
173587,,54196,1
173588,,54196,1
173589,,54196,1
173590,,54196,1
173591,,54196,1
173787,,54251,2
173788,,54251,7
173789,,54251,14
173790,,54251,2
173901,,54285,1
173902,,54285,1
173903,,54285,1
173904,,54285,1
173913,,54289,2
173914,,54289,7
173915,,54289,14
173916,,54289,2
174051,,54329,1
174052,,54329,1
174053,,54329,1
174054,,54329,1
174055,,54329,1
174061,,54331,1
174062,,54331,1
174063,,54331,1
174110,,54344,2
174111,,54344,7
174112,,54344,14
174113,,54344,2
174128,,54349,1
174129,,54349,1
174130,,54349,1
174131,,54349,1
174132,,54349,1
174133,,54349,1
174134,,54350,1
174135,,54350,1
174136,,54350,1
174137,,54350,1
174138,,54350,1
174142,,54352,2
174143,,54352,7
174144,,54352,14
174145,,54352,2
174247,,54386,2
174248,,54386,7
174249,,54386,14
174250,,54386,2
174251,,54387,2
174252,,54387,14
174253,,54387,20
174254,,54387,8
174261,,54389,7
174262,,54389,7
174263,,54389,7
174264,,54389,7
174276,,54395,2
174277,,54395,7
174278,,54395,14
174279,,54395,2
174280,,54396,2
174281,,54396,7
174282,,54396,14
174283,,54396,2
174308,,54404,2
174309,,54404,7
174310,,54404,14
174311,,54404,2
174351,,54417,2
174352,,54417,7
174353,,54417,14
174354,,54417,2
174355,,54418,2
174356,,54418,7
174357,,54418,14
174358,,54418,2
174419,,54440,2
174420,,54440,7
174421,,54440,14
174422,,54440,2
174423,,54441,2
174424,,54441,7
174425,,54441,14
174426,,54441,2
174450,,54447,5
174451,,54447,5
174452,,54447,1
174520,,54472,2
174521,,54472,7
174522,,54472,14
174523,,54472,2
174573,,54496,2
174574,,54496,7
174575,,54496,14
174576,,54496,2
174581,,54498,2
174582,,54498,7
174583,,54498,14
174584,,54498,2
174590,,54501,2
174591,,54501,7
174592,,54501,14
174593,,54501,2
174630,,54514,2
174631,,54514,7
174632,,54514,14
174633,,54514,2
174648,,54520,2
174649,,54520,7
174650,,54520,14
174651,,54520,2
174667,,54527,2
174668,,54527,7
174669,,54527,14
174670,,54527,2
174695,,54533,2
174696,,54533,7
174697,,54533,14
174698,,54533,2
174709,,54537,2
174710,,54537,7
174711,,54537,14
174712,,54537,2
174739,,54546,2
174740,,54546,7
174741,,54546,14
174742,,54546,2
174758,,54552,2
174759,,54552,7
174760,,54552,14
174761,,54552,2
174776,,54560,2
174777,,54560,7
174778,,54560,14
174779,,54560,2
174788,,54566,2
174789,,54566,7
174790,,54566,14
174791,,54566,2
174848,,54583,2
174849,,54583,7
174850,,54583,14
174851,,54583,2
174865,,54588,5
174866,,54588,2
174871,,54590,2
174872,,54590,7
174873,,54590,14
174874,,54590,2
174875,,54591,2
174876,,54591,7
174877,,54591,14
174878,,54591,2
174895,,54597,2
174896,,54597,7
174897,,54597,14
174898,,54597,2
174938,,54609,14
174939,,54609,2
174940,,54609,9
174941,,54609,2
174942,,54609,7
175031,,54637,2
175032,,54637,7
175033,,54637,14
175034,,54637,2
175035,,54637,3
175036,,54637,22
175041,,54640,6
175042,,54640,6
175043,,54640,6
175068,,54645,1
175069,,54645,1
175070,,54645,1
175071,,54645,1
175072,,54645,1
175109,,54659,1
175110,,54659,1
175111,,54659,1
175112,,54659,1
175113,,54659,1
175189,,54678,2
175190,,54678,7
175191,,54678,14
175192,,54678,2
175227,,54692,1
175228,,54692,1
175229,,54692,1
175230,,54692,1
175231,,54692,1
175232,,54692,1
175235,,54694,2
175236,,54694,7
175237,,54694,14
175238,,54694,2
175331,,54717,2
175332,,54717,7
175333,,54717,14
175334,,54717,2
175341,,54723,2
175342,,54723,2
175343,,54723,2
175383,,54734,2
175384,,54734,3
175385,,54734,3
175386,,54735,2
175387,,54735,3
175388,,54735,3
175516,,54770,2
175517,,54770,7
175518,,54770,14
175519,,54770,2
175523,,54772,2
175524,,54772,1
175525,,54772,2
175526,,54772,2
175527,,54773,1
175528,,54773,1
175529,,54773,1
175530,,54773,1
175531,,54773,2
175532,,54773,1
175533,,54773,1
175534,,54773,1
175535,,54773,7
175536,,54773,1
175537,,54773,1
175538,,54773,1
175539,,54773,1
175540,,54773,1
175541,,54773,7
175542,,54773,7
175543,,54773,7
175544,,54773,7
175594,,54790,2
175595,,54790,7
175596,,54790,14
175597,,54790,2
175618,,54796,1
175619,,54796,1
175620,,54796,1
175621,,54796,1
175622,,54796,1
175623,,54797,2
175624,,54797,7
175625,,54797,14
175626,,54797,2
175627,,54797,7
175689,,54819,1
175690,,54819,2
175691,,54819,1
175692,,54819,2
175717,,54827,2
175718,,54827,7
175719,,54827,14
175720,,54827,2
175741,,54836,7
175742,,54836,7
175743,,54836,1
175744,,54836,1
175756,,54842,2
175757,,54842,7
175758,,54842,14
175759,,54842,2
175760,,54843,2
175761,,54843,7
175762,,54843,14
175763,,54843,2
175774,,54847,2
175775,,54847,7
175776,,54847,14
175777,,54847,2
175866,,54875,3
175867,,54875,3
175868,,54875,3
175869,,54875,3
175870,,54875,3
175871,,54875,1
175904,,54886,2
175905,,54886,7
175906,,54886,14
175907,,54886,2
175908,,54887,2
175909,,54887,7
175910,,54887,14
175911,,54887,2
175963,,54902,2
175964,,54902,7
175965,,54902,14
175966,,54902,2
176038,,54918,7
176039,,54918,7
176040,,54918,1
176041,,54918,1
176042,,54918,2
176043,,54918,1
176044,,54918,1
176045,,54918,1
176059,,54922,1
176060,,54922,1
176061,,54922,1
176062,,54923,1
176063,,54923,1
176064,,54923,1
176065,,54924,1
176066,,54924,1
176067,,54924,1
176068,,54925,2
176069,,54925,7
176070,,54925,14
176071,,54925,2
176072,,54926,2
176073,,54926,7
176074,,54926,14
176075,,54926,2
176076,,54927,1
176077,,54927,1
176078,,54927,1
176079,,54927,1
176080,,54928,2
176081,,54928,1
176082,,54928,8
176083,,54928,5
176084,,54929,2
176085,,54929,1
176086,,54929,8
176087,,54929,5
176098,,54933,1
176099,,54933,1
176115,,54937,2
176116,,54937,7
176117,,54937,14
176118,,54937,2
176186,,54960,1
176187,,54960,1
176188,,54960,1
176189,,54960,1
176190,,54961,1
176191,,54961,1
176192,,54961,1
176193,,54961,1
176194,,54962,1
176195,,54962,1
176196,,54962,1
176197,,54962,1
176231,,54973,1
176232,,54973,3
176376,,55014,2
176377,,55014,7
176378,,55014,14
176379,,55014,2
176453,,55038,2
176454,,55038,7
176455,,55038,14
176456,,55038,2
176470,,55043,2
176471,,55043,7
176472,,55043,14
176473,,55043,2
176523,,55058,2
176524,,55058,7
176525,,55058,14
176526,,55058,2
176527,,55059,2
176528,,55059,7
176529,,55059,14
176530,,55059,2
176531,,55060,4
176532,,55060,1
176533,,55060,2
176534,,55060,6
176539,,55062,2
176540,,55062,7
176541,,55062,14
176542,,55062,2
176549,,55065,2
176550,,55065,7
176551,,55065,14
176552,,55065,2
176555,,55067,2
176556,,55067,7
176557,,55067,14
176558,,55067,2
176559,,55068,2
176560,,55068,7
176561,,55068,14
176562,,55068,2
176580,,55074,2
176581,,55074,7
176582,,55074,14
176583,,55074,2
176584,,55075,2
176585,,55075,7
176586,,55075,14
176587,,55075,2
176588,,55075,2
176591,,55077,2
176592,,55077,7
176593,,55077,14
176594,,55077,2
176604,,55081,1
176605,,55081,7
176606,,55081,7
176607,,55081,14
176608,,55081,7
176609,,55081,7
176610,,55081,3
176611,,55081,1
176612,,55081,1
176613,,55081,1
176614,,55081,14
176615,,55082,14
176616,,55082,1
176617,,55082,1
176618,,55082,1
176619,,55082,1
176620,,55082,7
176621,,55082,7
176622,,55082,7
176623,,55082,7
176624,,55082,14
176625,,55082,3
176626,,55083,7
176627,,55083,3
176628,,55083,1
176629,,55083,1
176630,,55083,1
176631,,55083,1
176632,,55083,14
176633,,55083,7
176634,,55083,7
176635,,55083,7
176636,,55083,7
176637,,55084,2
176638,,55084,7
176639,,55084,14
176640,,55084,2
176657,,55089,2
176658,,55089,7
176659,,55089,14
176660,,55089,2
176661,,55090,2
176662,,55090,7
176663,,55090,14
176664,,55090,2
176668,,55092,2
176669,,55092,7
176670,,55092,14
176671,,55092,2
176700,,55102,2
176701,,55102,7
176702,,55102,14
176703,,55102,2
176704,,55103,2
176705,,55103,7
176706,,55103,14
176707,,55103,2
176708,,55104,2
176709,,55104,7
176710,,55104,14
176711,,55104,2
176715,,55106,2
176716,,55106,7
176717,,55106,14
176718,,55106,2
176719,,55107,2
176720,,55107,7
176721,,55107,14
176722,,55107,2
176723,,55108,2
176724,,55108,7
176725,,55108,14
176726,,55108,2
176727,,55109,2
176728,,55109,7
176729,,55109,14
176730,,55109,2
176738,,55115,2
176739,,55115,7
176740,,55115,14
176741,,55115,2
176746,,55117,2
176747,,55117,7
176748,,55117,14
176749,,55117,2
176750,,55118,2
176751,,55118,7
176752,,55118,14
176753,,55118,2
176776,,55124,2
176777,,55124,7
176778,,55124,14
176779,,55124,2
176780,,55125,2
176781,,55125,7
176782,,55125,14
176783,,55125,2
176795,,55130,2
176796,,55130,7
176797,,55130,14
176798,,55130,2
176808,,55134,2
176809,,55134,7
176810,,55134,14
176811,,55134,2
176824,,55139,2
176825,,55139,7
176826,,55139,14
176827,,55139,2
176828,,55140,2
176829,,55140,7
176830,,55140,14
176831,,55140,2
176832,,55140,7
176833,,55140,7
176860,,55149,2
176861,,55149,7
176862,,55149,14
176863,,55149,2
176877,,55153,2
176878,,55153,7
176879,,55153,14
176880,,55153,2
176919,,55163,2
176920,,55163,7
176921,,55163,14
176922,,55163,2
176943,,55176,2
176944,,55176,7
176945,,55176,14
176946,,55176,2
176991,,55189,2
176992,,55189,7
176993,,55189,14
176994,,55189,2
177008,,55195,2
177009,,55195,7
177010,,55195,14
177011,,55195,2
177025,,55200,2
177026,,55200,7
177027,,55200,14
177028,,55200,2
177060,,55211,7
177061,,55211,1
177062,,55211,1
177063,,55211,2
177064,,55211,2
177065,,55211,2
177066,,55211,2
177070,,55213,2
177071,,55213,7
177072,,55213,14
177073,,55213,2
177074,,55214,2
177075,,55214,7
177076,,55214,14
177077,,55214,2
177081,,55216,2
177082,,55216,7
177083,,55216,14
177084,,55216,2
177107,,55223,7
177108,,55223,1
177109,,55223,7
177113,,55225,2
177114,,55225,7
177115,,55225,14
177116,,55225,2
177165,,55238,2
177166,,55238,7
177167,,55238,14
177168,,55238,2
177194,,55248,2
177195,,55248,7
177196,,55248,14
177197,,55248,2
177198,,55249,2
177199,,55249,7
177200,,55249,14
177201,,55249,2
177202,,55250,2
177203,,55250,7
177204,,55250,14
177205,,55250,2
177210,,55253,1
177211,,55253,1
177212,,55253,1
177213,,55253,1
177214,,55253,1
177215,,55253,1
177216,,55253,1
177217,,55253,1
177218,,55254,1
177219,,55254,1
177220,,55254,1
177221,,55254,1
177222,,55254,1
177223,,55254,1
177224,,55254,1
177225,,55254,1
177286,,55275,2
177287,,55275,7
177288,,55275,14
177289,,55275,2
177346,,55291,1
177347,,55291,1
177348,,55291,1
177349,,55291,1
177350,,55291,1
177351,,55291,1
177352,,55291,1
177353,,55291,1
177354,,55291,1
177355,,55291,1
177356,,55291,1
177357,,55291,1
177441,,55314,2
177442,,55314,7
177546,,55350,1
177547,,55350,1
177574,,55360,5
177575,,55360,1
177576,,55360,1
177577,,55360,5
177578,,55361,2
177579,,55361,7
177580,,55361,14
177581,,55361,2
177582,,55362,2
177583,,55362,7
177584,,55362,14
177585,,55362,2
177678,,55393,1
177679,,55393,1
177680,,55393,1
177681,,55393,1
177682,,55393,1
177683,,55393,1
177717,,55406,2
177718,,55406,7
177719,,55406,14
177720,,55406,2
177744,,55414,8
177745,,55414,3
177746,,55414,4
177747,,55414,6
177771,,55422,2
177772,,55422,7
177773,,55422,14
177774,,55422,2
177775,,55423,2
177776,,55423,7
177777,,55423,14
177778,,55423,2
177791,,55427,4
177792,,55427,4
177793,,55427,4
177826,,55439,2
177827,,55439,7
177828,,55439,14
177829,,55439,2
177830,,55440,2
177831,,55440,7
177832,,55440,14
177833,,55440,2
177846,,55445,2
177847,,55445,7
177848,,55445,14
177849,,55445,2
177850,,55445,3
177872,,55452,2
177873,,55452,7
177874,,55452,14
177875,,55452,2
177978,,55483,2
177979,,55483,7
177980,,55483,14
177981,,55483,2
177987,,55486,8
177988,,55486,8
178049,,55505,2
178050,,55505,7
178051,,55505,14
178052,,55505,2
178242,,55546,2
178243,,55546,7
178244,,55546,14
178245,,55546,2
178249,,55548,2
178250,,55548,7
178251,,55548,14
178252,,55548,2
178265,,55553,2
178266,,55553,7
178267,,55553,14
178268,,55553,2
178297,,55563,1
178298,,55563,1
178299,,55563,1
178300,,55563,1
178301,,55564,1
178302,,55564,1
178303,,55564,1
178304,,55564,1
178329,,55573,2
178330,,55573,7
178331,,55573,14
178332,,55573,2
178435,,55597,2
178436,,55597,7
178437,,55597,14
178438,,55597,2
178448,,55601,1
178449,,55601,2
178450,,55601,1
178451,,55601,1
178490,,55610,22
178491,,55610,22
178492,,55610,22
178493,,55610,22
178494,,55610,22
178495,,55610,22
178496,,55610,22
178497,,55610,22
178519,,55619,22
178520,,55619,22
178521,,55619,22
178522,,55619,22
178523,,55619,22
178524,,55619,22
178525,,55619,22
178526,,55619,22
178644,,55653,2
178645,,55653,7
178646,,55653,14
178647,,55653,2
178654,,55655,2
178655,,55655,7
178656,,55655,14
178657,,55655,2
178658,,55656,100
178659,,55656,3
178660,,55657,100
178661,,55657,3
178662,,55658,1
178663,,55658,1
178664,,55659,1
178665,,55659,1
178666,,55660,1
178667,,55660,1
178737,,55676,2
178738,,55676,7
178739,,55676,14
178740,,55676,2
178761,,55682,2
178762,,55682,7
178763,,55682,14
178764,,55682,2
178765,,55682,5
178766,,55683,2
178767,,55683,7
178768,,55683,14
178769,,55683,2
178770,,55683,5
178779,,55687,2
178780,,55687,8
178781,,55687,14
178782,,55687,2
178792,,55691,2
178793,,55691,7
178794,,55691,14
178795,,55691,2
178799,,55693,1
178800,,55693,1
178801,,55693,1
178802,,55693,1
178803,,55693,1
178821,,55701,1
178822,,55701,1
178823,,55701,1
178824,,55701,1
178825,,55701,1
178845,,55708,2
178846,,55708,7
178847,,55708,14
178848,,55708,2
178853,,55710,1
178854,,55710,1
178855,,55710,1
178856,,55710,1
178857,,55710,1
178858,,55710,1
178859,,55710,2
178860,,55710,2
178861,,55710,2
178862,,55710,2
178869,,55713,2
178870,,55713,7
178871,,55713,14
178872,,55713,2
179131,,55795,1
179132,,55795,1
179133,,55795,1
179134,,55795,1
179169,,55803,1
179170,,55803,1
179171,,55803,1
179232,,55818,2
179233,,55818,7
179234,,55818,14
179235,,55818,2
179260,,55828,2
179261,,55828,7
179262,,55828,14
179263,,55828,2
179374,,55854,1
179375,,55854,1
179376,,55854,1
179377,,55854,1
179378,,55855,1
179379,,55855,1
179380,,55855,1
179381,,55855,1
179576,,55907,1
179577,,55907,1
179578,,55907,1
179579,,55907,1
179628,,55923,2
179629,,55923,7
179630,,55923,14
179631,,55923,2
179657,,55932,2
179658,,55932,7
179659,,55932,14
179660,,55932,2
179675,,55935,2
179676,,55935,7
179677,,55935,14
179678,,55935,2
179755,,55960,2
179756,,55960,7
179757,,55960,14
179758,,55960,2
179822,,55980,2
179823,,55980,7
179824,,55980,14
179825,,55980,2
179842,,55985,2
179843,,55985,7
179844,,55985,14
179845,,55985,2
179885,,55999,2
179886,,55999,7
179887,,55999,14
179888,,55999,2
179892,,56001,2
179893,,56001,7
179894,,56001,14
179895,,56001,2
179902,,56003,2
179903,,56003,7
179904,,56003,14
179905,,56003,2
179906,,56004,1
179907,,56004,1
179908,,56004,1
179909,,56004,1
179973,,56023,2
179974,,56023,7
179975,,56023,14
179976,,56023,2
180017,,56030,1
180018,,56030,1
180019,,56030,1
180020,,56030,1
180021,,56030,6
180022,,56030,1
180023,,56030,1
180024,,56030,1
180025,,56030,3
180026,,56030,5
180027,,56030,1
180028,,56030,1
180029,,56030,1
180030,,56030,1
180031,,56030,1
180032,,56030,1
180033,,56030,2
180095,,56048,2
180096,,56048,7
180097,,56048,14
180098,,56048,2
180202,,56085,2
180203,,56085,7
180204,,56085,14
180205,,56085,2
180300,,56115,15000
180301,,56115,1
180302,,56115,5
180303,,56115,20
180304,,56115,15000
180317,,56118,4
180318,,56118,4
180319,,56118,2
180320,,56118,3
180321,,56118,1
180322,,56118,6
180336,,56122,1
180337,,56122,1
180338,,56122,1
180339,,56122,1
180340,,56122,1
180341,,56122,1
180342,,56122,1
180343,,56122,1
180344,,56122,1
180345,,56122,1
180447,,56154,2
180448,,56154,14
180449,,56154,1
180450,,56154,1
180459,,56158,2
180460,,56158,7
180461,,56158,14
180462,,56158,2
180496,,56167,1
180497,,56167,1
180498,,56167,1
180499,,56167,1
180500,,56167,1
180501,,56167,1
180502,,56167,1
180583,,56192,1
180584,,56192,1
180585,,56192,1
180586,,56192,1
180587,,56193,5
180588,,56193,5
180589,,56193,5
180590,,56193,5
180591,,56193,7
180592,,56193,7
180593,,56193,3
180594,,56193,3
180809,,56262,1
180810,,56262,5
180811,,56262,5
180812,,56262,4
180916,,56293,1
180917,,56293,1
180918,,56293,1
180919,,56293,1
180920,,56293,1
180921,,56293,1
180922,,56293,1
180923,,56293,1
180924,,56293,1
180925,,56293,1
180948,,56302,1
180949,,56302,1
180950,,56302,1
181055,,56338,2
181056,,56338,7
181057,,56338,14
181058,,56338,2
181059,,56339,2
181060,,56339,7
181061,,56339,14
181062,,56339,2
181070,,56343,2
181071,,56343,7
181072,,56343,14
181073,,56343,2
181143,,56369,2
181144,,56369,7
181145,,56369,14
181146,,56369,2
181189,,56386,5
181190,,56386,5
181191,,56386,5
181192,,56386,3
181193,,56386,3
181194,,56386,3
181310,,56420,2
181311,,56420,7
181312,,56420,14
181313,,56420,2
181342,,56430,7
181343,,56430,3
181344,,56430,7
181345,,56430,2
181346,,56431,7
181347,,56431,3
181348,,56431,7
181349,,56431,2
181350,,56431,7
181398,,56449,2
181399,,56449,7
181400,,56449,14
181401,,56449,2
181422,,56458,7
181423,,56458,5
181424,,56458,4
181664,,56534,2
181665,,56534,7
181666,,56534,14
181667,,56534,2
181668,,56535,2
181669,,56535,7
181670,,56535,14
181671,,56535,2
181758,,56566,1
181759,,56566,1
181760,,56566,1
181761,,56566,1
181762,,56566,1
181763,,56567,1
181764,,56567,1
181765,,56567,1
181766,,56567,1
181767,,56567,1
181791,,56577,1
181792,,56577,1
181793,,56577,1
181794,,56577,1
181795,,56577,1
181796,,56577,1
181802,,56579,1
181803,,56579,1
181804,,56579,2
181805,,56579,1
181806,,56579,1
181951,,56623,2
181952,,56623,7
181953,,56623,14
181954,,56623,2
182005,,56640,2
182006,,56640,7
182007,,56640,14
182008,,56640,2
182023,,56644,7
182024,,56644,7
182025,,56644,7
182077,,56661,2
182078,,56661,7
182079,,56661,14
182080,,56661,2
182157,,56686,2
182158,,56686,7
182159,,56686,14
182160,,56686,2
182161,,56686,2
182162,,56686,1
182182,,56694,2
182183,,56694,7
182184,,56694,14
182185,,56694,2
182186,,56695,1
182187,,56695,1
182188,,56695,1
182189,,56695,1
182190,,56695,1
182191,,56695,1
182192,,56695,1
182193,,56695,1
182372,,56745,2
182373,,56745,7
182374,,56745,14
182375,,56745,2
182376,,56746,2
182377,,56746,7
182378,,56746,14
182379,,56746,2
182456,,56773,1
182457,,56773,1
182458,,56773,1
182459,,56773,1
182460,,56773,1
182461,,56774,2
182462,,56774,7
182463,,56774,14
182464,,56774,2
182465,,56775,2
182466,,56775,7
182467,,56775,14
182468,,56775,2
182520,,56790,2
182521,,56790,7
182522,,56790,14
182523,,56790,2
182585,,56811,2
182586,,56811,7
182587,,56811,14
182588,,56811,2
182613,,56820,1
182614,,56820,1
182615,,56820,1
182625,,56824,15
182626,,56824,15
182634,,56827,2
182635,,56827,7
182636,,56827,14
182637,,56827,2
182676,,56841,20
182677,,56841,20
182678,,56841,20
182679,,56841,20
182803,,56877,1
182804,,56877,1
182805,,56877,1
182806,,56877,1
182807,,56877,1
182808,,56877,1
182809,,56877,1
182859,,56892,2
182860,,56892,7
182861,,56892,14
182862,,56892,2
182959,,56927,2
182960,,56927,7
182961,,56927,14
182962,,56927,2
182981,,56934,2
182982,,56934,7
182983,,56934,14
182984,,56934,2
183003,,56941,2
183004,,56941,7
183005,,56941,14
183006,,56941,2
183007,,56942,2
183008,,56942,7
183009,,56942,14
183010,,56942,2
183018,,56945,2
183019,,56945,7
183020,,56945,14
183021,,56945,2
183082,,56966,11
183083,,56966,14
183084,,56966,12
183085,,56966,59
183086,,56966,12
183087,,56966,5
183088,,56966,8
183089,,56966,1
183090,,56966,8
183091,,56966,2
183092,,56966,5
183093,,56966,4
183094,,56966,3
183095,,56966,19
183096,,56966,17
183097,,56966,9
183098,,56966,9
183099,,56966,12
183100,,56966,15
183101,,56966,70
183102,,56966,9
183124,,56974,6
183125,,56974,27
183126,,56974,109
183127,,56974,25
183128,,56974,23
183129,,56974,21
183130,,56974,9
183131,,56974,35
183132,,56974,4
183133,,56974,13
183134,,56974,12
183135,,56974,7
183136,,56974,32
183137,,56974,27
183138,,56974,11
183139,,56974,25
183140,,56974,15
183141,,56974,31
183142,,56974,15
183150,,56976,2
183151,,56976,7
183152,,56976,14
183153,,56976,2
183217,,56991,90
183218,,56991,60
183219,,56991,30
183220,,56991,30
183221,,56991,30
183222,,56991,30
183223,,56991,30
183224,,56991,30
183225,,56991,30
183226,,56991,30
183227,,56991,30
183228,,56991,30
183229,,56991,30
183230,,56991,30
183231,,56991,30
183232,,56991,30
183233,,56991,30
183234,,56991,30
183235,,56991,30
183305,,57011,2
183306,,57011,7
183307,,57011,14
183308,,57011,2
183333,,57019,1
183334,,57019,1
183335,,57019,1
183349,,57025,2
183350,,57025,7
183351,,57025,14
183352,,57025,2
183425,,57043,14
183426,,57043,14
183427,,57043,1
183428,,57043,1
183429,,57043,1
183465,,57052,3
183466,,57052,7
183467,,57052,14
183468,,57052,2
183562,,57085,2
183563,,57085,7
183564,,57085,14
183565,,57085,2
183618,,57103,2
183619,,57103,7
183620,,57103,14
183621,,57103,2
183689,,57127,2
183690,,57127,7
183691,,57127,14
183692,,57127,2
183693,,57128,2
183694,,57128,7
183695,,57128,14
183696,,57128,2
183734,,57139,1
183735,,57139,1
183736,,57139,1
183737,,57139,1
183762,,57146,2
183763,,57146,7
183764,,57146,14
183765,,57146,2
183818,,57156,2
183819,,57156,7
183820,,57156,14
183821,,57156,2
183839,,57163,2
183840,,57163,2
183841,,57164,1
183842,,57164,1
183843,,57164,1
183844,,57164,1
183845,,57164,1
183846,,57164,1
183847,,57165,1
183848,,57165,1
183849,,57165,1
183850,,57165,1
183851,,57165,1
183852,,57165,1
183878,,57175,2
183879,,57175,7
183880,,57175,14
183881,,57175,2
183904,,57185,14
183905,,57185,7
183906,,57185,7
183907,,57185,7
183908,,57185,1
183909,,57185,7
183910,,57185,1
183911,,57185,1
183912,,57185,7
183913,,57186,2
183914,,57186,7
183915,,57186,14
183916,,57186,2
183952,,57198,2
183953,,57198,7
183954,,57198,14
183955,,57198,2
184040,,57226,30
184041,,57226,30
184042,,57226,30
184043,,57226,30
184055,,57231,2
184056,,57231,7
184057,,57231,14
184058,,57231,2
184091,,57241,2
184092,,57241,7
184093,,57241,14
184094,,57241,2
184110,,57247,2
184111,,57247,7
184112,,57247,14
184113,,57247,2
184240,,57288,2
184241,,57288,5
184242,,57288,5
184243,,57288,2
184308,,57312,1
184309,,57312,1
184310,,57312,1
184311,,57312,1
184314,,57314,2
184315,,57314,7
184316,,57314,14
184317,,57314,2
184318,,57315,2
184319,,57315,7
184320,,57315,14
184321,,57315,2
184335,,57320,1
184336,,57320,1
184337,,57320,3
184338,,57320,3
184339,,57320,3
184340,,57320,3
184368,,57330,2
184369,,57330,7
184370,,57330,14
184371,,57330,2
184464,,57361,1
184465,,57361,1
184466,,57361,1
184467,,57361,1
184468,,57361,1
184469,,57361,1
184470,,57361,1
184471,,57361,1
184472,,57361,1
184473,,57361,1
184491,,57368,4
184492,,57368,3
184493,,57368,5
184494,,57368,4
184495,,57368,2
184513,,57374,2
184514,,57374,7
184515,,57374,14
184516,,57374,2
184649,,57417,1
184650,,57417,1
184651,,57417,1
184652,,57417,1
184657,,57419,7
184658,,57419,1
184659,,57419,7
184660,,57419,3
184667,,57422,2
184668,,57422,7
184669,,57422,14
184670,,57422,2
184671,,57423,2
184672,,57423,7
184673,,57423,14
184674,,57423,2
184702,,57433,2
184703,,57433,7
184704,,57433,14
184705,,57433,2
184706,,57434,1
184707,,57434,1
184708,,57434,1
184709,,57434,1
184751,,57443,2
184752,,57443,7
184753,,57443,14
184754,,57443,2
184777,,57451,7
184778,,57451,2
184779,,57451,7
184780,,57451,1
184781,,57451,2
184792,,57455,1
184793,,57455,1
184860,,57468,1
184861,,57468,7
184862,,57468,7
184863,,57468,1
184864,,57468,1
184872,,57472,2
184873,,57472,7
184874,,57472,14
184875,,57472,2
184899,,57478,2
184900,,57478,7
184901,,57478,14
184902,,57478,2
184903,,57479,2
184904,,57479,7
184905,,57479,14
184906,,57479,2
184907,,57480,2
184908,,57480,2
184909,,57481,2
184910,,57481,2
184911,,57482,2
184912,,57482,2
184913,,57483,2
184914,,57483,2
184915,,57484,2
184916,,57484,2
184917,,57485,2
184918,,57485,2
184919,,57486,2
184920,,57486,2
184921,,57487,2
184922,,57487,2
184923,,57488,2
184924,,57488,7
184925,,57488,14
184926,,57488,2
184927,,57489,2
184928,,57489,7
184929,,57489,14
184930,,57489,2
184942,,57493,2
184943,,57493,7
184944,,57493,14
184945,,57493,2
185026,,57514,2
185027,,57514,7
185028,,57514,14
185029,,57514,2
185085,,57532,6
185086,,57532,1
185087,,57532,1
185088,,57532,1
185089,,57532,7
185090,,57532,7
185091,,57532,2
185103,,57536,6
185104,,57536,3
185105,,57536,1
185106,,57536,1
185107,,57536,7
185108,,57536,1
185109,,57536,3
185110,,57536,1
185111,,57536,1
185112,,57536,2
185113,,57536,2
185114,,57536,7
185120,,57539,2
185121,,57539,7
185122,,57539,14
185123,,57539,2
185174,,57555,2
185175,,57555,7
185176,,57555,14
185177,,57555,2
185280,,57565,1
185281,,57565,1
185282,,57565,1
185283,,57565,1
185284,,57565,1
185307,,57574,2
185308,,57574,7
185309,,57574,14
185310,,57574,2
185425,,57609,1
185426,,57609,1
185427,,57609,1
185553,,57651,2
185554,,57651,7
185555,,57651,14
185556,,57651,2
185642,,57679,2
185643,,57679,7
185644,,57679,14
185645,,57679,2
185646,,57680,2
185647,,57680,7
185648,,57680,14
185649,,57680,2
185773,,57713,1
185774,,57713,1
185775,,57713,1
185776,,57713,1
185777,,57713,1
185778,,57713,1
185779,,57714,1
185780,,57714,1
185781,,57714,1
185876,,57746,11
185877,,57746,11
185878,,57746,11
185879,,57746,11
185880,,57746,11
185881,,57746,10
185882,,57746,10
185883,,57746,10
185884,,57746,10
185899,,57749,2
185900,,57749,7
185901,,57749,14
185902,,57749,2
185939,,57760,7
185940,,57760,1
185941,,57760,4
185942,,57760,4
186354,,57858,2
186355,,57858,7
186356,,57858,14
186357,,57858,2
186439,,57880,2
186440,,57880,7
186441,,57880,14
186442,,57880,2
186443,,57881,2
186444,,57881,7
186445,,57881,14
186446,,57881,2
186447,,57882,2
186448,,57882,7
186449,,57882,14
186450,,57882,2
186462,,57887,2
186463,,57887,7
186464,,57887,14
186465,,57887,2
186522,,57908,2
186523,,57908,7
186524,,57908,14
186525,,57908,2
186526,,57909,4
186527,,57909,2
186528,,57909,6
186529,,57909,8
186530,,57909,3
186531,,57909,2
186532,,57909,1
186587,,57924,2
186588,,57924,7
186589,,57924,14
186590,,57924,2
186615,,57933,2
186616,,57933,7
186617,,57933,14
186618,,57933,2
186847,,57998,1
186848,,57998,2
186849,,57998,1
186850,,57998,1
186851,,57998,1
186852,,57998,1
186853,,57998,1
186854,,57998,1
186855,,57998,7
186856,,57998,3
186874,,58003,3
186875,,58003,2
186876,,58003,1
186969,,58031,1
186970,,58031,1
186971,,58031,1
186972,,58031,1
186973,,58032,1
186974,,58032,1
186975,,58032,1
186976,,58032,1
186977,,58033,1
186978,,58033,1
186979,,58033,1
186980,,58033,1
186981,,58034,1
186982,,58034,1
186983,,58034,1
186984,,58034,1
186985,,58035,1
186986,,58035,1
186987,,58035,1
186988,,58035,1
186995,,58038,1
186996,,58038,1
186997,,58038,1
186998,,58038,1
186999,,58038,1
187000,,58038,1
187035,,58048,2
187036,,58048,7
187037,,58048,14
187038,,58048,2
187039,,58049,2
187040,,58049,7
187041,,58049,14
187042,,58049,2
187043,,58050,2
187044,,58050,7
187045,,58050,14
187046,,58050,2
187047,,58051,2
187048,,58051,7
187049,,58051,14
187050,,58051,2
187051,,58052,2
187052,,58052,7
187053,,58052,14
187054,,58052,2
187057,,58054,10
187058,,58054,5
187059,,58054,5
187060,,58054,5
187061,,58054,10
187062,,58054,5
187063,,58054,5
187064,,58054,5
187254,,58113,2
187255,,58113,7
187256,,58113,14
187257,,58113,2
187265,,58116,2
187266,,58116,7
187267,,58116,14
187268,,58116,2
187269,,58117,2
187270,,58117,7
187271,,58117,14
187272,,58117,2
187397,,58158,2
187398,,58158,7
187399,,58158,14
187400,,58158,2
187532,,58199,2
187533,,58199,7
187534,,58199,14
187535,,58199,2
187596,,58216,2
187597,,58216,7
187598,,58216,14
187599,,58216,2
187615,,58220,2
187616,,58220,7
187617,,58220,14
187618,,58220,2
187619,,58221,2
187620,,58221,7
187621,,58221,14
187622,,58221,2
187623,,58222,2
187624,,58222,7
187625,,58222,14
187626,,58222,2
187627,,58223,2
187628,,58223,7
187629,,58223,14
187630,,58223,2
187631,,58224,2
187632,,58224,7
187633,,58224,14
187634,,58224,2
187810,,58279,2
187811,,58279,7
187812,,58279,14
187813,,58279,2
187814,,58280,2
187815,,58280,7
187816,,58280,14
187817,,58280,2
187865,,58297,2
187866,,58297,7
187867,,58297,14
187868,,58297,2
187915,,58313,2
187916,,58313,7
187917,,58313,14
187918,,58313,2
187926,,58316,2
187927,,58316,7
187928,,58316,14
187929,,58316,2
187936,,58319,2
187937,,58319,7
187938,,58319,14
187939,,58319,2
187948,,58323,7
187949,,58323,1
187950,,58323,1
187951,,58323,2
187952,,58323,2
187995,,58337,1
187996,,58337,1
187997,,58337,1
187998,,58337,1
188017,,58343,2
188018,,58343,7
188019,,58343,14
188020,,58343,2
188035,,58348,2
188036,,58348,7
188037,,58348,14
188038,,58348,2
188039,,58349,2
188040,,58349,7
188041,,58349,14
188042,,58349,2
188051,,58352,1
188052,,58352,1
188053,,58352,1
188054,,58352,1
188055,,58352,1
188056,,58352,1
188057,,58352,1
188058,,58352,1
188059,,58352,1
188060,,58352,1
188061,,58352,1
188062,,58352,1
188085,,58366,1
188086,,58366,1
188087,,58366,1
188088,,58366,1
188288,,58436,2
188289,,58436,7
188290,,58436,14
188291,,58436,2
188292,,58436,30
188293,,58436,20
188300,,58439,2
188301,,58439,7
188302,,58439,14
188303,,58439,2
188304,,58440,2
188305,,58440,7
188306,,58440,14
188307,,58441,2
188308,,58441,7
188309,,58441,14
188310,,58442,2
188311,,58442,7
188312,,58442,14
188313,,58443,2
188314,,58443,7
188315,,58443,14
188429,,58486,5
188430,,58486,3
188431,,58486,2
188619,,58551,2
188620,,58551,7
188621,,58551,14
188622,,58551,2
188623,,58552,2
188624,,58552,7
188625,,58552,14
188626,,58552,2
188627,,58553,2
188628,,58553,7
188629,,58553,14
188630,,58553,2
188631,,58554,7
188632,,58554,5
188633,,58554,12
188634,,58554,1
188653,,58559,7
188654,,58559,7
188655,,58559,7
188656,,58559,7
188727,,58582,2
188728,,58582,7
188729,,58582,14
188730,,58582,2
188810,,58610,2
188811,,58610,7
188812,,58610,14
188813,,58610,2
188884,,58633,2
188885,,58633,7
188886,,58633,14
188887,,58633,2
188952,,58656,2
188953,,58656,7
188954,,58656,14
188955,,58656,2
188979,,58667,2
188980,,58667,7
188981,,58667,14
188982,,58667,2
189055,,58690,2
189056,,58690,7
189057,,58690,14
189058,,58690,2
189066,,58693,2
189067,,58693,7
189068,,58693,14
189069,,58693,2
189070,,58694,2
189071,,58694,7
189072,,58694,14
189073,,58694,2
189112,,58709,1
189113,,58709,1
189114,,58709,1
189115,,58709,1
189116,,58709,1
189117,,58709,1
189134,,58715,2
189135,,58715,7
189136,,58715,14
189137,,58715,2
189163,,58723,2
189164,,58723,7
189165,,58723,14
189166,,58723,2
189183,,58727,2
189184,,58727,7
189185,,58727,14
189186,,58727,2
189205,,58734,1
189206,,58734,1
189207,,58734,1
189210,,58736,1
189211,,58736,1
189212,,58736,1
189213,,58736,1
189232,,58743,2
189233,,58743,7
189234,,58743,14
189235,,58743,2
189463,,58811,2
189464,,58811,7
189465,,58811,14
189466,,58811,2
189467,,58812,1
189468,,58812,5
189469,,58812,2
189470,,58812,1
189589,,58844,2
189590,,58844,7
189591,,58844,14
189592,,58844,2
189605,,58849,30
189606,,58849,4
189607,,58849,2
189608,,58849,15
189609,,58849,30
189610,,58849,2
189611,,58849,15
189612,,58849,30
189613,,58849,15
189614,,58849,30
189615,,58849,4
189616,,58849,4
189617,,58849,4
189618,,58850,30
189619,,58850,4
189620,,58850,2
189621,,58850,8
189622,,58850,30
189623,,58850,2
189624,,58850,8
189625,,58850,8
189626,,58850,8
189627,,58850,30
189628,,58850,4
189629,,58850,4
189630,,58850,8
189631,,58851,30
189632,,58851,8
189633,,58851,8
189634,,58851,8
189635,,58851,8
189636,,58851,2
189641,,58853,15
189642,,58853,8
189643,,58853,8
189644,,58853,8
189645,,58853,8
189646,,58853,2
189647,,58854,15
189648,,58854,15
189649,,58854,8
189650,,58854,2
189651,,58854,15
189652,,58855,6
189653,,58855,8
189654,,58855,8
189655,,58855,8
189656,,58855,4
189657,,58856,6
189658,,58856,6
189659,,58856,8
189660,,58856,4
189661,,58856,4
189662,,58856,4
189663,,58857,30
189664,,58857,15
189665,,58857,8
189666,,58857,15
189667,,58857,6
189668,,58858,15
189669,,58858,15
189670,,58858,2
189671,,58858,4
189672,,58858,4
189673,,58858,4
189674,,58859,2
189675,,58859,8
189676,,58859,4
189677,,58859,6
189678,,58859,1
189679,,58860,30
189680,,58860,1
189681,,58860,2
189682,,58860,30
189729,,58877,15
189730,,58877,5
189731,,58877,30
189732,,58878,2
189733,,58878,7
189734,,58878,14
189735,,58878,2
189935,,58938,2
189936,,58938,7
189937,,58938,14
189938,,58938,2
189939,,58939,2
189940,,58939,7
189941,,58939,14
189942,,58939,2
190125,,58986,2
190126,,58986,7
190127,,58986,14
190128,,58986,2
190148,,58994,2
190149,,58994,7
190150,,58994,14
190151,,58994,2
190155,,58996,2
190156,,58996,7
190157,,58996,14
190158,,58996,2
190192,,59009,1
190193,,59009,1
190194,,59009,1
190195,,59009,1
190196,,59009,1
190278,,59041,1
190279,,59041,1
190280,,59041,1
190281,,59041,1
190282,,59041,1
190283,,59041,1
190284,,59041,1
190285,,59041,1
190291,,59044,2
190292,,59044,7
190293,,59044,14
190294,,59044,3
190295,,59044,20
190296,,59044,8
190297,,59044,6
190546,,59127,2
190547,,59127,7
190548,,59127,14
190549,,59127,2
190617,,59148,2
190618,,59148,7
190619,,59148,14
190620,,59148,2
190623,,59150,2
190624,,59150,7
190625,,59150,14
190626,,59150,2
190690,,59169,1
190691,,59169,1
190873,,59230,2
190874,,59230,7
190875,,59230,14
190876,,59230,2
191101,,59300,2
191102,,59300,7
191103,,59300,14
191104,,59300,2
191105,,59301,2
191106,,59301,7
191107,,59301,14
191108,,59301,2
191134,,59311,2
191135,,59311,7
191136,,59311,14
191137,,59311,2
191138,,59312,2
191139,,59312,7
191140,,59312,14
191141,,59312,2
191163,,59320,1
191164,,59320,1
191165,,59320,1
191166,,59320,1
191167,,59320,1
191168,,59321,1
191169,,59321,1
191170,,59321,1
191171,,59321,1
191172,,59321,1
191180,,59325,2
191181,,59325,7
191182,,59325,14
191183,,59325,2
191184,,59326,2
191185,,59326,7
191186,,59326,14
191187,,59326,2
191188,,59327,2
191189,,59327,7
191190,,59327,14
191191,,59327,2
191192,,59328,2
191193,,59328,7
191194,,59328,14
191195,,59328,2
191284,,59352,2
191285,,59352,1
191286,,59352,2
191297,,59357,2
191298,,59357,7
191299,,59357,14
191300,,59357,2
191305,,59359,2
191306,,59359,7
191307,,59359,14
191308,,59359,2
191489,,59414,2
191490,,59414,7
191491,,59414,14
191492,,59414,2
191509,,59419,2
191510,,59419,7
191511,,59419,14
191512,,59419,2
191513,,59420,2
191514,,59420,7
191515,,59420,14
191516,,59420,2
191534,,59427,2
191535,,59427,7
191536,,59427,14
191537,,59427,2
191554,,59434,2
191555,,59434,7
191556,,59434,14
191557,,59434,2
191558,,59435,2
191559,,59435,7
191560,,59435,14
191561,,59435,2
191562,,59436,2
191563,,59436,7
191564,,59436,14
191565,,59436,2
191566,,59437,2
191567,,59437,7
191568,,59437,14
191569,,59437,2
191570,,59438,2
191571,,59438,7
191572,,59438,14
191573,,59438,2
191664,,59471,2
191665,,59471,7
191666,,59471,14
191667,,59471,2
191805,,59502,2
191806,,59502,7
191807,,59502,14
191808,,59502,2
191809,,59503,1
191810,,59503,1
191811,,59503,1
191958,,59558,2
191959,,59558,7
191960,,59558,14
191961,,59558,2
191962,,59559,2
191963,,59559,7
191964,,59559,14
191965,,59559,2
192035,,59579,1
192036,,59579,1
192037,,59579,1
192079,,59593,2
192080,,59593,7
192081,,59593,14
192082,,59593,2
192083,,59593,20
192084,,59593,15
192085,,59593,20
192144,,59612,2
192145,,59612,7
192146,,59612,14
192147,,59612,2
192188,,59624,2
192189,,59624,7
192190,,59624,14
192191,,59624,2
192225,,59636,2
192226,,59636,7
192227,,59636,14
192228,,59636,2
192427,,59700,1
192428,,59700,1
192513,,59729,2
192514,,59729,7
192515,,59729,14
192516,,59729,2
192527,,59738,2
192528,,59738,7
192529,,59738,14
192530,,59738,2
192621,,59765,2
192622,,59765,7
192623,,59765,14
192624,,59765,2
192625,,59766,2
192626,,59766,7
192627,,59766,14
192628,,59766,2
192762,,59810,2
192763,,59810,7
192764,,59810,14
192765,,59810,2
192786,,59817,2
192787,,59817,7
192788,,59817,14
192789,,59817,2
192864,,59843,2
192865,,59843,7
192866,,59843,14
192867,,59843,2
192920,,59861,1
192921,,59861,1
192922,,59861,1
192923,,59861,1
192924,,59861,1
192925,,59862,1
192926,,59862,1
192927,,59862,1
192928,,59862,1
192929,,59862,1
192930,,59863,1
192931,,59863,1
192932,,59863,1
192933,,59863,1
192934,,59863,1
192935,,59864,1
192936,,59864,1
192937,,59864,1
192938,,59864,1
192939,,59864,1
193045,,59898,1
193046,,59898,1
193047,,59898,1
193048,,59898,1
193105,,59914,2
193106,,59914,7
193107,,59914,14
193108,,59914,2
193192,,59945,2
193193,,59945,7
193194,,59945,14
193195,,59945,2
193202,,59947,2
193203,,59947,7
193204,,59947,14
193205,,59947,2
193335,,59985,2
193336,,59985,7
193337,,59985,14
193338,,59985,2
193352,,59989,1
193353,,59989,1
193354,,59989,1
193456,,60025,1
193457,,60025,1
193458,,60025,1
193482,,60032,1
193483,,60032,1
193484,,60032,1
193485,,60032,1
193486,,60032,1
193487,,60032,1
193488,,60032,1
193489,,60033,2
193490,,60033,7
193491,,60033,14
193492,,60033,2
193654,,60079,2
193655,,60079,7
193656,,60079,14
193657,,60079,2
193658,,60080,1
193659,,60080,1
193660,,60080,1
193661,,60081,1
193662,,60081,1
193663,,60081,1
193664,,60082,1
193665,,60082,1
193666,,60082,1
193667,,60083,1
193668,,60083,1
193669,,60083,1
193670,,60084,1
193671,,60084,1
193672,,60084,1
193679,,60087,1
193680,,60087,1
193681,,60087,1
193783,,60120,2
193784,,60120,7
193785,,60120,14
193786,,60120,2
193906,,60152,2
193907,,60152,7
193908,,60152,14
193909,,60152,2
194096,,60205,2
194097,,60205,7
194098,,60205,14
194099,,60205,2
194100,,60206,2
194101,,60206,7
194102,,60206,14
194103,,60206,2
194164,,60226,2
194165,,60226,7
194166,,60226,14
194167,,60226,2
194174,,60230,2
194175,,60230,7
194176,,60230,14
194177,,60230,2
194207,,60239,2
194208,,60239,7
194209,,60239,14
194210,,60239,2
194219,,60243,2
194220,,60243,2
194221,,60243,2
194222,,60243,2
194223,,60243,2
194224,,60243,2
194286,,60265,2
194287,,60265,7
194288,,60265,14
194289,,60265,2
194343,,60282,2
194344,,60282,3
194345,,60282,2
194346,,60282,2
194361,,60288,2
194362,,60288,7
194363,,60288,14
194364,,60288,2
194435,,60310,1
194436,,60310,1
194437,,60310,1
194438,,60310,1
194496,,60332,1
194497,,60332,1
194498,,60332,1
194499,,60332,1
194500,,60332,1
194501,,60332,1
194502,,60332,1
194503,,60333,1
194504,,60333,1
194505,,60333,1
194506,,60333,1
194507,,60333,1
194508,,60333,1
194509,,60333,1
194510,,60333,1
194511,,60333,1
194512,,60333,1
194556,,60350,1
194557,,60350,1
194558,,60350,1
194559,,60350,1
194592,,60366,2
194593,,60366,7
194594,,60366,14
194595,,60366,2
194596,,60367,7
194597,,60367,7
194598,,60367,1
194599,,60367,1
194600,,60367,1
194601,,60367,1
194602,,60367,1
194846,,60444,1
194847,,60444,1
194848,,60444,1
194941,,60476,2
194942,,60476,7
194943,,60476,14
194944,,60476,2
194974,,60484,2
194975,,60484,2
194976,,60484,1
194977,,60484,1
194978,,60484,1
194979,,60484,3
194980,,60484,1
194981,,60484,1
194982,,60484,1
194983,,60484,1
195096,,60519,2
195097,,60519,7
195098,,60519,14
195099,,60519,2
195100,,60520,2
195101,,60520,7
195102,,60520,14
195103,,60520,2
195104,,60521,2
195105,,60521,7
195106,,60521,14
195107,,60521,2
195108,,60522,2
195109,,60522,7
195110,,60522,14
195111,,60522,2
195112,,60523,2
195113,,60523,7
195114,,60523,14
195115,,60523,2
195126,,60526,2
195127,,60526,1
195128,,60526,14
195129,,60526,2
195130,,60526,14
195131,,60526,7
195132,,60526,7
195133,,60527,2
195134,,60527,1
195135,,60527,14
195136,,60527,2
195137,,60527,14
195138,,60527,7
195139,,60527,7
195140,,60528,2
195141,,60528,1
195142,,60528,14
195143,,60528,2
195144,,60528,14
195145,,60528,7
195146,,60528,7
195188,,60543,1
195189,,60543,1
195230,,60557,14
195231,,60557,14
195232,,60557,2
195233,,60557,2
195243,,60561,1
195244,,60561,1
195245,,60561,1
195253,,60563,30
195254,,60563,10
195255,,60563,30
195256,,60563,15
195257,,60563,4
195258,,60563,4
195267,,60569,1
195268,,60569,1
195269,,60569,7
195270,,60569,7
195271,,60569,3
195272,,60569,5
195273,,60569,5
195274,,60569,7
195275,,60569,7
195276,,60569,7
195277,,60569,1
195278,,60569,5
195279,,60570,1
195280,,60570,1
195281,,60570,7
195282,,60570,7
195283,,60570,3
195284,,60570,5
195285,,60570,5
195286,,60570,7
195287,,60570,7
195288,,60570,7
195289,,60570,1
195290,,60570,5
195291,,60571,1
195292,,60571,1
195293,,60571,7
195294,,60571,7
195295,,60571,3
195296,,60571,5
195297,,60571,5
195298,,60571,7
195299,,60571,7
195300,,60571,7
195301,,60571,1
195302,,60571,5
195317,,60577,1
195318,,60577,1
195319,,60577,1
195320,,60577,1
195321,,60577,1
195322,,60578,1
195323,,60578,1
195324,,60578,1
195325,,60578,1
195326,,60578,1
195354,,60588,2
195355,,60588,7
195356,,60588,14
195357,,60588,2
195414,,60607,2
195415,,60607,7
195416,,60607,14
195417,,60607,2
195433,,60613,2
195434,,60613,7
195435,,60613,14
195436,,60613,2
195545,,60646,1
195546,,60646,1
195547,,60646,1
195548,,60646,1
195549,,60646,1
195593,,60659,2
195594,,60659,7
195595,,60659,14
195596,,60659,2
195597,,60660,1
195598,,60660,1
195599,,60660,1
195609,,60664,1
195610,,60664,1
195611,,60664,1
195648,,60677,2
195649,,60677,7
195650,,60677,14
195651,,60677,2
195665,,60683,2
195666,,60683,7
195667,,60683,14
195668,,60683,2
195706,,60695,10
195707,,60695,10
195708,,60695,10
195709,,60695,10
195745,,60707,2
195746,,60707,7
195747,,60707,14
195748,,60707,2
195755,,60710,1
195756,,60710,1
195757,,60710,1
195758,,60710,1
195759,,60710,1
195760,,60710,1
195761,,60710,1
195774,,60714,2
195775,,60714,7
195776,,60714,14
195777,,60714,2
195901,,60755,2
195902,,60755,7
195903,,60755,14
195904,,60755,2
196201,,60842,2
196202,,60842,7
196203,,60842,14
196204,,60842,2
196214,,60846,1
196215,,60846,1
196216,,60846,1
196483,,60931,2
196484,,60931,7
196485,,60931,14
196486,,60931,2
196487,,60932,2
196488,,60932,7
196489,,60932,14
196490,,60932,2
196613,,60972,1
196614,,60972,1
196615,,60972,1
196616,,60972,1
196617,,60972,1
196618,,60972,1
196619,,60972,1
196620,,60972,1
196621,,60972,1
196622,,60972,1
196623,,60972,1
196624,,60972,1
196625,,60972,1
196626,,60972,1
196627,,60972,1
196628,,60972,1
196629,,60972,1
196630,,60972,1
196631,,60972,1
196632,,60972,1
196633,,60972,1
196634,,60972,1
196635,,60972,1
196636,,60972,1
196637,,60972,1
196638,,60972,1
196639,,60972,1
196640,,60972,1
196641,,60972,1
196642,,60972,1
196643,,60972,1
196644,,60972,1
196645,,60972,1
196646,,60972,1
196667,,60980,2
196668,,60980,7
196669,,60980,14
196670,,60980,2
196713,,60992,4
196714,,60992,4
196715,,60992,4
196716,,60992,4
196717,,60993,2
196718,,60993,7
196719,,60993,14
196720,,60993,2
196769,,61009,2
196770,,61009,7
196771,,61009,14
196772,,61009,5
196773,,61010,3
196774,,61010,3
196775,,61010,3
196794,,61017,5
196795,,61017,27
196796,,61017,3
196797,,61017,7
196833,,61026,1
196834,,61026,1
196835,,61026,1
196836,,61026,1
196837,,61027,2
196838,,61027,7
196839,,61027,14
196840,,61027,2
196841,,61028,2
196842,,61028,7
196843,,61028,14
196844,,61028,2
196845,,61029,2
196846,,61029,7
196847,,61029,14
196848,,61029,2
196881,,61041,1
196882,,61041,1
196883,,61041,1
196884,,61041,1
196885,,61041,1
196886,,61041,1
196887,,61041,1
196895,,61044,2
196896,,61044,2
196897,,61044,2
196898,,61044,2
196899,,61044,2
196900,,61044,2
196901,,61044,2
196922,,61053,1
196923,,61053,1
196924,,61053,1
196925,,61053,1
197008,,61080,1
197009,,61080,2
197010,,61080,1
197011,,61080,1
197158,,61120,1
197159,,61120,1
197160,,61120,1
197161,,61120,1
197235,,61152,2
197236,,61152,7
197237,,61152,14
197238,,61152,2
197311,,61175,2
197312,,61175,7
197313,,61175,14
197314,,61175,2
197315,,61176,2
197316,,61176,7
197317,,61176,14
197318,,61176,2
197360,,61194,1
197361,,61194,1
197362,,61194,1
197392,,61204,1
197393,,61204,1
197394,,61204,1
197395,,61204,1
197396,,61204,1
197397,,61204,1
197445,,61220,7
197446,,61220,7
197516,,61249,2
197517,,61249,7
197518,,61249,14
197519,,61249,2
197622,,61279,1
197623,,61279,1
197649,,61288,1
197650,,61288,7
197651,,61288,2
197667,,61293,2
197668,,61293,7
197669,,61293,14
197670,,61293,2
197920,,61365,1
197921,,61365,1
197922,,61365,1
197923,,61365,1
197924,,61366,1
197925,,61366,1
197926,,61366,1
197927,,61366,1
198040,,61407,2
198041,,61407,7
198042,,61407,14
198043,,61407,2
198218,,61458,2
198219,,61458,7
198220,,61458,14
198221,,61458,2
198240,,61465,2
198241,,61465,7
198242,,61465,14
198243,,61465,2
198259,,61470,1
198260,,61470,1
198261,,61470,1
198262,,61470,1
198273,,61475,1
198274,,61475,1
198275,,61475,1
198276,,61475,1
198470,,61543,2
198471,,61543,7
198472,,61543,14
198473,,61543,2
198668,,61608,2
198669,,61608,2
198670,,61608,2
198741,,61626,1
198742,,61626,1
198743,,61626,1
198744,,61626,1
198745,,61626,1
198746,,61626,1
198747,,61626,1
198748,,61626,1
198749,,61626,1
198750,,61626,1
198811,,61646,1
198812,,61646,1
198813,,61646,1
198817,,61648,1
198818,,61648,1
198819,,61648,1
198825,,61651,2
198826,,61651,7
198827,,61651,14
198828,,61651,2
198829,,61652,2
198830,,61652,7
198831,,61652,14
198832,,61652,2
198833,,61653,2
198834,,61653,7
198835,,61653,14
198836,,61653,2
198845,,61657,1
198846,,61657,1
198847,,61657,1
198862,,61662,2
198863,,61662,7
198864,,61662,7
198865,,61662,2
198866,,61663,2
198867,,61663,2
198868,,61663,2
198869,,61663,2
198902,,61676,2
198903,,61676,7
198904,,61676,14
198905,,61676,2
199130,,61761,2
199131,,61761,7
199132,,61761,14
199133,,61761,2
199202,,61780,2
199203,,61780,7
199204,,61780,14
199205,,61780,2
199226,,61786,2
199227,,61786,7
199228,,61786,14
199229,,61786,2
199265,,61799,2
199266,,61799,7
199267,,61799,14
199268,,61799,2
199284,,61804,2
199285,,61804,7
199286,,61804,14
199287,,61804,2
199288,,61805,1
199289,,61805,2
199290,,61805,2
199291,,61805,1
199392,,61839,2
199393,,61839,7
199394,,61839,14
199395,,61839,2
199396,,61840,1
199397,,61840,1
199398,,61840,1
199399,,61840,1
199493,,61873,2
199494,,61873,7
199495,,61873,14
199496,,61873,2
199539,,61885,2
199540,,61885,7
199541,,61885,14
199542,,61885,2
199563,,61892,2
199564,,61892,7
199565,,61892,14
199566,,61892,2
199616,,61910,2
199617,,61910,7
199618,,61910,14
199619,,61910,2
199687,,61926,5
199688,,61926,5
199689,,61926,5
199690,,61926,3
199691,,61926,3
199692,,61926,1
199693,,61926,5
199804,,61961,14
199805,,61961,6
199806,,61961,5
199807,,61961,3
199808,,61961,3
199854,,61977,100000
199855,,61977,100000
199856,,61977,100000
199906,,61992,2
199907,,61992,7
199908,,61992,14
199909,,61992,2
199929,,62000,4
199930,,62000,1
199931,,62000,4
199932,,62000,1
199933,,62000,1
199934,,62000,1
200059,,62042,6
200060,,62042,4
200061,,62042,4
200579,,62222,2
200580,,62222,7
200581,,62222,14
200582,,62222,2
200587,,62224,1
200588,,62224,1
200589,,62224,1
200747,,62272,1
200748,,62272,1
200749,,62272,1
200750,,62272,1
200777,,62283,1
200778,,62283,1
200779,,62283,1
200790,,62287,1
200791,,62287,1
200792,,62287,1
200910,,62326,2
200911,,62326,7
200912,,62326,14
200913,,62326,2
201006,,62352,2
201007,,62352,7
201008,,62352,14
201009,,62352,2
201019,,62356,2
201020,,62356,7
201021,,62356,14
201022,,62356,2
201291,,62442,2
201292,,62442,7
201293,,62442,14
201294,,62442,2
201321,,62451,2
201322,,62451,7
201323,,62451,14
201324,,62451,2
201366,,62464,1
201367,,62464,1
201368,,62464,1
201469,,62500,1
201470,,62500,1
201471,,62500,1
201472,,62500,1
201866,,62631,1
201867,,62631,1
201868,,62631,1
201891,,62639,2
201892,,62639,7
201893,,62639,14
201894,,62639,2
202092,,62702,2
202093,,62702,7
202094,,62702,14
202095,,62702,2
202925,,62974,2
202926,,62974,7
202927,,62974,14
202928,,62974,2
202938,,62977,2
202939,,62977,7
202940,,62977,14
202941,,62977,2
203056,,63019,7
203057,,63019,6
203058,,63019,2
203059,,63019,7
203363,,63117,5
203364,,63117,1
203365,,63117,10
203375,,63121,2
203376,,63121,7
203377,,63121,14
203378,,63121,2
203379,,63122,2
203380,,63122,7
203381,,63122,14
203382,,63122,2
203430,,63141,7
203431,,63141,7
203432,,63141,7
203433,,63141,7
203739,,63247,7
203740,,63247,7
203741,,63247,2
203742,,63247,3
203743,,63247,3
203744,,63247,7
203745,,63247,4
203746,,63247,7
203747,,63247,7
203748,,63247,7
203749,,63247,7
203750,,63247,2
203818,,63269,7
203819,,63269,7
203820,,63269,4
203821,,63269,2
203822,,63269,1
203823,,63269,1
203824,,63269,3
203825,,63269,1
204226,,63385,1
204227,,63385,1
204228,,63385,1
204682,,63529,9
204683,,63529,6
204684,,63529,2
204765,,63550,1
204766,,63550,1
204767,,63550,1
204778,,63554,14
204779,,63554,2
204780,,63554,1
204781,,63554,7
204832,,63574,7
204833,,63574,7
204834,,63574,7
204835,,63574,1
204836,,63574,1
204837,,63574,1
204838,,63574,6
204839,,63574,2
205026,,63636,2
205027,,63636,1
205028,,63636,1
205034,,63639,2
205035,,63639,7
205036,,63639,14
205037,,63639,2
205038,,63640,2
205039,,63640,7
205040,,63640,14
205041,,63640,2
205185,,63684,2
205186,,63684,7
205187,,63684,14
205188,,63684,2
205234,,63698,2
205235,,63698,7
205236,,63698,14
205237,,63698,2
205363,,63734,2
205364,,63734,2
205365,,63734,2
205370,,63736,1
205371,,63736,1
205372,,63736,1
205373,,63736,1
205374,,63737,1
205375,,63737,1
205376,,63737,1
205377,,63737,1
205378,,63738,1
205379,,63738,1
205380,,63738,1
205381,,63738,1
205386,,63740,1
205387,,63740,1
205388,,63740,1
205389,,63740,1
205393,,63742,1
205394,,63742,1
205395,,63742,1
205396,,63742,1
205451,,63758,2
205452,,63758,7
205453,,63758,14
205454,,63758,2
205455,,63759,2
205456,,63759,7
205457,,63759,14
205458,,63759,2
205459,,63760,2
205460,,63760,7
205461,,63760,14
205462,,63760,2
205486,,63769,2
205487,,63769,7
205488,,63769,14
205489,,63769,2
205657,,63822,2
205658,,63822,7
205659,,63822,14
205660,,63822,2
205690,,63833,2
205691,,63833,7
205692,,63833,14
205693,,63833,2
205720,,63842,1
205721,,63842,1
205722,,63842,1
205723,,63842,1
205724,,63843,1
205725,,63843,1
205726,,63843,1
205727,,63843,1
205757,,63854,2
205758,,63854,7
205759,,63854,14
205760,,63854,2
205864,,63890,2
205865,,63890,7
205866,,63890,14
205867,,63890,2
205868,,63891,2
205869,,63891,7
205870,,63891,14
205871,,63891,2
205893,,63899,2
205894,,63899,7
205895,,63899,14
205896,,63899,2
206089,,63965,2
206090,,63965,7
206091,,63965,14
206092,,63965,2
206108,,63971,5
206109,,63971,1
206110,,63971,5
206111,,63971,7
206112,,63971,1
206113,,63971,1
206114,,63971,3
206277,,64028,1
206278,,64028,1
206279,,64028,1
206280,,64028,1
206297,,64034,1
206298,,64034,1
206299,,64034,1
206303,,64036,1
206304,,64036,1
206305,,64036,1
206374,,64057,2
206375,,64057,7
206376,,64057,14
206377,,64057,2
206393,,64062,2
206394,,64062,7
206395,,64062,14
206396,,64062,2
206408,,64066,2
206409,,64066,7
206410,,64066,14
206411,,64066,2
206636,,64130,2
206637,,64130,7
206638,,64130,14
206639,,64130,2
206812,,64187,1
206813,,64187,1
206814,,64187,1
206873,,64205,2
206874,,64205,7
206875,,64205,14
206876,,64205,2
206961,,64234,2
206962,,64234,7
206963,,64234,14
206964,,64234,2
206965,,64235,2
206966,,64235,7
206967,,64235,14
206968,,64235,2
206991,,64242,3
206992,,64242,2
207197,,64311,100
207198,,64311,30
207199,,64311,20
207224,,64319,2
207225,,64319,7
207226,,64319,14
207227,,64319,2
207239,,64324,2
207240,,64324,7
207241,,64324,14
207242,,64324,2
207283,,64339,2
207284,,64339,7
207285,,64339,14
207286,,64339,2
207287,,64340,2
207288,,64340,7
207289,,64340,14
207290,,64340,2
207291,,64341,2
207292,,64341,7
207293,,64341,14
207294,,64341,2
207404,,64375,2
207405,,64375,7
207406,,64375,14
207407,,64375,2
207494,,64400,2
207495,,64400,7
207496,,64400,14
207497,,64400,2
