id,agent_id,resource_id,instance_id,value
61958,29297,31122,9513,13.0435
61959,29297,31123,9513,30.4348
61960,29297,31124,9513,30.4348
61961,29297,31125,9513,26.087
61962,29298,31122,9513,2.30263
61963,29298,31123,9513,48.3553
61964,29298,31124,9513,48.3553
61965,29298,31125,9513,0.986842
61993,29322,31140,9521,96.0949
61994,29322,31141,9521,1.35677
61995,29322,31142,9521,2.54837
61996,29323,31140,9521,96.5472
61997,29323,31141,9521,1.31919
61998,29323,31142,9521,2.13364
61999,29324,31143,9522,4.16667
62000,29324,31144,9522,29.1667
62001,29324,31145,9522,58.3333
62002,29324,31146,9522,8.33333
62003,29325,31143,9522,8
62004,29325,31144,9522,28
62005,29325,31145,9522,56
62006,29325,31146,9522,8
62007,29326,31147,9523,66.6667
62008,29326,31148,9523,33.3333
62009,29327,31147,9523,83.3333
62010,29327,31148,9523,16.6667
62081,29380,31181,9542,19.6721
62082,29380,31182,9542,11.4754
62083,29380,31183,9542,68.8525
62084,29381,31181,9542,11.2676
62085,29381,31182,9542,9.85915
62086,29381,31183,9542,78.8732
62087,29382,31181,9542,10.2564
62088,29382,31182,9542,17.9487
62089,29382,31183,9542,71.7949
62090,29383,31184,9543,19.6721
62091,29383,31185,9543,11.4754
62092,29383,31186,9543,68.8525
62093,29384,31184,9543,11.2676
62094,29384,31185,9543,9.85915
62095,29384,31186,9543,78.8732
62096,29385,31184,9543,10.2564
62097,29385,31185,9543,17.9487
62098,29385,31186,9543,71.7949
62099,29386,31187,9544,19.6721
62100,29386,31188,9544,11.4754
62101,29386,31189,9544,68.8525
62102,29387,31187,9544,11.2676
62103,29387,31188,9544,9.85915
62104,29387,31189,9544,78.8732
62105,29388,31187,9544,10.2564
62106,29388,31188,9544,17.9487
62107,29388,31189,9544,71.7949
62120,29393,31194,9546,19.6721
62121,29393,31195,9546,11.4754
62122,29393,31196,9546,68.8525
62123,29394,31194,9546,11.2676
62124,29394,31195,9546,9.85915
62125,29394,31196,9546,78.8732
62126,29395,31194,9546,10.2564
62127,29395,31195,9546,17.9487
62128,29395,31196,9546,71.7949
62129,29396,31197,9547,19.6721
62130,29396,31198,9547,11.4754
62131,29396,31199,9547,68.8525
62132,29397,31197,9547,11.2676
62133,29397,31198,9547,9.85915
62134,29397,31199,9547,78.8732
62135,29398,31197,9547,10.2564
62136,29398,31198,9547,17.9487
62137,29398,31199,9547,71.7949
62138,29399,31200,9548,19.6721
62139,29399,31201,9548,11.4754
62140,29399,31202,9548,68.8525
62141,29400,31200,9548,11.2676
62142,29400,31201,9548,9.85915
62143,29400,31202,9548,78.8732
62144,29401,31200,9548,10.2564
62145,29401,31201,9548,17.9487
62146,29401,31202,9548,71.7949
62147,29402,31203,9549,7.64331
62148,29402,31204,9549,1.91083
62149,29402,31205,9549,26.7516
62150,29402,31206,9549,6.36943
62151,29402,31207,9549,1.91083
62152,29402,31208,9549,15.2866
62153,29402,31209,9549,40.1274
62154,29403,31203,9549,0.733796
62155,29403,31204,9549,1.92622
62156,29403,31205,9549,15.4097
62157,29403,31206,9549,66.0417
62158,29403,31207,9549,8.25521
62159,29403,31208,9549,0.628968
62160,29403,31209,9549,7.00442
62161,29404,31203,9549,8.22701
62162,29404,31204,9549,9.59818
62163,29404,31205,9549,47.9909
62164,29404,31206,9549,5.44114
62165,29404,31207,9549,3.23389
62166,29404,31208,9549,16.454
62167,29404,31209,9549,9.05488
62168,29405,31210,9550,7.64331
62169,29405,31211,9550,1.91083
62170,29405,31212,9550,26.7516
62171,29405,31213,9550,6.36943
62172,29405,31214,9550,1.91083
62173,29405,31215,9550,15.2866
62174,29405,31216,9550,40.1274
62175,29406,31210,9550,0.733796
62176,29406,31211,9550,1.92622
62177,29406,31212,9550,15.4097
62178,29406,31213,9550,66.0417
62179,29406,31214,9550,8.25521
62180,29406,31215,9550,0.628968
62181,29406,31216,9550,7.00442
62182,29407,31210,9550,8.22701
62183,29407,31211,9550,9.59818
62184,29407,31212,9550,47.9909
62185,29407,31213,9550,5.44114
62186,29407,31214,9550,3.23389
62187,29407,31215,9550,16.454
62188,29407,31216,9550,9.05488
62363,29449,31251,9565,17.0213
62364,29449,31252,9565,14.8936
62365,29449,31253,9565,59.5745
62366,29449,31254,9565,8.51064
62367,29450,31251,9565,4.87805
62368,29450,31252,9565,17.0732
62369,29450,31253,9565,68.2927
62370,29450,31254,9565,9.7561
62401,29479,31274,9571,5.91716
62402,29479,31275,9571,37.2781
62403,29479,31276,9571,49.7041
62404,29479,31277,9571,7.10059
62405,29480,31274,9571,6.03318
62406,29480,31275,9571,29.5626
62407,29480,31276,9571,59.1252
62408,29480,31277,9571,5.27903
62409,29481,31278,9572,6.22665
62410,29481,31279,9572,33.9975
62411,29481,31280,9572,52.3039
62412,29481,31281,9572,7.47198
62413,29482,31278,9572,6.03318
62414,29482,31279,9572,29.5626
62415,29482,31280,9572,59.1252
62416,29482,31281,9572,5.27903
62472,29502,31304,9580,8
62473,29502,31305,9580,28
62474,29502,31306,9580,56
62475,29502,31307,9580,8
62476,29503,31304,9580,8
62477,29503,31305,9580,28
62478,29503,31306,9580,56
62479,29503,31307,9580,8
62480,29504,31308,9581,8
62481,29504,31309,9581,28
62482,29504,31310,9581,56
62483,29504,31311,9581,8
62484,29505,31308,9581,8
62485,29505,31309,9581,28
62486,29505,31310,9581,56
62487,29505,31311,9581,8
62654,29605,31407,9613,4.87805
62655,29605,31408,9613,17.0732
62656,29605,31409,9613,68.2927
62657,29605,31410,9613,9.7561
62658,29606,31407,9613,8
62659,29606,31408,9613,28
62660,29606,31409,9613,56
62661,29606,31410,9613,8
62803,29682,31478,9637,5.55556
62804,29682,31479,9637,38.8889
62805,29682,31480,9637,38.8889
62806,29682,31481,9637,16.6667
62807,29683,31478,9637,16.6667
62808,29683,31479,9637,38.8889
62809,29683,31480,9637,38.8889
62810,29683,31481,9637,5.55556
62811,29684,31482,9638,8
62812,29684,31483,9638,28
62813,29684,31484,9638,56
62814,29684,31485,9638,8
62815,29685,31482,9638,8
62816,29685,31483,9638,28
62817,29685,31484,9638,56
62818,29685,31485,9638,8
62861,29693,31504,9642,10.3448
62862,29693,31505,9642,12.069
62863,29693,31506,9642,72.4138
62864,29693,31507,9642,5.17241
62865,29694,31504,9642,9.30233
62866,29694,31505,9642,16.2791
62867,29694,31506,9642,65.1163
62868,29694,31507,9642,9.30233
62911,29710,31523,9648,15.9574
62912,29710,31524,9648,18.617
62913,29710,31525,9648,55.8511
62914,29710,31526,9648,9.57447
62915,29711,31523,9648,2.09059
62916,29711,31524,9648,12.1951
62917,29711,31525,9648,73.1707
62918,29711,31526,9648,12.5436
63048,29739,31553,9658,22.6415
63049,29739,31554,9658,13.2075
63050,29739,31555,9658,52.8302
63051,29739,31556,9658,11.3208
63052,29740,31553,9658,23.8095
63053,29740,31554,9658,33.3333
63054,29740,31555,9658,33.3333
63055,29740,31556,9658,9.52381
63089,29762,31582,9666,8
63090,29762,31583,9666,28
63091,29762,31584,9666,56
63092,29762,31585,9666,8
63093,29763,31582,9666,8
63094,29763,31583,9666,28
63095,29763,31584,9666,56
63096,29763,31585,9666,8
63308,29901,31698,9712,16
63309,29901,31699,9712,24
63310,29901,31700,9712,8
63311,29901,31701,9712,4
63312,29901,31702,9712,32
63313,29901,31703,9712,16
63314,29902,31698,9712,36.3636
63315,29902,31699,9712,18.1818
63316,29902,31700,9712,6.06061
63317,29902,31701,9712,3.0303
63318,29902,31702,9712,24.2424
63319,29902,31703,9712,12.1212
63325,29903,31698,9712,7.84314
63326,29903,31699,9712,70.5882
63327,29903,31700,9712,1.96078
63328,29903,31701,9712,1.96078
63329,29903,31702,9712,15.6863
63330,29903,31703,9712,1.96078
63331,29904,31698,9712,16
63332,29904,31699,9712,24
63333,29904,31700,9712,8
63334,29904,31701,9712,4
63335,29904,31702,9712,32
63336,29904,31703,9712,16
63447,29960,31766,9731,12.5
63448,29960,31767,9731,25
63449,29960,31768,9731,50
63450,29960,31769,9731,12.5
63451,29961,31766,9731,23.0769
63452,29961,31767,9731,23.0769
63453,29961,31768,9731,46.1538
63454,29961,31769,9731,7.69231
63455,29965,31770,9733,8.51064
63456,29965,31771,9733,14.8936
63457,29965,31772,9733,59.5745
63458,29965,31773,9733,17.0213
63459,29966,31770,9733,9.30233
63460,29966,31771,9733,16.2791
63461,29966,31772,9733,65.1163
63462,29966,31773,9733,9.30233
63502,29992,31798,9741,8
63503,29992,31799,9741,28
63504,29992,31800,9741,56
63505,29992,31801,9741,8
63506,29993,31798,9741,8
63507,29993,31799,9741,28
63508,29993,31800,9741,56
63509,29993,31801,9741,8
63611,30010,31814,9748,17.8571
63612,30010,31815,9748,6.25
63613,30010,31816,9748,62.5
63614,30010,31817,9748,13.3929
63615,30011,31814,9748,13.1148
63616,30011,31815,9748,34.4262
63617,30011,31816,9748,45.9016
63618,30011,31817,9748,6.55738
63869,30126,31908,9787,2.3622
63870,30126,31909,9787,7.87402
63871,30126,31910,9787,11.811
63872,30126,31911,9787,77.9528
63873,30127,31908,9787,2.3622
63874,30127,31909,9787,7.87402
63875,30127,31910,9787,11.811
63876,30127,31911,9787,77.9528
63877,30128,31908,9787,2.3622
63878,30128,31909,9787,7.87402
63879,30128,31910,9787,11.811
63880,30128,31911,9787,77.9528
63881,30129,31908,9787,0.51458
63882,30129,31909,9787,4.28816
63883,30129,31910,9787,10.2916
63884,30129,31911,9787,84.9057
64066,30213,31979,9813,8
64067,30213,31980,9813,28
64068,30213,31981,9813,56
64069,30213,31982,9813,8
64070,30214,31979,9813,8
64071,30214,31980,9813,28
64072,30214,31981,9813,56
64073,30214,31982,9813,8
64141,30266,32036,9830,8
64142,30266,32037,9830,28
64143,30266,32038,9830,56
64144,30266,32039,9830,8
64145,30267,32036,9830,8
64146,30267,32037,9830,28
64147,30267,32038,9830,56
64148,30267,32039,9830,8
64277,30285,32063,9838,0.925926
64278,30285,32064,9838,6.48148
64279,30285,32065,9838,64.8148
64280,30285,32066,9838,27.7778
64281,30286,32063,9838,0.925926
64282,30286,32064,9838,6.48148
64283,30286,32065,9838,64.8148
64284,30286,32066,9838,27.7778
64336,30302,32089,9844,19.1617
64337,30302,32090,9844,4.19162
64338,30302,32091,9844,67.0659
64339,30302,32092,9844,9.58084
64340,30303,32089,9844,2.537
64341,30303,32090,9844,4.43975
64342,30303,32091,9844,88.7949
64343,30303,32092,9844,4.22833
64377,30319,32112,9850,18.8482
64378,30319,32113,9850,18.3246
64379,30319,32114,9850,43.9791
64380,30319,32115,9850,18.8482
64381,30320,32112,9850,15
64382,30320,32113,9850,17.5
64383,30320,32114,9850,52.5
64384,30320,32115,9850,15
64427,30349,32138,9860,13.5593
64428,30349,32139,9860,11.8644
64429,30349,32140,9860,47.4576
64430,30349,32141,9860,27.1186
64431,30350,32138,9860,7.59494
64432,30350,32139,9860,8.86076
64433,30350,32140,9860,53.1646
64434,30350,32141,9860,30.3797
64516,30408,32198,9879,1.52091
64517,30408,32199,9879,2.6616
64518,30408,32200,9879,74.5247
64519,30408,32201,9879,21.2928
64520,30409,32198,9879,16.129
64521,30409,32199,9879,56.4516
64522,30409,32200,9879,11.2903
64523,30409,32201,9879,16.129
64554,30423,32216,9885,4.47761
64555,30423,32217,9885,62.6866
64556,30423,32218,9885,31.3433
64557,30423,32219,9885,1.49254
64558,30424,32216,9885,10.1695
64559,30424,32217,9885,11.8644
64560,30424,32218,9885,71.1864
64561,30424,32219,9885,6.77966
64617,30491,32271,9905,8
64618,30491,32272,9905,28
64619,30491,32273,9905,56
64620,30491,32274,9905,8
64621,30492,32271,9905,8
64622,30492,32272,9905,28
64623,30492,32273,9905,56
64624,30492,32274,9905,8
64637,30497,32279,9907,4.28571
64638,30497,32280,9907,30
64639,30497,32281,9907,60
64640,30497,32282,9907,5.71429
64641,30498,32279,9907,8
64642,30498,32280,9907,28
64643,30498,32281,9907,56
64644,30498,32282,9907,8
64645,30499,32279,9907,4.44444
64646,30499,32280,9907,15.5556
64647,30499,32281,9907,62.2222
64648,30499,32282,9907,17.7778
64649,30500,32283,9908,17.7778
64650,30500,32284,9908,15.5556
64651,30500,32285,9908,62.2222
64652,30500,32286,9908,4.44444
64653,30501,32283,9908,18.6916
64654,30501,32284,9908,6.54206
64655,30501,32285,9908,65.4206
64656,30501,32286,9908,9.34579
64715,30542,32320,9923,36.1011
64716,30542,32321,9923,2.52708
64717,30542,32322,9923,25.2708
64718,30542,32323,9923,36.1011
64719,30543,32320,9923,2.80112
64720,30543,32321,9923,1.96078
64721,30543,32322,9923,39.2157
64722,30543,32323,9923,56.0224
65033,30701,32496,9973,8
65034,30701,32497,9973,28
65035,30701,32498,9973,56
65036,30701,32499,9973,8
65037,30702,32496,9973,8
65038,30702,32497,9973,28
65039,30702,32498,9973,56
65040,30702,32499,9973,8
65113,30747,32537,9989,9.58722
65114,30747,32538,9989,23.3023
65115,30747,32539,9989,55.9254
65116,30747,32540,9989,11.1851
65117,30748,32537,9989,6.01915
65118,30748,32538,9989,22.5718
65119,30748,32539,9989,63.2011
65120,30748,32540,9989,8.20793
65121,30757,32543,9994,4.28571
65122,30757,32544,9994,30
65123,30757,32545,9994,60
65124,30757,32546,9994,5.71429
65125,30758,32543,9994,8
65126,30758,32544,9994,28
65127,30758,32545,9994,56
65128,30758,32546,9994,8
65153,30767,32555,9997,15.3846
65154,30767,32556,9997,53.8462
65155,30767,32557,9997,15.3846
65156,30767,32558,9997,15.3846
65157,30768,32555,9997,6.06061
65158,30768,32556,9997,21.2121
65159,30768,32557,9997,42.4242
65160,30768,32558,9997,30.303
65246,30824,32604,10014,4.44444
65247,30824,32605,10014,15.5556
65248,30824,32606,10014,31.1111
65249,30824,32607,10014,48.8889
65250,30825,32604,10014,8
65251,30825,32605,10014,28
65252,30825,32606,10014,56
65253,30825,32607,10014,8
65258,30835,32610,10018,0.793651
65259,30835,32611,10018,79.3651
65260,30835,32612,10018,15.873
65261,30835,32613,10018,3.96825
65262,30836,32610,10018,0.192678
65263,30836,32611,10018,26.975
65264,30836,32612,10018,5.39499
65265,30836,32613,10018,67.4374
65266,30837,32610,10018,0.3517
65267,30837,32611,10018,70.34
65268,30837,32612,10018,11.7233
65269,30837,32613,10018,17.585
65270,30838,32610,10018,3.06122
65271,30838,32611,10018,61.2245
65272,30838,32612,10018,20.4082
65273,30838,32613,10018,15.3061
65466,30948,32713,10052,15.7895
65467,30948,32714,10052,9.21053
65468,30948,32715,10052,55.2632
65469,30948,32716,10052,19.7368
65470,30949,32713,10052,5.74163
65471,30949,32714,10052,50.2392
65472,30949,32715,10052,40.1914
65473,30949,32716,10052,3.82775
65557,30994,32760,10066,8
65558,30994,32761,10066,28
65559,30994,32762,10066,56
65560,30994,32763,10066,8
65561,30995,32760,10066,8
65562,30995,32761,10066,28
65563,30995,32762,10066,56
65564,30995,32763,10066,8
65565,31000,32783,10068,5.26316
65566,31000,32784,10068,36.8421
65567,31000,32785,10068,36.8421
65568,31000,32786,10068,21.0526
65569,31001,32783,10068,17.0213
65570,31001,32784,10068,44.6809
65571,31001,32785,10068,29.7872
65572,31001,32786,10068,8.51064
65635,31024,32803,10075,8.95522
65636,31024,32804,10075,10.4478
65637,31024,32805,10075,62.6866
65638,31024,32806,10075,17.9104
65639,31025,32803,10075,16.8421
65640,31025,32804,10075,7.36842
65641,31025,32805,10075,58.9474
65642,31025,32806,10075,16.8421
65774,31096,32880,10099,8
65775,31096,32881,10099,28
65776,31096,32882,10099,56
65777,31096,32883,10099,8
65778,31097,32880,10099,11.1111
65779,31097,32881,10099,38.8889
65780,31097,32882,10099,38.8889
65781,31097,32883,10099,11.1111
65785,31098,32884,10100,2.72727
65786,31098,32885,10100,57.2727
65787,31098,32886,10100,38.1818
65788,31098,32887,10100,1.81818
65789,31099,32884,10100,2.24719
65790,31099,32885,10100,47.191
65791,31099,32886,10100,47.191
65792,31099,32887,10100,3.37079
65793,31100,32888,10101,20.339
65794,31100,32889,10101,11.8644
65795,31100,32890,10101,47.4576
65796,31100,32891,10101,20.339
65797,31101,32888,10101,5.37634
65798,31101,32889,10101,41.3979
65799,31101,32890,10101,41.3979
65800,31101,32891,10101,11.828
65801,31102,32892,10102,4.8583
65802,31102,32893,10102,2.83401
65803,31102,32894,10102,11.336
65804,31102,32895,10102,80.9717
65805,31103,32892,10102,5.37634
65806,31103,32893,10102,41.3979
65807,31103,32894,10102,41.3979
65808,31103,32895,10102,11.828
65809,31104,32896,10103,10.628
65810,31104,32897,10103,16.9082
65811,31104,32898,10103,67.6329
65812,31104,32899,10103,4.83092
65813,31105,32896,10103,19.5918
65814,31105,32897,10103,8.57143
65815,31105,32898,10103,68.5714
65816,31105,32899,10103,3.26531
66196,31365,33147,10171,14.4928
66197,31365,33148,10171,50.7246
66198,31365,33149,10171,20.2899
66199,31365,33150,10171,14.4928
66200,31366,33147,10171,14.4928
66201,31366,33148,10171,50.7246
66202,31366,33149,10171,20.2899
66203,31366,33150,10171,14.4928
66243,31382,33164,10177,6.62983
66244,31382,33165,10177,3.8674
66245,31382,33166,10177,69.6133
66246,31382,33167,10177,19.8895
66247,31383,33164,10177,6.10998
66248,31383,33165,10177,4.27699
66249,31383,33166,10177,85.5397
66250,31383,33167,10177,4.07332
66372,31454,33231,10202,28.5714
66373,31454,33232,10202,14.2857
66374,31454,33233,10202,28.5714
66375,31454,33234,10202,28.5714
66376,31455,33231,10202,27.2727
66377,31455,33232,10202,18.1818
66378,31455,33233,10202,40.9091
66379,31455,33234,10202,13.6364
66505,31518,33292,10224,8
66506,31518,33293,10224,28
66507,31518,33294,10224,56
66508,31518,33295,10224,8
66509,31519,33292,10224,8
66510,31519,33293,10224,28
66511,31519,33294,10224,56
66512,31519,33295,10224,8
66564,31534,33309,10229,8
66565,31534,33310,10229,28
66566,31534,33311,10229,56
66567,31534,33312,10229,8
66568,31535,33309,10229,8
66569,31535,33310,10229,28
66570,31535,33311,10229,56
66571,31535,33312,10229,8
66677,31583,33360,10243,6.79117
66678,31583,33361,10243,17.8268
66679,31583,33362,10243,71.3073
66680,31583,33363,10243,4.0747
66681,31584,33360,10243,8.88889
66682,31584,33361,10243,15.5556
66683,31584,33362,10243,62.2222
66684,31584,33363,10243,13.3333
66697,31595,33373,10247,26.7541
66698,31595,33374,10247,0.0655738
66699,31595,33375,10247,5.5082
66700,31595,33376,10247,67.6721
66701,31596,33373,10247,0.00452184
66702,31596,33374,10247,97.5225
66703,31596,33375,10247,2.46892
66704,31596,33376,10247,0.0041012
66791,31648,33435,10265,18.6916
66792,31648,33436,10265,6.54206
66793,31648,33437,10265,65.4206
66794,31648,33438,10265,9.34579
66795,31649,33435,10265,10.8696
66796,31649,33436,10265,7.6087
66797,31649,33437,10265,76.087
66798,31649,33438,10265,5.43478
67029,31746,33530,10295,11.5385
67030,31746,33531,10295,26.9231
67031,31746,33532,10295,53.8462
67032,31746,33533,10295,7.69231
67033,31747,33530,10295,10.3093
67034,31747,33531,10295,7.2165
67035,31747,33532,10295,72.1649
67036,31747,33533,10295,10.3093
67072,31758,33547,10300,12.5
67073,31758,33548,10300,25
67074,31758,33549,10300,37.5
67075,31758,33550,10300,25
67076,31759,33547,10300,20
67077,31759,33548,10300,20
67078,31759,33549,10300,40
67079,31759,33550,10300,20
67080,31760,33551,10301,12.5
67081,31760,33552,10301,37.5
67082,31760,33553,10301,25
67083,31760,33554,10301,25
67084,31761,33551,10301,12.5
67085,31761,33552,10301,37.5
67086,31761,33553,10301,25
67087,31761,33554,10301,25
67224,31814,33603,10317,17.1429
67225,31814,33604,10317,10
67226,31814,33605,10317,60
67227,31814,33606,10317,12.8571
67228,31815,33603,10317,10.3448
67229,31815,33604,10317,12.069
67230,31815,33605,10317,72.4138
67231,31815,33606,10317,5.17241
67256,31836,33625,10325,4.3956
67257,31836,33626,10325,46.1538
67258,31836,33627,10325,46.1538
67259,31836,33628,10325,3.2967
67260,31837,33625,10325,7.40741
67261,31837,33626,10325,25.9259
67262,31837,33627,10325,51.8519
67263,31837,33628,10325,14.8148
67405,31939,33713,10357,8.33333
67406,31939,33714,10357,16.6667
67407,31939,33715,10357,50
67408,31939,33716,10357,25
67409,31940,33713,10357,35.2941
67410,31940,33714,10357,35.2941
67411,31940,33715,10357,11.7647
67412,31940,33716,10357,17.6471
67413,31941,33713,10357,25
67414,31941,33714,10357,25
67415,31941,33715,10357,25
67416,31941,33716,10357,25
67619,32042,33815,10388,14.8148
67620,32042,33816,10388,25.9259
67621,32042,33817,10388,51.8519
67622,32042,33818,10388,7.40741
67623,32043,33815,10388,8
67624,32043,33816,10388,28
67625,32043,33817,10388,56
67626,32043,33818,10388,8
68092,32268,34030,10461,6.25
68093,32268,34031,10461,43.75
68094,32268,34032,10461,43.75
68095,32268,34033,10461,6.25
68096,32269,34030,10461,8
68097,32269,34031,10461,28
68098,32269,34032,10461,56
68099,32269,34033,10461,8
68229,32323,34084,10481,23.5294
68230,32323,34085,10481,13.7255
68231,32323,34086,10481,54.902
68232,32323,34087,10481,7.84314
68233,32324,34084,10481,7.84314
68234,32324,34085,10481,13.7255
68235,32324,34086,10481,54.902
68236,32324,34087,10481,23.5294
68386,32395,34154,10507,9.09091
68387,32395,34155,10507,36.3636
68388,32395,34156,10507,18.1818
68389,32395,34157,10507,36.3636
68390,32396,34154,10507,20
68391,32396,34155,10507,40
68392,32396,34156,10507,20
68393,32396,34157,10507,20
68445,32411,34171,10513,2.08333
68446,32411,34172,10513,37.5
68447,32411,34173,10513,8.33333
68448,32411,34174,10513,6.25
68449,32411,34175,10513,8.33333
68450,32411,34176,10513,8.33333
68451,32411,34177,10513,8.33333
68452,32411,34178,10513,2.08333
68453,32411,34179,10513,2.08333
68454,32411,34180,10513,2.08333
68455,32411,34181,10513,6.25
68456,32411,34182,10513,2.08333
68457,32411,34183,10513,6.25
68467,32412,34171,10513,98.1547
68468,32412,34172,10513,0.706714
68469,32412,34173,10513,0.157048
68470,32412,34174,10513,0.117786
68471,32412,34175,10513,0.157048
68472,32412,34176,10513,0.157048
68473,32412,34177,10513,0.157048
68474,32412,34178,10513,0.0392619
68475,32412,34179,10513,0.0392619
68476,32412,34180,10513,0.0392619
68477,32412,34181,10513,0.117786
68478,32412,34182,10513,0.0392619
68479,32412,34183,10513,0.117786
68797,32532,34299,10549,2.64259
68798,32532,34300,10549,0.462453
68799,32532,34301,10549,92.4906
68800,32532,34302,10549,4.40432
68801,32533,34299,10549,1.33779
68802,32533,34300,10549,2.34114
68803,32533,34301,10549,93.6455
68804,32533,34302,10549,2.67559
68863,32554,34323,10557,0.766284
68864,32554,34324,10557,56.3218
68865,32554,34325,10557,37.5479
68866,32554,34326,10557,5.36398
68867,32555,34323,10557,0.862069
68868,32555,34324,10557,30.1724
68869,32555,34325,10557,60.3448
68870,32555,34326,10557,8.62069
68889,32571,34342,10563,0.00219204
68890,32571,34343,10563,0.040918
68891,32571,34344,10563,12.2754
68892,32571,34345,10563,87.6815
68893,32572,34342,10563,97.7132
68894,32572,34343,10563,0.00569994
68895,32572,34344,10563,2.27998
68896,32572,34345,10563,0.0010857
69078,32656,34422,10589,28.4024
69079,32656,34423,10589,14.2012
69080,32656,34424,10589,14.2012
69081,32656,34425,10589,17.7515
69082,32656,34426,10589,7.10059
69083,32656,34427,10589,1.18343
69084,32656,34428,10589,1.77515
69085,32656,34429,10589,7.10059
69086,32656,34430,10589,7.10059
69087,32656,34431,10589,1.18343
69106,32655,34422,10589,2.5
69107,32655,34423,10589,10
69108,32655,34424,10589,10
69109,32655,34425,10589,6.25
69110,32655,34426,10589,50
69111,32655,34427,10589,1.25
69112,32655,34428,10589,1.25
69113,32655,34429,10589,1.25
69114,32655,34430,10589,5
69115,32655,34431,10589,12.5
69381,32817,34583,10642,5.12821
69382,32817,34584,10642,53.8462
69383,32817,34585,10642,35.8974
69384,32817,34586,10642,5.12821
69385,32818,34583,10642,9.83607
69386,32818,34584,10642,11.4754
69387,32818,34585,10642,68.8525
69388,32818,34586,10642,9.83607
69584,32915,34672,10673,9.23077
69585,32915,34673,10673,21.5385
69586,32915,34674,10673,64.6154
69587,32915,34675,10673,4.61538
69588,32916,34672,10673,6.75676
69589,32916,34673,10673,28.3784
69590,32916,34674,10673,56.7568
69591,32916,34675,10673,8.10811
69720,32975,34733,10693,9.00693
69721,32975,34734,10693,21.0162
69722,32975,34735,10693,63.0485
69723,32975,34736,10693,6.92841
69724,32976,34733,10693,6.82594
69725,32976,34734,10693,35.8362
69726,32976,34735,10693,47.7816
69727,32976,34736,10693,9.55631
69763,33022,34774,10709,50
69764,33022,34775,10709,50
69765,33023,34774,10709,50
69766,33023,34775,10709,50
69876,33102,34841,10733,8
69877,33102,34842,10733,28
69878,33102,34843,10733,56
69879,33102,34844,10733,8
69880,33103,34841,10733,8
69881,33103,34842,10733,28
69882,33103,34843,10733,56
69883,33103,34844,10733,8
69908,33112,34853,10737,0.763359
69909,33112,34854,10737,15.2672
69910,33112,34855,10737,38.1679
69911,33112,34856,10737,38.1679
69912,33112,34857,10737,7.63359
69913,33113,34853,10737,25.5319
69914,33113,34854,10737,4.25532
69915,33113,34855,10737,6.38298
69916,33113,34856,10737,51.0638
69917,33113,34857,10737,12.766
69918,33114,34853,10737,26.087
69919,33114,34854,10737,8.69565
69920,33114,34855,10737,26.087
69921,33114,34856,10737,13.0435
69922,33114,34857,10737,26.087
69923,33115,34853,10737,4.16667
69924,33115,34854,10737,4.16667
69925,33115,34855,10737,4.16667
69926,33115,34856,10737,83.3333
69927,33115,34857,10737,4.16667
70046,33165,34905,10755,99.8541
70047,33165,34906,10755,0.0547146
70048,33165,34907,10755,0.091191
70049,33166,34905,10755,97.3333
70050,33166,34906,10755,1.6
70051,33166,34907,10755,1.06667
70052,33167,34905,10755,97.3333
70053,33167,34906,10755,2.13333
70054,33167,34907,10755,0.533333
70084,33174,34917,10758,9.09091
70085,33174,34918,10758,90.9091
70086,33175,34917,10758,11.1111
70087,33175,34918,10758,88.8889
70127,33224,34950,10772,23.622
70128,33224,34951,10772,5.51181
70129,33224,34952,10772,55.1181
70130,33224,34953,10772,15.748
70131,33225,34950,10772,15.3846
70132,33225,34951,10772,26.9231
70133,33225,34952,10772,53.8462
70134,33225,34953,10772,3.84615
70181,33266,34985,10784,5.12821
70182,33266,34986,10784,17.9487
70183,33266,34987,10784,71.7949
70184,33266,34988,10784,5.12821
70185,33267,34985,10784,8
70186,33267,34986,10784,28
70187,33267,34987,10784,56
70188,33267,34988,10784,8
70191,33274,34994,10787,23.134
70192,33274,34995,10787,15.8763
70193,33274,34996,10787,53.9794
70194,33274,34997,10787,7.01031
70195,33275,34994,10787,6.67037
70196,33275,34995,10787,8.94942
70197,33275,34996,10787,53.6965
70198,33275,34997,10787,30.6837
70317,33336,35048,10805,8
70318,33336,35049,10805,28
70319,33336,35050,10805,56
70320,33336,35051,10805,8
70321,33337,35048,10805,8
70322,33337,35049,10805,28
70323,33337,35050,10805,56
70324,33337,35051,10805,8
70696,33608,35283,10890,5.55556
70697,33608,35284,10890,38.8889
70698,33608,35285,10890,38.8889
70699,33608,35286,10890,16.6667
70700,33609,35283,10890,12.6984
70701,33609,35284,10890,33.3333
70702,33609,35285,10890,44.4444
70703,33609,35286,10890,9.52381
70829,33703,35365,10916,18.3206
70830,33703,35366,10916,26.7176
70831,33703,35367,10916,42.7481
70832,33703,35368,10916,12.2137
70833,33704,35365,10916,12.6582
70834,33704,35366,10916,17.7215
70835,33704,35367,10916,44.3038
70836,33704,35368,10916,25.3165
71006,33752,35405,10926,8
71007,33752,35406,10926,28
71008,33752,35407,10926,56
71009,33752,35408,10926,8
71010,33753,35405,10926,7.40741
71011,33753,35406,10926,25.9259
71012,33753,35407,10926,51.8519
71013,33753,35408,10926,14.8148
71014,33754,35409,10927,10.1266
71015,33754,35410,10927,8.86076
71016,33754,35411,10927,70.8861
71017,33754,35412,10927,10.1266
71018,33755,35409,10927,9.83607
71019,33755,35410,10927,11.4754
71020,33755,35411,10927,68.8525
71021,33755,35412,10927,9.83607
71109,33804,35460,10941,34.1463
71110,33804,35461,10941,17.0732
71111,33804,35462,10941,34.1463
71112,33804,35463,10941,14.6341
71113,33805,35460,10941,27.907
71114,33805,35461,10941,16.2791
71115,33805,35462,10941,48.8372
71116,33805,35463,10941,6.97674
71177,33834,35497,10950,55.5042
71178,33834,35498,10950,1.94265
71179,33834,35499,10950,38.8529
71180,33834,35500,10950,3.70028
71181,33835,35497,10950,4.34783
71182,33835,35498,10950,45.6522
71183,33835,35499,10950,45.6522
71184,33835,35500,10950,4.34783
71377,33930,35584,10984,38.8889
71378,33930,35585,10984,11.1111
71379,33930,35586,10984,16.6667
71380,33930,35587,10984,11.1111
71381,33930,35588,10984,5.55556
71382,33930,35589,10984,5.55556
71383,33930,35590,10984,11.1111
71386,33931,35584,10984,35
71387,33931,35585,10984,10
71388,33931,35586,10984,15
71389,33931,35587,10984,10
71390,33931,35588,10984,15
71391,33931,35589,10984,5
71392,33931,35590,10984,10
71395,33933,35584,10984,35
71396,33933,35585,10984,10
71397,33933,35586,10984,15
71398,33933,35587,10984,10
71399,33933,35588,10984,15
71400,33933,35589,10984,5
71401,33933,35590,10984,10
71402,33932,35584,10984,30.4348
71403,33932,35585,10984,8.69565
71404,33932,35586,10984,13.0435
71405,33932,35587,10984,8.69565
71406,33932,35588,10984,26.087
71407,33932,35589,10984,4.34783
71408,33932,35590,10984,8.69565
71462,33975,35630,10998,23.622
71463,33975,35631,10998,5.51181
71464,33975,35632,10998,55.1181
71465,33975,35633,10998,15.748
71466,33976,35630,10998,17.1429
71467,33976,35631,10998,10
71468,33976,35632,10998,60
71469,33976,35633,10998,12.8571
71494,33988,35648,11003,11.1111
71495,33988,35649,11003,38.8889
71496,33988,35650,11003,38.8889
71497,33988,35651,11003,11.1111
71498,33989,35648,11003,8
71499,33989,35649,11003,28
71500,33989,35650,11003,56
71501,33989,35651,11003,8
71502,33995,35657,11006,18.5567
71503,33995,35658,11006,64.9485
71504,33995,35659,11006,14.433
71505,33995,35660,11006,2.06186
71506,33996,35657,11006,49.8602
71507,33996,35658,11006,0.279664
71508,33996,35659,11006,43.6276
71509,33996,35660,11006,6.23252
71603,34060,35715,11026,10.6667
71604,34060,35716,11026,9.33333
71605,34060,35717,11026,74.6667
71606,34060,35718,11026,5.33333
71607,34061,35715,11026,15.3846
71608,34061,35716,11026,26.9231
71609,34061,35717,11026,53.8462
71610,34061,35718,11026,3.84615
71658,34082,35741,11033,21.0526
71659,34082,35742,11033,36.8421
71660,34082,35743,11033,18.4211
71661,34082,35744,11033,2.63158
71662,34082,35745,11033,11.8421
71663,34082,35746,11033,9.21053
71664,34083,35741,11033,8.75912
71665,34083,35742,11033,5.10949
71666,34083,35743,11033,61.3139
71667,34083,35744,11033,2.91971
71668,34083,35745,11033,13.1387
71669,34083,35746,11033,8.75912
71927,34288,35917,11099,28.2353
71928,34288,35918,11099,8.23529
71929,34288,35919,11099,49.4118
71930,34288,35920,11099,14.1176
71931,34289,35917,11099,18.4615
71932,34289,35918,11099,32.3077
71933,34289,35919,11099,43.0769
71934,34289,35920,11099,6.15385
71935,34290,35921,11100,28.2353
71936,34290,35922,11100,8.23529
71937,34290,35923,11100,49.4118
71938,34290,35924,11100,14.1176
71939,34291,35921,11100,18.4615
71940,34291,35922,11100,32.3077
71941,34291,35923,11100,43.0769
71942,34291,35924,11100,6.15385
72200,34503,36124,11166,0.426743
72201,34503,36125,11166,0.995733
72202,34503,36126,11166,29.872
72203,34503,36127,11166,1.4936
72204,34503,36128,11166,8.96159
72205,34503,36129,11166,1.4936
72206,34503,36130,11166,35.8464
72207,34503,36131,11166,20.9104
72208,34504,36124,11166,1.14416
72209,34504,36125,11166,13.73
72210,34504,36126,11166,1.52555
72211,34504,36127,11166,45.7666
72212,34504,36128,11166,1.52555
72213,34504,36129,11166,1.52555
72214,34504,36130,11166,2.746
72215,34504,36131,11166,32.0366
72216,34505,36124,11166,0.826446
72217,34505,36125,11166,9.91736
72218,34505,36126,11166,7.43802
72219,34505,36127,11166,49.5868
72220,34505,36128,11166,9.91736
72221,34505,36129,11166,1.23967
72222,34505,36130,11166,3.71901
72223,34505,36131,11166,17.3554
72224,34506,36124,11166,12.7273
72225,34506,36125,11166,5.45455
72226,34506,36126,11166,5.45455
72227,34506,36127,11166,36.3636
72228,34506,36128,11166,5.45455
72229,34506,36129,11166,5.45455
72230,34506,36130,11166,16.3636
72231,34506,36131,11166,12.7273
72232,34507,36124,11166,9.34579
72233,34507,36125,11166,9.34579
72234,34507,36126,11166,18.6916
72235,34507,36127,11166,9.34579
72236,34507,36128,11166,9.34579
72237,34507,36129,11166,9.34579
72238,34507,36130,11166,28.0374
72239,34507,36131,11166,6.54206
72588,34637,36247,11206,8
72589,34637,36248,11206,28
72590,34637,36249,11206,56
72591,34637,36250,11206,8
72592,34638,36247,11206,4.87805
72593,34638,36248,11206,17.0732
72594,34638,36249,11206,68.2927
72595,34638,36250,11206,9.7561
73218,34997,36581,11299,17.1429
73219,34997,36582,11299,10
73220,34997,36583,11299,60
73221,34997,36584,11299,12.8571
73222,34998,36581,11299,27.907
73223,34998,36582,11299,29.3023
73224,34998,36583,11299,39.0698
73225,34998,36584,11299,3.72093
73230,35010,36595,11303,4.25532
73231,35010,36596,11303,44.6809
73232,35010,36597,11303,44.6809
73233,35010,36598,11303,6.38298
73234,35011,36595,11303,15.1899
73235,35011,36596,11303,26.5823
73236,35011,36597,11303,53.1646
73237,35011,36598,11303,5.06329
73385,35049,36636,11312,0.00140053
73386,35049,36637,11312,98.0373
73387,35049,36638,11312,1.96075
73388,35049,36639,11312,0.000560213
73389,35050,36636,11312,25.241
73390,35050,36637,11312,0.00112971
73391,35050,36638,11312,0.519668
73392,35050,36639,11312,74.2382
73539,35157,36736,11344,38.961
73540,35157,36737,11344,3.8961
73541,35157,36738,11344,54.5455
73542,35157,36739,11344,2.5974
73543,35158,36736,11344,20.5479
73544,35158,36737,11344,2.39726
73545,35158,36738,11344,71.9178
73546,35158,36739,11344,5.13699
74353,35655,37230,11499,6.89655
74354,35655,37231,11499,24.1379
74355,35655,37232,11499,48.2759
74356,35655,37233,11499,20.6897
74357,35656,37230,11499,8
74358,35656,37231,11499,28
74359,35656,37232,11499,56
74360,35656,37233,11499,8
74370,35669,37246,11504,14.1176
74371,35669,37247,11504,8.23529
74372,35669,37248,11504,49.4118
74373,35669,37249,11504,28.2353
74374,35670,37246,11504,9.7561
74375,35670,37247,11504,17.0732
74376,35670,37248,11504,68.2927
74377,35670,37249,11504,4.87805
74639,35863,37428,11564,8
74640,35863,37429,11564,28
74641,35863,37430,11564,56
74642,35863,37431,11564,8
74643,35864,37428,11564,8
74644,35864,37429,11564,28
74645,35864,37430,11564,56
74646,35864,37431,11564,8
75003,36026,37665,11613,8
75004,36026,37666,11613,28
75005,36026,37667,11613,56
75006,36026,37668,11613,8
75007,36027,37665,11613,8
75008,36027,37666,11613,28
75009,36027,37667,11613,56
75010,36027,37668,11613,8
75730,36294,37925,11688,38.4665
75731,36294,37926,11688,0.269265
75732,36294,37927,11688,53.8531
75733,36294,37928,11688,0.0769329
75734,36294,37929,11688,6.41108
75735,36294,37930,11688,0.153866
75736,36294,37931,11688,0.384665
75737,36294,37932,11688,0.384665
75738,36295,37925,11688,0.0649808
75739,36295,37926,11688,11.3716
75740,36295,37927,11688,22.7433
75741,36295,37928,11688,16.2452
75742,36295,37929,11688,0.40613
75743,36295,37930,11688,0.108301
75744,36295,37931,11688,48.7356
75745,36295,37932,11688,0.324904
75746,36296,37933,11689,38.4665
75747,36296,37934,11689,0.269265
75748,36296,37935,11689,53.8531
75749,36296,37936,11689,0.0769329
75750,36296,37937,11689,6.41108
75751,36296,37938,11689,0.153866
75752,36296,37939,11689,0.384665
75753,36296,37940,11689,0.384665
75754,36297,37933,11689,0.0649808
75755,36297,37934,11689,11.3716
75756,36297,37935,11689,22.7433
75757,36297,37936,11689,16.2452
75758,36297,37937,11689,0.40613
75759,36297,37938,11689,0.108301
75760,36297,37939,11689,48.7356
75761,36297,37940,11689,0.324904
75845,36359,38001,11710,1.7094
75846,36359,38002,11710,29.9145
75847,36359,38003,11710,59.8291
75848,36359,38004,11710,8.54701
75849,36360,38001,11710,5.12821
75850,36360,38002,11710,53.8462
75851,36360,38003,11710,35.8974
75852,36360,38004,11710,5.12821
75853,36361,38005,11711,20
75854,36361,38006,11711,80
75855,36362,38005,11711,83.3333
75856,36362,38006,11711,16.6667
76006,36458,38098,11742,60.8696
76007,36458,38099,11742,4.34783
76008,36458,38100,11742,34.7826
76009,36459,38098,11742,12.2807
76010,36459,38099,11742,17.5439
76011,36459,38100,11742,70.1754
76012,36460,38098,11742,6.25
76013,36460,38099,11742,22.3214
76014,36460,38100,11742,71.4286
76052,36473,38116,11748,30.6122
76053,36473,38117,11748,14.2857
76054,36473,38118,11748,42.8571
76055,36473,38119,11748,12.2449
76056,36474,38116,11748,23.5294
76057,36474,38117,11748,13.7255
76058,36474,38118,11748,54.902
76059,36474,38119,11748,7.84314
76162,36510,38167,11760,66.6667
76163,36510,38168,11760,33.3333
76164,36511,38167,11760,80
76165,36511,38168,11760,20
76166,36512,38169,11761,66.6667
76167,36512,38170,11761,33.3333
76168,36513,38169,11761,75
76169,36513,38170,11761,25
76170,36514,38171,11762,40
76171,36514,38172,11762,60
76172,36515,38171,11762,66.6667
76173,36515,38172,11762,33.3333
76177,36530,38184,11767,3.10078
76178,36530,38185,11767,9.30233
76179,36530,38186,11767,3.10078
76180,36530,38187,11767,3.10078
76181,36530,38188,11767,3.10078
76182,36530,38189,11767,3.10078
76183,36530,38190,11767,0.775194
76184,36530,38191,11767,3.10078
76185,36530,38192,11767,3.10078
76186,36530,38193,11767,3.10078
76187,36530,38194,11767,3.10078
76188,36530,38195,11767,3.10078
76189,36530,38196,11767,3.10078
76190,36530,38197,11767,3.10078
76191,36530,38198,11767,3.10078
76192,36530,38199,11767,3.10078
76193,36530,38200,11767,3.10078
76194,36530,38201,11767,3.10078
76195,36530,38202,11767,3.10078
76196,36530,38203,11767,3.10078
76197,36530,38204,11767,3.10078
76198,36530,38205,11767,3.10078
76199,36530,38206,11767,3.10078
76200,36530,38207,11767,3.10078
76201,36530,38208,11767,3.10078
76202,36530,38209,11767,3.10078
76203,36530,38210,11767,3.10078
76204,36530,38211,11767,3.10078
76205,36530,38212,11767,3.10078
76206,36530,38213,11767,3.10078
76207,36530,38214,11767,3.10078
76208,36531,38184,11767,3.31034
76209,36531,38185,11767,1.10345
76210,36531,38186,11767,3.31034
76211,36531,38187,11767,3.31034
76212,36531,38188,11767,3.31034
76213,36531,38189,11767,3.31034
76214,36531,38190,11767,0.827586
76215,36531,38191,11767,3.31034
76216,36531,38192,11767,3.31034
76217,36531,38193,11767,3.31034
76218,36531,38194,11767,3.31034
76219,36531,38195,11767,3.31034
76220,36531,38196,11767,3.31034
76221,36531,38197,11767,3.31034
76222,36531,38198,11767,3.31034
76223,36531,38199,11767,3.31034
76224,36531,38200,11767,3.31034
76225,36531,38201,11767,3.31034
76226,36531,38202,11767,3.31034
76227,36531,38203,11767,3.31034
76228,36531,38204,11767,3.31034
76229,36531,38205,11767,3.31034
76230,36531,38206,11767,3.31034
76231,36531,38207,11767,2.06897
76232,36531,38208,11767,3.31034
76233,36531,38209,11767,3.31034
76234,36531,38210,11767,6.62069
76235,36531,38211,11767,3.31034
76236,36531,38212,11767,3.31034
76237,36531,38213,11767,3.31034
76238,36531,38214,11767,3.31034
76281,36553,38235,11774,9.83607
76282,36553,38236,11774,11.4754
76283,36553,38237,11774,68.8525
76284,36553,38238,11774,9.83607
76285,36554,38235,11774,11.2994
76286,36554,38236,11774,3.9548
76287,36554,38237,11774,79.096
76288,36554,38238,11774,5.64972
76477,36616,38304,11792,8
76478,36616,38305,11792,28
76479,36616,38306,11792,56
76480,36616,38307,11792,8
76481,36617,38304,11792,8
76482,36617,38305,11792,28
76483,36617,38306,11792,56
76484,36617,38307,11792,8
76527,36638,38327,11800,1.0582
76528,36638,38328,11800,1.5873
76529,36638,38329,11800,2.1164
76530,36638,38330,11800,1.5873
76531,36638,38331,11800,2.1164
76532,36638,38332,11800,3.1746
76533,36638,38333,11800,2.1164
76534,36638,38334,11800,3.1746
76535,36638,38335,11800,3.1746
76536,36638,38336,11800,2.1164
76537,36638,38337,11800,2.1164
76538,36638,38338,11800,2.1164
76539,36638,38339,11800,2.1164
76540,36638,38340,11800,3.1746
76541,36638,38341,11800,2.1164
76542,36638,38342,11800,2.1164
76543,36638,38343,11800,2.1164
76544,36638,38344,11800,1.5873
76545,36638,38345,11800,3.1746
76546,36638,38346,11800,3.1746
76547,36638,38347,11800,3.1746
76548,36638,38348,11800,3.1746
76549,36638,38349,11800,3.1746
76550,36638,38350,11800,3.1746
76551,36638,38351,11800,3.1746
76552,36638,38352,11800,3.1746
76553,36638,38353,11800,3.1746
76554,36638,38354,11800,3.1746
76555,36638,38355,11800,3.1746
76556,36638,38356,11800,3.1746
76557,36638,38357,11800,3.1746
76558,36638,38358,11800,3.1746
76559,36638,38359,11800,3.1746
76560,36638,38360,11800,3.1746
76561,36638,38361,11800,3.1746
76562,36638,38362,11800,3.1746
76563,36638,38363,11800,3.1746
76564,36637,38327,11800,5.26316
76565,36637,38328,11800,2.63158
76566,36637,38329,11800,2.63158
76567,36637,38330,11800,2.63158
76568,36637,38331,11800,2.63158
76569,36637,38332,11800,2.63158
76570,36637,38333,11800,2.63158
76571,36637,38334,11800,2.63158
76572,36637,38335,11800,2.63158
76573,36637,38336,11800,2.63158
76574,36637,38337,11800,2.63158
76575,36637,38338,11800,2.63158
76576,36637,38339,11800,2.63158
76577,36637,38340,11800,2.63158
76578,36637,38341,11800,2.63158
76579,36637,38342,11800,2.63158
76580,36637,38343,11800,2.63158
76581,36637,38344,11800,2.63158
76582,36637,38345,11800,2.63158
76583,36637,38346,11800,2.63158
76584,36637,38347,11800,2.63158
76585,36637,38348,11800,2.63158
76586,36637,38349,11800,2.63158
76587,36637,38350,11800,2.63158
76588,36637,38351,11800,2.63158
76589,36637,38352,11800,2.63158
76590,36637,38353,11800,2.63158
76591,36637,38354,11800,2.63158
76592,36637,38355,11800,2.63158
76593,36637,38356,11800,2.63158
76594,36637,38357,11800,2.63158
76595,36637,38358,11800,2.63158
76596,36637,38359,11800,2.63158
76597,36637,38360,11800,2.63158
76598,36637,38361,11800,2.63158
76599,36637,38362,11800,2.63158
76600,36637,38363,11800,2.63158
76901,36781,38490,11842,8
76902,36781,38491,11842,28
76903,36781,38492,11842,56
76904,36781,38493,11842,8
76905,36782,38490,11842,8
76906,36782,38491,11842,28
76907,36782,38492,11842,56
76908,36782,38493,11842,8
76922,36803,38512,11849,8
76923,36803,38513,11849,28
76924,36803,38514,11849,56
76925,36803,38515,11849,8
76926,36804,38512,11849,8
76927,36804,38513,11849,28
76928,36804,38514,11849,56
76929,36804,38515,11849,8
76942,36809,38520,11851,7.40741
76943,36809,38521,11851,25.9259
76944,36809,38522,11851,51.8519
76945,36809,38523,11851,14.8148
76946,36810,38520,11851,10
76947,36810,38521,11851,46.6667
76948,36810,38522,11851,23.3333
76949,36810,38523,11851,20
77020,36844,38568,11866,35.2941
77021,36844,38569,11866,35.2941
77022,36844,38570,11866,5.88235
77023,36844,38571,11866,23.5294
77024,36845,38568,11866,13.6364
77025,36845,38569,11866,54.5455
77026,36845,38570,11866,13.6364
77027,36845,38571,11866,18.1818
77028,36846,38568,11866,25
77029,36846,38569,11866,25
77030,36846,38570,11866,12.5
77031,36846,38571,11866,37.5
77032,36847,38568,11866,4.47761
77033,36847,38569,11866,35.8209
77034,36847,38570,11866,35.8209
77035,36847,38571,11866,23.8806
77036,36855,38575,11868,2.5641
77037,36855,38576,11868,3.84615
77038,36855,38577,11868,1.92308
77039,36855,38578,11868,3.84615
77040,36855,38579,11868,3.84615
77041,36855,38580,11868,2.5641
77042,36855,38581,11868,3.84615
77043,36855,38582,11868,3.84615
77044,36855,38583,11868,3.84615
77045,36855,38584,11868,3.84615
77046,36855,38585,11868,3.84615
77047,36855,38586,11868,3.84615
77048,36855,38587,11868,3.84615
77049,36855,38588,11868,3.84615
77050,36855,38589,11868,1.92308
77051,36855,38590,11868,3.84615
77052,36855,38591,11868,3.84615
77053,36855,38592,11868,3.84615
77054,36855,38593,11868,3.84615
77055,36855,38594,11868,2.5641
77056,36855,38595,11868,3.84615
77057,36855,38596,11868,3.84615
77058,36855,38597,11868,3.84615
77059,36855,38598,11868,3.84615
77060,36855,38599,11868,3.84615
77061,36855,38600,11868,3.84615
77062,36855,38601,11868,3.84615
77063,36855,38602,11868,3.84615
77082,36850,38575,11868,3.84615
77083,36850,38576,11868,3.84615
77084,36850,38577,11868,3.84615
77085,36850,38578,11868,3.84615
77086,36850,38579,11868,2.5641
77087,36850,38580,11868,3.84615
77088,36850,38581,11868,3.84615
77089,36850,38582,11868,3.84615
77090,36850,38583,11868,2.5641
77091,36850,38584,11868,3.84615
77092,36850,38585,11868,3.84615
77093,36850,38586,11868,3.84615
77094,36850,38587,11868,2.5641
77095,36850,38588,11868,3.84615
77096,36850,38589,11868,3.84615
77097,36850,38590,11868,3.84615
77098,36850,38591,11868,2.5641
77099,36850,38592,11868,3.84615
77100,36850,38593,11868,3.84615
77101,36850,38594,11868,3.84615
77102,36850,38595,11868,2.5641
77103,36850,38596,11868,3.84615
77104,36850,38597,11868,3.84615
77105,36850,38598,11868,3.84615
77106,36850,38599,11868,2.5641
77107,36850,38600,11868,3.84615
77108,36850,38601,11868,3.84615
77109,36850,38602,11868,3.84615
77110,36854,38575,11868,3.57143
77111,36854,38576,11868,3.57143
77112,36854,38577,11868,3.57143
77113,36854,38578,11868,3.57143
77114,36854,38579,11868,3.57143
77115,36854,38580,11868,3.57143
77116,36854,38581,11868,3.57143
77117,36854,38582,11868,3.57143
77118,36854,38583,11868,3.57143
77119,36854,38584,11868,3.57143
77120,36854,38585,11868,3.57143
77121,36854,38586,11868,3.57143
77122,36854,38587,11868,3.57143
77123,36854,38588,11868,3.57143
77124,36854,38589,11868,3.57143
77125,36854,38590,11868,3.57143
77126,36854,38591,11868,3.57143
77127,36854,38592,11868,3.57143
77128,36854,38593,11868,3.57143
77129,36854,38594,11868,3.57143
77130,36854,38595,11868,3.57143
77131,36854,38596,11868,3.57143
77132,36854,38597,11868,3.57143
77133,36854,38598,11868,3.57143
77134,36854,38599,11868,3.57143
77135,36854,38600,11868,3.57143
77136,36854,38601,11868,3.57143
77137,36854,38602,11868,3.57143
77138,36875,38621,11875,8
77139,36875,38622,11875,28
77140,36875,38623,11875,56
77141,36875,38624,11875,8
77142,36876,38621,11875,8
77143,36876,38622,11875,28
77144,36876,38623,11875,56
77145,36876,38624,11875,8
77185,36892,38640,11881,5.26316
77186,36892,38641,11881,10.5263
77187,36892,38642,11881,15.7895
77188,36892,38643,11881,15.7895
77189,36892,38644,11881,52.6316
77190,36893,38640,11881,4.34783
77191,36893,38641,11881,26.087
77192,36893,38642,11881,4.34783
77193,36893,38643,11881,39.1304
77194,36893,38644,11881,26.087
77208,36852,38575,11868,4.16667
77209,36852,38576,11868,2.08333
77210,36852,38577,11868,2.08333
77211,36852,38578,11868,4.16667
77212,36852,38579,11868,4.16667
77213,36852,38580,11868,2.77778
77214,36852,38581,11868,2.08333
77215,36852,38582,11868,4.16667
77216,36852,38583,11868,4.16667
77217,36852,38584,11868,2.77778
77218,36852,38585,11868,2.08333
77219,36852,38586,11868,4.16667
77220,36852,38587,11868,4.16667
77221,36852,38588,11868,4.16667
77222,36852,38589,11868,2.08333
77223,36852,38590,11868,4.16667
77224,36852,38591,11868,4.16667
77225,36852,38592,11868,2.77778
77226,36852,38593,11868,2.08333
77227,36852,38594,11868,4.16667
77228,36852,38595,11868,4.16667
77229,36852,38596,11868,4.16667
77230,36852,38597,11868,4.16667
77231,36852,38598,11868,4.16667
77232,36852,38599,11868,4.16667
77233,36852,38600,11868,4.16667
77234,36852,38601,11868,4.16667
77235,36852,38602,11868,4.16667
77406,36851,38575,11868,5.59006
77407,36851,38576,11868,3.72671
77408,36851,38577,11868,3.72671
77409,36851,38578,11868,3.72671
77410,36851,38579,11868,3.72671
77411,36851,38580,11868,3.72671
77412,36851,38581,11868,3.72671
77413,36851,38582,11868,3.72671
77414,36851,38583,11868,2.48447
77415,36851,38584,11868,3.72671
77416,36851,38585,11868,3.72671
77417,36851,38586,11868,3.72671
77418,36851,38587,11868,3.72671
77419,36851,38588,11868,3.72671
77420,36851,38589,11868,3.72671
77421,36851,38590,11868,2.48447
77422,36851,38591,11868,3.72671
77423,36851,38592,11868,3.72671
77424,36851,38593,11868,3.72671
77425,36851,38594,11868,2.48447
77426,36851,38595,11868,3.72671
77427,36851,38596,11868,3.72671
77428,36851,38597,11868,3.72671
77429,36851,38598,11868,2.48447
77430,36851,38599,11868,2.48447
77431,36851,38600,11868,3.72671
77432,36851,38601,11868,3.72671
77433,36851,38602,11868,3.72671
77483,37044,38788,11929,3.80952
77484,37044,38789,11929,13.3333
77485,37044,38790,11929,80
77486,37044,38791,11929,2.85714
77487,37045,38788,11929,8
77488,37045,38789,11929,28
77489,37045,38790,11929,56
77490,37045,38791,11929,8
77491,36853,38575,11868,0.526177
77492,36853,38576,11868,0.789266
77493,36853,38577,11868,0.263089
77494,36853,38578,11868,0.789266
77495,36853,38579,11868,0.789266
77496,36853,38580,11868,0.789266
77497,36853,38581,11868,0.789266
77498,36853,38582,11868,0.394633
77499,36853,38583,11868,0.789266
77500,36853,38584,11868,0.789266
77501,36853,38585,11868,0.789266
77502,36853,38586,11868,0.157853
77503,36853,38587,11868,0.789266
77504,36853,38588,11868,0.789266
77505,36853,38589,11868,0.789266
77506,36853,38590,11868,0.789266
77507,36853,38591,11868,0.789266
77508,36853,38592,11868,78.9266
77509,36853,38593,11868,1.57853
77510,36853,38594,11868,1.57853
77511,36853,38595,11868,0.789266
77512,36853,38596,11868,0.789266
77513,36853,38597,11868,0.789266
77514,36853,38598,11868,0.789266
77515,36853,38599,11868,0.789266
77516,36853,38600,11868,0.789266
77517,36853,38601,11868,0.789266
77518,36853,38602,11868,0.789266
77677,37158,38898,11964,12.1212
77678,37158,38899,11964,12.1212
77679,37158,38900,11964,12.1212
77680,37158,38901,11964,12.1212
77681,37158,38902,11964,9.09091
77682,37158,38903,11964,18.1818
77683,37158,38904,11964,18.1818
77684,37158,38905,11964,6.06061
77685,37159,38898,11964,12.1212
77686,37159,38899,11964,12.1212
77687,37159,38900,11964,12.1212
77688,37159,38901,11964,12.1212
77689,37159,38902,11964,9.09091
77690,37159,38903,11964,18.1818
77691,37159,38904,11964,18.1818
77692,37159,38905,11964,6.06061
77693,37160,38898,11964,13.4831
77694,37160,38899,11964,13.4831
77695,37160,38900,11964,13.4831
77696,37160,38901,11964,13.4831
77697,37160,38902,11964,10.1124
77698,37160,38903,11964,20.2247
77699,37160,38904,11964,8.98876
77700,37160,38905,11964,6.74157
77721,37186,38929,11973,38.1356
77722,37186,38930,11973,11.8644
77723,37186,38931,11973,12.7119
77724,37186,38932,11973,13.9831
77725,37186,38933,11973,6.35593
77726,37186,38934,11973,8.47458
77727,37186,38935,11973,8.47458
77728,37187,38929,11973,40
77729,37187,38930,11973,13.3333
77730,37187,38931,11973,13.3333
77731,37187,38932,11973,13.3333
77732,37187,38933,11973,6.66667
77733,37187,38934,11973,6.66667
77734,37187,38935,11973,6.66667
77735,37188,38929,11973,40
77736,37188,38930,11973,13.3333
77737,37188,38931,11973,13.3333
77738,37188,38932,11973,13.3333
77739,37188,38933,11973,6.66667
77740,37188,38934,11973,6.66667
77741,37188,38935,11973,6.66667
77742,37189,38929,11973,34.6154
77743,37189,38930,11973,7.69231
77744,37189,38931,11973,17.3077
77745,37189,38932,11973,17.3077
77746,37189,38933,11973,7.69231
77747,37189,38934,11973,7.69231
77748,37189,38935,11973,7.69231
77749,37190,38929,11973,58.0645
77750,37190,38930,11973,12.9032
77751,37190,38931,11973,9.67742
77752,37190,38932,11973,9.67742
77753,37190,38933,11973,3.22581
77754,37190,38934,11973,3.22581
77755,37190,38935,11973,3.22581
77765,37194,38939,11975,10.8108
77766,37194,38940,11975,63.0631
77767,37194,38941,11975,25.2252
77768,37194,38942,11975,0.900901
77769,37195,38939,11975,11.2994
77770,37195,38940,11975,3.9548
77771,37195,38941,11975,39.548
77772,37195,38942,11975,45.1977
77803,37230,38974,11984,50
77804,37230,38975,11984,21.4286
77805,37230,38976,11984,28.5714
77806,37231,38974,11984,56
77807,37231,38975,11984,12
77808,37231,38976,11984,32
78049,37425,39151,12041,20.1117
78050,37425,39152,12041,19.5531
78051,37425,39153,12041,46.9274
78052,37425,39154,12041,13.4078
78053,37426,39151,12041,18.6916
78054,37426,39152,12041,6.54206
78055,37426,39153,12041,65.4206
78056,37426,39154,12041,9.34579
78073,37438,39169,12046,9.7561
78074,37438,39170,12046,51.2195
78075,37438,39171,12046,34.1463
78076,37438,39172,12046,4.87805
78077,37439,39169,12046,3.61446
78078,37439,39170,12046,16.8675
78079,37439,39171,12046,50.6024
78080,37439,39172,12046,28.9157
78081,37443,39175,12048,8.33333
78082,37443,39176,12048,58.3333
78083,37443,39177,12048,29.1667
78084,37443,39178,12048,4.16667
78085,37444,39175,12048,3.8961
78086,37444,39176,12048,18.1818
78087,37444,39177,12048,54.5455
78088,37444,39178,12048,23.3766
78303,37613,39336,12104,62.461
78304,37613,39337,12104,6.2461
78305,37613,39338,12104,31.2305
78306,37613,39339,12104,0.062461
78307,37614,39336,12104,11.1099
78308,37614,39337,12104,55.5494
78309,37614,39338,12104,33.3296
78310,37614,39339,12104,0.0111099
78484,37739,39460,12145,20.3046
78485,37739,39461,12145,3.5533
78486,37739,39462,12145,71.066
78487,37739,39463,12145,5.07614
78488,37740,39460,12145,11.2994
78489,37740,39461,12145,3.9548
78490,37740,39462,12145,79.096
78491,37740,39463,12145,5.64972
78857,37985,39706,12222,10.3093
78858,37985,39707,12222,7.2165
78859,37985,39708,12222,72.1649
78860,37985,39709,12222,10.3093
78861,37986,39706,12222,81.5166
78862,37986,39707,12222,3.31754
78863,37986,39708,12222,13.2701
78864,37986,39709,12222,1.89573
78921,38024,39748,12235,30.1887
78922,38024,39749,12235,13.2075
78923,38024,39750,12235,52.8302
78924,38024,39751,12235,3.77358
78925,38025,39748,12235,17.5182
78926,38025,39749,12235,15.3285
78927,38025,39750,12235,61.3139
78928,38025,39751,12235,5.83942
78929,38026,39752,12236,13.7931
78930,38026,39753,12236,25.8621
78931,38026,39754,12236,12.931
78932,38026,39755,12236,31.0345
78933,38026,39756,12236,6.03448
78934,38026,39757,12236,10.3448
78935,38027,39752,12236,11.1111
78936,38027,39753,12236,27.7778
78937,38027,39754,12236,22.2222
78938,38027,39755,12236,22.2222
78939,38027,39756,12236,9.25926
78940,38027,39757,12236,7.40741
78941,38030,39760,12238,6.45161
78942,38030,39761,12238,22.5806
78943,38030,39762,12238,45.1613
78944,38030,39763,12238,25.8065
78945,38031,39760,12238,4.47761
78946,38031,39761,12238,62.6866
78947,38031,39762,12238,31.3433
78948,38031,39763,12238,1.49254
79164,38176,39896,12288,49.1803
79165,38176,39897,12288,5.7377
79166,38176,39898,12288,34.4262
79167,38176,39899,12288,3.27869
79168,38176,39900,12288,7.37705
79169,38177,39896,12288,5.31915
79170,38177,39897,12288,7.44681
79171,38177,39898,12288,74.4681
79172,38177,39899,12288,2.12766
79173,38177,39900,12288,10.6383
79174,38178,39901,12289,49.1803
79175,38178,39902,12289,5.7377
79176,38178,39903,12289,34.4262
79177,38178,39904,12289,3.27869
79178,38178,39905,12289,7.37705
79179,38179,39901,12289,5.31915
79180,38179,39902,12289,7.44681
79181,38179,39903,12289,74.4681
79182,38179,39904,12289,2.12766
79183,38179,39905,12289,10.6383
79197,38198,39921,12297,21.8182
79198,38198,39922,12297,12.7273
79199,38198,39923,12297,50.9091
79200,38198,39924,12297,14.5455
79201,38199,39921,12297,17.0213
79202,38199,39922,12297,14.8936
79203,38199,39923,12297,59.5745
79204,38199,39924,12297,8.51064
79412,38362,40075,12350,5.45455
79413,38362,40076,12350,12.7273
79414,38362,40077,12350,76.3636
79415,38362,40078,12350,5.45455
79416,38363,40075,12350,1.47059
79417,38363,40076,12350,30.8824
79418,38363,40077,12350,61.7647
79419,38363,40078,12350,5.88235
79573,38432,40140,12373,10.3448
79574,38432,40141,12373,12.069
79575,38432,40142,12373,72.4138
79576,38432,40143,12373,5.17241
79577,38433,40140,12373,19.2771
79578,38433,40141,12373,8.43373
79579,38433,40142,12373,67.4699
79580,38433,40143,12373,4.81928
79868,38638,40344,12441,8
79869,38638,40345,12441,28
79870,38638,40346,12441,56
79871,38638,40347,12441,8
79872,38639,40344,12441,1.28205
79873,38639,40345,12441,31.4103
79874,38639,40346,12441,62.8205
79875,38639,40347,12441,4.48718
79993,38699,40403,12461,5.14469
79994,38699,40404,12461,33.7621
79995,38699,40405,12461,45.0161
79996,38699,40406,12461,16.0772
79997,38700,40403,12461,20.563
79998,38700,40404,12461,5.99755
79999,38700,40405,12461,71.9706
80000,38700,40406,12461,1.46879
80178,38816,40520,12499,6.52174
80179,38816,40521,12499,45.6522
80180,38816,40522,12499,45.6522
80181,38816,40523,12499,2.17391
80182,38817,40520,12499,8
80183,38817,40521,12499,28
80184,38817,40522,12499,56
80185,38817,40523,12499,8
80224,38840,40544,12506,43.4783
80225,38840,40545,12506,5.07246
80226,38840,40546,12506,50.7246
80227,38840,40547,12506,0.724638
80228,38841,40544,12506,0.516796
80229,38841,40545,12506,59.6899
80230,38841,40546,12506,19.8966
80231,38841,40547,12506,19.8966
80667,39226,40897,12619,8
80668,39226,40898,12619,28
80669,39226,40899,12619,56
80670,39226,40900,12619,8
80671,39227,40897,12619,8
80672,39227,40898,12619,28
80673,39227,40899,12619,56
80674,39227,40900,12619,8
80675,39228,40901,12620,8
80676,39228,40902,12620,28
80677,39228,40903,12620,56
80678,39228,40904,12620,8
80679,39229,40901,12620,8
80680,39229,40902,12620,28
80681,39229,40903,12620,56
80682,39229,40904,12620,8
80812,39337,41007,12656,8
80813,39337,41008,12656,28
80814,39337,41009,12656,56
80815,39337,41010,12656,8
80816,39338,41007,12656,8
80817,39338,41008,12656,28
80818,39338,41009,12656,56
80819,39338,41010,12656,8
80997,39440,41117,12688,3.83142
80998,39440,41118,12688,34.8659
80999,39440,41119,12688,53.6398
81000,39440,41120,12688,7.66284
81001,39441,41117,12688,0.0142549
81002,39441,41118,12688,99.6845
81003,39441,41119,12688,0.299353
81004,39441,41120,12688,0.00185934
81450,39739,41393,12780,20
81451,39739,41394,12780,20
81452,39739,41395,12780,26.6667
81453,39739,41396,12780,33.3333
81467,39738,41393,12780,12
81468,39738,41394,12780,12
81469,39738,41395,12780,16
81470,39738,41396,12780,60
81487,39756,41412,12786,9.91736
81488,39756,41413,12786,17.3554
81489,39756,41414,12786,69.4215
81490,39756,41415,12786,3.30579
81491,39757,41412,12786,8
81492,39757,41413,12786,28
81493,39757,41414,12786,56
81494,39757,41415,12786,8
81582,39793,41456,12799,17.0213
81583,39793,41457,12799,14.8936
81584,39793,41458,12799,59.5745
81585,39793,41459,12799,8.51064
81586,39794,41456,12799,3.00752
81587,39794,41457,12799,15.7895
81588,39794,41458,12799,63.1579
81589,39794,41459,12799,18.0451
81717,39841,41504,12814,23.5294
81718,39841,41505,12814,13.7255
81719,39841,41506,12814,54.902
81720,39841,41507,12814,7.84314
81721,39842,41504,12814,14.8148
81722,39842,41505,12814,25.9259
81723,39842,41506,12814,51.8519
81724,39842,41507,12814,7.40741
81735,39845,41513,12816,8
81736,39845,41514,12816,28
81737,39845,41515,12816,56
81738,39845,41516,12816,8
81739,39846,41513,12816,8
81740,39846,41514,12816,28
81741,39846,41515,12816,56
81742,39846,41516,12816,8
81866,39960,41624,12850,1.67364
81867,39960,41625,12850,14.6444
81868,39960,41626,12850,58.5774
81869,39960,41627,12850,25.1046
81870,39961,41624,12850,15.3846
81871,39961,41625,12850,26.9231
81872,39961,41626,12850,53.8462
81873,39961,41627,12850,3.84615
81898,39990,41669,12860,30.3797
81899,39990,41670,12860,8.86076
81900,39990,41671,12860,53.1646
81901,39990,41672,12860,7.59494
81902,39991,41669,12860,1.15718
81903,39991,41670,12860,10.1254
81904,39991,41671,12860,81.0029
81905,39991,41672,12860,7.71456
81955,40024,41701,12871,37.4532
81956,40024,41702,12871,2.62172
81957,40024,41703,12871,52.4345
81958,40024,41704,12871,7.49064
81959,40025,41701,12871,8
81960,40025,41702,12871,28
81961,40025,41703,12871,56
81962,40025,41704,12871,8
81963,40026,41705,12872,37.4532
81964,40026,41706,12872,2.62172
81965,40026,41707,12872,52.4345
81966,40026,41708,12872,7.49064
81967,40027,41705,12872,8
81968,40027,41706,12872,28
81969,40027,41707,12872,56
81970,40027,41708,12872,8
81971,40028,41709,12873,37.4532
81972,40028,41710,12873,2.62172
81973,40028,41711,12873,52.4345
81974,40028,41712,12873,7.49064
81975,40029,41709,12873,8
81976,40029,41710,12873,28
81977,40029,41711,12873,56
81978,40029,41712,12873,8
82004,40037,41720,12876,18.6916
82005,40037,41721,12876,6.54206
82006,40037,41722,12876,65.4206
82007,40037,41723,12876,9.34579
82008,40038,41720,12876,17.9104
82009,40038,41721,12876,10.4478
82010,40038,41722,12876,62.6866
82011,40038,41723,12876,8.95522
82065,40064,41749,12884,25.7143
82066,40064,41750,12884,10
82067,40064,41751,12884,60
82068,40064,41752,12884,4.28571
82069,40065,41749,12884,8
82070,40065,41750,12884,28
82071,40065,41751,12884,56
82072,40065,41752,12884,8
82341,40234,41912,12937,8
82342,40234,41913,12937,28
82343,40234,41914,12937,56
82344,40234,41915,12937,8
82345,40235,41912,12937,8
82346,40235,41913,12937,28
82347,40235,41914,12937,56
82348,40235,41915,12937,8
82490,40306,41984,12961,22.2222
82491,40306,41985,12961,44.4444
82492,40306,41986,12961,33.3333
82493,40307,41984,12961,42.8571
82494,40307,41985,12961,14.2857
82495,40307,41986,12961,42.8571
82496,40308,41984,12961,22.2222
82497,40308,41985,12961,66.6667
82498,40308,41986,12961,11.1111
82757,40426,42101,12998,12.6761
82758,40426,42102,12998,19.7183
82759,40426,42103,12998,59.1549
82760,40426,42104,12998,8.4507
82761,40427,42101,12998,11.1111
82762,40427,42102,12998,38.8889
82763,40427,42103,12998,38.8889
82764,40427,42104,12998,11.1111
83228,40675,42339,13078,11.1111
83229,40675,42340,13078,38.8889
83230,40675,42341,13078,38.8889
83231,40675,42342,13078,11.1111
83232,40676,42339,13078,8
83233,40676,42340,13078,28
83234,40676,42341,13078,56
83235,40676,42342,13078,8
83684,40962,42612,13166,9.30233
83685,40962,42613,13166,16.2791
83686,40962,42614,13166,65.1163
83687,40962,42615,13166,9.30233
83688,40963,42612,13166,5.17241
83689,40963,42613,13166,12.069
83690,40963,42614,13166,72.4138
83691,40963,42615,13166,10.3448
84155,41071,42770,13202,9.83607
84156,41071,42771,13202,11.4754
84157,41071,42772,13202,68.8525
84158,41071,42773,13202,9.83607
84159,41072,42770,13202,8
84160,41072,42771,13202,28
84161,41072,42772,13202,56
84162,41072,42773,13202,8
84163,41073,42770,13202,13.0435
84164,41073,42771,13202,20.2899
84165,41073,42772,13202,60.8696
84166,41073,42773,13202,5.7971
84203,41080,42786,13205,35.503
84204,41080,42787,13205,12.426
84205,41080,42788,13205,49.7041
84206,41080,42789,13205,2.36686
84207,41081,42786,13205,20.6897
84208,41081,42787,13205,4.82759
84209,41081,42788,13205,57.931
84210,41081,42789,13205,16.5517
84211,41082,42786,13205,6.4
84212,41082,42787,13205,16.8
84213,41082,42788,13205,67.2
84214,41082,42789,13205,9.6
84496,41186,42913,13237,12.1622
84497,41186,42914,13237,18.9189
84498,41186,42915,13237,56.7568
84499,41186,42916,13237,12.1622
84500,41187,42913,13237,9.83607
84501,41187,42914,13237,34.4262
84502,41187,42915,13237,45.9016
84503,41187,42916,13237,9.83607
84552,41247,42975,13258,31.9149
84553,41247,42976,13258,42.5532
84554,41247,42977,13258,4.25532
84555,41247,42978,13258,21.2766
84556,41248,42975,13258,15.7895
84557,41248,42976,13258,63.1579
84558,41248,42977,13258,5.26316
84559,41248,42978,13258,15.7895
85239,41537,43265,13349,10.0503
85240,41537,43266,13349,17.5879
85241,41537,43267,13349,70.3518
85242,41537,43268,13349,2.01005
85243,41538,43265,13349,2.24719
85244,41538,43266,13349,7.86517
85245,41538,43267,13349,78.6517
85246,41538,43268,13349,11.236
85348,41625,43350,13376,17.9104
85349,41625,43351,13376,10.4478
85350,41625,43352,13376,41.791
85351,41625,43353,13376,29.8507
85352,41626,43350,13376,22.7848
85353,41626,43351,13376,8.86076
85354,41626,43352,13376,53.1646
85355,41626,43353,13376,15.1899
85406,41657,43384,13386,16.6667
85407,41657,43385,13386,66.6667
85408,41657,43386,13386,16.6667
85409,41658,43384,13386,16.6667
85410,41658,43385,13386,66.6667
85411,41658,43386,13386,16.6667
85412,41659,43384,13386,9.09091
85413,41659,43385,13386,36.3636
85414,41659,43386,13386,54.5455
85636,41816,43539,13434,1.72414
85637,41816,43540,13434,72.4138
85638,41816,43541,13434,24.1379
85639,41816,43542,13434,1.72414
85640,41817,43539,13434,10.1266
85641,41817,43540,13434,8.86076
85642,41817,43541,13434,70.8861
85643,41817,43542,13434,10.1266
85736,41877,43604,13454,5.6338
85737,41877,43605,13454,29.5775
85738,41877,43606,13454,59.1549
85739,41877,43607,13454,5.6338
85740,41878,43604,13454,5.6338
85741,41878,43605,13454,29.5775
85742,41878,43606,13454,59.1549
85743,41878,43607,13454,5.6338
85886,41988,43709,13489,26.3736
85887,41988,43710,13489,7.69231
85888,41988,43711,13489,61.5385
85889,41988,43712,13489,4.3956
85890,41989,43709,13489,6.45161
85891,41989,43710,13489,11.2903
85892,41989,43711,13489,67.7419
85893,41989,43712,13489,14.5161
86149,42173,43878,13540,50
86150,42173,43879,13540,50
86151,42172,43878,13540,50
86152,42172,43879,13540,50
86203,42206,43905,13553,8.21918
86204,42206,43906,13553,28.7671
86205,42206,43907,13553,57.5342
86206,42206,43908,13553,5.47945
86207,42207,43905,13553,5.47945
86208,42207,43906,13553,28.7671
86209,42207,43907,13553,57.5342
86210,42207,43908,13553,8.21918
87133,42716,44413,13715,8
87134,42716,44414,13715,28
87135,42716,44415,13715,56
87136,42716,44416,13715,8
87137,42717,44413,13715,4.79042
87138,42717,44414,13715,37.7246
87139,42717,44415,13715,50.2994
87140,42717,44416,13715,7.18563
87389,42903,44605,13771,19.2926
87390,42903,44606,13771,11.254
87391,42903,44607,13771,67.5241
87392,42903,44608,13771,1.92926
87393,42904,44605,13771,8
87394,42904,44606,13771,28
87395,42904,44607,13771,56
87396,42904,44608,13771,8
87891,43270,44930,13882,11.1111
87892,43270,44931,13882,5.55556
87893,43270,44932,13882,77.7778
87894,43270,44933,13882,5.55556
87895,43271,44930,13882,61.2022
87896,43271,44931,13882,3.82514
87897,43271,44932,13882,30.6011
87898,43271,44933,13882,4.37158
87981,43329,44982,13899,6.52174
87982,43329,44983,13899,15.2174
87983,43329,44984,13899,45.6522
87984,43329,44985,13899,32.6087
87985,43330,44982,13899,17.9104
87986,43330,44983,13899,10.4478
87987,43330,44984,13899,62.6866
87988,43330,44985,13899,8.95522
88264,43481,45116,13943,8.51064
88265,43481,45117,13943,44.6809
88266,43481,45118,13943,29.7872
88267,43481,45119,13943,17.0213
88268,43482,45116,13943,1.89573
88269,43482,45117,13943,69.6682
88270,43482,45118,13943,19.9052
88271,43482,45119,13943,8.53081
88284,43487,45124,13945,3.17919
88285,43487,45125,13945,9.63391
88286,43487,45126,13945,74.1811
88287,43487,45127,13945,10.5973
88288,43487,45128,13945,2.40848
88289,43488,45124,13945,2.83175
88290,43488,45125,13945,8.65256
88291,43488,45126,13945,72.6815
88292,43488,45127,13945,12.9788
88293,43488,45128,13945,2.85535
88294,43489,45124,13945,5.46697
88295,43489,45125,13945,2.2779
88296,43489,45126,13945,63.7813
88297,43489,45127,13945,27.3349
88298,43489,45128,13945,1.13895
88713,43772,45373,14026,10.8434
88714,43772,45374,14026,16.8675
88715,43772,45375,14026,50.6024
88716,43772,45376,14026,21.6867
88717,43773,45373,14026,7.84314
88718,43773,45374,14026,13.7255
88719,43773,45375,14026,54.902
88720,43773,45376,14026,23.5294
88882,43847,45443,14046,17.9533
88883,43847,45444,14046,62.8366
88884,43847,45445,14046,1.25673
88885,43847,45446,14046,17.9533
88886,43848,45443,14046,17.9533
88887,43848,45444,14046,62.8366
88888,43848,45445,14046,1.25673
88889,43848,45446,14046,17.9533
89111,43951,45590,14080,8
89112,43951,45591,14080,28
89113,43951,45592,14080,56
89114,43951,45593,14080,8
89115,43952,45590,14080,7.40741
89116,43952,45591,14080,25.9259
89117,43952,45592,14080,51.8519
89118,43952,45593,14080,14.8148
89161,43971,45616,14086,8
89162,43971,45617,14086,28
89163,43971,45618,14086,56
89164,43971,45619,14086,8
89165,43972,45616,14086,8
89166,43972,45617,14086,28
89167,43972,45618,14086,56
89168,43972,45619,14086,8
89221,44004,45647,14096,42.8571
89222,44004,45648,14096,35.7143
89223,44004,45649,14096,21.4286
89224,44005,45647,14096,50
89225,44005,45648,14096,12.5
89226,44005,45649,14096,37.5
89245,44019,45663,14101,52.6316
89246,44019,45664,14101,9.21053
89247,44019,45665,14101,36.8421
89248,44019,45666,14101,1.31579
89249,44020,45663,14101,8.16327
89250,44020,45664,14101,42.8571
89251,44020,45665,14101,28.5714
89252,44020,45666,14101,20.4082
89410,44088,45735,14122,8
89411,44088,45736,14122,28
89412,44088,45737,14122,56
89413,44088,45738,14122,8
89414,44089,45735,14122,8
89415,44089,45736,14122,28
89416,44089,45737,14122,56
89417,44089,45738,14122,8
89430,44096,45745,14125,17.5182
89431,44096,45746,14125,15.3285
89432,44096,45747,14125,61.3139
89433,44096,45748,14125,5.83942
89434,44097,45745,14125,12
89435,44097,45746,14125,28
89436,44097,45747,14125,56
89437,44097,45748,14125,4
89463,44107,45758,14129,19.6078
89464,44107,45759,14129,6.86275
89465,44107,45760,14129,68.6274
89466,44107,45761,14129,4.90196
89467,44108,45758,14129,11.1111
89468,44108,45759,14129,38.8889
89469,44108,45760,14129,38.8889
89470,44108,45761,14129,11.1111
89471,44112,45765,14131,4.6729
89472,44112,45766,14131,39.2523
89473,44112,45767,14131,39.2523
89474,44112,45768,14131,16.8224
89475,44113,45765,14131,8
89476,44113,45766,14131,28
89477,44113,45767,14131,56
89478,44113,45768,14131,8
89479,44114,45769,14132,14.2857
89480,44114,45770,14132,47.619
89481,44114,45771,14132,7.93651
89482,44114,45772,14132,0.793651
89483,44114,45773,14132,2.38095
89484,44114,45774,14132,3.96825
89485,44114,45775,14132,15.873
89486,44114,45776,14132,7.14286
89487,44115,45769,14132,4.6875
89488,44115,45770,14132,4.6875
89489,44115,45771,14132,1.5625
89490,44115,45772,14132,15.625
89491,44115,45773,14132,7.8125
89492,44115,45774,14132,15.625
89493,44115,45775,14132,31.25
89494,44115,45776,14132,18.75
89495,44116,45777,14133,16.9492
89496,44116,45778,14133,3.9548
89497,44116,45779,14133,39.548
89498,44116,45780,14133,39.548
89499,44117,45777,14133,31.25
89500,44117,45778,14133,21.875
89501,44117,45779,14133,43.75
89502,44117,45780,14133,3.125
89503,44118,45781,14134,8
89504,44118,45782,14134,28
89505,44118,45783,14134,56
89506,44118,45784,14134,8
89507,44119,45781,14134,8
89508,44119,45782,14134,28
89509,44119,45783,14134,56
89510,44119,45784,14134,8
89541,44140,45805,14140,7.14286
89542,44140,45806,14140,50
89543,44140,45807,14140,33.3333
89544,44140,45808,14140,9.52381
89545,44141,45805,14140,12.9032
89546,44141,45806,14140,22.5806
89547,44141,45807,14140,45.1613
89548,44141,45808,14140,19.3548
89549,44142,45809,14141,91.1162
89550,44142,45810,14141,1.59453
89551,44142,45811,14141,6.37813
89552,44142,45812,14141,0.911162
89553,44143,45809,14141,89.6861
89554,44143,45810,14141,3.13901
89555,44143,45811,14141,6.27803
89556,44143,45812,14141,0.896861
89557,44144,45813,14142,91.1162
89558,44144,45814,14142,1.59453
89559,44144,45815,14142,6.37813
89560,44144,45816,14142,0.911162
89561,44145,45813,14142,90.2256
89562,44145,45814,14142,3.15789
89563,44145,45815,14142,6.31579
89564,44145,45816,14142,0.300752
89640,44168,45840,14150,23.0769
89641,44168,45841,14150,23.0769
89642,44168,45842,14150,46.1538
89643,44168,45843,14150,7.69231
89644,44169,45840,14150,14.2857
89645,44169,45841,14150,14.2857
89646,44169,45842,14150,28.5714
89647,44169,45843,14150,42.8571
89648,44170,45840,14150,18.1818
89649,44170,45841,14150,18.1818
89650,44170,45842,14150,9.09091
89651,44170,45843,14150,54.5455
89652,44171,45840,14150,18.1818
89653,44171,45841,14150,18.1818
89654,44171,45842,14150,9.09091
89655,44171,45843,14150,54.5455
89695,44186,45860,14155,9.29032
89696,44186,45861,14155,22.5806
89697,44186,45862,14155,54.1936
89698,44186,45863,14155,13.9355
89699,44187,45860,14155,5.71874
89700,44187,45861,14155,23.6548
89701,44187,45862,14155,52.0406
89702,44187,45863,14155,18.5859
89730,44212,45885,14162,3.63636
89731,44212,45886,14162,38.1818
89732,44212,45887,14162,50.9091
89733,44212,45888,14162,7.27273
89734,44213,45885,14162,8.73016
89735,44213,45886,14162,27.7778
89736,44213,45887,14162,55.5556
89737,44213,45888,14162,7.93651
89795,44277,45942,14178,4.65116
89796,44277,45943,14178,16.2791
89797,44277,45944,14178,65.1163
89798,44277,45945,14178,13.9535
89799,44278,45942,14178,13.4328
89800,44278,45943,14178,10.4478
89801,44278,45944,14178,62.6866
89802,44278,45945,14178,13.4328
89824,44284,45955,14181,9.91736
89825,44284,45956,14181,17.3554
89826,44284,45957,14181,69.4215
89827,44284,45958,14181,3.30579
89828,44285,45955,14181,0.22792
89829,44285,45956,14181,6.78063
89830,44285,45957,14181,54.245
89831,44285,45958,14181,38.7464
89843,44306,45974,14189,0.0558154
89844,44306,45975,14189,55.8154
89845,44306,45976,14189,13.9539
89846,44306,45977,14189,0.0159473
89847,44306,45978,14189,0.0744206
89848,44306,45979,14189,0.558154
89849,44306,45980,14189,1.39539
89850,44306,45981,14189,0.223262
89851,44306,45982,14189,27.9077
89852,44307,45974,14189,0.0180115
89853,44307,45975,14189,0.900576
89854,44307,45976,14189,0.0180115
89855,44307,45977,14189,0.900576
89856,44307,45978,14189,3.60231
89857,44307,45979,14189,0.900576
89858,44307,45980,14189,45.0288
89859,44307,45981,14189,3.60231
89860,44307,45982,14189,45.0288
90075,44429,46081,14219,37.4532
90076,44429,46082,14219,2.62172
90077,44429,46083,14219,52.4345
90078,44429,46084,14219,7.49064
90079,44430,46081,14219,22.0408
90080,44430,46082,14219,25.7143
90081,44430,46083,14219,51.4286
90082,44430,46084,14219,0.816327
90134,44464,46119,14232,15.3846
90135,44464,46120,14232,26.9231
90136,44464,46121,14232,53.8462
90137,44464,46122,14232,3.84615
90138,44465,46119,14232,1.55642
90139,44465,46120,14232,35.4086
90140,44465,46121,14232,54.4747
90141,44465,46122,14232,8.56031
90167,44488,46143,14239,8
90168,44488,46144,14239,28
90169,44488,46145,14239,56
90170,44488,46146,14239,8
90171,44489,46143,14239,8
90172,44489,46144,14239,28
90173,44489,46145,14239,56
90174,44489,46146,14239,8
90175,44490,46147,14240,8
90176,44490,46148,14240,28
90177,44490,46149,14240,56
90178,44490,46150,14240,8
90179,44491,46147,14240,8
90180,44491,46148,14240,28
90181,44491,46149,14240,56
90182,44491,46150,14240,8
90183,44492,46151,14241,8
90184,44492,46152,14241,28
90185,44492,46153,14241,56
90186,44492,46154,14241,8
90187,44493,46151,14241,8
90188,44493,46152,14241,28
90189,44493,46153,14241,56
90190,44493,46154,14241,8
90191,44494,46155,14242,8
90192,44494,46156,14242,28
90193,44494,46157,14242,56
90194,44494,46158,14242,8
90195,44495,46155,14242,8
90196,44495,46156,14242,28
90197,44495,46157,14242,56
90198,44495,46158,14242,8
90199,44496,46159,14243,8
90200,44496,46160,14243,28
90201,44496,46161,14243,56
90202,44496,46162,14243,8
90203,44497,46159,14243,8
90204,44497,46160,14243,28
90205,44497,46161,14243,56
90206,44497,46162,14243,8
90219,44504,46169,14247,17.9104
90220,44504,46170,14247,10.4478
90221,44504,46171,14247,62.6866
90222,44504,46172,14247,8.95522
90223,44505,46169,14247,21.8182
90224,44505,46170,14247,12.7273
90225,44505,46171,14247,50.9091
90226,44505,46172,14247,14.5455
90339,44593,46261,14277,10
90340,44593,46262,14277,17.5
90341,44593,46263,14277,70
90342,44593,46264,14277,2.5
90343,44594,46261,14277,5.60748
90344,44594,46262,14277,13.0841
90345,44594,46263,14277,78.5047
90346,44594,46264,14277,2.80374
90347,44595,46265,14278,10
90348,44595,46266,14278,17.5
90349,44595,46267,14278,70
90350,44595,46268,14278,2.5
90351,44596,46265,14278,5.60748
90352,44596,46266,14278,13.0841
90353,44596,46267,14278,78.5047
90354,44596,46268,14278,2.80374
90385,44612,46287,14285,16.129
90386,44612,46288,14285,56.4516
90387,44612,46289,14285,11.2903
90388,44612,46290,14285,16.129
90389,44613,46287,14285,16.129
90390,44613,46288,14285,56.4516
90391,44613,46289,14285,11.2903
90392,44613,46290,14285,16.129
90464,44668,46338,14302,11.7647
90465,44668,46339,14302,41.1765
90466,44668,46340,14302,41.1765
90467,44668,46341,14302,5.88235
90468,44669,46338,14302,6.77966
90469,44669,46339,14302,11.8644
90470,44669,46340,14302,71.1864
90471,44669,46341,14302,10.1695
90531,44697,46370,14311,2.17391
90532,44697,46371,14311,45.6522
90533,44697,46372,14311,30.4348
90534,44697,46373,14311,21.7391
90535,44698,46370,14311,20.4082
90536,44698,46371,14311,42.8571
90537,44698,46372,14311,28.5714
90538,44698,46373,14311,8.16327
90539,44699,46374,14312,7.63359
90540,44699,46375,14312,22.9008
90541,44699,46376,14312,2.54453
90542,44699,46377,14312,20.3562
90543,44699,46378,14312,0.763359
90544,44699,46379,14312,45.8015
90545,44700,46374,14312,10.7527
90546,44700,46375,14312,3.22581
90547,44700,46376,14312,5.37634
90548,44700,46377,14312,21.5054
90549,44700,46378,14312,26.8817
90550,44700,46379,14312,32.2581
90551,44701,46374,14312,14.4928
90552,44701,46375,14312,4.34783
90553,44701,46376,14312,7.24638
90554,44701,46377,14312,28.9855
90555,44701,46378,14312,1.44928
90556,44701,46379,14312,43.4783
90557,44702,46374,14312,1.83503
90558,44702,46375,14312,5.50507
90559,44702,46376,14312,0.509729
90560,44702,46377,14312,36.7005
90561,44702,46378,14312,0.398918
90562,44702,46379,14312,55.0508
90563,44703,46374,14312,4.67664
90564,44703,46375,14312,1.12239
90565,44703,46376,14312,14.0299
90566,44703,46377,14312,5.34474
90567,44703,46378,14312,46.7664
90568,44703,46379,14312,28.0599
90608,44743,46414,14324,25
90609,44743,46415,14324,25
90610,44743,46416,14324,25
90611,44743,46417,14324,25
90612,44744,46414,14324,16.6667
90613,44744,46415,14324,33.3333
90614,44744,46416,14324,33.3333
90615,44744,46417,14324,16.6667
90616,44745,46414,14324,25
90617,44745,46415,14324,25
90618,44745,46416,14324,25
90619,44745,46417,14324,25
90620,44746,46414,14324,28.5714
90621,44746,46415,14324,28.5714
90622,44746,46416,14324,14.2857
90623,44746,46417,14324,28.5714
90624,44747,46414,14324,25
90625,44747,46415,14324,25
90626,44747,46416,14324,25
90627,44747,46417,14324,25
90649,44760,46432,14329,0.470219
90650,44760,46433,14329,82.2884
90651,44760,46434,14329,16.4577
90652,44760,46435,14329,0.783699
90653,44761,46432,14329,42.6035
90654,44761,46433,14329,4.14201
90655,44761,46434,14329,49.7041
90656,44761,46435,14329,3.5503
90672,44768,46445,14332,1.18918
90673,44768,46446,14332,0.208106
90674,44768,46447,14332,89.1884
90675,44768,46448,14332,7.92786
90676,44768,46449,14332,1.48647
90677,44769,46445,14332,7.02741
90678,44769,46446,14332,0.491918
90679,44769,46447,14332,21.0822
90680,44769,46448,14332,1.12439
90681,44769,46449,14332,70.2741
90682,44770,46450,14333,1.18918
90683,44770,46451,14333,0.208106
90684,44770,46452,14333,89.1884
90685,44770,46453,14333,7.92786
90686,44770,46454,14333,1.48647
90687,44771,46450,14333,5.66572
90688,44771,46451,14333,1.983
90689,44771,46452,14333,84.9858
90690,44771,46453,14333,4.53258
90691,44771,46454,14333,2.83286
90692,44772,46455,14334,2.23464
90693,44772,46456,14334,3.91061
90694,44772,46457,14334,33.5196
90695,44772,46458,14334,4.46927
90696,44772,46459,14334,55.8659
90697,44773,46455,14334,1.62162
90698,44773,46456,14334,1.89189
90699,44773,46457,14334,12.1622
90700,44773,46458,14334,3.24324
90701,44773,46459,14334,81.0811
90702,44774,46460,14335,0.220751
90703,44774,46461,14335,3.09051
90704,44774,46462,14335,6.62252
90705,44774,46463,14335,1.766
90706,44774,46464,14335,88.3002
90707,44775,46460,14335,3.7037
90708,44775,46461,14335,5.18518
90709,44775,46462,14335,11.1111
90710,44775,46463,14335,5.92593
90711,44775,46464,14335,74.0741
90712,44776,46465,14336,1.14286
90713,44776,46466,14336,0.8
90714,44776,46467,14336,17.1429
90715,44776,46468,14336,0.914286
90716,44776,46469,14336,22.8571
90717,44776,46470,14336,57.1429
90718,44777,46465,14336,1.44058
90719,44777,46466,14336,0.840336
90720,44777,46467,14336,10.8043
90721,44777,46468,14336,2.88115
90722,44777,46469,14336,24.0096
90723,44777,46470,14336,60.024
90724,44778,46471,14337,1.14286
90725,44778,46472,14337,0.8
90726,44778,46473,14337,17.1429
90727,44778,46474,14337,0.914286
90728,44778,46475,14337,22.8571
90729,44778,46476,14337,57.1429
90730,44779,46471,14337,1.33185
90731,44779,46472,14337,0.776915
90732,44779,46473,14337,16.6482
90733,44779,46474,14337,3.55161
90734,44779,46475,14337,22.1976
90735,44779,46476,14337,55.4939
90736,44786,46480,14339,0.899281
90737,44786,46481,14339,0.629496
90738,44786,46482,14339,6.7446
90739,44786,46483,14339,1.79856
90740,44786,46484,14339,89.9281
90741,44787,46480,14339,2.95983
90742,44787,46481,14339,1.47992
90743,44787,46482,14339,7.61099
90744,44787,46483,14339,3.38266
90745,44787,46484,14339,84.5666
90746,44788,46485,14340,2.43507
90747,44788,46486,14340,0.568182
90748,44788,46487,14340,6.08766
90749,44788,46488,14340,1.62338
90750,44788,46489,14340,81.1688
90751,44788,46490,14340,8.11688
90752,44789,46485,14340,3.50263
90753,44789,46486,14340,1.22592
90754,44789,46487,14340,8.4063
90755,44789,46488,14340,2.8021
90756,44789,46489,14340,70.0525
90757,44789,46490,14340,14.0105
90758,44790,46491,14341,0.9298
90759,44790,46492,14341,0.32543
90760,44790,46493,14341,2.7894
90761,44790,46494,14341,1.11576
90762,44790,46495,14341,92.98
90763,44790,46496,14341,1.8596
90764,44791,46491,14341,3.50263
90765,44791,46492,14341,1.22592
90766,44791,46493,14341,8.4063
90767,44791,46494,14341,2.8021
90768,44791,46495,14341,70.0525
90769,44791,46496,14341,14.0105
90770,44795,46500,14343,0.0655523
90771,44795,46501,14343,0.229433
90772,44795,46502,14343,0.983284
90773,44795,46503,14343,0.262209
90774,44795,46504,14343,98.3284
90775,44795,46505,14343,0.131105
90776,44796,46500,14343,1.51899
90777,44796,46501,14343,1.77215
90778,44796,46502,14343,7.59494
90779,44796,46503,14343,3.03797
90780,44796,46504,14343,75.9494
90781,44796,46505,14343,10.1266
90782,44797,46506,14344,0.0470921
90783,44797,46507,14344,0.164822
90784,44797,46508,14344,0.706381
90785,44797,46509,14344,0.188368
90786,44797,46510,14344,70.6381
90787,44797,46511,14344,28.2552
90788,44798,46506,14344,1.51899
90789,44798,46507,14344,1.77215
90790,44798,46508,14344,7.59494
90791,44798,46509,14344,3.03797
90792,44798,46510,14344,75.9494
90793,44798,46511,14344,10.1266
90794,44799,46512,14345,0.000666562
90795,44799,46513,14345,0.00233297
90796,44799,46514,14345,0.00999843
90797,44799,46515,14345,0.00266625
90798,44799,46516,14345,99.9843
90799,44800,46512,14345,0.617284
90800,44800,46513,14345,0.432099
90801,44800,46514,14345,4.62963
90802,44800,46515,14345,1.7284
90803,44800,46516,14345,92.5926
90804,44801,46517,14346,0.0660775
90805,44801,46518,14346,0.0578178
90806,44801,46519,14346,0.495581
90807,44801,46520,14346,0.132155
90808,44801,46521,14346,99.1162
90809,44801,46522,14346,0.132155
90810,44802,46517,14346,1.54361
90811,44802,46518,14346,0.900437
90812,44802,46519,14346,6.17443
90813,44802,46520,14346,1.85233
90814,44802,46521,14346,77.1803
90815,44802,46522,14346,12.3489
90816,44803,46523,14347,0.0657014
90817,44803,46524,14347,0.00574887
90818,44803,46525,14347,0.0492761
90819,44803,46526,14347,0.0131403
90820,44803,46527,14347,98.5521
90821,44803,46528,14347,1.31403
90822,44804,46523,14347,1.54361
90823,44804,46524,14347,0.900437
90824,44804,46525,14347,6.17443
90825,44804,46526,14347,1.85233
90826,44804,46527,14347,77.1803
90827,44804,46528,14347,12.3489
90828,44805,46529,14348,0.00657403
90829,44805,46530,14348,0.00575227
90830,44805,46531,14348,0.0493052
90831,44805,46532,14348,0.0131481
90832,44805,46533,14348,98.6104
90833,44805,46534,14348,1.31481
90834,44806,46529,14348,1.54361
90835,44806,46530,14348,0.900437
90836,44806,46531,14348,6.17443
90837,44806,46532,14348,1.85233
90838,44806,46533,14348,77.1803
90839,44806,46534,14348,12.3489
90840,44807,46535,14349,0.000666607
90841,44807,46536,14349,0.000583281
90842,44807,46537,14349,0.00499955
90843,44807,46538,14349,0.00133321
90844,44807,46539,14349,99.9911
90845,44807,46540,14349,0.00133321
90846,44808,46535,14349,1.54361
90847,44808,46536,14349,0.900437
90848,44808,46537,14349,6.17443
90849,44808,46538,14349,1.85233
90850,44808,46539,14349,77.1803
90851,44808,46540,14349,12.3489
90852,44809,46541,14350,0.253936
90853,44809,46542,14350,0.35551
90854,44809,46543,14350,2.28542
90855,44809,46544,14350,0.609446
90856,44809,46545,14350,76.1808
90857,44809,46546,14350,20.3149
90858,44810,46541,14350,1.54361
90859,44810,46542,14350,0.900437
90860,44810,46543,14350,6.17443
90861,44810,46544,14350,1.85233
90862,44810,46545,14350,77.1803
90863,44810,46546,14350,12.3489
90864,44811,46547,14351,0.253936
90865,44811,46548,14351,0.35551
90866,44811,46549,14351,2.28542
90867,44811,46550,14351,0.609446
90868,44811,46551,14351,76.1808
90869,44811,46552,14351,20.3149
90870,44812,46547,14351,1.10967
90871,44812,46548,14351,0.647309
90872,44812,46549,14351,4.43869
90873,44812,46550,14351,1.33161
90874,44812,46551,14351,55.4836
90875,44812,46552,14351,36.9891
90876,44813,46553,14352,0.0655523
90877,44813,46554,14352,0.229433
90878,44813,46555,14352,0.983284
90879,44813,46556,14352,0.262209
90880,44813,46557,14352,98.3284
90881,44813,46558,14352,0.131105
90882,44814,46553,14352,1.10967
90883,44814,46554,14352,0.647309
90884,44814,46555,14352,4.43869
90885,44814,46556,14352,1.33161
90886,44814,46557,14352,55.4836
90887,44814,46558,14352,36.9891
90888,44815,46559,14353,0.0655523
90889,44815,46560,14353,0.229433
90890,44815,46561,14353,0.983284
90891,44815,46562,14353,0.262209
90892,44815,46563,14353,98.3284
90893,44815,46564,14353,0.131105
90894,44816,46559,14353,0.810045
90895,44816,46560,14353,0.472526
90896,44816,46561,14353,3.24018
90897,44816,46562,14353,0.972053
90898,44816,46563,14353,40.5022
90899,44816,46564,14353,54.003
90900,44817,46565,14354,0.0655523
90901,44817,46566,14354,0.229433
90902,44817,46567,14354,0.983284
90903,44817,46568,14354,0.262209
90904,44817,46569,14354,98.3284
90905,44817,46570,14354,0.131105
90906,44818,46565,14354,1.42619
90907,44818,46566,14354,0.831947
90908,44818,46567,14354,5.70478
90909,44818,46568,14354,1.71143
90910,44818,46569,14354,71.3097
90911,44818,46570,14354,19.0159
90916,44823,46575,14357,0.0665099
90917,44823,46576,14357,0.00232785
90918,44823,46577,14357,0.019953
90919,44823,46578,14357,0.013302
90920,44823,46579,14357,99.7649
90921,44823,46580,14357,0.13302
90922,44824,46575,14357,1.42619
90923,44824,46576,14357,0.831947
90924,44824,46577,14357,5.70478
90925,44824,46578,14357,1.71143
90926,44824,46579,14357,71.3097
90927,44824,46580,14357,19.0159
90928,44825,46581,14358,0.554939
90929,44825,46582,14358,0.388457
90930,44825,46583,14358,2.49723
90931,44825,46584,14358,2.21976
90932,44825,46585,14358,83.2408
90933,44825,46586,14358,11.0988
90934,44826,46581,14358,1.42619
90935,44826,46582,14358,0.831947
90936,44826,46583,14358,5.70478
90937,44826,46584,14358,1.71143
90938,44826,46585,14358,71.3097
90939,44826,46586,14358,19.0159
90940,44827,46587,14359,0.554939
90941,44827,46588,14359,0.388457
90942,44827,46589,14359,2.49723
90943,44827,46590,14359,2.21976
90944,44827,46591,14359,83.2408
90945,44827,46592,14359,11.0988
90946,44828,46587,14359,1.44265
90947,44828,46588,14359,0.841548
90948,44828,46589,14359,5.77062
90949,44828,46590,14359,0.577062
90950,44828,46591,14359,72.1327
90951,44828,46592,14359,19.2354
90952,44829,46593,14360,0.554939
90953,44829,46594,14360,0.388457
90954,44829,46595,14360,2.49723
90955,44829,46596,14360,2.21976
90956,44829,46597,14360,83.2408
90957,44829,46598,14360,11.0988
90958,44830,46593,14360,1.39697
90959,44830,46594,14360,0.814901
90960,44830,46595,14360,5.58789
90961,44830,46596,14360,3.72526
90962,44830,46597,14360,69.8487
90963,44830,46598,14360,18.6263
91015,44860,46626,14372,8
91016,44860,46627,14372,28
91017,44860,46628,14372,56
91018,44860,46629,14372,8
91019,44861,46626,14372,17.094
91020,44861,46627,14372,59.8291
91021,44861,46628,14372,5.98291
91022,44861,46629,14372,17.094
91023,44862,46626,14372,0.0086949
91024,44862,46627,14372,30.4321
91025,44862,46628,14372,60.8643
91026,44862,46629,14372,8.6949
91027,44863,46626,14372,5.12821
91028,44863,46627,14372,17.9487
91029,44863,46628,14372,71.7949
91030,44863,46629,14372,5.12821
91031,44864,46626,14372,8
91032,44864,46627,14372,28
91033,44864,46628,14372,56
91034,44864,46629,14372,8
91143,44891,46670,14381,8.21918
91144,44891,46671,14381,28.7671
91145,44891,46672,14381,57.5342
91146,44891,46673,14381,5.47945
91147,44892,46670,14381,4.06504
91148,44892,46671,14381,28.4553
91149,44892,46672,14381,56.9106
91150,44892,46673,14381,10.5691
91178,44904,46685,14386,13.3333
91179,44904,46686,14386,15.5556
91180,44904,46687,14386,62.2222
91181,44904,46688,14386,8.88889
91182,44905,46685,14386,13.4328
91183,44905,46686,14386,10.4478
91184,44905,46687,14386,62.6866
91185,44905,46688,14386,13.4328
91190,44912,46694,14389,10.3093
91191,44912,46695,14389,7.2165
91192,44912,46696,14389,72.1649
91193,44912,46697,14389,10.3093
91194,44913,46694,14389,0.47259
91195,44913,46695,14389,79.3951
91196,44913,46696,14389,19.8488
91197,44913,46697,14389,0.283554
91279,45002,46777,14417,13.0435
91280,45002,46778,14417,4.34783
91281,45002,46779,14417,6.52174
91282,45002,46780,14417,45.6522
91283,45002,46781,14417,4.34783
91284,45002,46782,14417,26.087
91285,45003,46777,14417,12.5
91286,45003,46778,14417,6.25
91287,45003,46779,14417,6.25
91288,45003,46780,14417,43.75
91289,45003,46781,14417,6.25
91290,45003,46782,14417,25
91391,45067,46850,14435,17.0213
91392,45067,46851,14435,14.8936
91393,45067,46852,14435,59.5745
91394,45067,46853,14435,8.51064
91395,45068,46850,14435,2.5
91396,45068,46851,14435,17.5
91397,45068,46852,14435,70
91398,45068,46853,14435,10
91413,45078,46862,14439,3.84615
91414,45078,46863,14439,67.3077
91415,45078,46864,14439,26.9231
91416,45078,46865,14439,1.92308
91417,45079,46862,14439,38.2166
91418,45079,46863,14439,4.4586
91419,45079,46864,14439,53.5032
91420,45079,46865,14439,3.82166
91421,45080,46866,14440,1.90235
91422,45080,46867,14440,0.443881
91423,45080,46868,14440,2.2194
91424,45080,46869,14440,0.317058
91425,45080,46870,14440,95.1173
91426,45081,46866,14440,3.13283
91427,45081,46867,14440,0.438596
91428,45081,46868,14440,2.19298
91429,45081,46869,14440,0.250627
91430,45081,46870,14440,93.985
91431,45082,46871,14441,15.3846
91432,45082,46872,14441,5.38462
91433,45082,46873,14441,21.5385
91434,45082,46874,14441,3.84615
91435,45082,46875,14441,53.8462
91436,45083,46871,14441,3.98406
91437,45083,46872,14441,0.929615
91438,45083,46873,14441,1.85923
91439,45083,46874,14441,0.265604
91440,45083,46875,14441,92.9615
91441,45084,46876,14442,8.58369
91442,45084,46877,14442,3.00429
91443,45084,46878,14442,24.0343
91444,45084,46879,14442,4.29185
91445,45084,46880,14442,60.0858
91446,45085,46876,14442,3.98406
91447,45085,46877,14442,0.929615
91448,45085,46878,14442,1.85923
91449,45085,46879,14442,0.265604
91450,45085,46880,14442,92.9615
91451,45086,46881,14443,3.89105
91452,45086,46882,14443,2.72374
91453,45086,46883,14443,54.4747
91454,45086,46884,14443,38.9105
91455,45087,46881,14443,40.3361
91456,45087,46882,14443,5.88235
91457,45087,46883,14443,47.0588
91458,45087,46884,14443,6.72269
91555,45143,46924,14460,4.41176
91556,45143,46925,14460,30.8824
91557,45143,46926,14460,61.7647
91558,45143,46927,14460,2.94118
91559,45144,46924,14460,2.30415
91560,45144,46925,14460,64.5161
91561,45144,46926,14460,32.2581
91562,45144,46927,14460,0.921659
91572,45150,46931,14463,33.8983
91573,45150,46932,14463,11.8644
91574,45150,46933,14463,47.4576
91575,45150,46934,14463,6.77966
91576,45151,46931,14463,8
91577,45151,46932,14463,28
91578,45151,46933,14463,56
91579,45151,46934,14463,8
91694,45206,46987,14482,61.5385
91695,45206,46988,14482,7.69231
91696,45206,46989,14482,30.7692
91697,45207,46987,14482,57.1429
91698,45207,46988,14482,14.2857
91699,45207,46989,14482,28.5714
92121,45527,47285,14581,9.32811
92122,45527,47286,14581,22.8311
92123,45527,47287,14581,59.3607
92124,45527,47288,14581,8.4801
92125,45528,47285,14581,8.89488
92126,45528,47286,14581,20.7547
92127,45528,47287,14581,62.2642
92128,45528,47288,14581,8.08625
92147,45552,47311,14589,25.641
92148,45552,47312,14589,5.98291
92149,45552,47313,14589,59.8291
92150,45552,47314,14589,8.54701
92151,45553,47311,14589,10.5263
92152,45553,47312,14589,5.26316
92153,45553,47313,14589,73.6842
92154,45553,47314,14589,10.5263
92224,45619,47376,14610,17.5055
92225,45619,47377,14610,8.75274
92226,45619,47378,14610,0.656455
92227,45619,47379,14610,17.5055
92228,45619,47380,14610,4.37637
92229,45619,47381,14610,8.75274
92230,45619,47382,14610,0.875274
92231,45619,47383,14610,8.75274
92232,45619,47384,14610,17.5055
92233,45619,47385,14610,6.56455
92234,45619,47386,14610,4.37637
92235,45619,47387,14610,4.37637
92236,45620,47376,14610,15.2866
92237,45620,47377,14610,3.82166
92238,45620,47378,14610,0.636943
92239,45620,47379,14610,12.7389
92240,45620,47380,14610,5.09554
92241,45620,47381,14610,7.64331
92242,45620,47382,14610,5.09554
92243,45620,47383,14610,2.54777
92244,45620,47384,14610,10.1911
92245,45620,47385,14610,11.465
92246,45620,47386,14610,12.7389
92247,45620,47387,14610,12.7389
92352,45672,47435,14627,18.4615
92353,45672,47436,14627,32.3077
92354,45672,47437,14627,43.0769
92355,45672,47438,14627,6.15385
92356,45673,47435,14627,7.27273
92357,45673,47436,14627,12.7273
92358,45673,47437,14627,50.9091
92359,45673,47438,14627,29.0909
92891,46002,47755,14725,25
92892,46002,47756,14725,25
92893,46002,47757,14725,25
92894,46002,47758,14725,25
92895,46003,47755,14725,25
92896,46003,47756,14725,25
92897,46003,47757,14725,25
92898,46003,47758,14725,25
92948,46037,47790,14735,7.01754
92949,46037,47791,14735,61.4035
92950,46037,47792,14735,24.5614
92951,46037,47793,14735,7.01754
92952,46038,47790,14735,8
92953,46038,47791,14735,28
92954,46038,47792,14735,56
92955,46038,47793,14735,8
93011,46089,47824,14751,11.5385
93012,46089,47825,14751,26.9231
93013,46089,47826,14751,53.8462
93014,46089,47827,14751,7.69231
93015,46090,47824,14751,4.16667
93016,46090,47825,14751,29.1667
93017,46090,47826,14751,58.3333
93018,46090,47827,14751,8.33333
93083,46118,47852,14761,14.2857
93084,46118,47853,14761,33.3333
93085,46118,47854,14761,33.3333
93086,46118,47855,14761,19.0476
93087,46119,47852,14761,14.2857
93088,46119,47853,14761,33.3333
93089,46119,47854,14761,33.3333
93090,46119,47855,14761,19.0476
93123,46160,47895,14774,16.6667
93124,46160,47896,14774,50
93125,46160,47897,14774,33.3333
93126,46161,47895,14774,37.5
93127,46161,47896,14774,25
93128,46161,47897,14774,37.5
93129,46162,47895,14774,14.2857
93130,46162,47896,14774,42.8571
93131,46162,47897,14774,42.8571
93212,46231,47951,14795,38.8889
93213,46231,47952,14795,61.1111
93214,46232,47951,14795,98.8235
93215,46232,47952,14795,1.17647
93406,46291,48029,14813,45.4545
93407,46291,48030,14813,18.1818
93408,46291,48031,14813,12.1212
93409,46291,48032,14813,12.1212
93410,46291,48033,14813,12.1212
93411,46292,48029,14813,23.0769
93412,46292,48030,14813,27.6923
93413,46292,48031,14813,24.6154
93414,46292,48032,14813,15.3846
93415,46292,48033,14813,9.23077
93717,46472,48197,14873,8
93718,46472,48198,14873,28
93719,46472,48199,14873,56
93720,46472,48200,14873,8
93721,46473,48197,14873,8
93722,46473,48198,14873,28
93723,46473,48199,14873,56
93724,46473,48200,14873,8
93749,46508,48234,14886,16.3934
93750,46508,48235,14886,57.377
93751,46508,48236,14886,22.9508
93752,46508,48237,14886,3.27869
93753,46509,48234,14886,8
93754,46509,48235,14886,28
93755,46509,48236,14886,56
93756,46509,48237,14886,8
93863,46541,48293,14897,38.9105
93864,46541,48294,14897,2.72374
93865,46541,48295,14897,54.4747
93866,46541,48296,14897,3.89105
93867,46542,48293,14897,32.7869
93868,46542,48294,14897,11.4754
93869,46542,48295,14897,22.9508
93870,46542,48296,14897,32.7869
93871,46543,48297,14898,5.55556
93872,46543,48298,14898,9.25926
93873,46543,48299,14898,25.9259
93874,46543,48300,14898,3.7037
93875,46543,48301,14898,16.6667
93876,46543,48302,14898,38.8889
93877,46544,48297,14898,15.625
93878,46544,48298,14898,7.8125
93879,46544,48299,14898,21.875
93880,46544,48300,14898,12.5
93881,46544,48301,14898,9.375
93882,46544,48302,14898,32.8125
93883,46545,48297,14898,1.36986
93884,46545,48298,14898,2.73973
93885,46545,48299,14898,19.1781
93886,46545,48300,14898,10.9589
93887,46545,48301,14898,8.21918
93888,46545,48302,14898,57.5342
93889,46546,48297,14898,2.7027
93890,46546,48298,14898,2.7027
93891,46546,48299,14898,18.9189
93892,46546,48300,14898,10.8108
93893,46546,48301,14898,8.10811
93894,46546,48302,14898,56.7568
94171,46751,48513,14963,14.2857
94172,46751,48514,14963,42.8571
94173,46751,48515,14963,42.8571
94174,46752,48513,14963,14.2857
94175,46752,48514,14963,42.8571
94176,46752,48515,14963,42.8571
94329,46822,48576,14982,1.26582
94330,46822,48577,14982,53.1646
94331,46822,48578,14982,26.5823
94332,46822,48579,14982,18.9873
94333,46823,48576,14982,8.95522
94334,46823,48577,14982,10.4478
94335,46823,48578,14982,62.6866
94336,46823,48579,14982,17.9104
94377,46861,48610,14997,11.7647
94378,46861,48611,14997,35.2941
94379,46861,48612,14997,7.84314
94380,46861,48613,14997,17.6471
94381,46861,48614,14997,23.5294
94382,46861,48615,14997,3.92157
94383,46862,48610,14997,9.67742
94384,46862,48611,14997,48.3871
94385,46862,48612,14997,19.3548
94386,46862,48613,14997,9.67742
94387,46862,48614,14997,6.45161
94388,46862,48615,14997,6.45161
94428,46877,48636,15003,34.0136
94429,46877,48637,15003,4.7619
94430,46877,48638,15003,47.619
94431,46877,48639,15003,13.6054
94432,46878,48636,15003,20.339
94433,46878,48637,15003,11.8644
94434,46878,48638,15003,47.4576
94435,46878,48639,15003,20.339
94817,47072,48835,15072,27.1186
94818,47072,48836,15072,11.8644
94819,47072,48837,15072,47.4576
94820,47072,48838,15072,13.5593
94821,47073,48835,15072,10.1266
94822,47073,48836,15072,8.86076
94823,47073,48837,15072,70.8861
94824,47073,48838,15072,10.1266
94957,47148,48909,15098,8
94958,47148,48910,15098,28
94959,47148,48911,15098,56
94960,47148,48912,15098,8
94961,47149,48909,15098,8
94962,47149,48910,15098,28
94963,47149,48911,15098,56
94964,47149,48912,15098,8
94965,47150,48909,15098,86.2017
94966,47150,48910,15098,0.00603412
94967,47150,48911,15098,12.0682
94968,47150,48912,15098,1.72403
95070,47192,48956,15113,10.6195
95071,47192,48957,15113,12.3894
95072,47192,48958,15113,74.3363
95073,47192,48959,15113,2.65487
95074,47193,48956,15113,8
95075,47193,48957,15113,28
95076,47193,48958,15113,56
95077,47193,48959,15113,8
95078,47194,48960,15114,8
95079,47194,48961,15114,28
95080,47194,48962,15114,56
95081,47194,48963,15114,8
95082,47195,48960,15114,8
95083,47195,48961,15114,28
95084,47195,48962,15114,56
95085,47195,48963,15114,8
95215,47271,49036,15136,45.4545
95216,47271,49037,15136,9.09091
95217,47271,49038,15136,13.6364
95218,47271,49039,15136,4.54545
95219,47271,49040,15136,4.54545
95220,47271,49041,15136,22.7273
95221,47272,49036,15136,50
95222,47272,49037,15136,10
95223,47272,49038,15136,5
95224,47272,49039,15136,5
95225,47272,49040,15136,5
95226,47272,49041,15136,25
95227,47268,49036,15136,50
95228,47268,49037,15136,10
95229,47268,49038,15136,5
95230,47268,49039,15136,5
95231,47268,49040,15136,5
95232,47268,49041,15136,25
95233,47269,49036,15136,33.3333
95234,47269,49037,15136,10
95235,47269,49038,15136,5
95236,47269,49039,15136,5
95237,47269,49040,15136,5
95238,47269,49041,15136,41.6667
95239,47270,49036,15136,50
95240,47270,49037,15136,10
95241,47270,49038,15136,5
95242,47270,49039,15136,5
95243,47270,49040,15136,5
95244,47270,49041,15136,25
95338,47338,49094,15152,62.069
95339,47338,49095,15152,10.3448
95340,47338,49096,15152,20.6897
95341,47338,49097,15152,6.89655
95342,47337,49094,15152,48
95343,47337,49095,15152,20
95344,47337,49096,15152,16
95345,47337,49097,15152,16
95346,47336,49094,15152,58.0645
95347,47336,49095,15152,16.129
95348,47336,49096,15152,19.3548
95349,47336,49097,15152,6.45161
95350,47335,49094,15152,62.7178
95351,47335,49095,15152,26.1324
95352,47335,49096,15152,4.18118
95353,47335,49097,15152,6.96864
95354,47334,49094,15152,40
95355,47334,49095,15152,33.3333
95356,47334,49096,15152,13.3333
95357,47334,49097,15152,13.3333
95808,47502,49243,15197,0.0437851
95809,47502,49244,15197,0.399939
95810,47502,49245,15197,98.385
95811,47502,49246,15197,1.17125
95812,47503,49243,15197,0.0278629
95813,47503,49244,15197,30.4263
95814,47503,49245,15197,60.8526
95815,47503,49246,15197,8.69323
95933,47598,49346,15228,5.55556
95934,47598,49347,15228,38.8889
95935,47598,49348,15228,38.8889
95936,47598,49349,15228,16.6667
95937,47599,49346,15228,16.6667
95938,47599,49347,15228,38.8889
95939,47599,49348,15228,38.8889
95940,47599,49349,15228,5.55556
95997,47619,49372,15235,2.17391
95998,47619,49373,15235,45.6522
95999,47619,49374,15235,45.6522
96000,47619,49375,15235,6.52174
96001,47620,49372,15235,29.0909
96002,47620,49373,15235,12.7273
96003,47620,49374,15235,50.9091
96004,47620,49375,15235,7.27273
96021,47624,49382,15237,8.16327
96022,47624,49383,15237,42.8571
96023,47624,49384,15237,28.5714
96024,47624,49385,15237,20.4082
96025,47625,49382,15237,33.8983
96026,47625,49383,15237,11.8644
96027,47625,49384,15237,47.4576
96028,47625,49385,15237,6.77966
96054,47649,49405,15245,18.3908
96055,47649,49406,15245,8.04598
96056,47649,49407,15245,64.3678
96057,47649,49408,15245,9.1954
96058,47650,49405,15245,9.1954
96059,47650,49406,15245,8.04598
96060,47650,49407,15245,64.3678
96061,47650,49408,15245,18.3908
96072,47691,49440,15256,8
96073,47691,49441,15256,28
96074,47691,49442,15256,56
96075,47691,49443,15256,8
96076,47692,49440,15256,9.83607
96077,47692,49441,15256,11.4754
96078,47692,49442,15256,68.8525
96079,47692,49443,15256,9.83607
96189,47827,49568,15300,8
96190,47827,49569,15300,28
96191,47827,49570,15300,56
96192,47827,49571,15300,8
96193,47828,49568,15300,3.125
96194,47828,49569,15300,21.875
96195,47828,49570,15300,43.75
96196,47828,49571,15300,31.25
96224,47841,49585,15305,14.8148
96225,47841,49586,15305,25.9259
96226,47841,49587,15305,51.8519
96227,47841,49588,15305,7.40741
96228,47842,49585,15305,9.30233
96229,47842,49586,15305,16.2791
96230,47842,49587,15305,65.1163
96231,47842,49588,15305,9.30233
96284,47899,49631,15322,0.0142745
96285,47899,49632,15322,0.0499607
96286,47899,49633,15322,99.9215
96287,47899,49634,15322,0.0142745
96288,47900,49631,15322,25.3165
96289,47900,49632,15322,8.86076
96290,47900,49633,15322,35.443
96291,47900,49634,15322,30.3797
96713,48305,49992,15445,2.59981
96714,48305,49993,15445,4.54967
96715,48305,49994,15445,90.9935
96716,48305,49995,15445,1.85701
96717,48306,49992,15445,6.25
96718,48306,49993,15445,43.75
96719,48306,49994,15445,43.75
96720,48306,49995,15445,6.25
96735,48329,50025,15454,7.14286
96736,48329,50026,15454,12.5
96737,48329,50027,15454,75
96738,48329,50028,15454,5.35714
96739,48330,50025,15454,3.32226
96740,48330,50026,15454,6.97674
96741,48330,50027,15454,69.7674
96742,48330,50028,15454,19.9336
96743,48331,50029,15455,7.14286
96744,48331,50030,15455,12.5
96745,48331,50031,15455,75
96746,48331,50032,15455,5.35714
96747,48332,50029,15455,3.32226
96748,48332,50030,15455,6.97674
96749,48332,50031,15455,69.7674
96750,48332,50032,15455,19.9336
96797,48390,50170,15473,46.4088
96798,48390,50171,15473,3.8674
96799,48390,50172,15473,46.4088
96800,48390,50173,15473,3.31492
96801,48391,50170,15473,39.5604
96802,48391,50171,15473,7.69231
96803,48391,50172,15473,46.1538
96804,48391,50173,15473,6.59341
96805,48392,50174,15474,33.3333
96806,48392,50175,15474,33.3333
96807,48392,50176,15474,33.3333
96808,48393,50174,15474,33.3333
96809,48393,50175,15474,33.3333
96810,48393,50176,15474,33.3333
96811,48394,50174,15474,33.3333
96812,48394,50175,15474,33.3333
96813,48394,50176,15474,33.3333
97436,48518,50285,15514,8
97437,48518,50286,15514,28
97438,48518,50287,15514,56
97439,48518,50288,15514,8
97440,48519,50285,15514,8
97441,48519,50286,15514,28
97442,48519,50287,15514,56
97443,48519,50288,15514,8
97588,48611,50372,15543,20.5479
97589,48611,50373,15543,23.9726
97590,48611,50374,15543,47.9452
97591,48611,50375,15543,7.53425
97592,48612,50372,15543,23.5294
97593,48612,50373,15543,13.7255
97594,48612,50374,15543,54.902
97595,48612,50375,15543,7.84314
97680,48656,50420,15553,3.83583
97681,48656,50421,15553,0.0767165
97682,48656,50422,15553,0.191791
97683,48656,50423,15553,95.8957
97684,48657,50420,15553,1.63896
97685,48657,50421,15553,0.0234137
97686,48657,50422,15553,81.948
97687,48657,50423,15553,16.3896
97688,48655,50420,15553,10.3093
97689,48655,50421,15553,2.06186
97690,48655,50422,15553,51.5464
97691,48655,50423,15553,36.0825
97722,48674,50434,15559,5.51181
97723,48674,50435,15559,62.9921
97724,48674,50436,15559,31.4961
97725,48676,50434,15559,92.1053
97726,48676,50435,15559,2.63158
97727,48676,50436,15559,5.26316
97728,48675,50434,15559,24.1379
97729,48675,50435,15559,68.9655
97730,48675,50436,15559,6.89655
97795,48727,50484,15573,8
97796,48727,50485,15573,28
97797,48727,50486,15573,56
97798,48727,50487,15573,8
97799,48728,50484,15573,8.21918
97800,48728,50485,15573,28.7671
97801,48728,50486,15573,57.5342
97802,48728,50487,15573,5.47945
97803,48729,50488,15574,8
97804,48729,50489,15574,28
97805,48729,50490,15574,56
97806,48729,50491,15574,8
97807,48730,50488,15574,8.21918
97808,48730,50489,15574,28.7671
97809,48730,50490,15574,57.5342
97810,48730,50491,15574,5.47945
98239,48907,50673,15624,24.1379
98240,48907,50674,15624,34.4828
98241,48907,50675,15624,41.3793
98242,48905,50673,15624,79.6748
98243,48905,50674,15624,3.25203
98244,48905,50675,15624,17.0732
98245,48906,50673,15624,64.6154
98246,48906,50674,15624,12.3077
98247,48906,50675,15624,23.0769
98280,48941,50715,15638,6.08155
98281,48941,50716,15638,46.9247
98282,48941,50717,15638,0.967519
98283,48941,50718,15638,46.0263
98284,48942,50715,15638,71.5706
98285,48942,50716,15638,1.39165
98286,48942,50717,15638,0.55666
98287,48942,50718,15638,26.4811
98288,48943,50719,15639,6.08155
98289,48943,50720,15639,46.9247
98290,48943,50721,15639,0.967519
98291,48943,50722,15639,46.0263
98292,48944,50719,15639,71.5706
98293,48944,50720,15639,1.39165
98294,48944,50721,15639,0.55666
98295,48944,50722,15639,26.4811
98329,48993,50764,15652,46.6667
98330,48993,50765,15652,6.66667
98331,48993,50766,15652,46.6667
98332,48992,50764,15652,46.6667
98333,48992,50765,15652,6.66667
98334,48992,50766,15652,46.6667
98335,48994,50764,15652,29.1667
98336,48994,50765,15652,12.5
98337,48994,50766,15652,58.3333
98353,49007,50777,15657,16.6667
98354,49007,50778,15657,6.66667
98355,49007,50779,15657,23.3333
98356,49007,50780,15657,6.66667
98357,49007,50781,15657,23.3333
98358,49007,50782,15657,3.33333
98359,49007,50783,15657,3.33333
98360,49007,50784,15657,3.33333
98361,49007,50785,15657,13.3333
98362,49008,50777,15657,16.6667
98363,49008,50778,15657,6.66667
98364,49008,50779,15657,23.3333
98365,49008,50780,15657,6.66667
98366,49008,50781,15657,23.3333
98367,49008,50782,15657,3.33333
98368,49008,50783,15657,3.33333
98369,49008,50784,15657,3.33333
98370,49008,50785,15657,13.3333
98371,49009,50786,15658,19.0476
98372,49009,50787,15658,11.1111
98373,49009,50788,15658,44.4444
98374,49009,50789,15658,25.3968
98375,49010,50786,15658,7.84314
98376,49010,50787,15658,13.7255
98377,49010,50788,15658,54.902
98378,49010,50789,15658,23.5294
98391,49015,50794,15660,6.34921
98392,49015,50795,15660,2.22222
98393,49015,50796,15660,88.8889
98394,49015,50797,15660,2.53968
98395,49016,50794,15660,1.002
98396,49016,50795,15660,2.80561
98397,49016,50796,15660,56.1122
98398,49016,50797,15660,40.0802
98471,49046,50825,15669,28.2353
98472,49046,50826,15669,8.23529
98473,49046,50827,15669,49.4118
98474,49046,50828,15669,14.1176
98475,49047,50825,15669,21.8182
98476,49047,50826,15669,12.7273
98477,49047,50827,15669,50.9091
98478,49047,50828,15669,14.5455
98540,49074,50857,15677,22.8571
98541,49074,50858,15677,60
98542,49074,50859,15677,17.1429
98543,49073,50857,15677,4.48718
98544,49073,50858,15677,94.2308
98545,49073,50859,15677,1.28205
98546,49072,50857,15677,2.25564
98547,49072,50858,15677,94.7368
98548,49072,50859,15677,3.00752
98606,49109,50887,15687,14.0845
98607,49109,50888,15687,29.5775
98608,49109,50889,15687,39.4366
98609,49109,50890,15687,16.9014
98610,49110,50887,15687,24.4898
98611,49110,50888,15687,14.2857
98612,49110,50889,15687,57.1429
98613,49110,50890,15687,4.08163
98700,49155,50932,15700,8
98701,49155,50933,15700,28
98702,49155,50934,15700,56
98703,49155,50935,15700,8
98704,49156,50932,15700,0.00904895
98705,49156,50933,15700,3.16713
98706,49156,50934,15700,6.33427
98707,49156,50935,15700,90.4895
98821,49221,51005,15719,11.1111
98822,49221,51006,15719,38.8889
98823,49221,51007,15719,38.8889
98824,49221,51008,15719,11.1111
98825,49222,51005,15719,12.766
98826,49222,51006,15719,44.6809
98827,49222,51007,15719,29.7872
98828,49222,51008,15719,12.766
98867,49252,51035,15728,66.3568
98868,49252,51036,15728,0.000232249
98869,49252,51037,15728,0.464498
98870,49252,51038,15728,33.1784
98871,49253,51035,15728,13.4434
98872,49253,51036,15728,67.2172
98873,49253,51037,15728,0.134434
98874,49253,51038,15728,19.2049
99026,49356,51134,15756,1.0929
99027,49356,51135,15756,19.1257
99028,49356,51136,15756,7.65027
99029,49356,51137,15756,72.1311
99030,49357,51134,15756,1.7341
99031,49357,51135,15756,74.8555
99032,49357,51136,15756,2.02312
99033,49357,51137,15756,21.3873
99034,49358,51138,15757,1.0929
99035,49358,51139,15757,19.1257
99036,49358,51140,15757,7.65027
99037,49358,51141,15757,72.1311
99038,49359,51138,15757,1.7341
99039,49359,51139,15757,74.8555
99040,49359,51140,15757,2.02312
99041,49359,51141,15757,21.3873
99176,49417,51196,15774,17.7778
99177,49417,51197,15774,15.5556
99178,49417,51198,15774,62.2222
99179,49417,51199,15774,4.44444
99180,49418,51196,15774,6.25
99181,49418,51197,15774,43.75
99182,49418,51198,15774,43.75
99183,49418,51199,15774,6.25
99237,49452,51232,15786,4.6875
99238,49452,51233,15786,46.875
99239,49452,51234,15786,4.6875
99240,49452,51235,15786,43.75
99241,49451,51232,15786,4.47761
99242,49451,51233,15786,29.8507
99243,49451,51234,15786,2.98507
99244,49451,51235,15786,62.6866
99275,49462,51246,15790,7.69231
99276,49462,51247,15790,53.8462
99277,49462,51248,15790,11.5385
99278,49462,51249,15790,26.9231
99279,49463,51246,15790,7.69231
99280,49463,51247,15790,53.8462
99281,49463,51248,15790,11.5385
99282,49463,51249,15790,26.9231
99283,49464,51246,15790,9.09091
99284,49464,51247,15790,42.4242
99285,49464,51248,15790,6.06061
99286,49464,51249,15790,42.4242
99335,49485,51267,15796,13.9535
99336,49485,51268,15796,32.5581
99337,49485,51269,15796,6.97674
99338,49485,51270,15796,46.5116
99339,49483,51267,15796,6.10687
99340,49483,51268,15796,64.1221
99341,49483,51269,15796,6.87023
99342,49483,51270,15796,22.9008
99343,49484,51267,15796,7.84314
99344,49484,51268,15796,27.451
99345,49484,51269,15796,5.88235
99346,49484,51270,15796,58.8235
99380,49496,51282,15800,7.40741
99381,49496,51283,15800,3.7037
99382,49496,51284,15800,51.8519
99383,49496,51285,15800,37.037
99384,49497,51282,15800,2.12766
99385,49497,51283,15800,4.25532
99386,49497,51284,15800,29.7872
99387,49497,51285,15800,63.8298
99388,49498,51282,15800,7.40741
99389,49498,51283,15800,3.7037
99390,49498,51284,15800,51.8519
99391,49498,51285,15800,37.037
99542,49550,51350,15817,36.3636
99543,49550,51351,15817,18.1818
99544,49550,51352,15817,45.4545
99545,49551,51350,15817,36.3636
99546,49551,51351,15817,18.1818
99547,49551,51352,15817,45.4545
99548,49552,51350,15817,36.3636
99549,49552,51351,15817,18.1818
99550,49552,51352,15817,45.4545
99551,49553,51353,15818,36.3636
99552,49553,51354,15818,18.1818
99553,49553,51355,15818,45.4545
99554,49554,51353,15818,36.3636
99555,49554,51354,15818,18.1818
99556,49554,51355,15818,45.4545
99557,49555,51353,15818,36.3636
99558,49555,51354,15818,18.1818
99559,49555,51355,15818,45.4545
99560,49556,51356,15819,36.3636
99561,49556,51357,15819,18.1818
99562,49556,51358,15819,45.4545
99563,49557,51356,15819,36.3636
99564,49557,51357,15819,18.1818
99565,49557,51358,15819,45.4545
99566,49558,51356,15819,36.3636
99567,49558,51357,15819,18.1818
99568,49558,51358,15819,45.4545
99569,49559,51359,15820,36.3636
99570,49559,51360,15820,18.1818
99571,49559,51361,15820,45.4545
99572,49560,51359,15820,36.3636
99573,49560,51360,15820,18.1818
99574,49560,51361,15820,45.4545
99575,49561,51359,15820,36.3636
99576,49561,51360,15820,18.1818
99577,49561,51361,15820,45.4545
99578,49562,51362,15821,36.3636
99579,49562,51363,15821,18.1818
99580,49562,51364,15821,45.4545
99581,49563,51362,15821,36.3636
99582,49563,51363,15821,18.1818
99583,49563,51364,15821,45.4545
99584,49564,51362,15821,36.3636
99585,49564,51363,15821,18.1818
99586,49564,51364,15821,45.4545
99587,49565,51365,15822,36.3636
99588,49565,51366,15822,18.1818
99589,49565,51367,15822,45.4545
99590,49566,51365,15822,36.3636
99591,49566,51366,15822,18.1818
99592,49566,51367,15822,45.4545
99593,49567,51365,15822,36.3636
99594,49567,51366,15822,18.1818
99595,49567,51367,15822,45.4545
99596,49568,51368,15823,36.3636
99597,49568,51369,15823,18.1818
99598,49568,51370,15823,45.4545
99599,49569,51368,15823,36.3636
99600,49569,51369,15823,18.1818
99601,49569,51370,15823,45.4545
99602,49570,51368,15823,36.3636
99603,49570,51369,15823,18.1818
99604,49570,51370,15823,45.4545
99605,49571,51371,15824,36.3636
99606,49571,51372,15824,18.1818
99607,49571,51373,15824,45.4545
99608,49572,51371,15824,36.3636
99609,49572,51372,15824,18.1818
99610,49572,51373,15824,45.4545
99611,49573,51371,15824,36.3636
99612,49573,51372,15824,18.1818
99613,49573,51373,15824,45.4545
99641,49577,51383,15826,8
99642,49577,51384,15826,28
99643,49577,51385,15826,56
99644,49577,51386,15826,8
99645,49578,51383,15826,12.1622
99646,49578,51384,15826,28.3784
99647,49578,51385,15826,56.7568
99648,49578,51386,15826,2.7027
99649,49579,51383,15826,15.5039
99650,49579,51384,15826,27.1318
99651,49579,51385,15826,54.2636
99652,49579,51386,15826,3.10078
99653,49580,51383,15826,5.82121
99654,49580,51384,15826,30.5613
99655,49580,51385,15826,61.1227
99656,49580,51386,15826,2.4948
99669,49585,51393,15829,28.5714
99670,49585,51394,15829,28.5714
99671,49585,51395,15829,42.8571
99672,49586,51393,15829,28.5714
99673,49586,51394,15829,28.5714
99674,49586,51395,15829,42.8571
99675,49587,51393,15829,28.5714
99676,49587,51394,15829,28.5714
99677,49587,51395,15829,42.8571
99787,49603,51431,15835,28.5714
99788,49603,51432,15835,28.5714
99789,49603,51433,15835,42.8571
99790,49604,51431,15835,28.5714
99791,49604,51432,15835,28.5714
99792,49604,51433,15835,42.8571
99793,49605,51431,15835,28.5714
99794,49605,51432,15835,28.5714
99795,49605,51433,15835,42.8571
99916,49650,51478,15846,24.3902
99917,49650,51479,15846,17.0732
99918,49650,51480,15846,34.1463
99919,49650,51481,15846,24.3902
99920,49651,51478,15846,3.61991
99921,49651,51479,15846,9.50226
99922,49651,51480,15846,76.0181
99923,49651,51481,15846,10.8597
100028,49726,51551,15870,8
100029,49726,51552,15870,28
100030,49726,51553,15870,56
100031,49726,51554,15870,8
100032,49727,51551,15870,8
100033,49727,51552,15870,28
100034,49727,51553,15870,56
100035,49727,51554,15870,8
100036,49728,51555,15871,6.10687
100037,49728,51556,15871,16.0305
100038,49728,51557,15871,64.1221
100039,49728,51558,15871,13.7405
100040,49729,51555,15871,0.77821
100041,49729,51556,15871,40.856
100042,49729,51557,15871,54.4747
100043,49729,51558,15871,3.89105
100056,49734,51567,15874,50
100057,49734,51568,15874,50
100058,49735,51567,15874,50
100059,49735,51568,15874,50
100060,49736,51569,15875,0.0999001
100061,49736,51570,15875,99.9001
100062,49737,51569,15875,0.0999001
100063,49737,51570,15875,99.9001
100072,49742,51575,15878,13.3333
100073,49742,51576,15878,62.2222
100074,49742,51577,15878,8.88889
100075,49742,51578,15878,15.5556
100076,49743,51575,15878,4.34783
100077,49743,51576,15878,60.8696
100078,49743,51577,15878,4.34783
100079,49743,51578,15878,30.4348
100206,49888,51697,15921,16.6667
100207,49888,51698,15921,19.4444
100208,49888,51699,15921,58.3333
100209,49888,51700,15921,5.55556
100210,49889,51697,15921,13.2353
100211,49889,51698,15921,20.5882
100212,49889,51699,15921,61.7647
100213,49889,51700,15921,4.41176
100424,50075,51865,15972,47.2441
100425,50075,51866,15972,16.5354
100426,50075,51867,15972,33.0709
100427,50075,51868,15972,3.14961
100428,50076,51865,15972,53.4759
100429,50076,51866,15972,3.74332
100430,50076,51867,15972,37.4332
100431,50076,51868,15972,5.34759
100432,50077,51865,15972,15.5844
100433,50077,51866,15972,27.2727
100434,50077,51867,15972,54.5455
100435,50077,51868,15972,2.5974
100772,50245,52031,16020,2.67857
100773,50245,52032,16020,6.25
100774,50245,52033,16020,37.5
100775,50245,52034,16020,53.5714
100776,50246,52031,16020,4.16667
100777,50246,52032,16020,29.1667
100778,50246,52033,16020,58.3333
100779,50246,52034,16020,8.33333
100786,50250,52038,16022,11.1111
100787,50250,52039,16022,33.3333
100788,50250,52040,16022,55.5556
100789,50251,52038,16022,20
100790,50251,52039,16022,30
100791,50251,52040,16022,50
101087,50401,52190,16068,7.01754
101088,50401,52191,16068,36.8421
101089,50401,52192,16068,49.1228
101090,50401,52193,16068,7.01754
101091,50402,52190,16068,4.16667
101092,50402,52191,16068,29.1667
101093,50402,52192,16068,58.3333
101094,50402,52193,16068,8.33333
101225,50486,52274,16094,36.5854
101226,50486,52275,16094,8.53659
101227,50486,52276,16094,51.2195
101228,50486,52277,16094,3.65854
101229,50487,52274,16094,10.5263
101230,50487,52275,16094,12.2807
101231,50487,52276,16094,73.6842
101232,50487,52277,16094,3.50877
101273,50503,52298,16099,48.8889
101274,50503,52299,16099,15.5556
101275,50503,52300,16099,31.1111
101276,50503,52301,16099,4.44444
101277,50504,52298,16099,11.7647
101278,50504,52299,16099,41.1765
101279,50504,52300,16099,41.1765
101280,50504,52301,16099,5.88235
101484,50604,52407,16130,14.2857
101485,50604,52408,16130,14.2857
101486,50604,52409,16130,14.2857
101487,50604,52410,16130,14.2857
101488,50604,52411,16130,14.2857
101489,50604,52412,16130,14.2857
101490,50604,52413,16130,14.2857
101491,50607,52407,16130,14.2857
101492,50607,52408,16130,14.2857
101493,50607,52409,16130,14.2857
101494,50607,52410,16130,14.2857
101495,50607,52411,16130,14.2857
101496,50607,52412,16130,14.2857
101497,50607,52413,16130,14.2857
101498,50605,52407,16130,14.2857
101499,50605,52408,16130,14.2857
101500,50605,52409,16130,14.2857
101501,50605,52410,16130,14.2857
101502,50605,52411,16130,14.2857
101503,50605,52412,16130,14.2857
101504,50605,52413,16130,14.2857
101505,50606,52407,16130,14.2857
101506,50606,52408,16130,14.2857
101507,50606,52409,16130,14.2857
101508,50606,52410,16130,14.2857
101509,50606,52411,16130,14.2857
101510,50606,52412,16130,14.2857
101511,50606,52413,16130,14.2857
101512,50608,52407,16130,14.2857
101513,50608,52408,16130,14.2857
101514,50608,52409,16130,14.2857
101515,50608,52410,16130,14.2857
101516,50608,52411,16130,14.2857
101517,50608,52412,16130,14.2857
101518,50608,52413,16130,14.2857
101558,50660,52461,16146,1.32467
101559,50660,52462,16146,4.63636
101560,50660,52463,16146,0.77922
101561,50660,52464,16146,92.7272
101562,50660,52465,16146,0.401416
101563,50660,52466,16146,0.131156
101564,50659,52461,16146,5.21739
101565,50659,52462,16146,10.4348
101566,50659,52463,16146,2.6087
101567,50659,52464,16146,73.0435
101568,50659,52465,16146,3.47826
101569,50659,52466,16146,5.21739
101570,50658,52461,16146,3.02808
101571,50658,52462,16146,4.23931
101572,50658,52463,16146,9.07515
101573,50658,52464,16146,63.5896
101574,50658,52465,16146,11.8095
101575,50658,52466,16146,8.25839
101707,50721,52538,16168,8
101708,50721,52539,16168,28
101709,50721,52540,16168,56
101710,50721,52541,16168,8
101711,50722,52538,16168,48.8889
101712,50722,52539,16168,15.5556
101713,50722,52540,16168,31.1111
101714,50722,52541,16168,4.44444
102407,51083,52891,16277,10.4348
102408,51083,52892,16277,6.08696
102409,51083,52893,16277,73.0435
102410,51083,52894,16277,10.4348
102411,51084,52891,16277,4.81928
102412,51084,52892,16277,75.9036
102413,51084,52893,16277,16.8675
102414,51084,52894,16277,2.40964
102415,51085,52895,16278,10.4348
102416,51085,52896,16278,6.08696
102417,51085,52897,16278,73.0435
102418,51085,52898,16278,10.4348
102419,51086,52895,16278,4.81928
102420,51086,52896,16278,75.9036
102421,51086,52897,16278,16.8675
102422,51086,52898,16278,2.40964
102593,51231,53035,16323,50
102594,51231,53036,16323,33.3333
102595,51231,53037,16323,16.6667
102596,51232,53035,16323,42.8571
102597,51232,53036,16323,42.8571
102598,51232,53037,16323,14.2857
102653,51255,53060,16332,19.1083
102654,51255,53061,16332,17.8344
102655,51255,53062,16332,53.5032
102656,51255,53063,16332,9.55414
102657,51256,53060,16332,20.7469
102658,51256,53061,16332,14.5228
102659,51256,53062,16332,58.0913
102660,51256,53063,16332,6.639
103040,51664,53423,16448,3.30579
103041,51664,53424,16448,17.3554
103042,51664,53425,16448,69.4215
103043,51664,53426,16448,9.91736
103044,51665,53423,16448,3.30579
103045,51665,53424,16448,17.3554
103046,51665,53425,16448,69.4215
103047,51665,53426,16448,9.91736
103048,51666,53427,16449,8.51064
103049,51666,53428,16449,44.6809
103050,51666,53429,16449,29.7872
103051,51666,53430,16449,17.0213
103052,51667,53427,16449,5.88235
103053,51667,53428,16449,41.1765
103054,51667,53429,16449,41.1765
103055,51667,53430,16449,11.7647
103060,51691,53447,16458,5.55556
103061,51691,53448,16458,5.55556
103062,51691,53449,16458,5.55556
103063,51691,53450,16458,38.8889
103064,51691,53451,16458,5.55556
103065,51691,53452,16458,38.8889
103066,51690,53447,16458,20.339
103067,51690,53448,16458,11.8644
103068,51690,53449,16458,6.77966
103069,51690,53450,16458,6.77966
103070,51690,53451,16458,6.77966
103071,51690,53452,16458,47.4576
103076,51694,53455,16460,0.914634
103077,51694,53456,16460,32.0122
103078,51694,53457,16460,64.0244
103079,51694,53458,16460,3.04878
103080,51695,53455,16460,4.34783
103081,51695,53456,16460,30.4348
103082,51695,53457,16460,60.8696
103083,51695,53458,16460,4.34783
103084,51699,53465,16462,46.3065
103085,51699,53466,16462,46.3065
103086,51699,53467,16462,1.10254
103087,51699,53468,16462,1.32304
103088,51699,53469,16462,1.6538
103089,51699,53470,16462,3.30761
103090,51698,53465,16462,27.6316
103091,51698,53466,16462,55.2632
103092,51698,53467,16462,3.94737
103093,51698,53468,16462,1.31579
103094,51698,53469,16462,7.89474
103095,51698,53470,16462,3.94737
103166,51746,53519,16480,33.3333
103167,51746,53520,16480,33.3333
103168,51746,53521,16480,33.3333
103169,51747,53519,16480,33.3333
103170,51747,53520,16480,33.3333
103171,51747,53521,16480,33.3333
103245,51793,53568,16496,12
103246,51793,53569,16496,42
103247,51793,53570,16496,12
103248,51793,53571,16496,28
103249,51793,53572,16496,4
103250,51793,53573,16496,2
103251,51794,53568,16496,5.76923
103252,51794,53569,16496,5.76923
103253,51794,53570,16496,1.92308
103254,51794,53571,16496,40.3846
103255,51794,53572,16496,40.3846
103256,51794,53573,16496,5.76923
103349,51869,53622,16524,2.7027
103350,51869,53623,16524,56.7568
103351,51869,53624,16524,37.8378
103352,51869,53625,16524,2.7027
103353,51870,53622,16524,23.622
103354,51870,53623,16524,5.51181
103355,51870,53624,16524,55.1181
103356,51870,53625,16524,15.748
103422,51935,53679,16544,30.581
103423,51935,53680,16544,23.5474
103424,51935,53681,16544,42.8135
103425,51935,53682,16544,3.0581
103426,51936,53679,16544,3.69004
103427,51936,53680,16544,7.74908
103428,51936,53681,16544,77.4908
103429,51936,53682,16544,11.0701
103430,51937,53683,16545,30.581
103431,51937,53684,16545,23.5474
103432,51937,53685,16545,42.8135
103433,51937,53686,16545,3.0581
103434,51938,53683,16545,5.43478
103435,51938,53684,16545,7.6087
103436,51938,53685,16545,76.087
103437,51938,53686,16545,10.8696
103438,51939,53687,16546,30.581
103439,51939,53688,16546,23.5474
103440,51939,53689,16546,42.8135
103441,51939,53690,16546,3.0581
103442,51940,53687,16546,10.3093
103443,51940,53688,16546,7.2165
103444,51940,53689,16546,72.1649
103445,51940,53690,16546,10.3093
103446,51941,53691,16547,30.581
103447,51941,53692,16547,23.5474
103448,51941,53693,16547,42.8135
103449,51941,53694,16547,3.0581
103450,51942,53691,16547,11.2245
103451,51942,53692,16547,7.14286
103452,51942,53693,16547,71.4286
103453,51942,53694,16547,10.2041
103713,52079,53824,16589,8
103714,52079,53825,16589,28
103715,52079,53826,16589,56
103716,52079,53827,16589,8
103717,52080,53824,16589,8
103718,52080,53825,16589,28
103719,52080,53826,16589,56
103720,52080,53827,16589,8
103741,52161,53857,16620,8.4507
103742,52161,53858,16620,29.5775
103743,52161,53859,16620,59.1549
103744,52161,53860,16620,2.8169
103745,52162,53857,16620,4.16667
103746,52162,53858,16620,29.1667
103747,52162,53859,16620,58.3333
103748,52162,53860,16620,8.33333
104179,52329,54032,16670,2.75862
104180,52329,54033,16670,12.4138
104181,52329,54034,16670,57.931
104182,52329,54035,16670,4.13793
104183,52329,54036,16670,14.4828
104184,52329,54037,16670,8.27586
104185,52328,54032,16670,7.79221
104186,52328,54033,16670,7.79221
104187,52328,54034,16670,54.5455
104188,52328,54035,16670,3.8961
104189,52328,54036,16670,18.1818
104190,52328,54037,16670,7.79221
104191,52330,54032,16670,1.6129
104192,52330,54033,16670,1.20968
104193,52330,54034,16670,11.2903
104194,52330,54035,16670,0.403226
104195,52330,54036,16670,79.0323
104196,52330,54037,16670,6.45161
104213,52335,54042,16672,17.5824
104214,52335,54043,16672,7.69231
104215,52335,54044,16672,61.5385
104216,52335,54045,16672,13.1868
104217,52336,54042,16672,6.34921
104218,52336,54043,16672,22.2222
104219,52336,54044,16672,66.6667
104220,52336,54045,16672,4.7619
104221,52338,54046,16673,35.1759
104222,52338,54047,16673,15.0754
104223,52338,54048,16673,35.1759
104224,52338,54049,16673,2.51256
104225,52338,54050,16673,7.03518
104226,52338,54051,16673,5.02513
104227,52337,54046,16673,5.83576
104228,52337,54047,16673,7.50313
104229,52337,54048,16673,61.2755
104230,52337,54049,16673,4.37682
104231,52337,54050,16673,12.2551
104232,52337,54051,16673,8.75365
104585,52586,54266,16741,3.61446
104586,52586,54267,16741,10.8434
104587,52586,54268,16741,50.6024
104588,52586,54269,16741,3.61446
104589,52586,54270,16741,16.8675
104590,52586,54271,16741,14.4578
104591,52587,54266,16741,14.5349
104592,52587,54267,16741,43.6047
104593,52587,54268,16741,20.3488
104594,52587,54269,16741,2.90698
104595,52587,54270,16741,4.06977
104596,52587,54271,16741,14.5349
104879,52720,54405,16787,16.6667
104880,52720,54406,16787,16.6667
104881,52720,54407,16787,16.6667
104882,52720,54408,16787,16.6667
104883,52720,54409,16787,16.6667
104884,52720,54410,16787,16.6667
104885,52721,54405,16787,16.6667
104886,52721,54406,16787,16.6667
104887,52721,54407,16787,16.6667
104888,52721,54408,16787,16.6667
104889,52721,54409,16787,16.6667
104890,52721,54410,16787,16.6667
104891,52722,54405,16787,16.6667
104892,52722,54406,16787,16.6667
104893,52722,54407,16787,16.6667
104894,52722,54408,16787,16.6667
104895,52722,54409,16787,16.6667
104896,52722,54410,16787,16.6667
104993,52773,54465,16808,6.57895
104994,52773,54466,16808,27.6316
104995,52773,54467,16808,46.0526
104996,52773,54468,16808,19.7368
104997,52774,54465,16808,8.72727
104998,52774,54466,16808,33.0909
104999,52774,54467,16808,50.9091
105000,52774,54468,16808,7.27273
105001,52775,54469,16809,17.7778
105002,52775,54470,16809,15.5556
105003,52775,54471,16809,62.2222
105004,52775,54472,16809,4.44444
105005,52776,54469,16809,5.12821
105006,52776,54470,16809,17.9487
105007,52776,54471,16809,71.7949
105008,52776,54472,16809,5.12821
105045,52809,54502,16821,9.83607
105046,52809,54503,16821,11.4754
105047,52809,54504,16821,68.8525
105048,52809,54505,16821,9.83607
105049,52810,54502,16821,13.7931
105050,52810,54503,16821,24.1379
105051,52810,54504,16821,48.2759
105052,52810,54505,16821,13.7931
105062,52814,54509,16823,2.63158
105063,52814,54510,16823,55.2632
105064,52814,54511,16823,36.8421
105065,52814,54512,16823,5.26316
105066,52815,54509,16823,9.30233
105067,52815,54510,16823,16.2791
105068,52815,54511,16823,65.1163
105069,52815,54512,16823,9.30233
105326,53032,54704,16895,18.3908
105327,53032,54705,16895,8.04598
105328,53032,54706,16895,64.3678
105329,53032,54707,16895,9.1954
105330,53033,54704,16895,10.1266
105331,53033,54705,16895,8.86076
105332,53033,54706,16895,70.8861
105333,53033,54707,16895,10.1266
105697,53299,54965,16981,8
105698,53299,54966,16981,28
105699,53299,54967,16981,56
105700,53299,54968,16981,8
105701,53300,54965,16981,8
105702,53300,54966,16981,28
105703,53300,54967,16981,56
105704,53300,54968,16981,8
105922,53410,55071,17018,13.7931
105923,53410,55072,17018,24.1379
105924,53410,55073,17018,48.2759
105925,53410,55074,17018,13.7931
105926,53411,55071,17018,5.55556
105927,53411,55072,17018,38.8889
105928,53411,55073,17018,38.8889
105929,53411,55074,17018,16.6667
106313,53575,55251,17069,5.67139
106314,53575,55252,17069,29.7748
106315,53575,55253,17069,59.5496
106316,53575,55254,17069,5.00417
106317,53576,55251,17069,24.8138
106318,53576,55252,17069,0.694786
106319,53576,55253,17069,69.4786
106320,53576,55254,17069,5.01288
106492,53777,55438,17132,6.25
106493,53777,55439,17132,43.75
106494,53777,55440,17132,43.75
106495,53777,55441,17132,6.25
106496,53778,55438,17132,7.14286
106497,53778,55439,17132,50
106498,53778,55440,17132,25
106499,53778,55441,17132,17.8571
106727,53998,55645,17201,8
106728,53998,55646,17201,28
106729,53998,55647,17201,56
106730,53998,55648,17201,8
106731,53999,55645,17201,10.5263
106732,53999,55646,17201,5.26316
106733,53999,55647,17201,73.6842
106734,53999,55648,17201,10.5263
106781,54025,55677,17211,9.69305
106782,54025,55678,17211,28.2714
106783,54025,55679,17211,45.2342
106784,54025,55680,17211,16.8013
106785,54026,55677,17211,14.3808
106786,54026,55678,17211,29.3609
106787,54026,55679,17211,46.6045
106788,54026,55680,17211,9.6538
106802,54059,55708,17220,12.5
106803,54059,55709,17220,25
106804,54059,55710,17220,62.5
106805,54060,55708,17220,15.3846
106806,54060,55709,17220,7.69231
106807,54060,55710,17220,76.9231
106808,54061,55708,17220,8.95522
106809,54061,55709,17220,1.49254
106810,54061,55710,17220,89.5522
106928,54148,55794,17248,3.30579
106929,54148,55795,17248,17.3554
106930,54148,55796,17248,69.4215
106931,54148,55797,17248,9.91736
106932,54149,55794,17248,23.5294
106933,54149,55795,17248,13.7255
106934,54149,55796,17248,54.902
106935,54149,55797,17248,7.84314
106936,54150,55798,17249,10.5263
106937,54150,55799,17249,36.8421
106938,54150,55800,17249,36.8421
106939,54150,55801,17249,15.7895
106940,54151,55798,17249,28.2353
106941,54151,55799,17249,8.23529
106942,54151,55800,17249,49.4118
106943,54151,55801,17249,14.1176
107069,54286,55917,17288,20.3562
107070,54286,55918,17288,7.12468
107071,54286,55919,17288,71.2468
107072,54286,55920,17288,1.27226
107073,54287,55917,17288,10.6952
107074,54287,55918,17288,3.74332
107075,54287,55919,17288,74.8663
107076,54287,55920,17288,10.6952
107286,54384,56021,17318,7.87402
107287,54384,56022,17318,16.5354
107288,54384,56023,17318,66.1417
107289,54384,56024,17318,9.44882
107290,54385,56021,17318,8
107291,54385,56022,17318,28
107292,54385,56023,17318,56
107293,54385,56024,17318,8
107349,54398,56040,17322,37.8788
107350,54398,56041,17322,5.30303
107351,54398,56042,17322,53.0303
107352,54398,56043,17322,3.78788
107353,54399,56040,17322,13.7931
107354,54399,56041,17322,48.2759
107355,54399,56042,17322,24.1379
107356,54399,56043,17322,13.7931
107618,54499,56145,17351,8
107619,54499,56146,17351,28
107620,54499,56147,17351,56
107621,54499,56148,17351,8
107622,54500,56145,17351,8
107623,54500,56146,17351,28
107624,54500,56147,17351,56
107625,54500,56148,17351,8
107739,54586,56235,17379,9.83607
107740,54586,56236,17379,11.4754
107741,54586,56237,17379,68.8525
107742,54586,56238,17379,9.83607
107743,54587,56235,17379,8
107744,54587,56236,17379,28
107745,54587,56237,17379,56
107746,54587,56238,17379,8
107761,54599,56250,17383,21.8182
107762,54599,56251,17383,12.7273
107763,54599,56252,17383,50.9091
107764,54599,56253,17383,14.5455
107765,54600,56250,17383,3.0303
107766,54600,56251,17383,42.4242
107767,54600,56252,17383,42.4242
107768,54600,56253,17383,12.1212
107785,54607,56260,17386,8
107786,54607,56261,17386,28
107787,54607,56262,17386,56
107788,54607,56263,17386,8
107789,54608,56260,17386,8
107790,54608,56261,17386,28
107791,54608,56262,17386,56
107792,54608,56263,17386,8
107932,54694,56338,17413,3.94737
107933,54694,56339,17413,9.21053
107934,54694,56340,17413,55.2632
107935,54694,56341,17413,31.5789
107936,54695,56338,17413,18.3673
107937,54695,56339,17413,14.2857
107938,54695,56340,17413,42.8571
107939,54695,56341,17413,24.4898
108067,54754,56409,17434,19.3548
108068,54754,56410,17434,22.5806
108069,54754,56411,17434,45.1613
108070,54754,56412,17434,12.9032
108071,54755,56409,17434,3.57143
108072,54755,56410,17434,25
108073,54755,56411,17434,50
108074,54755,56412,17434,21.4286
108358,54861,56506,17462,16.3265
108359,54861,56507,17462,14.2857
108360,54861,56508,17462,57.1429
108361,54861,56509,17462,12.2449
108362,54862,56506,17462,5.31915
108363,54862,56507,17462,7.44681
108364,54862,56508,17462,74.4681
108365,54862,56509,17462,12.766
108478,54909,56545,17473,19.5918
108479,54909,56546,17473,8.57143
108480,54909,56547,17473,68.5714
108481,54909,56548,17473,3.26531
108482,54910,56545,17473,4.41176
108483,54910,56546,17473,30.8824
108484,54910,56547,17473,61.7647
108485,54910,56548,17473,2.94118
108486,54911,56549,17474,19.5918
108487,54911,56550,17474,8.57143
108488,54911,56551,17474,68.5714
108489,54911,56552,17474,3.26531
108490,54912,56549,17474,4.41176
108491,54912,56550,17474,30.8824
108492,54912,56551,17474,61.7647
108493,54912,56552,17474,2.94118
108723,55048,56676,17515,8.21918
108724,55048,56677,17515,28.7671
108725,55048,56678,17515,57.5342
108726,55048,56679,17515,5.47945
108727,55049,56676,17515,8
108728,55049,56677,17515,28
108729,55049,56678,17515,56
108730,55049,56679,17515,8
108731,55061,56688,17519,6.25
108732,55061,56689,17519,21.875
108733,55061,56690,17519,65.625
108734,55061,56691,17519,6.25
108735,55062,56688,17519,8.82353
108736,55062,56689,17519,20.5882
108737,55062,56690,17519,61.7647
108738,55062,56691,17519,8.82353
108779,55079,56707,17524,11.3208
108780,55079,56708,17524,13.2075
108781,55079,56709,17524,52.8302
108782,55079,56710,17524,22.6415
108783,55080,56707,17524,13.0435
108784,55080,56708,17524,15.2174
108785,55080,56709,17524,45.6522
108786,55080,56710,17524,26.087
108787,55085,56715,17526,42.8571
108788,55085,56716,17526,57.1429
108789,55086,56715,17526,46.6667
108790,55086,56716,17526,53.3333
108864,55145,56773,17547,8
108865,55145,56774,17547,28
108866,55145,56775,17547,56
108867,55145,56776,17547,8
108868,55146,56773,17547,8
108869,55146,56774,17547,28
108870,55146,56775,17547,56
108871,55146,56776,17547,8
108872,55147,56777,17548,8
108873,55147,56778,17548,28
108874,55147,56779,17548,56
108875,55147,56780,17548,8
108876,55148,56777,17548,8
108877,55148,56778,17548,28
108878,55148,56779,17548,56
108879,55148,56780,17548,8
108935,55211,56832,17566,4.90196
108936,55211,56833,17566,6.86275
108937,55211,56834,17566,68.6274
108938,55211,56835,17566,19.6078
108939,55212,56832,17566,8.54701
108940,55212,56833,17566,5.98291
108941,55212,56834,17566,59.8291
108942,55212,56835,17566,25.641
109240,55477,57063,17644,8
109241,55477,57064,17644,8
109242,55477,57065,17644,60
109243,55477,57066,17644,24
109244,55478,57063,17644,6.97674
109245,55478,57064,17644,9.30233
109246,55478,57065,17644,69.7674
109247,55478,57066,17644,13.9535
109280,55551,57129,17666,8
109281,55551,57130,17666,28
109282,55551,57131,17666,56
109283,55551,57132,17666,8
109284,55552,57129,17666,8
109285,55552,57130,17666,28
109286,55552,57131,17666,56
109287,55552,57132,17666,8
109322,55578,57156,17675,42.4242
109323,55578,57157,17675,3.0303
109324,55578,57158,17675,42.4242
109325,55578,57159,17675,12.1212
109326,55579,57156,17675,2.54237
109327,55579,57157,17675,5.9322
109328,55579,57158,17675,71.1864
109329,55579,57159,17675,20.339
109400,55628,57209,17692,16.2162
109401,55628,57210,17692,18.9189
109402,55628,57211,17692,37.8378
109403,55628,57212,17692,27.027
109404,55629,57209,17692,4.72441
109405,55629,57210,17692,60.6299
109406,55629,57211,17692,22.0472
109407,55629,57212,17692,12.5984
109417,55636,57219,17695,8
109418,55636,57220,17695,28
109419,55636,57221,17695,56
109420,55636,57222,17695,8
109421,55637,57219,17695,8
109422,55637,57220,17695,28
109423,55637,57221,17695,56
109424,55637,57222,17695,8
109425,55638,57219,17695,8
109426,55638,57220,17695,28
109427,55638,57221,17695,56
109428,55638,57222,17695,8
109429,55639,57219,17695,8
109430,55639,57220,17695,28
109431,55639,57221,17695,56
109432,55639,57222,17695,8
109478,55661,57252,17705,48.3425
109479,55661,57253,17705,19.337
109480,55661,57254,17705,11.0497
109481,55661,57255,17705,1.38122
109482,55661,57256,17705,19.337
109483,55661,57257,17705,0.552486
109484,55662,57252,17705,2.76134
109485,55662,57253,17705,57.9882
109486,55662,57254,17705,9.46746
109487,55662,57255,17705,1.38067
109488,55662,57256,17705,16.568
109489,55662,57257,17705,11.8343
110052,56033,57603,17808,2.74725
110053,56033,57604,17808,57.6923
110054,56033,57605,17808,38.4615
110055,56033,57606,17808,1.0989
110056,56034,57603,17808,15.6863
110057,56034,57604,17808,27.451
110058,56034,57605,17808,54.902
110059,56034,57606,17808,1.96078
110156,56084,57657,17824,37.7953
110157,56084,57658,17824,3.14961
110158,56084,57659,17824,47.2441
110159,56084,57660,17824,11.811
110160,56085,57657,17824,15.3846
110161,56085,57658,17824,7.69231
110162,56085,57659,17824,19.2308
110163,56085,57660,17824,57.6923
110185,56093,57668,17827,18.3908
110186,56093,57669,17827,8.04598
110187,56093,57670,17827,64.3678
110188,56093,57671,17827,9.1954
110189,56094,57668,17827,9.30233
110190,56094,57669,17827,16.2791
110191,56094,57670,17827,65.1163
110192,56094,57671,17827,9.30233
110356,56187,57759,17854,24.1611
110357,56187,57760,17854,14.094
110358,56187,57761,17854,56.3758
110359,56187,57762,17854,5.36913
110360,56188,57759,17854,5.55556
110361,56188,57760,17854,12.963
110362,56188,57761,17854,77.7778
110363,56188,57762,17854,3.7037
110391,56214,57782,17863,25
110392,56214,57783,17863,42.8571
110393,56214,57784,17863,28.5714
110394,56214,57785,17863,3.57143
110395,56213,57782,17863,7.33753
110396,56213,57783,17863,83.8574
110397,56213,57784,17863,8.38574
110398,56213,57785,17863,0.419287
110399,56211,57782,17863,12.069
110400,56211,57783,17863,43.1034
110401,56211,57784,17863,1.72414
110402,56211,57785,17863,43.1034
110403,56212,57782,17863,0.0848794
110404,56212,57783,17863,0.97005
110405,56212,57784,17863,1.9401
110406,56212,57785,17863,97.005
110434,56223,57794,17867,33.3333
110435,56223,57795,17867,33.3333
110436,56223,57796,17867,33.3333
110437,56224,57794,17867,33.3333
110438,56224,57795,17867,33.3333
110439,56224,57796,17867,33.3333
110440,56225,57794,17867,33.3333
110441,56225,57795,17867,33.3333
110442,56225,57796,17867,33.3333
110842,56387,57953,17914,35.7143
110843,56387,57954,17914,37.5
110844,56387,57955,17914,1.78571
110845,56387,57956,17914,1.78571
110846,56387,57957,17914,3.57143
110847,56387,57958,17914,1.78571
110848,56387,57959,17914,1.78571
110849,56387,57960,17914,3.57143
110850,56387,57961,17914,12.5
110851,56388,57953,17914,19.0476
110852,56388,57954,17914,14.2857
110853,56388,57955,17914,4.7619
110854,56388,57956,17914,4.7619
110855,56388,57957,17914,9.52381
110856,56388,57958,17914,4.7619
110857,56388,57959,17914,4.7619
110858,56388,57960,17914,4.7619
110859,56388,57961,17914,33.3333
111273,56697,58258,18016,9.52381
111274,56697,58259,18016,14.2857
111275,56697,58260,18016,66.6667
111276,56697,58261,18016,9.52381
111277,56698,58258,18016,6.89655
111278,56698,58259,18016,31.0345
111279,56698,58260,18016,48.2759
111280,56698,58261,18016,13.7931
111714,56958,58494,18087,16.6667
111715,56958,58495,18087,33.3333
111716,56958,58496,18087,33.3333
111717,56958,58497,18087,16.6667
111718,56959,58494,18087,25
111719,56959,58495,18087,25
111720,56959,58496,18087,25
111721,56959,58497,18087,25
111947,57066,58596,18119,17.5182
111948,57066,58597,18119,15.3285
111949,57066,58598,18119,61.3139
111950,57066,58599,18119,5.83942
111951,57067,58596,18119,8.33333
111952,57067,58597,18119,29.1667
111953,57067,58598,18119,58.3333
111954,57067,58599,18119,4.16667
112020,57103,58632,18132,26.6667
112021,57103,58633,18132,23.3333
112022,57103,58634,18132,46.6667
112023,57103,58635,18132,3.33333
112024,57104,58632,18132,0.862069
112025,57104,58633,18132,30.1724
112026,57104,58634,18132,60.3448
112027,57104,58635,18132,8.62069
112040,57136,58662,18141,64.5161
112041,57136,58663,18141,11.2903
112042,57136,58664,18141,22.5806
112043,57136,58665,18141,1.6129
112044,57137,58662,18141,27.451
112045,57137,58663,18141,41.1765
112046,57137,58664,18141,27.451
112047,57137,58665,18141,3.92157
113846,58042,59556,18432,6.61813
113847,58042,59557,18432,0.463269
113848,58042,59558,18432,92.6539
113849,58042,59559,18432,0.264725
113850,58043,59556,18432,1.31579
113851,58043,59557,18432,69.0789
113852,58043,59558,18432,27.6316
113853,58043,59559,18432,1.97368
113982,58154,59672,18466,32
113983,58154,59673,18466,28
113984,58154,59674,18466,28
113985,58154,59675,18466,12
113986,58155,59672,18466,21.8182
113987,58155,59673,18466,12.7273
113988,58155,59674,18466,50.9091
113989,58155,59675,18466,14.5455
114411,58455,59956,18550,0.75188
114412,58455,59957,18550,31.5789
114413,58455,59958,18550,63.1579
114414,58455,59959,18550,4.51128
114415,58456,59956,18550,49.0251
114416,58456,59957,18550,1.94986
114417,58456,59958,18550,42.8969
114418,58456,59959,18550,6.12813
114419,58457,59960,18551,8
114420,58457,59961,18551,28
114421,58457,59962,18551,56
114422,58457,59963,18551,8
114423,58458,59960,18551,5.12821
114424,58458,59961,18551,17.9487
114425,58458,59962,18551,71.7949
114426,58458,59963,18551,5.12821
114508,58541,60037,18577,8.51064
114509,58541,60038,18577,29.7872
114510,58541,60039,18577,59.5745
114511,58541,60040,18577,2.12766
114512,58542,60037,18577,3.22581
114513,58542,60038,18577,45.1613
114514,58542,60039,18577,45.1613
114515,58542,60040,18577,6.45161
114516,58543,60041,18578,8.51064
114517,58543,60042,18578,29.7872
114518,58543,60043,18578,59.5745
114519,58543,60044,18578,2.12766
114520,58544,60041,18578,3.22581
114521,58544,60042,18578,45.1613
114522,58544,60043,18578,45.1613
114523,58544,60044,18578,6.45161
114534,58549,60055,18580,20.2247
114535,58549,60056,18580,15.7303
114536,58549,60057,18580,47.191
114537,58549,60058,18580,16.8539
114538,58550,60055,18580,7.69231
114539,58550,60056,18580,7.69231
114540,58550,60057,18580,53.8462
114541,58550,60058,18580,30.7692
114915,58741,60263,18639,9.30233
114916,58741,60264,18639,48.8372
114917,58741,60265,18639,32.5581
114918,58741,60266,18639,9.30233
114919,58742,60263,18639,2.40964
114920,58742,60264,18639,25.3012
114921,58742,60265,18639,50.6024
114922,58742,60266,18639,21.6867
114965,58757,60281,18644,2.25564
114966,58757,60282,18644,63.1579
114967,58757,60283,18644,31.5789
114968,58757,60284,18644,3.00752
114969,58758,60281,18644,4.34783
114970,58758,60282,18644,30.4348
114971,58758,60283,18644,60.8696
114972,58758,60284,18644,4.34783
115046,58794,60315,18656,20.4082
115047,58794,60316,18656,42.8571
115048,58794,60317,18656,28.5714
115049,58794,60318,18656,8.16327
115050,58795,60315,18656,1.49254
115051,58795,60316,18656,62.6866
115052,58795,60317,18656,31.3433
115053,58795,60318,18656,4.47761
115111,58827,60352,18667,5.55556
115112,58827,60353,18667,38.8889
115113,58827,60354,18667,38.8889
115114,58827,60355,18667,16.6667
115115,58828,60352,18667,16.6667
115116,58828,60353,18667,38.8889
115117,58828,60354,18667,38.8889
115118,58828,60355,18667,5.55556
115227,58874,60396,18681,17.9104
115228,58874,60397,18681,10.4478
115229,58874,60398,18681,62.6866
115230,58874,60399,18681,8.95522
115231,58875,60396,18681,16.4384
115232,58875,60397,18681,9.58904
115233,58875,60398,18681,57.5342
115234,58875,60399,18681,16.4384
115235,58876,60400,18682,17.9104
115236,58876,60401,18682,10.4478
115237,58876,60402,18682,62.6866
115238,58876,60403,18682,8.95522
115239,58877,60400,18682,16.4384
115240,58877,60401,18682,9.58904
115241,58877,60402,18682,57.5342
115242,58877,60403,18682,16.4384
115252,58881,60407,18684,17.9104
115253,58881,60408,18684,10.4478
115254,58881,60409,18684,62.6866
115255,58881,60410,18684,8.95522
115256,58882,60407,18684,16.4384
115257,58882,60408,18684,9.58904
115258,58882,60409,18684,57.5342
115259,58882,60410,18684,16.4384
115260,58883,60411,18685,17.9104
115261,58883,60412,18685,10.4478
115262,58883,60413,18685,62.6866
115263,58883,60414,18685,8.95522
115264,58884,60411,18685,16.4384
115265,58884,60412,18685,9.58904
115266,58884,60413,18685,57.5342
115267,58884,60414,18685,16.4384
115313,58897,60430,18690,35.2941
115314,58897,60431,18690,8.23529
115315,58897,60432,18690,49.4118
115316,58897,60433,18690,7.05882
115317,58898,60430,18690,8
115318,58898,60431,18690,28
115319,58898,60432,18690,56
115320,58898,60433,18690,8
115463,58950,60486,18708,14.7541
115464,58950,60487,18708,11.4754
115465,58950,60488,18708,68.8525
115466,58950,60489,18708,4.91803
115467,58951,60486,18708,14.7541
115468,58951,60487,18708,11.4754
115469,58951,60488,18708,68.8525
115470,58951,60489,18708,4.91803
115514,58984,60505,18720,38.7597
115515,58984,60506,18720,5.42636
115516,58984,60507,18720,54.2636
115517,58984,60508,18720,1.55039
115518,58985,60505,18720,4.44444
115519,58985,60506,18720,15.5556
115520,58985,60507,18720,62.2222
115521,58985,60508,18720,17.7778
115732,59062,60585,18746,8.82353
115733,59062,60586,18746,20.5882
115734,59062,60587,18746,61.7647
115735,59062,60588,18746,8.82353
115736,59063,60585,18746,8
115737,59063,60586,18746,28
115738,59063,60587,18746,56
115739,59063,60588,18746,8
115771,59071,60608,18750,8
115772,59071,60609,18750,28
115773,59071,60610,18750,56
115774,59071,60611,18750,8
115775,59072,60608,18750,8
115776,59072,60609,18750,28
115777,59072,60610,18750,56
115778,59072,60611,18750,8
115779,59073,60612,18751,8
115780,59073,60613,18751,28
115781,59073,60614,18751,56
115782,59073,60615,18751,8
115783,59074,60612,18751,8
115784,59074,60613,18751,28
115785,59074,60614,18751,56
115786,59074,60615,18751,8
115795,59080,60620,18754,13.3333
115796,59080,60621,18754,15.5556
115797,59080,60622,18754,62.2222
115798,59080,60623,18754,8.88889
115799,59081,60620,18754,13.7405
115800,59081,60621,18754,16.0305
115801,59081,60622,18754,64.1221
115802,59081,60623,18754,6.10687
115803,59082,60624,18755,13.3333
115804,59082,60625,18755,15.5556
115805,59082,60626,18755,62.2222
115806,59082,60627,18755,8.88889
115807,59083,60624,18755,13.7405
115808,59083,60625,18755,16.0305
115809,59083,60626,18755,64.1221
115810,59083,60627,18755,6.10687
115811,59084,60628,18756,29.1971
115812,59084,60629,18756,5.10949
115813,59084,60630,18756,51.0949
115814,59084,60631,18756,14.5985
115815,59085,60628,18756,5.52995
115816,59085,60629,18756,9.67742
115817,59085,60630,18756,77.4194
115818,59085,60631,18756,7.37327
115828,59089,60635,18758,81.3008
115829,59089,60636,18758,5.69106
115830,59089,60637,18758,11.3821
115831,59089,60638,18758,1.62602
115832,59090,60635,18758,25
115833,59090,60636,18758,35
115834,59090,60637,18758,35
115835,59090,60638,18758,5
116035,59162,60715,18782,14.2857
116036,59162,60716,18782,25
116037,59162,60717,18782,50
116038,59162,60718,18782,10.7143
116039,59163,60715,18782,4.41176
116040,59163,60716,18782,20.5882
116041,59163,60717,18782,61.7647
116042,59163,60718,18782,13.2353
116076,59191,60742,18792,24.4898
116077,59191,60743,18792,14.2857
116078,59191,60744,18792,57.1429
116079,59191,60745,18792,4.08163
116080,59192,60742,18792,2.94118
116081,59192,60743,18792,30.8824
116082,59192,60744,18792,61.7647
116083,59192,60745,18792,4.41176
116149,59239,60777,18805,9.34579
116150,59239,60778,18805,6.54206
116151,59239,60779,18805,65.4206
116152,59239,60780,18805,18.6916
116153,59240,60777,18805,22.7848
116154,59240,60778,18805,8.86076
116155,59240,60779,18805,53.1646
116156,59240,60780,18805,15.1899
116166,59247,60784,18808,38.8889
116167,59247,60785,18808,19.4444
116168,59247,60786,18808,38.8889
116169,59247,60787,18808,2.77778
116170,59248,60784,18808,10.1266
116171,59248,60785,18808,8.86076
116172,59248,60786,18808,70.8861
116173,59248,60787,18808,10.1266
116237,59265,60809,18814,8
116238,59265,60810,18814,28
116239,59265,60811,18814,56
116240,59265,60812,18814,8
116241,59266,60809,18814,8
116242,59266,60810,18814,28
116243,59266,60811,18814,56
116244,59266,60812,18814,8
116428,59348,60887,18839,8
116429,59348,60888,18839,28
116430,59348,60889,18839,56
116431,59348,60890,18839,8
116432,59349,60887,18839,8
116433,59349,60888,18839,28
116434,59349,60889,18839,56
116435,59349,60890,18839,8
116436,59350,60891,18840,18.1357
116437,59350,60892,18840,63.4748
116438,59350,60893,18840,0.253899
116439,59350,60894,18840,18.1357
116440,59351,60891,18840,18.1357
116441,59351,60892,18840,63.4748
116442,59351,60893,18840,0.253899
116443,59351,60894,18840,18.1357
116459,59364,60905,18845,9.67742
116460,59364,60906,18845,33.871
116461,59364,60907,18845,45.1613
116462,59364,60908,18845,11.2903
116463,59365,60905,18845,4.51128
116464,59365,60906,18845,21.0526
116465,59365,60907,18845,63.1579
116466,59365,60908,18845,11.2782
116490,59373,60916,18848,2.85714
116491,59373,60917,18848,40
116492,59373,60918,18848,40
116493,59373,60919,18848,17.1429
116494,59374,60916,18848,6.45161
116495,59374,60917,18848,45.1613
116496,59374,60918,18848,45.1613
116497,59374,60919,18848,3.22581
116621,59427,60971,18867,20
116622,59427,60972,18867,23.3333
116623,59427,60973,18867,46.6667
116624,59427,60974,18867,10
116625,59428,60971,18867,10.3093
116626,59428,60972,18867,7.2165
116627,59428,60973,18867,72.1649
116628,59428,60974,18867,10.3093
116687,59447,60993,18874,24.1611
116688,59447,60994,18874,14.094
116689,59447,60995,18874,56.3758
116690,59447,60996,18874,5.36913
116691,59448,60993,18874,4.61538
116692,59448,60994,18874,21.5385
116693,59448,60995,18874,64.6154
116694,59448,60996,18874,9.23077
116803,59502,61044,18891,15.2027
116804,59502,61045,18891,11.8243
116805,59502,61046,18891,70.9459
116806,59502,61047,18891,2.02703
116807,59503,61044,18891,9.44882
116808,59503,61045,18891,16.5354
116809,59503,61046,18891,66.1417
116810,59503,61047,18891,7.87402
116832,59511,61055,18894,24.0964
116833,59511,61056,18894,25.3012
116834,59511,61057,18894,33.7349
116835,59511,61058,18894,16.8675
116836,59512,61055,18894,2.58065
116837,59512,61056,18894,31.6129
116838,59512,61057,18894,63.2258
116839,59512,61058,18894,2.58065
116861,59518,61068,18897,0.725953
116862,59518,61069,18897,1.27042
116863,59518,61070,18897,25.4083
116864,59518,61071,18897,72.5953
116865,59519,61068,18897,0.938967
116866,59519,61069,18897,32.8638
116867,59519,61070,18897,65.7277
116868,59519,61071,18897,0.469484
116869,59520,61072,18898,0.725953
116870,59520,61073,18898,1.27042
116871,59520,61074,18898,25.4083
116872,59520,61075,18898,72.5953
116873,59521,61072,18898,0.938967
116874,59521,61073,18898,32.8638
116875,59521,61074,18898,65.7277
116876,59521,61075,18898,0.469484
116904,59542,61092,18906,2.67857
116905,59542,61093,18906,18.75
116906,59542,61094,18906,75
116907,59542,61095,18906,3.57143
116908,59543,61092,18906,1.7094
116909,59543,61093,18906,29.9145
116910,59543,61094,18906,59.8291
116911,59543,61095,18906,8.54701
117062,59588,61135,18917,5.04202
117063,59588,61136,18917,11.7647
117064,59588,61137,18917,70.5882
117065,59588,61138,18917,12.605
117066,59589,61135,18917,17.0213
117067,59589,61136,18917,14.8936
117068,59589,61137,18917,59.5745
117069,59589,61138,18917,8.51064
117126,59604,61159,18923,23.5294
117127,59604,61160,18923,23.5294
117128,59604,61161,18923,5.88235
117129,59604,61162,18923,47.0588
117130,59605,61159,18923,14.2857
117131,59605,61160,18923,19.0476
117132,59605,61161,18923,9.52381
117133,59605,61162,18923,57.1429
117138,59606,61163,18924,11.1111
117139,59606,61164,18924,38.8889
117140,59606,61165,18924,38.8889
117141,59606,61166,18924,11.1111
117142,59607,61163,18924,4.34783
117143,59607,61164,18924,30.4348
117144,59607,61165,18924,60.8696
117145,59607,61166,18924,4.34783
117277,59672,61222,18947,13.5593
117278,59672,61223,18947,11.8644
117279,59672,61224,18947,47.4576
117280,59672,61225,18947,27.1186
117281,59673,61222,18947,9.83607
117282,59673,61223,18947,11.4754
117283,59673,61224,18947,68.8525
117284,59673,61225,18947,9.83607
117330,59688,61240,18953,20.339
117331,59688,61241,18953,11.8644
117332,59688,61242,18953,47.4576
117333,59688,61243,18953,20.339
117334,59689,61240,18953,24.6575
117335,59689,61241,18953,9.58904
117336,59689,61242,18953,57.5342
117337,59689,61243,18953,8.21918
117350,59707,61261,18958,8
117351,59707,61262,18958,28
117352,59707,61263,18958,56
117353,59707,61264,18958,8
117354,59708,61261,18958,11.1111
117355,59708,61262,18958,38.8889
117356,59708,61263,18958,38.8889
117357,59708,61264,18958,11.1111
117478,59769,61335,18979,0.238949
117479,59769,61336,18979,4.1816
117480,59769,61337,18979,83.632
117481,59769,61338,18979,11.9474
117482,59770,61335,18979,0.2792
117483,59770,61336,18979,97.7199
117484,59770,61337,18979,1.9544
117485,59770,61338,18979,0.0465333
117569,59813,61376,18992,37.8378
117570,59813,61377,18992,18.9189
117571,59813,61378,18992,37.8378
117572,59813,61379,18992,5.40541
117573,59814,61376,18992,3.125
117574,59814,61377,18992,21.875
117575,59814,61378,18992,43.75
117576,59814,61379,18992,31.25
117722,59873,61443,19011,8
117723,59873,61444,19011,28
117724,59873,61445,19011,56
117725,59873,61446,19011,8
117726,59874,61443,19011,8.14664
117727,59874,61444,19011,15.6823
117728,59874,61445,19011,62.7291
117729,59874,61446,19011,13.442
117785,59899,61471,19020,84.9257
117786,59899,61472,19020,1.4862
117787,59899,61473,19020,11.8896
117788,59899,61474,19020,1.69851
117789,59900,61471,19020,10.3093
117790,59900,61472,19020,7.2165
117791,59900,61473,19020,72.1649
117792,59900,61474,19020,10.3093
117820,59912,61486,19025,12.2449
117821,59912,61487,19025,14.2857
117822,59912,61488,19025,57.1429
117823,59912,61489,19025,16.3265
117824,59913,61486,19025,8.51064
117825,59913,61487,19025,14.8936
117826,59913,61488,19025,59.5745
117827,59913,61489,19025,17.0213
117862,59936,61512,19034,9.02312
117863,59936,61513,19034,26.0999
117864,59936,61514,19034,57.4198
117865,59936,61515,19034,7.45712
117866,59937,61512,19034,7.57576
117867,59937,61513,19034,26.5152
117868,59937,61514,19034,58.3333
117869,59937,61515,19034,7.57576
117870,59938,61516,19035,9.02312
117871,59938,61517,19035,26.0999
117872,59938,61518,19035,57.4198
117873,59938,61519,19035,7.45712
117874,59939,61516,19035,7.57576
117875,59939,61517,19035,26.5152
117876,59939,61518,19035,58.3333
117877,59939,61519,19035,7.57576
117931,59967,61552,19044,19.0476
117932,59967,61553,19044,11.1111
117933,59967,61554,19044,44.4444
117934,59967,61555,19044,25.3968
117935,59968,61552,19044,5.45455
117936,59968,61553,19044,12.7273
117937,59968,61554,19044,76.3636
117938,59968,61555,19044,5.45455
117939,59969,61556,19045,19.0476
117940,59969,61557,19045,11.1111
117941,59969,61558,19045,44.4444
117942,59969,61559,19045,25.3968
117943,59970,61556,19045,5.45455
117944,59970,61557,19045,12.7273
117945,59970,61558,19045,76.3636
117946,59970,61559,19045,5.45455
117971,59986,61570,19050,17.5182
117972,59986,61571,19050,15.3285
117973,59986,61572,19050,61.3139
117974,59986,61573,19050,5.83942
117975,59987,61570,19050,1.66667
117976,59987,61571,19050,58.3333
117977,59987,61572,19050,23.3333
117978,59987,61573,19050,16.6667
117979,59988,61574,19051,14.4928
117980,59988,61575,19051,50.7246
117981,59988,61576,19051,20.2899
117982,59988,61577,19051,14.4928
117983,59989,61574,19051,14.4928
117984,59989,61575,19051,50.7246
117985,59989,61576,19051,20.2899
117986,59989,61577,19051,14.4928
117987,59990,61578,19052,8
117988,59990,61579,19052,28
117989,59990,61580,19052,56
117990,59990,61581,19052,8
117991,59991,61578,19052,8
117992,59991,61579,19052,28
117993,59991,61580,19052,56
117994,59991,61581,19052,8
118004,59995,61585,19054,9.44882
118005,59995,61586,19054,16.5354
118006,59995,61587,19054,66.1417
118007,59995,61588,19054,7.87402
118008,59996,61585,19054,11.0506
118009,59996,61586,19054,16.1155
118010,59996,61587,19054,64.4621
118011,59996,61588,19054,8.3717
118095,60045,61627,19071,37.4065
118096,60045,61628,19071,5.23691
118097,60045,61629,19071,52.3691
118098,60045,61630,19071,4.98753
118099,60046,61627,19071,4.44444
118100,60046,61628,19071,15.5556
118101,60046,61629,19071,62.2222
118102,60046,61630,19071,17.7778
118103,60047,61631,19072,37.4065
118104,60047,61632,19072,5.23691
118105,60047,61633,19072,52.3691
118106,60047,61634,19072,4.98753
118107,60048,61631,19072,4.44444
118108,60048,61632,19072,15.5556
118109,60048,61633,19072,62.2222
118110,60048,61634,19072,17.7778
118144,60059,61648,19076,14.3713
118145,60059,61649,19076,4.19162
118146,60059,61650,19076,33.5329
118147,60059,61651,19076,47.9042
118148,60060,61648,19076,10.9091
118149,60060,61649,19076,38.1818
118150,60060,61650,19076,25.4545
118151,60060,61651,19076,25.4545
118190,60079,61669,19083,25.7143
118191,60079,61670,19083,10
118192,60079,61671,19083,60
118193,60079,61672,19083,4.28571
118194,60080,61669,19083,8.42105
118195,60080,61670,19083,7.36842
118196,60080,61671,19083,58.9474
118197,60080,61672,19083,25.2632
118198,60081,61673,19084,10.3093
118199,60081,61674,19084,3.09278
118200,60081,61675,19084,37.1134
118201,60081,61676,19084,49.4845
118202,60082,61673,19084,29.4118
118203,60082,61674,19084,5.88235
118204,60082,61675,19084,17.6471
118205,60082,61676,19084,47.0588
118206,60083,61673,19084,20.8333
118207,60083,61674,19084,4.16667
118208,60083,61675,19084,8.33333
118209,60083,61676,19084,66.6667
118418,60211,61802,19128,11.1111
118419,60211,61803,19128,38.8889
118420,60211,61804,19128,38.8889
118421,60211,61805,19128,11.1111
118422,60212,61802,19128,4.16667
118423,60212,61803,19128,29.1667
118424,60212,61804,19128,58.3333
118425,60212,61805,19128,8.33333
118493,60278,61870,19150,4.87805
118494,60278,61871,19150,17.0732
118495,60278,61872,19150,68.2927
118496,60278,61873,19150,9.7561
118497,60279,61870,19150,16.6667
118498,60279,61871,19150,38.8889
118499,60279,61872,19150,38.8889
118500,60279,61873,19150,5.55556
118770,60425,62018,19198,0.542495
118771,60425,62019,19198,12.6582
118772,60425,62020,19198,75.9494
118773,60425,62021,19198,10.8499
118774,60426,62018,19198,48.9297
118775,60426,62019,19198,2.14067
118776,60426,62020,19198,34.2508
118777,60426,62021,19198,14.6789
118988,60557,62143,19240,8
118989,60557,62144,19240,28
118990,60557,62145,19240,56
118991,60557,62146,19240,8
118992,60558,62143,19240,5.7971
118993,60558,62144,19240,20.2899
118994,60558,62145,19240,60.8696
118995,60558,62146,19240,13.0435
119083,60631,62212,19264,21.1454
119084,60631,62213,19264,42.2907
119085,60631,62214,19264,0.352423
119086,60631,62215,19264,12.6872
119087,60631,62216,19264,0.211454
119088,60631,62217,19264,21.1454
119089,60631,62218,19264,0.845815
119090,60631,62219,19264,1.32159
119100,60629,62212,19264,67.4157
119101,60629,62213,19264,3.37079
119102,60629,62214,19264,4.49438
119103,60629,62215,19264,6.74157
119104,60629,62216,19264,2.24719
119105,60629,62217,19264,2.24719
119106,60629,62218,19264,6.74157
119107,60629,62219,19264,6.74157
119111,60630,62212,19264,57.6923
119112,60630,62213,19264,3.84615
119113,60630,62214,19264,5.76923
119114,60630,62215,19264,11.5385
119115,60630,62216,19264,1.92308
119116,60630,62217,19264,5.76923
119117,60630,62218,19264,7.69231
119118,60630,62219,19264,5.76923
119119,60638,62223,19266,42.1053
119120,60638,62224,19266,6.31579
119121,60638,62225,19266,6.31579
119122,60638,62226,19266,6.31579
119123,60638,62227,19266,5.26316
119124,60638,62228,19266,10.5263
119125,60638,62229,19266,21.0526
119126,60638,62230,19266,2.10526
119127,60636,62223,19266,21.9178
119128,60636,62224,19266,13.6986
119129,60636,62225,19266,4.10959
119130,60636,62226,19266,16.4384
119131,60636,62227,19266,13.6986
119132,60636,62228,19266,2.73973
119133,60636,62229,19266,10.9589
119134,60636,62230,19266,16.4384
119135,60637,62223,19266,74.7664
119136,60637,62224,19266,9.34579
119137,60637,62225,19266,4.6729
119138,60637,62226,19266,2.80374
119139,60637,62227,19266,4.6729
119140,60637,62228,19266,1.86916
119141,60637,62229,19266,0.934579
119142,60637,62230,19266,0.934579
119143,60640,62231,19267,20.8333
119144,60640,62232,19267,8.33333
119145,60640,62233,19267,12.5
119146,60640,62234,19267,33.3333
119147,60640,62235,19267,8.33333
119148,60640,62236,19267,4.16667
119149,60640,62237,19267,8.33333
119150,60640,62238,19267,4.16667
119151,60639,62231,19267,16.3934
119152,60639,62232,19267,9.83607
119153,60639,62233,19267,13.1148
119154,60639,62234,19267,19.6721
119155,60639,62235,19267,19.6721
119156,60639,62236,19267,4.91803
119157,60639,62237,19267,6.55738
119158,60639,62238,19267,9.83607
119159,60642,62231,19267,17.762
119160,60642,62232,19267,0.888099
119161,60642,62233,19267,35.524
119162,60642,62234,19267,4.73653
119163,60642,62235,19267,28.4192
119164,60642,62236,19267,0.592066
119165,60642,62237,19267,10.6572
119166,60642,62238,19267,1.42096
119167,60643,62231,19267,63.0032
119168,60643,62232,19267,1.57508
119169,60643,62233,19267,6.30031
119170,60643,62234,19267,8.40042
119171,60643,62235,19267,12.6006
119172,60643,62236,19267,1.40007
119173,60643,62237,19267,4.20021
119174,60643,62238,19267,2.52013
119175,60641,62231,19267,9.95025
119176,60641,62232,19267,0.497512
119177,60641,62233,19267,13.9303
119178,60641,62234,19267,31.8408
119179,60641,62235,19267,19.9005
119180,60641,62236,19267,9.95025
119181,60641,62237,19267,9.95025
119182,60641,62238,19267,3.9801
119183,60644,62239,19268,24
119184,60644,62240,19268,8
119185,60644,62241,19268,6
119186,60644,62242,19268,10
119187,60644,62243,19268,32
119188,60644,62244,19268,16
119189,60644,62245,19268,2
119190,60644,62246,19268,2
119191,60645,62239,19268,23.8806
119192,60645,62240,19268,14.9254
119193,60645,62241,19268,2.98507
119194,60645,62242,19268,14.9254
119195,60645,62243,19268,11.9403
119196,60645,62244,19268,4.47761
119197,60645,62245,19268,8.95522
119198,60645,62246,19268,17.9104
119199,60647,62247,19269,21.0526
119200,60647,62248,19269,10.5263
119201,60647,62249,19269,15.7895
119202,60647,62250,19269,21.0526
119203,60647,62251,19269,31.5789
119204,60648,62247,19269,15
119205,60648,62248,19269,10
119206,60648,62249,19269,15
119207,60648,62250,19269,40
119208,60648,62251,19269,20
119209,60646,62247,19269,18.3673
119210,60646,62248,19269,2.04082
119211,60646,62249,19269,18.3673
119212,60646,62250,19269,24.4898
119213,60646,62251,19269,36.7347
119233,60700,62271,19284,4.26829
119234,60700,62272,19284,12.8049
119235,60700,62273,19284,1.82927
119236,60700,62274,19284,3.20122
119237,60700,62275,19284,10.6707
119238,60700,62276,19284,51.2195
119239,60700,62277,19284,3.20122
119240,60700,62278,19284,12.8049
119241,60698,62271,19284,6.54063
119242,60698,62272,19284,4.79646
119243,60698,62273,19284,8.63363
119244,60698,62274,19284,6.54063
119245,60698,62275,19284,32.3761
119246,60698,62276,19284,28.7788
119247,60698,62277,19284,5.13907
119248,60698,62278,19284,7.19469
119249,60699,62271,19284,2.06897
119250,60699,62272,19284,2.75862
119251,60699,62273,19284,4.13793
119252,60699,62274,19284,8.27586
119253,60699,62275,19284,41.3793
119254,60699,62276,19284,28.9655
119255,60699,62277,19284,4.13793
119256,60699,62278,19284,8.27586
119257,60701,62271,19284,3.05728
119258,60701,62272,19284,11.4648
119259,60701,62273,19284,5.45943
119260,60701,62274,19284,5.87939
119261,60701,62275,19284,45.8592
119262,60701,62276,19284,16.8151
119263,60701,62277,19284,3.8216
119264,60701,62278,19284,7.64321
119374,60781,62346,19305,8
119375,60781,62347,19305,28
119376,60781,62348,19305,56
119377,60781,62349,19305,8
119378,60782,62346,19305,8
119379,60782,62347,19305,28
119380,60782,62348,19305,56
119381,60782,62349,19305,8
119432,60799,62368,19310,1.63934
119433,60799,62369,19310,9.83607
119434,60799,62370,19310,16.3934
119435,60799,62371,19310,6.55738
119436,60799,62372,19310,13.1148
119437,60799,62373,19310,16.3934
119438,60799,62374,19310,26.2295
119439,60799,62375,19310,9.83607
119440,60800,62368,19310,7.93651
119441,60800,62369,19310,3.7037
119442,60800,62370,19310,3.7037
119443,60800,62371,19310,18.5185
119444,60800,62372,19310,42.328
119445,60800,62373,19310,2.6455
119446,60800,62374,19310,15.873
119447,60800,62375,19310,5.29101
119448,60802,62368,19310,4.31034
119449,60802,62369,19310,2.58621
119450,60802,62370,19310,8.62069
119451,60802,62371,19310,8.62069
119452,60802,62372,19310,68.9655
119453,60802,62373,19310,4.31034
119454,60802,62374,19310,1.72414
119455,60802,62375,19310,0.862069
119456,60801,62368,19310,2.30769
119457,60801,62369,19310,1.84615
119458,60801,62370,19310,3.07692
119459,60801,62371,19310,6.92308
119460,60801,62372,19310,7.38462
119461,60801,62373,19310,23.0769
119462,60801,62374,19310,36.9231
119463,60801,62375,19310,18.4615
119464,60803,62368,19310,8.57143
119465,60803,62369,19310,5.71429
119466,60803,62370,19310,8.57143
119467,60803,62371,19310,8.57143
119468,60803,62372,19310,34.2857
119469,60803,62373,19310,14.2857
119470,60803,62374,19310,11.4286
119471,60803,62375,19310,8.57143
119513,60836,62406,19321,20.4082
119514,60836,62407,19321,7.14286
119515,60836,62408,19321,71.4286
119516,60836,62409,19321,1.02041
119517,60837,62406,19321,8
119518,60837,62407,19321,28
119519,60837,62408,19321,56
119520,60837,62409,19321,8
120346,61180,62730,19411,8
120347,61180,62731,19411,28
120348,61180,62732,19411,56
120349,61180,62733,19411,8
120350,61181,62730,19411,8
120351,61181,62731,19411,28
120352,61181,62732,19411,56
120353,61181,62733,19411,8
120357,61186,62737,19413,33.3333
120358,61186,62738,19413,33.3333
120359,61186,62739,19413,33.3333
120360,61187,62737,19413,33.3333
120361,61187,62738,19413,33.3333
120362,61187,62739,19413,33.3333
120460,61209,62763,19419,20
120461,61209,62764,19419,15
120462,61209,62765,19419,20
120463,61209,62766,19419,20
120464,61209,62767,19419,25
120465,61208,62763,19419,23.5294
120466,61208,62764,19419,5.88235
120467,61208,62765,19419,11.7647
120468,61208,62766,19419,47.0588
120469,61208,62767,19419,11.7647
120479,61223,62780,19423,7.14286
120480,61223,62781,19423,14.2857
120481,61223,62782,19423,28.5714
120482,61223,62783,19423,14.2857
120483,61223,62784,19423,35.7143
120484,61222,62780,19423,1.74216
120485,61222,62781,19423,13.9373
120486,61222,62782,19423,0.696864
120487,61222,62783,19423,13.9373
120488,61222,62784,19423,69.6864
120489,61220,62780,19423,7.14286
120490,61220,62781,19423,14.2857
120491,61220,62782,19423,42.8571
120492,61220,62783,19423,28.5714
120493,61220,62784,19423,7.14286
120494,61221,62780,19423,4.34783
120495,61221,62781,19423,8.69565
120496,61221,62782,19423,8.69565
120497,61221,62783,19423,34.7826
120498,61221,62784,19423,43.4783
121240,61417,62972,19468,8.33333
121241,61417,62973,19468,33.3333
121242,61417,62974,19468,16.6667
121243,61417,62975,19468,25
121244,61417,62976,19468,16.6667
121245,61416,62972,19468,34.7826
121246,61416,62973,19468,34.7826
121247,61416,62974,19468,17.3913
121248,61416,62975,19468,4.34783
121249,61416,62976,19468,8.69565
121250,61421,62980,19470,8
121251,61421,62981,19470,28
121252,61421,62982,19470,56
121253,61421,62983,19470,8
121254,61422,62980,19470,8
121255,61422,62981,19470,28
121256,61422,62982,19470,56
121257,61422,62983,19470,8
121790,61651,63190,19529,7.05882
121791,61651,63191,19529,11.7647
121792,61651,63192,19529,2.35294
121793,61651,63193,19529,11.7647
121794,61651,63194,19529,2.35294
121795,61651,63195,19529,1.17647
121796,61651,63196,19529,7.05882
121797,61651,63197,19529,56.4706
121798,61649,63190,19529,2.95858
121799,61649,63191,19529,17.7515
121800,61649,63192,19529,11.8343
121801,61649,63193,19529,29.5858
121802,61649,63194,19529,5.91716
121803,61649,63195,19529,5.91716
121804,61649,63196,19529,2.36686
121805,61649,63197,19529,23.6686
121806,61648,63190,19529,1.49254
121807,61648,63191,19529,2.98507
121808,61648,63192,19529,20.8955
121809,61648,63193,19529,7.46269
121810,61648,63194,19529,1.49254
121811,61648,63195,19529,1.49254
121812,61648,63196,19529,4.47761
121813,61648,63197,19529,59.7015
121814,61650,63190,19529,1.16279
121815,61650,63191,19529,5.81395
121816,61650,63192,19529,11.6279
121817,61650,63193,19529,5.81395
121818,61650,63194,19529,11.6279
121819,61650,63195,19529,5.81395
121820,61650,63196,19529,11.6279
121821,61650,63197,19529,46.5116
121836,61665,63213,19534,20
121837,61665,63214,19534,20
121838,61665,63215,19534,10
121839,61665,63216,19534,40
121840,61665,63217,19534,10
121841,61666,63213,19534,15.1515
121842,61666,63214,19534,30.303
121843,61666,63215,19534,15.1515
121844,61666,63216,19534,24.2424
121845,61666,63217,19534,15.1515
122327,61905,63460,19609,4.58015
122328,61905,63461,19609,18.3206
122329,61905,63462,19609,9.16031
122330,61905,63463,19609,4.58015
122331,61905,63464,19609,1.52672
122332,61905,63465,19609,2.29008
122333,61905,63466,19609,22.9008
122334,61905,63467,19609,36.6412
122335,61907,63460,19609,5.26316
122336,61904,63460,19609,6.75676
122337,61904,63461,19609,18.9189
122338,61907,63461,19609,10.5263
122339,61904,63462,19609,9.45946
122340,61904,63463,19609,6.75676
122341,61907,63462,19609,5.26316
122342,61904,63464,19609,5.40541
122343,61907,63463,19609,10.5263
122344,61904,63465,19609,8.10811
122345,61904,63466,19609,6.75676
122346,61907,63464,19609,10.5263
122347,61904,63467,19609,37.8378
122348,61907,63465,19609,10.5263
122349,61907,63466,19609,5.26316
122350,61907,63467,19609,42.1053
122351,61908,63460,19609,8.10811
122352,61908,63461,19609,20.2703
122353,61908,63462,19609,6.08108
122354,61908,63463,19609,6.08108
122355,61908,63464,19609,2.7027
122356,61908,63465,19609,12.1622
122357,61908,63466,19609,20.2703
122358,61908,63467,19609,24.3243
122359,61906,63460,19609,6.94444
122360,61906,63461,19609,2.77778
122361,61906,63462,19609,1.38889
122362,61906,63463,19609,13.8889
122363,61906,63464,19609,4.16667
122364,61906,63465,19609,8.33333
122365,61906,63466,19609,6.94444
122366,61906,63467,19609,55.5556
122369,61963,63500,19626,7.84314
122370,61963,63501,19626,13.7255
122371,61963,63502,19626,54.902
122372,61963,63503,19626,23.5294
122373,61964,63500,19626,8.80945
122374,61964,63501,19626,25.6942
122375,61964,63502,19626,61.6661
122376,61964,63503,19626,3.83019
122418,62021,63533,19645,2.90698
122419,62021,63534,19645,5.81395
122420,62021,63535,19645,2.90698
122421,62021,63536,19645,5.81395
122422,62021,63537,19645,69.7674
122423,62021,63538,19645,0.581395
122424,62021,63539,19645,11.6279
122425,62021,63540,19645,0.581395
122426,62024,63533,19645,24.1935
122427,62024,63534,19645,4.83871
122428,62024,63535,19645,19.3548
122429,62024,63536,19645,29.0323
122430,62024,63537,19645,9.67742
122431,62024,63538,19645,2.41935
122432,62024,63539,19645,3.22581
122433,62024,63540,19645,7.25806
122434,62023,63533,19645,9.61539
122435,62023,63534,19645,13.4615
122436,62023,63535,19645,9.61539
122437,62023,63536,19645,7.69231
122438,62023,63537,19645,38.4615
122439,62023,63538,19645,3.84615
122440,62023,63539,19645,11.5385
122441,62023,63540,19645,5.76923
122442,62022,63533,19645,5.31915
122443,62022,63534,19645,5.31915
122444,62022,63535,19645,3.19149
122445,62022,63536,19645,6.38298
122446,62022,63537,19645,42.5532
122447,62022,63538,19645,15.9574
122448,62022,63539,19645,15.9574
122449,62022,63540,19645,5.31915
122719,62265,63661,19719,11.4286
122720,62265,63662,19719,40
122721,62265,63663,19719,40
122722,62265,63664,19719,8.57143
122723,62266,63661,19719,16.6667
122724,62266,63662,19719,19.4444
122725,62266,63663,19719,58.3333
122726,62266,63664,19719,5.55556
122775,62314,63684,19735,5.21739
122776,62314,63685,19735,6.08696
122777,62314,63686,19735,73.0435
122778,62314,63687,19735,15.6522
122779,62315,63684,19735,12
122780,62315,63685,19735,42
122781,62315,63686,19735,42
122782,62315,63687,19735,4
122797,62325,63696,19739,8
122798,62325,63697,19739,28
122799,62325,63698,19739,56
122800,62325,63699,19739,8
122801,62326,63696,19739,8
122802,62326,63697,19739,28
122803,62326,63698,19739,56
122804,62326,63699,19739,8
122805,62330,63703,19741,3.0303
122806,62330,63704,19741,42.4242
122807,62330,63705,19741,42.4242
122808,62330,63706,19741,12.1212
122809,62331,63703,19741,8.51064
122810,62331,63704,19741,44.6809
122811,62331,63705,19741,29.7872
122812,62331,63706,19741,17.0213
122852,62350,63724,19748,1.34048
122853,62350,63725,19748,75.067
122854,62350,63726,19748,15.0134
122855,62350,63727,19748,8.57909
122856,62351,63724,19748,19.2513
122857,62351,63725,19748,3.74332
122858,62351,63726,19748,67.3797
122859,62351,63727,19748,9.62567
122904,62390,63764,19760,20.1681
122905,62390,63765,19760,5.88235
122906,62390,63766,19760,70.5882
122907,62390,63767,19760,3.36134
122908,62391,63764,19760,0.817439
122909,62391,63765,19760,95.3678
122910,62391,63766,19760,1.90736
122911,62391,63767,19760,1.90736
122920,62397,63778,19763,14.8148
122921,62397,63779,19763,25.9259
122922,62397,63780,19763,51.8519
122923,62397,63781,19763,7.40741
122924,62398,63778,19763,5.12821
122925,62398,63779,19763,17.9487
122926,62398,63780,19763,71.7949
122927,62398,63781,19763,5.12821
123009,62429,63812,19772,8
123010,62429,63813,19772,28
123011,62429,63814,19772,56
123012,62429,63815,19772,8
123013,62430,63812,19772,8
123014,62430,63813,19772,28
123015,62430,63814,19772,56
123016,62430,63815,19772,8
123017,62431,63816,19773,66.6667
123018,62431,63817,19773,26.6667
123019,62431,63818,19773,6.66667
123020,62432,63816,19773,61.2245
123021,62432,63817,19773,30.6122
123022,62432,63818,19773,8.16327
123035,62440,63830,19777,13.7931
123036,62440,63831,19777,24.1379
123037,62440,63832,19777,48.2759
123038,62440,63833,19777,13.7931
123039,62441,63830,19777,4.41176
123040,62441,63831,19777,30.8824
123041,62441,63832,19777,61.7647
123042,62441,63833,19777,2.94118
123080,62483,63878,19787,21.0526
123081,62483,63879,19787,21.0526
123082,62483,63880,19787,21.0526
123083,62483,63881,19787,5.26316
123084,62483,63882,19787,5.26316
123085,62483,63883,19787,5.26316
123086,62483,63884,19787,10.5263
123087,62483,63885,19787,10.5263
123093,62484,63878,19787,9.52381
123094,62484,63879,19787,4.7619
123095,62484,63880,19787,19.0476
123096,62484,63881,19787,4.7619
123097,62484,63882,19787,4.7619
123098,62484,63883,19787,9.52381
123099,62484,63884,19787,38.0952
123100,62484,63885,19787,9.52381
123138,62514,63910,19796,9.30233
123139,62514,63911,19796,16.2791
123140,62514,63912,19796,65.1163
123141,62514,63913,19796,9.30233
123142,62515,63910,19796,7.40741
123143,62515,63911,19796,25.9259
123144,62515,63912,19796,51.8519
123145,62515,63913,19796,14.8148
123204,62543,63942,19805,19.1083
123205,62543,63943,19805,4.4586
123206,62543,63944,19805,44.586
123207,62543,63945,19805,31.8471
123208,62544,63942,19805,31.8182
123209,62544,63943,19805,31.8182
123210,62544,63944,19805,31.8182
123211,62544,63945,19805,4.54545
123258,62582,63982,19818,9.09091
123259,62582,63983,19818,9.09091
123260,62582,63984,19818,27.2727
123261,62582,63985,19818,18.1818
123262,62582,63986,19818,36.3636
123263,62583,63982,19818,8.33333
123264,62583,63983,19818,8.33333
123265,62583,63984,19818,33.3333
123266,62583,63985,19818,16.6667
123267,62583,63986,19818,33.3333
123563,62765,64157,19873,2.1978
123564,62765,64158,19873,6.59341
123565,62765,64159,19873,1.0989
123566,62765,64160,19873,2.1978
123567,62765,64161,19873,43.956
123568,62765,64162,19873,21.978
123569,62765,64163,19873,10.989
123570,62765,64164,19873,10.989
123571,62768,64157,19873,5.26316
123572,62768,64158,19873,13.1579
123573,62768,64159,19873,5.26316
123574,62768,64160,19873,13.1579
123575,62768,64161,19873,31.5789
123576,62768,64162,19873,10.5263
123577,62768,64163,19873,13.1579
123578,62768,64164,19873,7.89474
123579,62766,64157,19873,9.61539
123580,62766,64158,19873,9.61539
123581,62766,64159,19873,5.76923
123582,62766,64160,19873,1.92308
123583,62766,64161,19873,38.4615
123584,62766,64162,19873,15.3846
123585,62766,64163,19873,9.61539
123586,62766,64164,19873,9.61539
123587,62767,64157,19873,4.54545
123588,62767,64158,19873,4.54545
123589,62767,64159,19873,4.54545
123590,62767,64160,19873,4.54545
123591,62767,64161,19873,18.1818
123592,62767,64162,19873,27.2727
123593,62767,64163,19873,22.7273
123594,62767,64164,19873,13.6364
123595,62769,64157,19873,8.82353
123596,62769,64158,19873,11.7647
123597,62769,64159,19873,7.35294
123598,62769,64160,19873,14.7059
123599,62769,64161,19873,17.6471
123600,62769,64162,19873,20.5882
123601,62769,64163,19873,7.35294
123602,62769,64164,19873,11.7647
123645,62800,64201,19882,11.3208
123646,62800,64202,19882,13.2075
123647,62800,64203,19882,52.8302
123648,62800,64204,19882,22.6415
123649,62801,64201,19882,7.61905
123650,62801,64202,19882,6.66667
123651,62801,64203,19882,66.6667
123652,62801,64204,19882,19.0476
124600,63221,64614,20023,0.0279252
124601,63221,64615,20023,97.7381
124602,63221,64616,20023,1.95476
124603,63221,64617,20023,0.279252
124604,63222,64614,20023,15.2542
124605,63222,64615,20023,71.1864
124606,63222,64616,20023,11.8644
124607,63222,64617,20023,1.69492
124620,63225,64624,20025,0.0279252
124621,63225,64625,20025,97.7381
124622,63225,64626,20025,1.95476
124623,63225,64627,20025,0.279252
124624,63226,64624,20025,15.2542
124625,63226,64625,20025,71.1864
124626,63226,64626,20025,11.8644
124627,63226,64627,20025,1.69492
124673,63272,64666,20039,11.919
124674,63272,64667,20039,4.17163
124675,63272,64668,20039,83.4327
124676,63272,64669,20039,0.476758
124677,63273,64666,20039,8
124678,63273,64667,20039,28
124679,63273,64668,20039,56
124680,63273,64669,20039,8
125301,63584,64991,20136,21.1765
125302,63584,64992,20136,8.23529
125303,63584,64993,20136,49.4118
125304,63584,64994,20136,21.1765
125305,63585,64991,20136,16.3934
125306,63585,64992,20136,5.7377
125307,63585,64993,20136,57.377
125308,63585,64994,20136,20.4918
125309,63586,64995,20137,94.6024
125310,63586,64996,20137,0.011504
125311,63586,64997,20137,5.38388
125312,63586,64998,20137,0.00222935
125313,63587,64995,20137,0.0019723
125314,63587,64996,20137,0.00230102
125315,63587,64997,20137,1.38061
125316,63587,64998,20137,98.6151
125574,63787,65185,20193,26.3736
125575,63787,65186,20193,7.69231
125576,63787,65187,20193,46.1538
125577,63787,65188,20193,19.7802
125578,63788,65185,20193,8
125579,63788,65186,20193,28
125580,63788,65187,20193,56
125581,63788,65188,20193,8
125734,63931,65326,20238,25
125735,63931,65327,20238,25
125736,63931,65328,20238,25
125737,63931,65329,20238,25
125738,63932,65326,20238,25
125739,63932,65327,20238,25
125740,63932,65328,20238,25
125741,63932,65329,20238,25
125742,63933,65326,20238,25
125743,63933,65327,20238,25
125744,63933,65328,20238,25
125745,63933,65329,20238,25
125974,64119,65497,20297,10.3448
125975,64119,65498,20297,12.069
125976,64119,65499,20297,72.4138
125977,64119,65500,20297,5.17241
125978,64120,65497,20297,4.87805
125979,64120,65498,20297,17.0732
125980,64120,65499,20297,68.2927
125981,64120,65500,20297,9.7561
126054,64160,65537,20309,4.54545
126055,64160,65538,20309,27.2727
126056,64160,65539,20309,6.81818
126057,64160,65540,20309,6.81818
126058,64160,65541,20309,54.5455
126059,64161,65537,20309,22.5806
126060,64161,65538,20309,19.3548
126061,64161,65539,20309,12.9032
126062,64161,65540,20309,32.2581
126063,64161,65541,20309,12.9032
126129,64192,65572,20321,6.97674
126130,64192,65573,20321,9.30233
126131,64192,65574,20321,13.9535
126132,64192,65575,20321,55.814
126133,64192,65576,20321,13.9535
126134,64193,65572,20321,5.26316
126135,64193,65573,20321,42.1053
126136,64193,65574,20321,5.26316
126137,64193,65575,20321,42.1053
126138,64193,65576,20321,5.26316
126337,64273,65660,20344,0.886382
126338,64273,65661,20344,28.2031
126339,64273,65662,20344,62.0467
126340,64273,65663,20344,8.86382
126341,64274,65660,20344,8
126342,64274,65661,20344,28
126343,64274,65662,20344,56
126344,64274,65663,20344,8
126443,64334,65714,20360,8
126444,64334,65715,20360,28
126445,64334,65716,20360,56
126446,64334,65717,20360,8
126447,64335,65714,20360,8
126448,64335,65715,20360,28
126449,64335,65716,20360,56
126450,64335,65717,20360,8
126454,64340,65721,20362,17.9104
126455,64340,65722,20362,10.4478
126456,64340,65723,20362,62.6866
126457,64340,65724,20362,8.95522
126458,64341,65721,20362,3.22581
126459,64341,65722,20362,45.1613
126460,64341,65723,20362,45.1613
126461,64341,65724,20362,6.45161
126462,64342,65721,20362,8
126463,64342,65722,20362,28
126464,64342,65723,20362,56
126465,64342,65724,20362,8
126466,64343,65725,20363,17.9104
126467,64343,65726,20363,10.4478
126468,64343,65727,20363,62.6866
126469,64343,65728,20363,8.95522
126470,64344,65725,20363,3.22581
126471,64344,65726,20363,45.1613
126472,64344,65727,20363,45.1613
126473,64344,65728,20363,6.45161
126474,64345,65725,20363,8
126475,64345,65726,20363,28
126476,64345,65727,20363,56
126477,64345,65728,20363,8
126662,64455,65851,20398,3.84615
126663,64455,65852,20398,23.0769
126664,64455,65853,20398,3.84615
126665,64455,65854,20398,23.0769
126666,64455,65855,20398,46.1538
126667,64456,65851,20398,14.8148
126668,64456,65852,20398,14.8148
126669,64456,65853,20398,18.5185
126670,64456,65854,20398,22.2222
126671,64456,65855,20398,29.6296
126672,64454,65851,20398,12.5
126673,64454,65852,20398,12.5
126674,64454,65853,20398,12.5
126675,64454,65854,20398,12.5
126676,64454,65855,20398,50
126717,64490,65884,20410,24
126718,64490,65885,20410,48
126719,64490,65886,20410,16
126720,64490,65887,20410,12
126721,64491,65884,20410,0.0989022
126722,64491,65885,20410,0.989022
126723,64491,65886,20410,0.00989022
126724,64491,65887,20410,98.9022
126725,64492,65884,20410,18.1818
126726,64492,65885,20410,36.3636
126727,64492,65886,20410,9.09091
126728,64492,65887,20410,36.3636
126747,64502,65897,20414,34.171
126748,64502,65898,20414,0.0498327
126749,64502,65899,20414,5.97992
126750,64502,65900,20414,59.7992
126751,64503,65897,20414,0.00845952
126752,64503,65898,20414,71.06
126753,64503,65899,20414,3.553
126754,64503,65900,20414,25.3786
126755,64504,65901,20415,34.171
126756,64504,65902,20415,0.0498327
126757,64504,65903,20415,5.97992
126758,64504,65904,20415,59.7992
126759,64505,65901,20415,0.00845952
126760,64505,65902,20415,71.06
126761,64505,65903,20415,3.553
126762,64505,65904,20415,25.3786
126954,64622,66015,20447,7.69231
126955,64622,66016,20447,30.7692
126956,64622,66017,20447,7.69231
126957,64622,66018,20447,30.7692
126958,64622,66019,20447,23.0769
126959,64624,66015,20447,11.1111
126960,64624,66016,20447,11.1111
126961,64624,66017,20447,22.2222
126962,64624,66018,20447,44.4444
126963,64624,66019,20447,11.1111
126964,64623,66015,20447,6.06061
126965,64623,66016,20447,36.3636
126966,64623,66017,20447,3.0303
126967,64623,66018,20447,24.2424
126968,64623,66019,20447,30.303
127055,64752,66135,20483,18.1818
127056,64752,66136,20483,18.1818
127057,64752,66137,20483,9.09091
127058,64752,66138,20483,18.1818
127059,64752,66139,20483,36.3636
127060,64753,66135,20483,22.2222
127061,64753,66136,20483,33.3333
127062,64753,66137,20483,16.6667
127063,64753,66138,20483,5.55556
127064,64753,66139,20483,22.2222
127065,64754,66135,20483,11.4286
127066,64754,66136,20483,34.2857
127067,64754,66137,20483,2.85714
127068,64754,66138,20483,28.5714
127069,64754,66139,20483,22.8571
127181,64829,66207,20505,17.9104
127182,64829,66208,20505,10.4478
127183,64829,66209,20505,62.6866
127184,64829,66210,20505,8.95522
127185,64830,66207,20505,5.47945
127186,64830,66208,20505,28.7671
127187,64830,66209,20505,57.5342
127188,64830,66210,20505,8.21918
127324,64928,66302,20538,8
127325,64928,66303,20538,28
127326,64928,66304,20538,56
127327,64928,66305,20538,8
127328,64929,66302,20538,8
127329,64929,66303,20538,28
127330,64929,66304,20538,56
127331,64929,66305,20538,8
127426,64979,66349,20554,7.14286
127427,64979,66350,20554,28.5714
127428,64979,66351,20554,7.14286
127429,64979,66352,20554,28.5714
127430,64979,66353,20554,28.5714
127431,64978,66349,20554,31.3043
127432,64978,66350,20554,2.6087
127433,64978,66351,20554,3.47826
127434,64978,66352,20554,41.7391
127435,64978,66353,20554,20.8696
127545,65087,66445,20582,13.3333
127546,65087,66446,20582,15.5556
127547,65087,66447,20582,62.2222
127548,65087,66448,20582,8.88889
127549,65088,66445,20582,8
127550,65088,66446,20582,28
127551,65088,66447,20582,56
127552,65088,66448,20582,8
127724,65156,66513,20601,9.09091
127725,65156,66514,20601,42.4242
127726,65156,66515,20601,42.4242
127727,65156,66516,20601,6.06061
127728,65157,66513,20601,4.16667
127729,65157,66514,20601,29.1667
127730,65157,66515,20601,58.3333
127731,65157,66516,20601,8.33333
127815,65204,66558,20618,15.6863
127816,65204,66559,20618,13.7255
127817,65204,66560,20618,54.902
127818,65204,66561,20618,15.6863
127819,65205,66558,20618,15.6863
127820,65205,66559,20618,13.7255
127821,65205,66560,20618,54.902
127822,65205,66561,20618,15.6863
127863,65227,66585,20625,13.3333
127864,65227,66586,20625,20
127865,65227,66587,20625,66.6667
127866,65228,66585,20625,14.2857
127867,65228,66586,20625,14.2857
127868,65228,66587,20625,71.4286
128452,65627,66938,20743,27.6498
128453,65627,66939,20743,29.0323
128454,65627,66940,20743,38.7097
128455,65627,66941,20743,4.60829
128456,65628,66938,20743,27.6498
128457,65628,66939,20743,29.0323
128458,65628,66940,20743,38.7097
128459,65628,66941,20743,4.60829
128460,65629,66942,20744,27.6498
128461,65629,66943,20744,29.0323
128462,65629,66944,20744,38.7097
128463,65629,66945,20744,4.60829
128464,65630,66942,20744,27.6498
128465,65630,66943,20744,29.0323
128466,65630,66944,20744,38.7097
128467,65630,66945,20744,4.60829
128468,65631,66946,20745,27.6498
128469,65631,66947,20745,29.0323
128470,65631,66948,20745,38.7097
128471,65631,66949,20745,4.60829
128472,65632,66946,20745,27.6498
128473,65632,66947,20745,29.0323
128474,65632,66948,20745,38.7097
128475,65632,66949,20745,4.60829
128476,65633,66950,20746,27.6498
128477,65633,66951,20746,29.0323
128478,65633,66952,20746,38.7097
128479,65633,66953,20746,4.60829
128480,65634,66950,20746,27.6498
128481,65634,66951,20746,29.0323
128482,65634,66952,20746,38.7097
128483,65634,66953,20746,4.60829
128484,65635,66954,20747,27.1003
128485,65635,66955,20747,28.4553
128486,65635,66956,20747,37.9404
128487,65635,66957,20747,6.50407
128488,65636,66954,20747,1.92926
128489,65636,66955,20747,22.508
128490,65636,66956,20747,67.5241
128491,65636,66957,20747,8.03859
128500,65649,66970,20753,2.77778
128501,65649,66971,20753,8.33333
128502,65649,66972,20753,25
128503,65649,66973,20753,5.55556
128504,65649,66974,20753,19.4444
128505,65649,66975,20753,19.4444
128506,65649,66976,20753,19.4444
128507,65650,66970,20753,2.77778
128508,65650,66971,20753,8.33333
128509,65650,66972,20753,25
128510,65650,66973,20753,5.55556
128511,65650,66974,20753,19.4444
128512,65650,66975,20753,19.4444
128513,65650,66976,20753,19.4444
128514,65651,66970,20753,2.77778
128515,65651,66971,20753,8.33333
128516,65651,66972,20753,25
128517,65651,66973,20753,5.55556
128518,65651,66974,20753,19.4444
128519,65651,66975,20753,19.4444
128520,65651,66976,20753,19.4444
128521,65652,66970,20753,2.77778
128522,65652,66971,20753,8.33333
128523,65652,66972,20753,25
128524,65652,66973,20753,5.55556
128525,65652,66974,20753,19.4444
128526,65652,66975,20753,19.4444
128527,65652,66976,20753,19.4444
128528,65653,66970,20753,2.77778
128529,65653,66971,20753,8.33333
128530,65653,66972,20753,25
128531,65653,66973,20753,5.55556
128532,65653,66974,20753,19.4444
128533,65653,66975,20753,19.4444
128534,65653,66976,20753,19.4444
128725,65810,67121,20793,77.7778
128726,65810,67122,20793,11.1111
128727,65810,67123,20793,5.55556
128728,65810,67124,20793,5.55556
128729,65811,67121,20793,77.7778
128730,65811,67122,20793,11.1111
128731,65811,67123,20793,5.55556
128732,65811,67124,20793,5.55556
128733,65812,67121,20793,77.7778
128734,65812,67122,20793,11.1111
128735,65812,67123,20793,5.55556
128736,65812,67124,20793,5.55556
128761,65827,67139,20799,6.47012
128762,65827,67140,20799,12.9402
128763,65827,67141,20799,3.23506
128764,65827,67142,20799,4.04383
128765,65827,67143,20799,6.47012
128766,65827,67144,20799,5.88193
128767,65827,67145,20799,6.47012
128768,65827,67146,20799,3.23506
128769,65827,67147,20799,2.15671
128770,65827,67148,20799,3.80595
128771,65827,67149,20799,19.4104
128772,65827,67150,20799,25.8805
128773,65828,67139,20799,5.60748
128774,65828,67140,20799,5.60748
128775,65828,67141,20799,5.60748
128776,65828,67142,20799,5.60748
128777,65828,67143,20799,2.80374
128778,65828,67144,20799,1.86916
128779,65828,67145,20799,5.60748
128780,65828,67146,20799,22.4299
128781,65828,67147,20799,5.60748
128782,65828,67148,20799,12.3364
128783,65828,67149,20799,10.0935
128784,65828,67150,20799,16.8224
128785,65829,67151,20800,6.47012
128786,65829,67152,20800,12.9402
128787,65829,67153,20800,3.23506
128788,65829,67154,20800,4.04383
128789,65829,67155,20800,6.47012
128790,65829,67156,20800,5.88193
128791,65829,67157,20800,6.47012
128792,65829,67158,20800,3.23506
128793,65829,67159,20800,2.15671
128794,65829,67160,20800,3.80595
128795,65829,67161,20800,19.4104
128796,65829,67162,20800,25.8805
128797,65830,67151,20800,5.60748
128798,65830,67152,20800,5.60748
128799,65830,67153,20800,5.60748
128800,65830,67154,20800,5.60748
128801,65830,67155,20800,2.80374
128802,65830,67156,20800,1.86916
128803,65830,67157,20800,5.60748
128804,65830,67158,20800,22.4299
128805,65830,67159,20800,5.60748
128806,65830,67160,20800,12.3364
128807,65830,67161,20800,10.0935
128808,65830,67162,20800,16.8224
128809,65831,67163,20801,98.8631
128810,65831,67164,20801,0.346021
128811,65831,67165,20801,0.692042
128812,65831,67166,20801,0.0988631
128813,65832,67163,20801,2.27273
128814,65832,67164,20801,31.8182
128815,65832,67165,20801,63.6364
128816,65832,67166,20801,2.27273
128956,65932,67261,20831,8.95522
128957,65932,67262,20831,10.4478
128958,65932,67263,20831,62.6866
128959,65932,67264,20831,17.9104
128960,65933,67261,20831,23.5294
128961,65933,67262,20831,13.7255
128962,65933,67263,20831,54.902
128963,65933,67264,20831,7.84314
129108,66043,67364,20867,39.7176
129109,66043,67365,20867,3.08914
129110,66043,67366,20867,55.6046
129111,66043,67367,20867,1.5887
129112,66044,67364,20867,5.60748
129113,66044,67365,20867,13.0841
129114,66044,67366,20867,78.5047
129115,66044,67367,20867,2.80374
129346,66197,67494,20908,5.19031
129347,66197,67495,20908,3.46021
129348,66197,67496,20908,20.7612
129349,66197,67497,20908,62.2837
129350,66197,67498,20908,8.3045
129351,66198,67494,20908,34.2857
129352,66198,67495,20908,17.1429
129353,66198,67496,20908,17.1429
129354,66198,67497,20908,5.71429
129355,66198,67498,20908,25.7143
129356,66199,67494,20908,11.1111
129357,66199,67495,20908,33.3333
129358,66199,67496,20908,33.3333
129359,66199,67497,20908,5.55556
129360,66199,67498,20908,16.6667
129361,66200,67494,20908,6.10687
129362,66200,67495,20908,6.10687
129363,66200,67496,20908,15.2672
129364,66200,67497,20908,61.0687
129365,66200,67498,20908,11.4504
129393,66236,67526,20918,5.55556
129394,66236,67527,20918,38.8889
129395,66236,67528,20918,38.8889
129396,66236,67529,20918,16.6667
129397,66237,67526,20918,23.5294
129398,66237,67527,20918,13.7255
129399,66237,67528,20918,54.902
129400,66237,67529,20918,7.84314
129490,66289,67580,20939,13.0435
129491,66289,67581,20939,20.2899
129492,66289,67582,20939,60.8696
129493,66289,67583,20939,5.7971
129494,66290,67580,20939,8
129495,66290,67581,20939,28
129496,66290,67582,20939,56
129497,66290,67583,20939,8
129498,66291,67584,20940,13.0435
129499,66291,67585,20940,20.2899
129500,66291,67586,20940,60.8696
129501,66291,67587,20940,5.7971
129502,66292,67584,20940,8
129503,66292,67585,20940,28
129504,66292,67586,20940,56
129505,66292,67587,20940,8
129506,66297,67588,20942,14.8148
129507,66297,67589,20942,25.9259
129508,66297,67590,20942,51.8519
129509,66297,67591,20942,7.40741
129510,66298,67588,20942,9.30233
129511,66298,67589,20942,16.2791
129512,66298,67590,20942,65.1163
129513,66298,67591,20942,9.30233
129630,66366,67664,20968,15.7895
129631,66366,67665,20968,36.8421
129632,66366,67666,20968,36.8421
129633,66366,67667,20968,10.5263
129634,66367,67664,20968,10.5263
129635,66367,67665,20968,36.8421
129636,66367,67666,20968,36.8421
129637,66367,67667,20968,15.7895
129665,66383,67681,20974,24.4898
129666,66383,67682,20974,14.2857
129667,66383,67683,20974,57.1429
129668,66383,67684,20974,4.08163
129669,66384,67681,20974,8.51064
129670,66384,67682,20974,14.8936
129671,66384,67683,20974,59.5745
129672,66384,67684,20974,17.0213
129756,66422,67726,20991,20.4082
129757,66422,67727,20991,28.5714
129758,66422,67728,20991,47.619
129759,66422,67729,20991,3.40136
129760,66423,67726,20991,5.55556
129761,66423,67727,20991,38.8889
129762,66423,67728,20991,38.8889
129763,66423,67729,20991,16.6667
129875,66468,67776,21006,25
129876,66468,67777,21006,50
129877,66468,67778,21006,25
129878,66469,67776,21006,20
129879,66469,67777,21006,40
129880,66469,67778,21006,40
130035,66529,67844,21029,2.73973
130036,66529,67845,21029,57.5342
130037,66529,67846,21029,38.3562
130038,66529,67847,21029,1.36986
130039,66530,67844,21029,10.1266
130040,66530,67845,21029,17.7215
130041,66530,67846,21029,70.8861
130042,66530,67847,21029,1.26582
130061,66537,67854,21032,18.4615
130062,66537,67855,21032,32.3077
130063,66537,67856,21032,43.0769
130064,66537,67857,21032,6.15385
130065,66538,67854,21032,0.928793
130066,66538,67855,21032,65.0155
130067,66538,67856,21032,32.5077
130068,66538,67857,21032,1.54799
130069,66539,67858,21033,20
130070,66539,67859,21033,60
130071,66539,67860,21033,10
130072,66539,67861,21033,10
130073,66540,67858,21033,23.0769
130074,66540,67859,21033,46.1538
130075,66540,67860,21033,23.0769
130076,66540,67861,21033,7.69231
130317,66678,67975,21085,17.7778
130318,66678,67976,21085,15.5556
130319,66678,67977,21085,62.2222
130320,66678,67978,21085,4.44444
130321,66679,67975,21085,7.44559
130322,66679,67976,21085,24.055
130323,66679,67977,21085,62.543
130324,66679,67978,21085,5.95647
130554,66817,68100,21132,24
130555,66817,68101,21132,4
130556,66817,68102,21132,56
130557,66817,68103,21132,16
130558,66818,68100,21132,5.17241
130559,66818,68101,21132,12.069
130560,66818,68102,21132,72.4138
130561,66818,68103,21132,10.3448
130687,66875,68156,21152,29.8507
130688,66875,68157,21152,10.4478
130689,66875,68158,21152,41.791
130690,66875,68159,21152,17.9104
130691,66876,68156,21152,5.47945
130692,66876,68157,21152,28.7671
130693,66876,68158,21152,57.5342
130694,66876,68159,21152,8.21918
131048,67014,68309,21200,4.16667
131049,67014,68310,21200,29.1667
131050,67014,68311,21200,58.3333
131051,67014,68312,21200,8.33333
131052,67015,68309,21200,8
131053,67015,68310,21200,28
131054,67015,68311,21200,56
131055,67015,68312,21200,8
131238,67104,68400,21232,4.6875
131239,67104,68401,21232,10.9375
131240,67104,68402,21232,65.625
131241,67104,68403,21232,18.75
131242,67105,68400,21232,2.95858
131243,67105,68401,21232,8.28402
131244,67105,68402,21232,82.8402
131245,67105,68403,21232,5.91716
131369,67170,68458,21252,16.8421
131370,67170,68459,21252,7.36842
131371,67170,68460,21252,58.9474
131372,67170,68461,21252,16.8421
131373,67171,68458,21252,11.9718
131374,67171,68459,21252,24.6479
131375,67171,68460,21252,49.2958
131376,67171,68461,21252,14.0845
131377,67172,68462,21253,15.1899
131378,67172,68463,21253,26.5823
131379,67172,68464,21253,53.1646
131380,67172,68465,21253,5.06329
131381,67173,68462,21253,2.02703
131382,67173,68463,21253,11.8243
131383,67173,68464,21253,70.9459
131384,67173,68465,21253,15.2027
131385,67176,68468,21255,15.1899
131386,67176,68469,21255,26.5823
131387,67176,68470,21255,53.1646
131388,67176,68471,21255,5.06329
131389,67177,68468,21255,2.02703
131390,67177,68469,21255,11.8243
131391,67177,68470,21255,70.9459
131392,67177,68471,21255,15.2027
131616,67275,68568,21291,57.4657
131617,67275,68569,21291,42.5342
131618,67275,68570,21291,0.000126728
131619,67276,68568,21291,57.4657
131620,67276,68569,21291,42.5342
131621,67276,68570,21291,0.000126728
131768,67353,68647,21318,19.5918
131769,67353,68648,21318,8.57143
131770,67353,68649,21318,68.5714
131771,67353,68650,21318,3.26531
131772,67354,68647,21318,3.90625
131773,67354,68648,21318,8.20312
131774,67354,68649,21318,82.0312
131775,67354,68650,21318,5.85938
132113,67484,68785,21354,7.5188
132114,67484,68786,21354,7.89474
132115,67484,68787,21354,78.9474
132116,67484,68788,21354,5.6391
132117,67485,68785,21354,8.69565
132118,67485,68786,21354,3.65217
132119,67485,68787,21354,73.0435
132120,67485,68788,21354,14.6087
132121,67486,68785,21354,15.894
132122,67486,68786,21354,4.63576
132123,67486,68787,21354,74.1722
132124,67486,68788,21354,5.29801
132125,67487,68785,21354,4.09836
132126,67487,68786,21354,34.4262
132127,67487,68787,21354,57.377
132128,67487,68788,21354,4.09836
132129,67488,68789,21355,7.84314
132130,67488,68790,21355,13.7255
132131,67488,68791,21355,54.902
132132,67488,68792,21355,23.5294
132133,67489,68789,21355,10
132134,67489,68790,21355,11.6667
132135,67489,68791,21355,70
132136,67489,68792,21355,8.33333
132292,67552,68860,21377,8.01527
132293,67552,68861,21377,80.1527
132294,67552,68862,21377,3.81679
132295,67552,68863,21377,8.01527
132296,67553,68860,21377,12.4555
132297,67553,68861,21377,74.7331
132298,67553,68862,21377,2.13523
132299,67553,68863,21377,10.6762
132300,67554,68864,21378,8
132301,67554,68865,21378,28
132302,67554,68866,21378,56
132303,67554,68867,21378,8
132304,67555,68864,21378,8
132305,67555,68865,21378,28
132306,67555,68866,21378,56
132307,67555,68867,21378,8
132317,67559,68871,21380,26.087
132318,67559,68872,21380,26.087
132319,67559,68873,21380,13.0435
132320,67559,68874,21380,8.69565
132321,67559,68875,21380,26.087
132322,67560,68871,21380,11.1111
132323,67560,68872,21380,22.2222
132324,67560,68873,21380,22.2222
132325,67560,68874,21380,22.2222
132326,67560,68875,21380,22.2222
132377,67576,68890,21385,25.3968
132378,67576,68891,21385,11.1111
132379,67576,68892,21385,44.4444
132380,67576,68893,21385,19.0476
132381,67577,68890,21385,20.202
132382,67577,68891,21385,25.9259
132383,67577,68892,21385,47.138
132384,67577,68893,21385,6.73401
132443,67606,68910,21393,23.0415
132444,67606,68911,21393,3.22581
132445,67606,68912,21393,64.5161
132446,67606,68913,21393,9.21659
132447,67607,68910,21393,62.8931
132448,67607,68911,21393,22.0126
132449,67607,68912,21393,8.80503
132450,67607,68913,21393,6.28931
132824,67780,69072,21448,49.505
132825,67780,69073,21448,17.3267
132826,67780,69074,21448,3.46535
132827,67780,69075,21448,29.703
132828,67781,69072,21448,5.55556
132829,67781,69073,21448,38.8889
132830,67781,69074,21448,38.8889
132831,67781,69075,21448,16.6667
133308,68059,69316,21529,1.26582
133309,68059,69317,21529,79.7468
133310,68059,69318,21529,17.7215
133311,68059,69319,21529,1.26582
133312,68060,69316,21529,4.65116
133313,68060,69317,21529,16.2791
133314,68060,69318,21529,32.5581
133315,68060,69319,21529,46.5116
133376,68144,69382,21556,7.94702
133377,68144,69383,21556,4.63576
133378,68144,69384,21556,55.6291
133379,68144,69385,21556,31.7881
133380,68145,69382,21556,27.907
133381,68145,69383,21556,4.65116
133382,68145,69384,21556,65.1163
133383,68145,69385,21556,2.32558
133608,68368,69573,21623,26.3736
133609,68368,69574,21623,7.69231
133610,68368,69575,21623,46.1538
133611,68368,69576,21623,6.59341
133612,68368,69577,21623,9.89011
133613,68368,69578,21623,3.2967
133614,68369,69573,21623,28.777
133615,68369,69574,21623,5.03597
133616,68369,69575,21623,40.2878
133617,68369,69576,21623,11.5108
133618,68369,69577,21623,8.63309
133619,68369,69578,21623,5.7554
133620,68370,69579,21624,26.3736
133621,68370,69580,21624,7.69231
133622,68370,69581,21624,46.1538
133623,68370,69582,21624,6.59341
133624,68370,69583,21624,9.89011
133625,68370,69584,21624,3.2967
133626,68371,69579,21624,28.777
133627,68371,69580,21624,5.03597
133628,68371,69581,21624,40.2878
133629,68371,69582,21624,11.5108
133630,68371,69583,21624,8.63309
133631,68371,69584,21624,5.7554
133632,68372,69585,21625,14.1732
133633,68372,69586,21625,16.5354
133634,68372,69587,21625,66.1417
133635,68372,69588,21625,3.14961
133636,68373,69585,21625,5.6338
133637,68373,69586,21625,9.85915
133638,68373,69587,21625,59.1549
133639,68373,69588,21625,25.3521
133640,68374,69589,21626,2.22222
133641,68374,69590,21626,31.1111
133642,68374,69591,21626,62.2222
133643,68374,69592,21626,4.44444
133644,68375,69589,21626,8.64865
133645,68375,69590,21626,30.2703
133646,68375,69591,21626,60.5405
133647,68375,69592,21626,0.540541
133657,68379,69596,21628,18.3908
133658,68379,69597,21628,8.04598
133659,68379,69598,21628,64.3678
133660,68379,69599,21628,9.1954
133661,68380,69596,21628,16.2162
133662,68380,69597,21628,18.9189
133663,68380,69598,21628,56.7568
133664,68380,69599,21628,8.10811
133665,68381,69600,21629,5.20806
133666,68381,69601,21629,91.1411
133667,68381,69602,21629,3.64564
133668,68381,69603,21629,0.00520806
133669,68382,69600,21629,0.662252
133670,68382,69601,21629,46.3576
133671,68382,69602,21629,23.1788
133672,68382,69603,21629,29.8013
133691,68404,69624,21637,8
133692,68404,69625,21637,28
133693,68404,69626,21637,56
133694,68404,69627,21637,8
133695,68405,69624,21637,8
133696,68405,69625,21637,28
133697,68405,69626,21637,56
133698,68405,69627,21637,8
133737,68438,69656,21648,9.83607
133738,68438,69657,21648,11.4754
133739,68438,69658,21648,68.8525
133740,68438,69659,21648,9.83607
133741,68439,69656,21648,37.8378
133742,68439,69657,21648,18.9189
133743,68439,69658,21648,37.8378
133744,68439,69659,21648,5.40541
134786,69027,70230,21830,9.44882
134787,69027,70231,21830,16.5354
134788,69027,70232,21830,66.1417
134789,69027,70233,21830,7.87402
134790,69028,70230,21830,13.1868
134791,69028,70231,21830,7.69231
134792,69028,70232,21830,46.1538
134793,69028,70233,21830,32.967
135753,69470,70654,21959,4.16667
135754,69470,70655,21959,29.1667
135755,69470,70656,21959,58.3333
135756,69470,70657,21959,8.33333
135757,69471,70654,21959,7.84314
135758,69471,70655,21959,13.7255
135759,69471,70656,21959,54.902
135760,69471,70657,21959,23.5294
135761,69472,70658,21960,4.16667
135762,69472,70659,21960,29.1667
135763,69472,70660,21960,58.3333
135764,69472,70661,21960,8.33333
135765,69473,70658,21960,7.84314
135766,69473,70659,21960,13.7255
135767,69473,70660,21960,54.902
135768,69473,70661,21960,23.5294
135769,69474,70662,21961,4.16667
135770,69474,70663,21961,29.1667
135771,69474,70664,21961,58.3333
135772,69474,70665,21961,8.33333
135773,69475,70662,21961,7.84314
135774,69475,70663,21961,13.7255
135775,69475,70664,21961,54.902
135776,69475,70665,21961,23.5294
135777,69476,70666,21962,4.16667
135778,69476,70667,21962,29.1667
135779,69476,70668,21962,58.3333
135780,69476,70669,21962,8.33333
135781,69477,70666,21962,7.84314
135782,69477,70667,21962,13.7255
135783,69477,70668,21962,54.902
135784,69477,70669,21962,23.5294
135785,69478,70670,21963,4.16667
135786,69478,70671,21963,29.1667
135787,69478,70672,21963,58.3333
135788,69478,70673,21963,8.33333
135789,69479,70670,21963,7.84314
135790,69479,70671,21963,13.7255
135791,69479,70672,21963,54.902
135792,69479,70673,21963,23.5294
136403,70011,71122,22124,8
136404,70011,71123,22124,28
136405,70011,71124,22124,56
136406,70011,71125,22124,8
136407,70012,71122,22124,8
136408,70012,71123,22124,28
136409,70012,71124,22124,56
136410,70012,71125,22124,8
136416,70030,71140,22129,2.3753
136417,70030,71141,22129,4.98812
136418,70030,71142,22129,49.8812
136419,70030,71143,22129,42.7553
136420,70031,71140,22129,7.59494
136421,70031,71141,22129,8.86076
136422,70031,71142,22129,53.1646
136423,70031,71143,22129,30.3797
136424,70032,71144,22130,2.3753
136425,70032,71145,22130,4.98812
136426,70032,71146,22130,49.8812
136427,70032,71147,22130,42.7553
136428,70033,71144,22130,2.3753
136429,70033,71145,22130,4.98812
136430,70033,71146,22130,49.8812
136431,70033,71147,22130,42.7553
136487,70100,71202,22152,8
136488,70100,71203,22152,28
136489,70100,71204,22152,56
136490,70100,71205,22152,8
136491,70101,71202,22152,56.0448
136492,70101,71203,22152,3.92314
136493,70101,71204,22152,39.2314
136494,70101,71205,22152,0.800641
136567,70189,71289,22181,8
136568,70189,71290,22181,28
136569,70189,71291,22181,56
136570,70189,71292,22181,8
136571,70190,71289,22181,8
136572,70190,71290,22181,28
136573,70190,71291,22181,56
136574,70190,71292,22181,8
136704,70367,71439,22231,19.0476
136705,70367,71440,22231,11.1111
136706,70367,71441,22231,44.4444
136707,70367,71442,22231,25.3968
136708,70368,71439,22231,50.4505
136709,70368,71440,22231,6.30631
136710,70368,71441,22231,25.2252
136711,70368,71442,22231,18.018
136712,70369,71443,22232,19.0476
136713,70369,71444,22232,11.1111
136714,70369,71445,22232,44.4444
136715,70369,71446,22232,25.3968
136716,70370,71443,22232,39.5604
136717,70370,71444,22232,7.69231
136718,70370,71445,22232,30.7692
136719,70370,71446,22232,21.978
137143,70719,71770,22338,12.1951
137144,70719,71771,22338,60.9756
137145,70719,71772,22338,3.65854
137146,70719,71773,22338,12.1951
137147,70719,71774,22338,2.43902
137148,70719,71775,22338,2.43902
137149,70719,71776,22338,6.09756
137150,70720,71770,22338,24.9433
137151,70720,71771,22338,22.6757
137152,70720,71772,22338,37.415
137153,70720,71773,22338,4.98866
137154,70720,71774,22338,4.98866
137155,70720,71775,22338,2.49433
137156,70720,71776,22338,2.49433
137945,71207,72234,22488,2.30769
137946,71207,72235,22488,80.7692
137947,71207,72236,22488,16.1538
137948,71207,72237,22488,0.769231
137949,71208,72234,22488,5.55556
137950,71208,72235,22488,38.8889
137951,71208,72236,22488,38.8889
137952,71208,72237,22488,16.6667
138449,71574,72591,22610,1.99005
138450,71574,72592,22610,52.2388
138451,71574,72593,22610,41.791
138452,71574,72594,22610,3.9801
138453,71575,72591,22610,5.26316
138454,71575,72592,22610,27.6316
138455,71575,72593,22610,55.2632
138456,71575,72594,22610,11.8421
138597,71672,72685,22640,17.0213
138598,71672,72686,22640,14.8936
138599,71672,72687,22640,59.5745
138600,71672,72688,22640,8.51064
138601,71673,72685,22640,4.87805
138602,71673,72686,22640,17.0732
138603,71673,72687,22640,68.2927
138604,71673,72688,22640,9.7561
138605,71674,72689,22641,17.0213
138606,71674,72690,22641,14.8936
138607,71674,72691,22641,59.5745
138608,71674,72692,22641,8.51064
138609,71675,72689,22641,4.87805
138610,71675,72690,22641,17.0732
138611,71675,72691,22641,68.2927
138612,71675,72692,22641,9.7561
140079,72704,73614,22966,1.30152
140080,72704,73615,22966,7.59219
140081,72704,73616,22966,45.5531
140082,72704,73617,22966,45.5531
140083,72705,73614,22966,27.6923
140084,72705,73615,22966,4.61538
140085,72705,73616,22966,64.6154
140086,72705,73617,22966,3.07692
140089,72709,73620,22968,8
140090,72709,73621,22968,28
140091,72709,73622,22968,56
140092,72709,73623,22968,8
140093,72710,73620,22968,8
140094,72710,73621,22968,28
140095,72710,73622,22968,56
140096,72710,73623,22968,8
140201,72859,73730,23011,54.2373
140202,72859,73731,23011,2.37288
140203,72859,73732,23011,37.9661
140204,72859,73733,23011,5.42373
140205,72860,73730,23011,8.51064
140206,72860,73731,23011,14.8936
140207,72860,73732,23011,59.5745
140208,72860,73733,23011,17.0213
140388,72996,73850,23057,16.6667
140389,72996,73851,23057,16.6667
140390,72996,73852,23057,16.6667
140391,72996,73853,23057,16.6667
140392,72996,73854,23057,16.6667
140393,72996,73855,23057,16.6667
140394,72997,73850,23057,16.6667
140395,72997,73851,23057,16.6667
140396,72997,73852,23057,16.6667
140397,72997,73853,23057,16.6667
140398,72997,73854,23057,16.6667
140399,72997,73855,23057,16.6667
140400,72998,73850,23057,16.6667
140401,72998,73851,23057,16.6667
140402,72998,73852,23057,16.6667
140403,72998,73853,23057,16.6667
140404,72998,73854,23057,16.6667
140405,72998,73855,23057,16.6667
140824,73287,74127,23145,33.3333
140825,73287,74128,23145,33.3333
140826,73287,74129,23145,33.3333
140827,73288,74127,23145,33.3333
140828,73288,74128,23145,33.3333
140829,73288,74129,23145,33.3333
140860,73301,74140,23150,15.5844
140861,73301,74141,23150,18.1818
140862,73301,74142,23150,54.5455
140863,73301,74143,23150,11.6883
140864,73302,74140,23150,13.3929
140865,73302,74141,23150,6.25
140866,73302,74142,23150,62.5
140867,73302,74143,23150,17.8571
141005,73362,74212,23171,30.8483
141006,73362,74213,23171,26.9923
141007,73362,74214,23171,35.9897
141008,73362,74215,23171,6.16967
141009,73363,74212,23171,30.4569
141010,73363,74213,23171,17.7665
141011,73363,74214,23171,42.6396
141012,73363,74215,23171,9.13706
141869,73856,74701,23324,10.7143
141870,73856,74702,23324,25
141871,73856,74703,23324,50
141872,73856,74704,23324,14.2857
141873,73857,74701,23324,22.6415
141874,73857,74702,23324,13.2075
141875,73857,74703,23324,52.8302
141876,73857,74704,23324,11.3208
142892,74518,75327,23526,17.3913
142893,74518,75328,23526,30.4348
142894,74518,75329,23526,40.5797
142895,74518,75330,23526,11.5942
142896,74519,75327,23526,22.6087
142897,74519,75328,23526,15.2174
142898,74519,75329,23526,39.5652
142899,74519,75330,23526,22.6087
143280,74848,75629,23633,5.91716
143281,74848,75630,23633,31.0651
143282,74848,75631,23633,62.1302
143283,74848,75632,23633,0.887574
143284,74849,75629,23633,0.390625
143285,74849,75630,23633,68.3594
143286,74849,75631,23633,27.3438
143287,74849,75632,23633,3.90625
143288,74850,75633,23634,5.91716
143289,74850,75634,23634,31.0651
143290,74850,75635,23634,62.1302
143291,74850,75636,23634,0.887574
143292,74851,75633,23634,0.390625
143293,74851,75634,23634,68.3594
143294,74851,75635,23634,27.3438
143295,74851,75636,23634,3.90625
143296,74852,75637,23635,5.91716
143297,74852,75638,23635,31.0651
143298,74852,75639,23635,62.1302
143299,74852,75640,23635,0.887574
143300,74853,75637,23635,0.390625
143301,74853,75638,23635,68.3594
143302,74853,75639,23635,27.3438
143303,74853,75640,23635,3.90625
143304,74854,75641,23636,5.91716
143305,74854,75642,23636,31.0651
143306,74854,75643,23636,62.1302
143307,74854,75644,23636,0.887574
143308,74855,75641,23636,0.390625
143309,74855,75642,23636,68.3594
143310,74855,75643,23636,27.3438
143311,74855,75644,23636,3.90625
143647,75174,75920,23731,14.4105
143648,75174,75921,23731,24.0175
143649,75174,75922,23731,14.4105
143650,75174,75923,23731,28.821
143651,75174,75924,23731,8.73362
143652,75174,75925,23731,9.60699
143653,75175,75920,23731,9.22509
143654,75175,75921,23731,21.0332
143655,75175,75922,23731,13.2841
143656,75175,75923,23731,33.2103
143657,75175,75924,23731,12.1771
143658,75175,75925,23731,11.0701
143667,75195,75940,23737,14.4928
143668,75195,75941,23737,50.7246
143669,75195,75942,23737,20.2899
143670,75195,75943,23737,14.4928
143671,75196,75940,23737,14.4928
143672,75196,75941,23737,50.7246
143673,75196,75942,23737,20.2899
143674,75196,75943,23737,14.4928
143795,75255,75996,23753,8.10811
143796,75255,75997,23753,10.8108
143797,75255,75998,23753,48.6486
143798,75255,75999,23753,32.4324
143799,75256,75996,23753,13.8122
143800,75256,75997,23753,19.8895
143801,75256,75998,23753,33.1492
143802,75256,75999,23753,33.1492
143803,75257,75996,23753,17.1429
143804,75257,75997,23753,34.2857
143805,75257,75998,23753,14.2857
143806,75257,75999,23753,34.2857
144088,75386,76125,23795,21.1538
144089,75386,76126,23795,22.4359
144090,75386,76127,23795,49.359
144091,75386,76128,23795,7.05128
144092,75387,76125,23795,20.6961
144093,75387,76126,23795,24.1213
144094,75387,76127,23795,48.2908
144095,75387,76128,23795,6.8918
144509,75597,76325,23860,8
144510,75597,76326,23860,28
144511,75597,76327,23860,56
144512,75597,76328,23860,8
144513,75598,76325,23860,9.30233
144514,75598,76326,23860,16.2791
144515,75598,76327,23860,65.1163
144516,75598,76328,23860,9.30233
144632,75666,76388,23882,14.8148
144633,75666,76389,23882,25.9259
144634,75666,76390,23882,51.8519
144635,75666,76391,23882,7.40741
144636,75667,76388,23882,8.4507
144637,75667,76389,23882,29.5775
144638,75667,76390,23882,59.1549
144639,75667,76391,23882,2.8169
144705,75718,76434,23898,34.2246
144706,75718,76435,23898,3.74332
144707,75718,76436,23898,59.893
144708,75718,76437,23898,2.13904
144709,75719,76434,23898,1.7341
144710,75719,76435,23898,72.8324
144711,75719,76436,23898,24.2775
144712,75719,76437,23898,1.15607
144786,75755,76473,23909,14.2786
144787,75755,76474,23909,0.049975
144788,75755,76475,23909,49.975
144789,75755,76476,23909,35.6964
144790,75756,76473,23909,8
144791,75756,76474,23909,28
144792,75756,76475,23909,56
144793,75756,76476,23909,8
144876,75830,76538,23934,9.96016
144877,75830,76539,23934,19.9203
144878,75830,76540,23934,39.8406
144879,75830,76541,23934,6.3745
144880,75830,76542,23934,23.9044
144881,75831,76538,23934,22.7273
144882,75831,76539,23934,11.3636
144883,75831,76540,23934,22.7273
144884,75831,76541,23934,9.09091
144885,75831,76542,23934,34.0909
145491,76423,77067,24127,4.16667
145492,76423,77068,24127,14.5833
145493,76423,77069,24127,58.3333
145494,76423,77070,24127,4.16667
145495,76423,77071,24127,12.5
145496,76423,77072,24127,6.25
145497,76424,77067,24127,4.16667
145498,76424,77068,24127,14.5833
145499,76424,77069,24127,58.3333
145500,76424,77070,24127,4.16667
145501,76424,77071,24127,12.5
145502,76424,77072,24127,6.25
145503,76425,77073,24128,11.1111
145504,76425,77074,24128,38.8889
145505,76425,77075,24128,38.8889
145506,76425,77076,24128,11.1111
145507,76426,77073,24128,5.12821
145508,76426,77074,24128,17.9487
145509,76426,77075,24128,71.7949
145510,76426,77076,24128,5.12821
145511,76427,77077,24129,11.1111
145512,76427,77078,24129,38.8889
145513,76427,77079,24129,38.8889
145514,76427,77080,24129,11.1111
145515,76428,77077,24129,5.12821
145516,76428,77078,24129,17.9487
145517,76428,77079,24129,71.7949
145518,76428,77080,24129,5.12821
145562,76447,77100,24135,31.1688
145563,76447,77101,24135,9.09091
145564,76447,77102,24135,54.5455
145565,76447,77103,24135,5.19481
145566,76448,77100,24135,3.00752
145567,76448,77101,24135,63.1579
145568,76448,77102,24135,31.5789
145569,76448,77103,24135,2.25564
145619,76484,77137,24146,11.1111
145620,76484,77138,24146,38.8889
145621,76484,77139,24146,38.8889
145622,76484,77140,24146,11.1111
145623,76485,77137,24146,2.46914
145624,76485,77138,24146,8.64198
145625,76485,77139,24146,86.4198
145626,76485,77140,24146,2.46914
